company_name,owner_name,trade_type,location,website_url,overall_rating,quality_rating,reliability_rating,communication_rating,review_count,years_on_checkatrade,vat_number,is_ltd,free_estimates,emergency_callout,profile_url,handle
"FASTFIX LONDON Ltd","Mr Danny","Plumber","","https://9tuma.app.link/kLTh3RAdIQb?cat_web_device_id=d9ba4d0e-c069-4212-82c9-6f6a35b4f39f&cat_web_session_id=4444f3e1-7a1c-4081-8d7e-3a615af308e8&banner_location=header",9.5,9.46,9.48,9.57,342,1,"",Yes,Yes,Yes,"https://www.checkatrade.com/trades/fastfixlondonltd",fastfixlondonltd
"Hackney plumb-it","Mr Vinhlong","Plumber","all aspects","https://9tuma.app.link/kLTh3RAdIQb?cat_web_device_id=d9ba4d0e-c069-4212-82c9-6f6a35b4f39f&cat_web_session_id=4444f3e1-7a1c-4081-8d7e-3a615af308e8&banner_location=header",9.95,9.86,10,10,35,1,"",Yes,Yes,Yes,"https://www.checkatrade.com/trades/hackneyplumbit",hackneyplumbit
"Rendeliuk Ltd","Mr Valentyn","Plumber","","https://9tuma.app.link/kLTh3RAdIQb?cat_web_device_id=d9ba4d0e-c069-4212-82c9-6f6a35b4f39f&cat_web_session_id=4444f3e1-7a1c-4081-8d7e-3a615af308e8&banner_location=header",9.68,9.73,9.68,9.63,239,3,"",Yes,Yes,Yes,"https://www.checkatrade.com/trades/rendeliukltd",rendeliukltd
"Keystone London Group Limited","Mr Daniel","Plumber","West","https://9tuma.app.link/kLTh3RAdIQb?cat_web_device_id=d9ba4d0e-c069-4212-82c9-6f6a35b4f39f&cat_web_session_id=4444f3e1-7a1c-4081-8d7e-3a615af308e8&banner_location=header",9.94,9.94,9.95,9.94,67,1,"",Yes,No,Yes,"https://www.checkatrade.com/trades/keystonelondongrouplimited",keystonelondongrouplimited
"0800 Homefix Ltd","Mr Matthew","Plumber","","https://9tuma.app.link/kLTh3RAdIQb?cat_web_device_id=d9ba4d0e-c069-4212-82c9-6f6a35b4f39f&cat_web_session_id=4444f3e1-7a1c-4081-8d7e-3a615af308e8&banner_location=header",9.32,9.36,9.37,9.41,1825,4,"400100984",Yes,No,Yes,"https://www.checkatrade.com/trades/0800homefix1102253",0800homefix1102253
"Mayfair Plumbers","Mr Kristopher","Plumber","","https://9tuma.app.link/kLTh3RAdIQb?cat_web_device_id=d9ba4d0e-c069-4212-82c9-6f6a35b4f39f&cat_web_session_id=4444f3e1-7a1c-4081-8d7e-3a615af308e8&banner_location=header",9.23,9.33,9.29,9.24,591,3,"400286831",No,No,Yes,"https://www.checkatrade.com/trades/mayfairplumbers",mayfairplumbers
"Np Works Ltd","Mr Nilesh","Plumber","","https://9tuma.app.link/kLTh3RAdIQb?cat_web_device_id=d9ba4d0e-c069-4212-82c9-6f6a35b4f39f&cat_web_session_id=4444f3e1-7a1c-4081-8d7e-3a615af308e8&banner_location=header",9.94,9.93,9.93,9.97,109,3,"",Yes,No,Yes,"https://www.checkatrade.com/trades/npworks",npworks
"Builders of London Ltd","Ms Joana","Plumber","","https://9tuma.app.link/kLTh3RAdIQb?cat_web_device_id=d9ba4d0e-c069-4212-82c9-6f6a35b4f39f&cat_web_session_id=4444f3e1-7a1c-4081-8d7e-3a615af308e8&banner_location=header",9.67,10,9.67,9.33,19,2,"",Yes,Yes,Yes,"https://www.checkatrade.com/trades/buildersoflondonltd",buildersoflondonltd
"Mizzen Heating And Plumbing","Mr Charlie","Plumber","Greater London","https://9tuma.app.link/kLTh3RAdIQb?cat_web_device_id=d9ba4d0e-c069-4212-82c9-6f6a35b4f39f&cat_web_session_id=4444f3e1-7a1c-4081-8d7e-3a615af308e8&banner_location=header",9.69,9.71,9.67,9.68,360,7,"",Yes,Yes,Yes,"https://www.checkatrade.com/trades/mizzenheatingandplumbing",mizzenheatingandplumbing
"Absolute Plumbing Limited","Mr Christiaan","Plumber","","https://9tuma.app.link/kLTh3RAdIQb?cat_web_device_id=d9ba4d0e-c069-4212-82c9-6f6a35b4f39f&cat_web_session_id=4444f3e1-7a1c-4081-8d7e-3a615af308e8&banner_location=header",7.92,8.75,7.75,7.25,15,3,"",Yes,No,Yes,"https://www.checkatrade.com/trades/absoluteplumbinglimited",absoluteplumbinglimited
"SUREFIX MAINTENANCE LTD","Mr Talal","Plumber","Surbiton","https://9tuma.app.link/kLTh3RAdIQb?cat_web_device_id=d9ba4d0e-c069-4212-82c9-6f6a35b4f39f&cat_web_session_id=4444f3e1-7a1c-4081-8d7e-3a615af308e8&banner_location=header",9.78,9.83,9.66,9.86,70,1,"",Yes,Yes,Yes,"https://www.checkatrade.com/trades/surefixmaintenanceltd",surefixmaintenanceltd
"Multi Skills.UK 24/7 Emergency","Mr Tamer","Plumber","","https://9tuma.app.link/kLTh3RAdIQb?cat_web_device_id=d9ba4d0e-c069-4212-82c9-6f6a35b4f39f&cat_web_session_id=4444f3e1-7a1c-4081-8d7e-3a615af308e8&banner_location=header",10,10,10,10,311,11,"",Yes,Yes,Yes,"https://www.checkatrade.com/trades/multiskillsuk",multiskillsuk
"Coool Heating & Plumbing Services","Mr Colin","Plumber","most Gas","https://9tuma.app.link/kLTh3RAdIQb?cat_web_device_id=d9ba4d0e-c069-4212-82c9-6f6a35b4f39f&cat_web_session_id=4444f3e1-7a1c-4081-8d7e-3a615af308e8&banner_location=header",9.96,9.89,10,10,29,2,"",Yes,No,Yes,"https://www.checkatrade.com/trades/cooolheatingandplumbingservices",cooolheatingandplumbingservices
"toilets taps & traps Ltd","Mr Gideon","Plumber","","https://9tuma.app.link/kLTh3RAdIQb?cat_web_device_id=d9ba4d0e-c069-4212-82c9-6f6a35b4f39f&cat_web_session_id=4444f3e1-7a1c-4081-8d7e-3a615af308e8&banner_location=header",10,10,10,10,4,1,"268332000",Yes,No,Yes,"https://www.checkatrade.com/trades/toiletstapstrapsltd",toiletstapstrapsltd
"H2O Services","Mr Gerhard","Plumber","London and","https://9tuma.app.link/kLTh3RAdIQb?cat_web_device_id=d9ba4d0e-c069-4212-82c9-6f6a35b4f39f&cat_web_session_id=4444f3e1-7a1c-4081-8d7e-3a615af308e8&banner_location=header",10,10,10,10,6,1,"",No,No,Yes,"https://www.checkatrade.com/trades/h2oservices",h2oservices
"MB Plumbing&Heating","Mr Elvis","Plumber","","https://9tuma.app.link/kLTh3RAdIQb?cat_web_device_id=d9ba4d0e-c069-4212-82c9-6f6a35b4f39f&cat_web_session_id=4444f3e1-7a1c-4081-8d7e-3a615af308e8&banner_location=header",10,10,10,10,7,,"",No,Yes,Yes,"https://www.checkatrade.com/trades/mbplumbingheating1132973",mbplumbingheating1132973
"Best Gas London Ltd","Mr Minar","Plumber","","https://9tuma.app.link/kLTh3RAdIQb?cat_web_device_id=d9ba4d0e-c069-4212-82c9-6f6a35b4f39f&cat_web_session_id=4444f3e1-7a1c-4081-8d7e-3a615af308e8&banner_location=header",9.96,9.96,9.96,9.96,634,9,"329771372",Yes,Yes,Yes,"https://www.checkatrade.com/trades/bestgaslondon",bestgaslondon
"R G Austin Ltd","Mr Jonathan","Plumber","Blackheath","https://9tuma.app.link/kLTh3RAdIQb?cat_web_device_id=d9ba4d0e-c069-4212-82c9-6f6a35b4f39f&cat_web_session_id=4444f3e1-7a1c-4081-8d7e-3a615af308e8&banner_location=header",10,10,10,10,53,4,"731385539",Yes,Yes,Yes,"https://www.checkatrade.com/trades/rgaustinltd",rgaustinltd
"Inner City Plumbers Ltd","Mr Jason","Plumber","South London","https://9tuma.app.link/kLTh3RAdIQb?cat_web_device_id=d9ba4d0e-c069-4212-82c9-6f6a35b4f39f&cat_web_session_id=4444f3e1-7a1c-4081-8d7e-3a615af308e8&banner_location=header",10,10,10,10,254,8,"257395371",Yes,Yes,Yes,"https://www.checkatrade.com/trades/innercityplumbersltd",innercityplumbersltd
"EMERGENCY PLUMBER LONDON LTD","Mr Mehran","Plumber","","https://9tuma.app.link/kLTh3RAdIQb?cat_web_device_id=d9ba4d0e-c069-4212-82c9-6f6a35b4f39f&cat_web_session_id=4444f3e1-7a1c-4081-8d7e-3a615af308e8&banner_location=header",8.05,8.33,8.83,8.33,144,3,"",Yes,Yes,Yes,"https://www.checkatrade.com/trades/emergencyplumberlondonltd",emergencyplumberlondonltd
"Albo Plumbing & Heating","Mr. Xhezair Uka","Plumber","most domestic","https://9tuma.app.link/kLTh3RAdIQb?cat_web_device_id=d9ba4d0e-c069-4212-82c9-6f6a35b4f39f&cat_web_session_id=4444f3e1-7a1c-4081-8d7e-3a615af308e8&banner_location=header",9.91,9.94,9.87,9.94,521,5,"",Yes,Yes,Yes,"https://www.checkatrade.com/trades/alboplumbingheating",alboplumbingheating
"Kinetic Plumbing","Mr Leika","Plumber","","https://9tuma.app.link/kLTh3RAdIQb?cat_web_device_id=d9ba4d0e-c069-4212-82c9-6f6a35b4f39f&cat_web_session_id=4444f3e1-7a1c-4081-8d7e-3a615af308e8&banner_location=header",9.75,9.68,9.74,9.84,19,1,"",No,Yes,Yes,"https://www.checkatrade.com/trades/kineticplumbing",kineticplumbing
"Capital Plumbing Ltd","Mr Aktan","Plumber","London","https://9tuma.app.link/kLTh3RAdIQb?cat_web_device_id=d9ba4d0e-c069-4212-82c9-6f6a35b4f39f&cat_web_session_id=4444f3e1-7a1c-4081-8d7e-3a615af308e8&banner_location=header",9.92,9.78,9.98,10,120,2,"371332223",Yes,No,Yes,"https://www.checkatrade.com/trades/capitalplumbingltd",capitalplumbingltd
"Sound Gas Services Ltd","Mr Samuel","Plumber","","https://9tuma.app.link/kLTh3RAdIQb?cat_web_device_id=d9ba4d0e-c069-4212-82c9-6f6a35b4f39f&cat_web_session_id=4444f3e1-7a1c-4081-8d7e-3a615af308e8&banner_location=header",9.88,9.87,9.91,9.88,213,3,"",Yes,Yes,Yes,"https://www.checkatrade.com/trades/soundgasservices",soundgasservices
"KOK PLUMBING AND PROPERTY MAINTENANCE SERVICES LTD","","Plumber","Harlow and","https://9tuma.app.link/kLTh3RAdIQb?cat_web_device_id=d9ba4d0e-c069-4212-82c9-6f6a35b4f39f&cat_web_session_id=4444f3e1-7a1c-4081-8d7e-3a615af308e8&banner_location=header",9.73,9.6,9.8,9.8,5,1,"",Yes,Yes,Yes,"https://www.checkatrade.com/trades/kokplumbingandpropertymaintenanceservicesltd",kokplumbingandpropertymaintenanceservicesltd
"HandyExperts","Mr Dominic","Plumber","","https://9tuma.app.link/kLTh3RAdIQb?cat_web_device_id=d9ba4d0e-c069-4212-82c9-6f6a35b4f39f&cat_web_session_id=4444f3e1-7a1c-4081-8d7e-3a615af308e8&banner_location=header",9.34,9.35,9.42,9.45,1048,7,"864032928",Yes,Yes,Yes,"https://www.checkatrade.com/trades/handyexpertselectrical",handyexpertselectrical
"Design & Build Services","Mr Xhejni","Plumber","London and","https://9tuma.app.link/kLTh3RAdIQb?cat_web_device_id=d9ba4d0e-c069-4212-82c9-6f6a35b4f39f&cat_web_session_id=4444f3e1-7a1c-4081-8d7e-3a615af308e8&banner_location=header",9.82,9.75,9.79,9.92,24,1,"",No,Yes,Yes,"https://www.checkatrade.com/trades/designbuildservices",designbuildservices
"ARI Maintenance Ltd","Mr Arianne","Plumber","","https://9tuma.app.link/kLTh3RAdIQb?cat_web_device_id=d9ba4d0e-c069-4212-82c9-6f6a35b4f39f&cat_web_session_id=4444f3e1-7a1c-4081-8d7e-3a615af308e8&banner_location=header",9.96,9.93,9.96,10,27,1,"",Yes,Yes,Yes,"https://www.checkatrade.com/trades/arimaintenanceltd",arimaintenanceltd
"Heatflow Plumbing & Gas Ltd","","Plumber","","https://9tuma.app.link/kLTh3RAdIQb?cat_web_device_id=d9ba4d0e-c069-4212-82c9-6f6a35b4f39f&cat_web_session_id=4444f3e1-7a1c-4081-8d7e-3a615af308e8&banner_location=header",9.85,9.88,9.84,9.82,373,6,"",Yes,Yes,Yes,"https://www.checkatrade.com/trades/heatflowplumbingandgas",heatflowplumbingandgas
"Flush Construction Ltd","Mr Sonny","Plumber","all of","https://9tuma.app.link/kLTh3RAdIQb?cat_web_device_id=d9ba4d0e-c069-4212-82c9-6f6a35b4f39f&cat_web_session_id=4444f3e1-7a1c-4081-8d7e-3a615af308e8&banner_location=header",9.56,9.67,9.69,9.73,114,4,"",Yes,Yes,Yes,"https://www.checkatrade.com/trades/flushconstructionltd",flushconstructionltd
"Staleys plumbing & heating services LTD","Mr Charlie","Plumber","the heart","https://9tuma.app.link/kLTh3RAdIQb?cat_web_device_id=d9ba4d0e-c069-4212-82c9-6f6a35b4f39f&cat_web_session_id=4444f3e1-7a1c-4081-8d7e-3a615af308e8&banner_location=header",9.98,9.97,9.98,10,84,2,"",Yes,Yes,Yes,"https://www.checkatrade.com/trades/staleysplumbingheatingservicesltd",staleysplumbingheatingservicesltd
"Wilz & Co. Ltd","Mr Nathan","Plumber","","https://9tuma.app.link/kLTh3RAdIQb?cat_web_device_id=d9ba4d0e-c069-4212-82c9-6f6a35b4f39f&cat_web_session_id=4444f3e1-7a1c-4081-8d7e-3a615af308e8&banner_location=header",9.83,9.8,9.85,9.85,117,1,"",Yes,Yes,Yes,"https://www.checkatrade.com/trades/wilzcoltd",wilzcoltd
"Blocked Drains & Plumbing Limited","Mr Mehmet","Plumber","","https://9tuma.app.link/kLTh3RAdIQb?cat_web_device_id=d9ba4d0e-c069-4212-82c9-6f6a35b4f39f&cat_web_session_id=4444f3e1-7a1c-4081-8d7e-3a615af308e8&banner_location=header",9.94,9.83,10,10,444,1,"",Yes,Yes,Yes,"https://www.checkatrade.com/trades/blockeddrainsandplumbing",blockeddrainsandplumbing
"Deniz Decoration Ltd","Mr Erkan","Plumber","","https://9tuma.app.link/kLTh3RAdIQb?cat_web_device_id=d9ba4d0e-c069-4212-82c9-6f6a35b4f39f&cat_web_session_id=4444f3e1-7a1c-4081-8d7e-3a615af308e8&banner_location=header",9.28,9.67,9.67,8.5,13,1,"",Yes,Yes,Yes,"https://www.checkatrade.com/trades/denizdecorationltd",denizdecorationltd
"Juniors Plumbing, Drainage & Heating","Mr Colin","Plumber","","https://9tuma.app.link/kLTh3RAdIQb?cat_web_device_id=d9ba4d0e-c069-4212-82c9-6f6a35b4f39f&cat_web_session_id=4444f3e1-7a1c-4081-8d7e-3a615af308e8&banner_location=header",10,10,10,10,538,13,"",No,Yes,Yes,"https://www.checkatrade.com/trades/juniorsplumbingdrainageheating",juniorsplumbingdrainageheating
"Nuova Plumbing Ltd","Mr Marco","Plumber","most of","https://9tuma.app.link/kLTh3RAdIQb?cat_web_device_id=d9ba4d0e-c069-4212-82c9-6f6a35b4f39f&cat_web_session_id=4444f3e1-7a1c-4081-8d7e-3a615af308e8&banner_location=header",9.97,9.96,9.96,10,89,3,"",Yes,Yes,Yes,"https://www.checkatrade.com/trades/nuovaplumbing",nuovaplumbing
"Westway Drainage Ltd","Mr Gavin","Plumber","","https://9tuma.app.link/kLTh3RAdIQb?cat_web_device_id=d9ba4d0e-c069-4212-82c9-6f6a35b4f39f&cat_web_session_id=4444f3e1-7a1c-4081-8d7e-3a615af308e8&banner_location=header",9.64,9.65,9.56,9.71,187,7,"",Yes,Yes,Yes,"https://www.checkatrade.com/trades/westwaydrainageltd",westwaydrainageltd
"Will I Am Plumbing and Heating Limited","Mr William","Plumber","","https://9tuma.app.link/kLTh3RAdIQb?cat_web_device_id=d9ba4d0e-c069-4212-82c9-6f6a35b4f39f&cat_web_session_id=4444f3e1-7a1c-4081-8d7e-3a615af308e8&banner_location=header",9.86,9.86,9.86,9.86,1036,11,"259272283",Yes,Yes,Yes,"https://www.checkatrade.com/trades/williamplumbingandheatinglimited",williamplumbingandheatinglimited
"0800 Homefix Ltd","Austin Sharp","Plumber","","https://9tuma.app.link/kLTh3RAdIQb?cat_web_device_id=d9ba4d0e-c069-4212-82c9-6f6a35b4f39f&cat_web_session_id=4444f3e1-7a1c-4081-8d7e-3a615af308e8&banner_location=header",9.18,9.21,9.24,9.22,2289,4,"400100984",Yes,No,Yes,"https://www.checkatrade.com/trades/0800homefix1054454",0800homefix1054454
"Pioneer Plumbers","Mr. Jalen Scarlett","Plumber","","https://9tuma.app.link/kLTh3RAdIQb?cat_web_device_id=d9ba4d0e-c069-4212-82c9-6f6a35b4f39f&cat_web_session_id=4444f3e1-7a1c-4081-8d7e-3a615af308e8&banner_location=header",9.88,10,9.8,9.83,66,4,"",No,No,Yes,"https://www.checkatrade.com/trades/pioneerplumbers",pioneerplumbers
"TT Plumbing & Gas","Mr Tuncer","Plumber","","https://9tuma.app.link/kLTh3RAdIQb?cat_web_device_id=d9ba4d0e-c069-4212-82c9-6f6a35b4f39f&cat_web_session_id=4444f3e1-7a1c-4081-8d7e-3a615af308e8&banner_location=header",9.95,9.98,9.94,9.98,384,8,"",Yes,No,Yes,"https://www.checkatrade.com/trades/ttplumbingandgas",ttplumbingandgas
"Baker Smith Limited","Mr John","Plumber","","https://9tuma.app.link/kLTh3RAdIQb?cat_web_device_id=d9ba4d0e-c069-4212-82c9-6f6a35b4f39f&cat_web_session_id=4444f3e1-7a1c-4081-8d7e-3a615af308e8&banner_location=header",9.36,9.46,9.32,9.3,225,4,"897610774",Yes,Yes,Yes,"https://www.checkatrade.com/trades/bakersmithlimitedstalbans",bakersmithlimitedstalbans
"A&S Plumbing and Heating","Mr Pani","Plumber","","https://9tuma.app.link/kLTh3RAdIQb?cat_web_device_id=d9ba4d0e-c069-4212-82c9-6f6a35b4f39f&cat_web_session_id=4444f3e1-7a1c-4081-8d7e-3a615af308e8&banner_location=header",10,10,10,10,60,3,"",Yes,Yes,Yes,"https://www.checkatrade.com/trades/aandsplumbingandheating1093380",aandsplumbingandheating1093380
"Ignite Plumbing Heating & Gas LTD","Mr Richard","Plumber","","https://9tuma.app.link/kLTh3RAdIQb?cat_web_device_id=d9ba4d0e-c069-4212-82c9-6f6a35b4f39f&cat_web_session_id=4444f3e1-7a1c-4081-8d7e-3a615af308e8&banner_location=header",10,10,10,10,36,2,"",Yes,No,Yes,"https://www.checkatrade.com/trades/igniteplumbingheatingandgasltd",igniteplumbingheatingandgasltd
"Earth Plumbing and Heating","Mr Reginald","Plumber","","https://9tuma.app.link/kLTh3RAdIQb?cat_web_device_id=d9ba4d0e-c069-4212-82c9-6f6a35b4f39f&cat_web_session_id=4444f3e1-7a1c-4081-8d7e-3a615af308e8&banner_location=header",9.97,9.94,10,9.98,263,8,"",Yes,Yes,Yes,"https://www.checkatrade.com/trades/earthplumbing",earthplumbing
"J Norman Plumbing","Mr James","Plumber","Harpenden and","https://9tuma.app.link/kLTh3RAdIQb?cat_web_device_id=d9ba4d0e-c069-4212-82c9-6f6a35b4f39f&cat_web_session_id=4444f3e1-7a1c-4081-8d7e-3a615af308e8&banner_location=header",9.18,,,,2289,1,"",Yes,Yes,Yes,"https://www.checkatrade.com/trades/jnormanplumbing",jnormanplumbing
"SERVICETEAM","Mr Harry","Plumber","south London","https://9tuma.app.link/kLTh3RAdIQb?cat_web_device_id=d9ba4d0e-c069-4212-82c9-6f6a35b4f39f&cat_web_session_id=4444f3e1-7a1c-4081-8d7e-3a615af308e8&banner_location=header",9.3,9.35,9.33,9.33,1757,13,"",Yes,Yes,Yes,"https://www.checkatrade.com/trades/serviceteam",serviceteam
"Arise Plumbing & Heating Ltd","Mr Ahmad","Plumber","","https://9tuma.app.link/kLTh3RAdIQb?cat_web_device_id=d9ba4d0e-c069-4212-82c9-6f6a35b4f39f&cat_web_session_id=4444f3e1-7a1c-4081-8d7e-3a615af308e8&banner_location=header",9.94,9.94,9.94,9.94,149,4,"",Yes,Yes,Yes,"https://www.checkatrade.com/trades/ariseplumbing",ariseplumbing
"Herts Emergency Plumbers 24/7","Mr Mudsar","Plumber","you","https://9tuma.app.link/kLTh3RAdIQb?cat_web_device_id=d9ba4d0e-c069-4212-82c9-6f6a35b4f39f&cat_web_session_id=4444f3e1-7a1c-4081-8d7e-3a615af308e8&banner_location=header",9.67,9.73,9.53,9.73,93,6,"",Yes,Yes,Yes,"https://www.checkatrade.com/trades/hertsemergencyplumber247",hertsemergencyplumber247
"Lyons Heating and Plumbing Solutions Ltd","Mr Declan","Plumber","everything from","https://9tuma.app.link/kLTh3RAdIQb?cat_web_device_id=d9ba4d0e-c069-4212-82c9-6f6a35b4f39f&cat_web_session_id=4444f3e1-7a1c-4081-8d7e-3a615af308e8&banner_location=header",9.92,9.75,10,10,12,2,"",Yes,Yes,Yes,"https://www.checkatrade.com/trades/lyonsheatingandplumbingsolutions",lyonsheatingandplumbingsolutions
"CLEANFLOW PLUMBING & HEATING","Mr James","Plumber","","https://9tuma.app.link/kLTh3RAdIQb?cat_web_device_id=d9ba4d0e-c069-4212-82c9-6f6a35b4f39f&cat_web_session_id=4444f3e1-7a1c-4081-8d7e-3a615af308e8&banner_location=header",10,10,10,10,65,1,"",No,Yes,Yes,"https://www.checkatrade.com/trades/cleanflowplumbingheating",cleanflowplumbingheating
"SMART PLUMB & HEAT LTD","Mr Sandeep","Plumber","Camberley and","https://9tuma.app.link/kLTh3RAdIQb?cat_web_device_id=d9ba4d0e-c069-4212-82c9-6f6a35b4f39f&cat_web_session_id=4444f3e1-7a1c-4081-8d7e-3a615af308e8&banner_location=header",9.7,9.61,9.73,9.77,64,1,"",Yes,Yes,Yes,"https://www.checkatrade.com/trades/smartplumbheatltd",smartplumbheatltd
"Rowlen Boiler Services Ltd","Mr Tommy","Plumber","","https://9tuma.app.link/kLTh3RAdIQb?cat_web_device_id=d9ba4d0e-c069-4212-82c9-6f6a35b4f39f&cat_web_session_id=4444f3e1-7a1c-4081-8d7e-3a615af308e8&banner_location=header",9.87,9.88,9.88,9.87,348,8,"",Yes,Yes,Yes,"https://www.checkatrade.com/trades/rowlenboilerservicesltd",rowlenboilerservicesltd
"A1 Heating and Plumbing","Mr Ashley","Plumber","","https://9tuma.app.link/kLTh3RAdIQb?cat_web_device_id=d9ba4d0e-c069-4212-82c9-6f6a35b4f39f&cat_web_session_id=4444f3e1-7a1c-4081-8d7e-3a615af308e8&banner_location=header",9.82,9.84,9.81,9.81,357,7,"316173324",Yes,Yes,Yes,"https://www.checkatrade.com/trades/a1heatingandplumbing623807",a1heatingandplumbing623807
"Greenwich Plumbers","Mr. Lee Hollands","Plumber","","https://9tuma.app.link/kLTh3RAdIQb?cat_web_device_id=d9ba4d0e-c069-4212-82c9-6f6a35b4f39f&cat_web_session_id=4444f3e1-7a1c-4081-8d7e-3a615af308e8&banner_location=header",9.97,10,10,9.92,30,5,"309092411",Yes,No,Yes,"https://www.checkatrade.com/trades/roserveplumbers",roserveplumbers
"Polish Local Plumber Ltd","Mr Marcin","Plumber","","https://9tuma.app.link/kLTh3RAdIQb?cat_web_device_id=d9ba4d0e-c069-4212-82c9-6f6a35b4f39f&cat_web_session_id=4444f3e1-7a1c-4081-8d7e-3a615af308e8&banner_location=header",9.82,9.73,9.8,9.93,58,4,"",Yes,Yes,Yes,"https://www.checkatrade.com/trades/polishlocalplumberltd",polishlocalplumberltd
"Taylored Plumbing","Mr. Nyle Taylor","Plumber","","https://9tuma.app.link/kLTh3RAdIQb?cat_web_device_id=d9ba4d0e-c069-4212-82c9-6f6a35b4f39f&cat_web_session_id=4444f3e1-7a1c-4081-8d7e-3a615af308e8&banner_location=header",9.75,10,9.5,9.75,54,5,"",No,Yes,Yes,"https://www.checkatrade.com/trades/tayloredplumbing",tayloredplumbing
"The Plumber","Mr Jack","Plumber","","https://9tuma.app.link/kLTh3RAdIQb?cat_web_device_id=d9ba4d0e-c069-4212-82c9-6f6a35b4f39f&cat_web_session_id=4444f3e1-7a1c-4081-8d7e-3a615af308e8&banner_location=header",9.84,9.81,9.85,9.85,685,7,"",Yes,No,Yes,"https://www.checkatrade.com/trades/theplumber",theplumber
"Resolve Plumbing Services LTD","Mr Steven","Plumber","residential properties","https://9tuma.app.link/kLTh3RAdIQb?cat_web_device_id=d9ba4d0e-c069-4212-82c9-6f6a35b4f39f&cat_web_session_id=4444f3e1-7a1c-4081-8d7e-3a615af308e8&banner_location=header",10,10,10,10,37,1,"",Yes,No,Yes,"https://www.checkatrade.com/trades/resolveplumbingservciesltd",resolveplumbingservciesltd
"Heyplumber","Mr Fadi","Plumber","homes across","https://9tuma.app.link/kLTh3RAdIQb?cat_web_device_id=d9ba4d0e-c069-4212-82c9-6f6a35b4f39f&cat_web_session_id=4444f3e1-7a1c-4081-8d7e-3a615af308e8&banner_location=header",9.93,9.92,9.96,9.92,54,1,"",Yes,No,Yes,"https://www.checkatrade.com/trades/heyplumber",heyplumber
"Gel Plumbing And Heating Ltd","Mr Clifton","Plumber","","https://9tuma.app.link/kLTh3RAdIQb?cat_web_device_id=d9ba4d0e-c069-4212-82c9-6f6a35b4f39f&cat_web_session_id=4444f3e1-7a1c-4081-8d7e-3a615af308e8&banner_location=header",9.68,9.72,9.76,9.57,67,2,"",Yes,Yes,Yes,"https://www.checkatrade.com/trades/gelplumbingandheating",gelplumbingandheating
"Heating & Plumbing Services","Mr David","Plumber","","https://9tuma.app.link/kLTh3RAdIQb?cat_web_device_id=d9ba4d0e-c069-4212-82c9-6f6a35b4f39f&cat_web_session_id=4444f3e1-7a1c-4081-8d7e-3a615af308e8&banner_location=header",9.78,10,9.79,9.85,209,11,"246091412",Yes,Yes,Yes,"https://www.checkatrade.com/trades/heatingservicesbathroominstallations",heatingservicesbathroominstallations
"T.D. PLUMBFIX SOLUTIONS LTD","Miss Anisa","Plumber","and around","https://9tuma.app.link/kLTh3RAdIQb?cat_web_device_id=d9ba4d0e-c069-4212-82c9-6f6a35b4f39f&cat_web_session_id=4444f3e1-7a1c-4081-8d7e-3a615af308e8&banner_location=header",9.87,9.86,9.86,9.9,38,2,"",Yes,No,Yes,"https://www.checkatrade.com/trades/tdplumbfixsolutionsltd",tdplumbfixsolutionsltd
"Palmers Plumbing Services Limited","Mr David","Plumber","","https://9tuma.app.link/kLTh3RAdIQb?cat_web_device_id=d9ba4d0e-c069-4212-82c9-6f6a35b4f39f&cat_web_session_id=4444f3e1-7a1c-4081-8d7e-3a615af308e8&banner_location=header",9.9,9.92,9.9,9.87,87,3,"",Yes,No,Yes,"https://www.checkatrade.com/trades/palmersplumbingservices",palmersplumbingservices
"Young’s Plumbing & Heating Ltd","Mr Jacob","Plumber","","https://9tuma.app.link/kLTh3RAdIQb?cat_web_device_id=d9ba4d0e-c069-4212-82c9-6f6a35b4f39f&cat_web_session_id=4444f3e1-7a1c-4081-8d7e-3a615af308e8&banner_location=header",9.93,9.92,9.88,10,42,1,"",Yes,Yes,Yes,"https://www.checkatrade.com/trades/youngsplumbingheatingltd",youngsplumbingheatingltd
"Priority Plumbing And Heating","Mr Byron","Plumber","Bexley","https://9tuma.app.link/kLTh3RAdIQb?cat_web_device_id=d9ba4d0e-c069-4212-82c9-6f6a35b4f39f&cat_web_session_id=4444f3e1-7a1c-4081-8d7e-3a615af308e8&banner_location=header",9.9,9.91,9.89,9.9,1603,11,"",Yes,Yes,Yes,"https://www.checkatrade.com/trades/priorityplumbingandheating",priorityplumbingandheating
"Ashrose Plumbing & Drainage","Mr Dean","Plumber","","https://9tuma.app.link/kLTh3RAdIQb?cat_web_device_id=d9ba4d0e-c069-4212-82c9-6f6a35b4f39f&cat_web_session_id=4444f3e1-7a1c-4081-8d7e-3a615af308e8&banner_location=header",9.93,9.9,9.94,9.94,182,2,"233629313",Yes,No,Yes,"https://www.checkatrade.com/trades/ashroseplumbingdrainage",ashroseplumbingdrainage
"JDS Plumbing Ltd","Mr James","Plumber","","https://9tuma.app.link/kLTh3RAdIQb?cat_web_device_id=d9ba4d0e-c069-4212-82c9-6f6a35b4f39f&cat_web_session_id=4444f3e1-7a1c-4081-8d7e-3a615af308e8&banner_location=header",10,10,10,10,60,7,"",Yes,Yes,Yes,"https://www.checkatrade.com/trades/jdsplumbing",jdsplumbing
"AquaLuxe Plumbing & Heating","Mr Callum","Plumber","","https://9tuma.app.link/kLTh3RAdIQb?cat_web_device_id=d9ba4d0e-c069-4212-82c9-6f6a35b4f39f&cat_web_session_id=4444f3e1-7a1c-4081-8d7e-3a615af308e8&banner_location=header",9.87,9.94,9.75,9.92,48,1,"",Yes,No,Yes,"https://www.checkatrade.com/trades/aqualuxeplumbingheating",aqualuxeplumbingheating
"Dynamic Plumbing & Maintenance","Mr Melvin","Plumber","","https://9tuma.app.link/kLTh3RAdIQb?cat_web_device_id=d9ba4d0e-c069-4212-82c9-6f6a35b4f39f&cat_web_session_id=4444f3e1-7a1c-4081-8d7e-3a615af308e8&banner_location=header",9.6,9.33,9.8,9.67,213,7,"",Yes,Yes,Yes,"https://www.checkatrade.com/trades/dynamicplumbingandmaintenance",dynamicplumbingandmaintenance
"The London Plumbing Company","Mr Julian","Plumber","Tooting and","https://9tuma.app.link/kLTh3RAdIQb?cat_web_device_id=d9ba4d0e-c069-4212-82c9-6f6a35b4f39f&cat_web_session_id=4444f3e1-7a1c-4081-8d7e-3a615af308e8&banner_location=header",9.77,9.75,9.8,9.75,147,8,"294382962",Yes,Yes,Yes,"https://www.checkatrade.com/trades/thelondonplumbingcompany",thelondonplumbingcompany
"Plumbing Correct","Mr Macaulay","Plumber","","https://9tuma.app.link/kLTh3RAdIQb?cat_web_device_id=d9ba4d0e-c069-4212-82c9-6f6a35b4f39f&cat_web_session_id=4444f3e1-7a1c-4081-8d7e-3a615af308e8&banner_location=header",9.44,9.38,9.45,9.49,121,2,"",Yes,No,Yes,"https://www.checkatrade.com/trades/plumbingcorrect",plumbingcorrect
"Nsoa Limited","Mr Terence","Plumber","everything from","https://9tuma.app.link/kLTh3RAdIQb?cat_web_device_id=d9ba4d0e-c069-4212-82c9-6f6a35b4f39f&cat_web_session_id=4444f3e1-7a1c-4081-8d7e-3a615af308e8&banner_location=header",9.96,,,,29,3,"",Yes,Yes,Yes,"https://www.checkatrade.com/trades/nsoalimited",nsoalimited
"Aston Cord Ltd","Mr Tony","Plumber","","https://9tuma.app.link/kLTh3RAdIQb?cat_web_device_id=d9ba4d0e-c069-4212-82c9-6f6a35b4f39f&cat_web_session_id=4444f3e1-7a1c-4081-8d7e-3a615af308e8&banner_location=header",9.91,9.87,9.92,9.92,1763,19,"",Yes,Yes,Yes,"https://www.checkatrade.com/trades/astoncord",astoncord
"Clearline group LTD","Mr Darren","Plumber","","https://9tuma.app.link/kLTh3RAdIQb?cat_web_device_id=d9ba4d0e-c069-4212-82c9-6f6a35b4f39f&cat_web_session_id=4444f3e1-7a1c-4081-8d7e-3a615af308e8&banner_location=header",9.85,9.87,9.87,9.82,125,2,"",Yes,Yes,Yes,"https://www.checkatrade.com/trades/darrenjones",darrenjones
"Plumb4U","Mr Clive","Plumber","Surbiton that","https://9tuma.app.link/kLTh3RAdIQb?cat_web_device_id=d9ba4d0e-c069-4212-82c9-6f6a35b4f39f&cat_web_session_id=4444f3e1-7a1c-4081-8d7e-3a615af308e8&banner_location=header",9.84,9.82,9.89,9.82,403,14,"112256750",Yes,Yes,Yes,"https://www.checkatrade.com/trades/plumb4unewmalden",plumb4unewmalden
"JRS BUILDING SERVICES LTD","Mr Jamaine","Plumber","","https://9tuma.app.link/kLTh3RAdIQb?cat_web_device_id=d9ba4d0e-c069-4212-82c9-6f6a35b4f39f&cat_web_session_id=4444f3e1-7a1c-4081-8d7e-3a615af308e8&banner_location=header",9.81,9.89,9.89,9.85,82,2,"",Yes,Yes,Yes,"https://www.checkatrade.com/trades/jrsbuildingservicesltd",jrsbuildingservicesltd
"MJH Plumbing Services","Mr Mason","Plumber","Solihull but","https://9tuma.app.link/kLTh3RAdIQb?cat_web_device_id=d9ba4d0e-c069-4212-82c9-6f6a35b4f39f&cat_web_session_id=4444f3e1-7a1c-4081-8d7e-3a615af308e8&banner_location=header",9.31,9.3,9.37,9.39,223,4,"",No,Yes,Yes,"https://www.checkatrade.com/trades/mjhplumbingservices",mjhplumbingservices
"Purple Hearts Property Development","Mr Emma","Plumber","","https://9tuma.app.link/kLTh3RAdIQb?cat_web_device_id=d9ba4d0e-c069-4212-82c9-6f6a35b4f39f&cat_web_session_id=4444f3e1-7a1c-4081-8d7e-3a615af308e8&banner_location=header",9.78,9.79,9.83,9.81,159,2,"",Yes,Yes,Yes,"https://www.checkatrade.com/trades/purpleheartspropertydevelopment",purpleheartspropertydevelopment
"Swann Plumbing & Heating","Mr Daniel","Plumber","Solihull and","https://9tuma.app.link/kLTh3RAdIQb?cat_web_device_id=d9ba4d0e-c069-4212-82c9-6f6a35b4f39f&cat_web_session_id=4444f3e1-7a1c-4081-8d7e-3a615af308e8&banner_location=header",10,,,,1,,"",Yes,No,Yes,"https://www.checkatrade.com/trades/swannplumbingheating",swannplumbingheating
"Halesowen Plumbing Services","Mr Ben","Plumber","all aspects","https://9tuma.app.link/kLTh3RAdIQb?cat_web_device_id=d9ba4d0e-c069-4212-82c9-6f6a35b4f39f&cat_web_session_id=4444f3e1-7a1c-4081-8d7e-3a615af308e8&banner_location=header",9.93,9.92,9.93,9.94,268,1,"",Yes,Yes,Yes,"https://www.checkatrade.com/trades/halesowenplumbingservices",halesowenplumbingservices
"AXM Plumbing Services","Mr Alfredo","Plumber","","https://9tuma.app.link/kLTh3RAdIQb?cat_web_device_id=d9ba4d0e-c069-4212-82c9-6f6a35b4f39f&cat_web_session_id=4444f3e1-7a1c-4081-8d7e-3a615af308e8&banner_location=header",9.6,9.65,9.53,9.65,127,4,"",Yes,Yes,Yes,"https://www.checkatrade.com/trades/axmplumbingservices",axmplumbingservices
"HOME SAVIOURS LIMITED","Mr Steven","Plumber","","https://9tuma.app.link/kLTh3RAdIQb?cat_web_device_id=d9ba4d0e-c069-4212-82c9-6f6a35b4f39f&cat_web_session_id=4444f3e1-7a1c-4081-8d7e-3a615af308e8&banner_location=header",9.45,9.53,9.44,9.39,62,1,"501008461",Yes,Yes,Yes,"https://www.checkatrade.com/trades/homesaviourslimited",homesaviourslimited
"1st Plumbing Response","Mr Shoaib","Plumber","","https://9tuma.app.link/kLTh3RAdIQb?cat_web_device_id=d9ba4d0e-c069-4212-82c9-6f6a35b4f39f&cat_web_session_id=4444f3e1-7a1c-4081-8d7e-3a615af308e8&banner_location=header",9.42,9.44,9.31,9.51,39,1,"",Yes,No,Yes,"https://www.checkatrade.com/trades/1stplumbingresponse",1stplumbingresponse
"Plumb-Jet","Mr Jordan","Plumber","","https://9tuma.app.link/kLTh3RAdIQb?cat_web_device_id=d9ba4d0e-c069-4212-82c9-6f6a35b4f39f&cat_web_session_id=4444f3e1-7a1c-4081-8d7e-3a615af308e8&banner_location=header",10,10,10,10,21,,"",Yes,Yes,Yes,"https://www.checkatrade.com/trades/plumbjet5912085",plumbjet5912085
"LAWTONS PLUMBING & HEATING LTD","Garry Lawton","Plumber","both commercial","https://9tuma.app.link/kLTh3RAdIQb?cat_web_device_id=d9ba4d0e-c069-4212-82c9-6f6a35b4f39f&cat_web_session_id=4444f3e1-7a1c-4081-8d7e-3a615af308e8&banner_location=header",9.98,10,10,9.94,16,1,"",Yes,No,Yes,"https://www.checkatrade.com/trades/lawtonsplumbingheatingltd",lawtonsplumbingheatingltd
"LTF Plumbing Limited","Mr Lee","Plumber","you can","https://9tuma.app.link/kLTh3RAdIQb?cat_web_device_id=d9ba4d0e-c069-4212-82c9-6f6a35b4f39f&cat_web_session_id=4444f3e1-7a1c-4081-8d7e-3a615af308e8&banner_location=header",10,10,10,10,11,2,"479166446",Yes,Yes,Yes,"https://www.checkatrade.com/trades/ltfplumbinglimited",ltfplumbinglimited
"NSW  Plumbing Services","Mr Nathan","Plumber","","https://9tuma.app.link/kLTh3RAdIQb?cat_web_device_id=d9ba4d0e-c069-4212-82c9-6f6a35b4f39f&cat_web_session_id=4444f3e1-7a1c-4081-8d7e-3a615af308e8&banner_location=header",9.73,9.93,9.74,9.52,29,1,"",Yes,No,Yes,"https://www.checkatrade.com/trades/nswplumbingservices1101283",nswplumbingservices1101283
"M3 Trades","Mr Lewis","Plumber","Halesowen","https://9tuma.app.link/kLTh3RAdIQb?cat_web_device_id=d9ba4d0e-c069-4212-82c9-6f6a35b4f39f&cat_web_session_id=4444f3e1-7a1c-4081-8d7e-3a615af308e8&banner_location=header",9.94,10,9.9,9.9,147,6,"",Yes,Yes,Yes,"https://www.checkatrade.com/trades/m2tradesltd",m2tradesltd
"MJM Plumbing Services","Mr Malcolm","Plumber","","https://9tuma.app.link/kLTh3RAdIQb?cat_web_device_id=d9ba4d0e-c069-4212-82c9-6f6a35b4f39f&cat_web_session_id=4444f3e1-7a1c-4081-8d7e-3a615af308e8&banner_location=header",9.99,9.98,10,10,295,4,"",Yes,Yes,Yes,"https://www.checkatrade.com/trades/mjmplumbingservices",mjmplumbingservices
"Leaks4us","Mr. David Chidley","Plumber","","https://9tuma.app.link/kLTh3RAdIQb?cat_web_device_id=d9ba4d0e-c069-4212-82c9-6f6a35b4f39f&cat_web_session_id=4444f3e1-7a1c-4081-8d7e-3a615af308e8&banner_location=header",9.47,9.48,9.45,9.48,115,4,"",Yes,Yes,Yes,"https://www.checkatrade.com/trades/leaks4us",leaks4us
"Hutchinson Plumbing Ltd","Mr Ricardo","Plumber","Willenhall and","https://9tuma.app.link/kLTh3RAdIQb?cat_web_device_id=d9ba4d0e-c069-4212-82c9-6f6a35b4f39f&cat_web_session_id=4444f3e1-7a1c-4081-8d7e-3a615af308e8&banner_location=header",9.81,9.67,9.89,9.89,18,1,"",Yes,Yes,Yes,"https://www.checkatrade.com/trades/hutchinsonplumbingltd",hutchinsonplumbingltd
"Plumbdog Plumbing","Mr Kieran","Plumber","Walsall","https://9tuma.app.link/kLTh3RAdIQb?cat_web_device_id=d9ba4d0e-c069-4212-82c9-6f6a35b4f39f&cat_web_session_id=4444f3e1-7a1c-4081-8d7e-3a615af308e8&banner_location=header",9.75,9.91,9.68,9.82,96,2,"",Yes,Yes,Yes,"https://www.checkatrade.com/trades/plumbdogplumbing1125468",plumbdogplumbing1125468
"TJ Works Ltd","Mr. Motolani Jegede","Plumber","","https://9tuma.app.link/kLTh3RAdIQb?cat_web_device_id=d9ba4d0e-c069-4212-82c9-6f6a35b4f39f&cat_web_session_id=4444f3e1-7a1c-4081-8d7e-3a615af308e8&banner_location=header",9.32,9.31,9.35,9.31,96,3,"448366855",Yes,Yes,Yes,"https://www.checkatrade.com/trades/tjworks",tjworks
"P&B Heating LTD","Mr Ben","Plumber","the heart","https://9tuma.app.link/kLTh3RAdIQb?cat_web_device_id=d9ba4d0e-c069-4212-82c9-6f6a35b4f39f&cat_web_session_id=4444f3e1-7a1c-4081-8d7e-3a615af308e8&banner_location=header",9.92,9.9,9.91,9.94,102,1,"",Yes,No,Yes,"https://www.checkatrade.com/trades/pandbheatingltd",pandbheatingltd
"Metro Plumb","Mr Paul","Plumber","","https://9tuma.app.link/kLTh3RAdIQb?cat_web_device_id=d9ba4d0e-c069-4212-82c9-6f6a35b4f39f&cat_web_session_id=4444f3e1-7a1c-4081-8d7e-3a615af308e8&banner_location=header",10,10,10,10,25,2,"",Yes,Yes,Yes,"https://www.checkatrade.com/trades/aclplumbingltd",aclplumbingltd
"SureHome Services","Mr Ravinder","Plumber","","https://9tuma.app.link/kLTh3RAdIQb?cat_web_device_id=d9ba4d0e-c069-4212-82c9-6f6a35b4f39f&cat_web_session_id=4444f3e1-7a1c-4081-8d7e-3a615af308e8&banner_location=header",9.98,10,10,9.94,59,3,"",Yes,Yes,Yes,"https://www.checkatrade.com/trades/surehomeservices",surehomeservices
"RS Plumbing & Heating","Mr Ryan","Plumber","Worcestershire","https://9tuma.app.link/kLTh3RAdIQb?cat_web_device_id=d9ba4d0e-c069-4212-82c9-6f6a35b4f39f&cat_web_session_id=4444f3e1-7a1c-4081-8d7e-3a615af308e8&banner_location=header",9.89,9.82,9.95,9.91,22,1,"",No,Yes,Yes,"https://www.checkatrade.com/trades/rsplumbingheating",rsplumbingheating
"Just Flow Plumbing, Heating & Cooling","Mr Joshua","Plumber","the all","https://9tuma.app.link/kLTh3RAdIQb?cat_web_device_id=d9ba4d0e-c069-4212-82c9-6f6a35b4f39f&cat_web_session_id=4444f3e1-7a1c-4081-8d7e-3a615af308e8&banner_location=header",9.8,9.86,9.89,9.65,210,9,"311163260",No,Yes,Yes,"https://www.checkatrade.com/trades/justflowplumbingheatingandcooling",justflowplumbingheatingandcooling
"In-Ting Handyman Services","Mr Leon","Plumber","","https://9tuma.app.link/kLTh3RAdIQb?cat_web_device_id=d9ba4d0e-c069-4212-82c9-6f6a35b4f39f&cat_web_session_id=4444f3e1-7a1c-4081-8d7e-3a615af308e8&banner_location=header",9.17,9.23,9.1,9.17,102,6,"",No,Yes,Yes,"https://www.checkatrade.com/trades/intingandsmartwireinstallations",intingandsmartwireinstallations
"HH PLUMBING & GAS","Mr Wolfatollah","Plumber","the West","https://9tuma.app.link/kLTh3RAdIQb?cat_web_device_id=d9ba4d0e-c069-4212-82c9-6f6a35b4f39f&cat_web_session_id=4444f3e1-7a1c-4081-8d7e-3a615af308e8&banner_location=header",9.89,9.67,10,10,6,1,"",Yes,No,Yes,"https://www.checkatrade.com/trades/hhplumbinggas",hhplumbinggas
"DB Plumbing and Heating Services","Mr Donald","Plumber","Birmingham and","https://9tuma.app.link/kLTh3RAdIQb?cat_web_device_id=d9ba4d0e-c069-4212-82c9-6f6a35b4f39f&cat_web_session_id=4444f3e1-7a1c-4081-8d7e-3a615af308e8&banner_location=header",9.92,9.87,9.95,9.95,84,2,"",No,No,Yes,"https://www.checkatrade.com/trades/dbplumbingandheatingservices",dbplumbingandheatingservices
"A1 Fitters","Mr Aqib","Plumber","","https://9tuma.app.link/kLTh3RAdIQb?cat_web_device_id=d9ba4d0e-c069-4212-82c9-6f6a35b4f39f&cat_web_session_id=4444f3e1-7a1c-4081-8d7e-3a615af308e8&banner_location=header",10,10,10,10,9,,"",Yes,No,Yes,"https://www.checkatrade.com/trades/a1fitters5936304",a1fitters5936304
"J T Services","Mr Jamie","Plumber","","https://9tuma.app.link/kLTh3RAdIQb?cat_web_device_id=d9ba4d0e-c069-4212-82c9-6f6a35b4f39f&cat_web_session_id=4444f3e1-7a1c-4081-8d7e-3a615af308e8&banner_location=header",9.92,9.96,9.84,9.96,106,3,"",No,No,Yes,"https://www.checkatrade.com/trades/jtservices1093449",jtservices1093449
"MARINE CORE PLUMBING AND ELECTRICAL LTD","Miss Rosie","Plumber","","https://9tuma.app.link/kLTh3RAdIQb?cat_web_device_id=d9ba4d0e-c069-4212-82c9-6f6a35b4f39f&cat_web_session_id=4444f3e1-7a1c-4081-8d7e-3a615af308e8&banner_location=header",10,10,10,10,1,,"",Yes,Yes,Yes,"https://www.checkatrade.com/trades/marinecoreplumbingandelectricalltd",marinecoreplumbingandelectricalltd
"Nyko Plumbing","Mr. Nicolae Murgeneanu","Plumber","","https://9tuma.app.link/kLTh3RAdIQb?cat_web_device_id=d9ba4d0e-c069-4212-82c9-6f6a35b4f39f&cat_web_session_id=4444f3e1-7a1c-4081-8d7e-3a615af308e8&banner_location=header",9.86,9.85,9.85,9.87,164,5,"",Yes,Yes,Yes,"https://www.checkatrade.com/trades/nicolaemurgeneanu",nicolaemurgeneanu
"DC Plumbing & Heating (West Midlands) Ltd","Mr Chris","Plumber","Redditch and","https://9tuma.app.link/kLTh3RAdIQb?cat_web_device_id=d9ba4d0e-c069-4212-82c9-6f6a35b4f39f&cat_web_session_id=4444f3e1-7a1c-4081-8d7e-3a615af308e8&banner_location=header",9.98,10,10,9.94,308,10,"266428678",Yes,Yes,Yes,"https://www.checkatrade.com/trades/dcplumbingandheatingwestmidlandsltd",dcplumbingandheatingwestmidlandsltd
"RW Plumbing","","Plumber","Dudley and","https://9tuma.app.link/kLTh3RAdIQb?cat_web_device_id=d9ba4d0e-c069-4212-82c9-6f6a35b4f39f&cat_web_session_id=4444f3e1-7a1c-4081-8d7e-3a615af308e8&banner_location=header",10,10,10,10,38,1,"",No,No,Yes,"https://www.checkatrade.com/trades/rwplumbing5908991",rwplumbing5908991
"Nu Age Heating & Interiors Ltd","Mr. Kieran Masterson","Plumber","","https://9tuma.app.link/kLTh3RAdIQb?cat_web_device_id=d9ba4d0e-c069-4212-82c9-6f6a35b4f39f&cat_web_session_id=4444f3e1-7a1c-4081-8d7e-3a615af308e8&banner_location=header",9.95,9.95,9.95,9.95,98,5,"",Yes,Yes,Yes,"https://www.checkatrade.com/trades/nuageheatingandinteriors",nuageheatingandinteriors
"SJH Plumbing and Heating","Mr Sam","Plumber","","https://9tuma.app.link/kLTh3RAdIQb?cat_web_device_id=d9ba4d0e-c069-4212-82c9-6f6a35b4f39f&cat_web_session_id=4444f3e1-7a1c-4081-8d7e-3a615af308e8&banner_location=header",9.78,9.77,9.77,9.8,257,6,"",Yes,Yes,Yes,"https://www.checkatrade.com/trades/sjhplumbingandheatingkingswinford",sjhplumbingandheatingkingswinford
"NDL Plumbing and Heating LTD","Mr Brandon","Plumber","","https://9tuma.app.link/kLTh3RAdIQb?cat_web_device_id=d9ba4d0e-c069-4212-82c9-6f6a35b4f39f&cat_web_session_id=4444f3e1-7a1c-4081-8d7e-3a615af308e8&banner_location=header",9.48,9.48,9.4,9.55,67,2,"",Yes,Yes,Yes,"https://www.checkatrade.com/trades/ndlplumbingandheatingltd",ndlplumbingandheatingltd
"FlowPro Plumbing","Mr Jacob","Plumber","","https://9tuma.app.link/kLTh3RAdIQb?cat_web_device_id=d9ba4d0e-c069-4212-82c9-6f6a35b4f39f&cat_web_session_id=4444f3e1-7a1c-4081-8d7e-3a615af308e8&banner_location=header",9.89,9.89,9.89,9.89,9,1,"",Yes,Yes,Yes,"https://www.checkatrade.com/trades/flowproplumbing5931919",flowproplumbing5931919
"C.d. Coleman & Sons Limited","Mr. Chris Coleman","Plumber","","https://9tuma.app.link/kLTh3RAdIQb?cat_web_device_id=d9ba4d0e-c069-4212-82c9-6f6a35b4f39f&cat_web_session_id=4444f3e1-7a1c-4081-8d7e-3a615af308e8&banner_location=header",9.73,9.85,9.65,9.7,96,5,"459333177",Yes,Yes,Yes,"https://www.checkatrade.com/trades/cdcolemanandsons",cdcolemanandsons
"SimPlumb","Mr Richard","Plumber","the West","https://9tuma.app.link/kLTh3RAdIQb?cat_web_device_id=d9ba4d0e-c069-4212-82c9-6f6a35b4f39f&cat_web_session_id=4444f3e1-7a1c-4081-8d7e-3a615af308e8&banner_location=header",9.95,9.9,10,9.95,198,7,"",No,Yes,Yes,"https://www.checkatrade.com/trades/simplumb",simplumb
"A P Plumbing and Heating","Mr Adrian","Plumber","","https://9tuma.app.link/kLTh3RAdIQb?cat_web_device_id=d9ba4d0e-c069-4212-82c9-6f6a35b4f39f&cat_web_session_id=4444f3e1-7a1c-4081-8d7e-3a615af308e8&banner_location=header",9.96,9.96,9.93,9.98,134,2,"",Yes,Yes,Yes,"https://www.checkatrade.com/trades/applumbingandheating1099112",applumbingandheating1099112
"WS Bathrooms & Property Maintenance","Mr Joseph","Plumber","","https://9tuma.app.link/kLTh3RAdIQb?cat_web_device_id=d9ba4d0e-c069-4212-82c9-6f6a35b4f39f&cat_web_session_id=4444f3e1-7a1c-4081-8d7e-3a615af308e8&banner_location=header",9.88,9.88,9.88,9.88,129,11,"",No,Yes,Yes,"https://www.checkatrade.com/trades/wsbathroomsandpropertymaintena",wsbathroomsandpropertymaintena
"ABS Plumbing and Heating","Mr Declan","Plumber","","https://9tuma.app.link/kLTh3RAdIQb?cat_web_device_id=d9ba4d0e-c069-4212-82c9-6f6a35b4f39f&cat_web_session_id=4444f3e1-7a1c-4081-8d7e-3a615af308e8&banner_location=header",9.32,9.52,9.4,9.36,260,12,"",Yes,Yes,Yes,"https://www.checkatrade.com/trades/absplumbingandheating",absplumbingandheating
"JB7 Plumbing and Heating Limited","Mr John","Plumber","it","https://9tuma.app.link/kLTh3RAdIQb?cat_web_device_id=d9ba4d0e-c069-4212-82c9-6f6a35b4f39f&cat_web_session_id=4444f3e1-7a1c-4081-8d7e-3a615af308e8&banner_location=header",9.58,9.63,9.54,9.71,1112,11,"490527381",Yes,Yes,Yes,"https://www.checkatrade.com/trades/jb7plumbingandheatinglimited",jb7plumbingandheatinglimited
"Edd's Plumbing Co","Mr Edward","Plumber","","https://9tuma.app.link/kLTh3RAdIQb?cat_web_device_id=d9ba4d0e-c069-4212-82c9-6f6a35b4f39f&cat_web_session_id=4444f3e1-7a1c-4081-8d7e-3a615af308e8&banner_location=header",9.96,9.93,10,9.93,15,,"",Yes,No,Yes,"https://www.checkatrade.com/trades/eddsplumbingco",eddsplumbingco
"Premier Plumbing","Mr Christian","Plumber","","https://9tuma.app.link/kLTh3RAdIQb?cat_web_device_id=d9ba4d0e-c069-4212-82c9-6f6a35b4f39f&cat_web_session_id=4444f3e1-7a1c-4081-8d7e-3a615af308e8&banner_location=header",9.56,9.63,9.56,9.5,98,3,"",Yes,No,Yes,"https://www.checkatrade.com/trades/premierplumbing1096496",premierplumbing1096496
"LH Plumbing & Heating Solutions Limited","Mr Lee","Plumber","all aspects","https://9tuma.app.link/kLTh3RAdIQb?cat_web_device_id=d9ba4d0e-c069-4212-82c9-6f6a35b4f39f&cat_web_session_id=4444f3e1-7a1c-4081-8d7e-3a615af308e8&banner_location=header",9.74,9.73,9.73,9.76,120,3,"",Yes,Yes,Yes,"https://www.checkatrade.com/trades/lhplumbingandheatingsolutions",lhplumbingandheatingsolutions
"Wheeldons design & build","Mr Kyle","Plumber","Salford and","https://9tuma.app.link/kLTh3RAdIQb?cat_web_device_id=d9ba4d0e-c069-4212-82c9-6f6a35b4f39f&cat_web_session_id=4444f3e1-7a1c-4081-8d7e-3a615af308e8&banner_location=header",10,10,10,10,16,2,"",Yes,Yes,Yes,"https://www.checkatrade.com/trades/wheeldonsdesignbuild",wheeldonsdesignbuild
"Mississippi Plumbing and Emergency Limited","Mr Shero","Plumber","","https://9tuma.app.link/kLTh3RAdIQb?cat_web_device_id=d9ba4d0e-c069-4212-82c9-6f6a35b4f39f&cat_web_session_id=4444f3e1-7a1c-4081-8d7e-3a615af308e8&banner_location=header",9.88,9.92,9.83,9.89,79,2,"",Yes,Yes,Yes,"https://www.checkatrade.com/trades/mississippiplumbingandemergencylimited1127311",mississippiplumbingandemergencylimited1127311
"KA MAINTENANCE LTD","Mr Kawash","Plumber","","https://9tuma.app.link/kLTh3RAdIQb?cat_web_device_id=d9ba4d0e-c069-4212-82c9-6f6a35b4f39f&cat_web_session_id=4444f3e1-7a1c-4081-8d7e-3a615af308e8&banner_location=header",9.5,9.65,9.58,9.67,74,2,"",Yes,No,Yes,"https://www.checkatrade.com/trades/kamaintenanceltd",kamaintenanceltd
"Responsive Plumbing","Mr Carl","Plumber","","https://9tuma.app.link/kLTh3RAdIQb?cat_web_device_id=d9ba4d0e-c069-4212-82c9-6f6a35b4f39f&cat_web_session_id=4444f3e1-7a1c-4081-8d7e-3a615af308e8&banner_location=header",10,10,10,10,593,10,"",Yes,Yes,Yes,"https://www.checkatrade.com/trades/responsiveplumbing",responsiveplumbing
"AJ & RC Plumbing Services Ltd","Mr Remelle","Plumber","","https://9tuma.app.link/kLTh3RAdIQb?cat_web_device_id=d9ba4d0e-c069-4212-82c9-6f6a35b4f39f&cat_web_session_id=4444f3e1-7a1c-4081-8d7e-3a615af308e8&banner_location=header",9.21,9.63,8.88,9.13,56,2,"",Yes,Yes,Yes,"https://www.checkatrade.com/trades/ajandrcplumbingservices",ajandrcplumbingservices
"JC Plumbing Services","Mr Jacob","Plumber","","https://9tuma.app.link/kLTh3RAdIQb?cat_web_device_id=d9ba4d0e-c069-4212-82c9-6f6a35b4f39f&cat_web_session_id=4444f3e1-7a1c-4081-8d7e-3a615af308e8&banner_location=header",9.98,9.95,10,10,29,2,"",Yes,Yes,Yes,"https://www.checkatrade.com/trades/jcplumbingservices1123626",jcplumbingservices1123626
"Ignite Plumbing and Heating M/cr","Mr Dylan","Plumber","Manchester","https://9tuma.app.link/kLTh3RAdIQb?cat_web_device_id=d9ba4d0e-c069-4212-82c9-6f6a35b4f39f&cat_web_session_id=4444f3e1-7a1c-4081-8d7e-3a615af308e8&banner_location=header",9.83,9.94,9.78,9.78,56,2,"",Yes,Yes,Yes,"https://www.checkatrade.com/trades/igniteplumbingandheatingmcr",igniteplumbingandheatingmcr
"K4 plumbing & heating","Mr Kai","Plumber","Greater Manchester","https://9tuma.app.link/kLTh3RAdIQb?cat_web_device_id=d9ba4d0e-c069-4212-82c9-6f6a35b4f39f&cat_web_session_id=4444f3e1-7a1c-4081-8d7e-3a615af308e8&banner_location=header",10,10,10,10,2,2025,"",Yes,Yes,Yes,"https://www.checkatrade.com/trades/k4plumbingheating",k4plumbingheating
"JD Property Services","Mr Joe","Plumber","","https://9tuma.app.link/kLTh3RAdIQb?cat_web_device_id=d9ba4d0e-c069-4212-82c9-6f6a35b4f39f&cat_web_session_id=4444f3e1-7a1c-4081-8d7e-3a615af308e8&banner_location=header",9.72,9.63,9.73,9.79,659,11,"",Yes,Yes,Yes,"https://www.checkatrade.com/trades/jdplumbingandheating360619",jdplumbingandheating360619
"Goldenflow plumbing Ltd","Mr Zahra","Plumber","","https://9tuma.app.link/kLTh3RAdIQb?cat_web_device_id=d9ba4d0e-c069-4212-82c9-6f6a35b4f39f&cat_web_session_id=4444f3e1-7a1c-4081-8d7e-3a615af308e8&banner_location=header",9.82,9.73,9.88,9.85,59,1,"",Yes,No,Yes,"https://www.checkatrade.com/trades/goldenflowplumbingltd",goldenflowplumbingltd
"EM Plumbing & Heating","Mr Edward","Plumber","","https://9tuma.app.link/kLTh3RAdIQb?cat_web_device_id=d9ba4d0e-c069-4212-82c9-6f6a35b4f39f&cat_web_session_id=4444f3e1-7a1c-4081-8d7e-3a615af308e8&banner_location=header",9.98,9.94,10,10,192,6,"",Yes,No,Yes,"https://www.checkatrade.com/trades/emplumbingandheating",emplumbingandheating
"Gas-tec Heating & Plumbing","Mr Christopher","Plumber","most domestic","https://9tuma.app.link/kLTh3RAdIQb?cat_web_device_id=d9ba4d0e-c069-4212-82c9-6f6a35b4f39f&cat_web_session_id=4444f3e1-7a1c-4081-8d7e-3a615af308e8&banner_location=header",10,10,10,10,5,2,"",Yes,Yes,Yes,"https://www.checkatrade.com/trades/gastecheatingandplumbing",gastecheatingandplumbing
"Joes Plumbing","Mr Yousef","Plumber","Manchester and","https://9tuma.app.link/kLTh3RAdIQb?cat_web_device_id=d9ba4d0e-c069-4212-82c9-6f6a35b4f39f&cat_web_session_id=4444f3e1-7a1c-4081-8d7e-3a615af308e8&banner_location=header",9.93,9.96,9.92,9.92,25,1,"",Yes,Yes,Yes,"https://www.checkatrade.com/trades/joesplumbing",joesplumbing
"Nelson Plumbing & Heating LTD","Mr. Ashley Nelson","Plumber","Manchester and","https://9tuma.app.link/kLTh3RAdIQb?cat_web_device_id=d9ba4d0e-c069-4212-82c9-6f6a35b4f39f&cat_web_session_id=4444f3e1-7a1c-4081-8d7e-3a615af308e8&banner_location=header",9.83,9.82,9.85,9.8,403,5,"",Yes,Yes,Yes,"https://www.checkatrade.com/trades/nelsonplumbingheatingltd",nelsonplumbingheatingltd
"S Farnell Plumbing and Heating Ltd","Mr Stephen","Plumber","Urmston","https://9tuma.app.link/kLTh3RAdIQb?cat_web_device_id=d9ba4d0e-c069-4212-82c9-6f6a35b4f39f&cat_web_session_id=4444f3e1-7a1c-4081-8d7e-3a615af308e8&banner_location=header",9.97,9.95,9.98,9.98,341,8,"",Yes,Yes,Yes,"https://www.checkatrade.com/trades/sfarnellplumbingandheating",sfarnellplumbingandheating
"JPR PLUMBING & HEATING","Mr Joe","Plumber","","https://9tuma.app.link/kLTh3RAdIQb?cat_web_device_id=d9ba4d0e-c069-4212-82c9-6f6a35b4f39f&cat_web_session_id=4444f3e1-7a1c-4081-8d7e-3a615af308e8&banner_location=header",9.72,9.73,9.71,9.78,246,2,"",No,Yes,Yes,"https://www.checkatrade.com/trades/jprplumbingheating",jprplumbingheating
"Wash Complete Property Solutions","Mr Karl","Plumber","","https://9tuma.app.link/kLTh3RAdIQb?cat_web_device_id=d9ba4d0e-c069-4212-82c9-6f6a35b4f39f&cat_web_session_id=4444f3e1-7a1c-4081-8d7e-3a615af308e8&banner_location=header",9.94,9.92,9.92,10,52,4,"",Yes,Yes,Yes,"https://www.checkatrade.com/trades/washcompletepropertysolutions",washcompletepropertysolutions
"Marine Bathrooms","Mr Andy","Plumber","","https://9tuma.app.link/kLTh3RAdIQb?cat_web_device_id=d9ba4d0e-c069-4212-82c9-6f6a35b4f39f&cat_web_session_id=4444f3e1-7a1c-4081-8d7e-3a615af308e8&banner_location=header",9.85,9.88,9.85,9.81,180,10,"",Yes,Yes,Yes,"https://www.checkatrade.com/trades/marinebathroomsltd",marinebathroomsltd
"Easy Plumbing","Mr Nathan","Plumber","Bolton","https://9tuma.app.link/kLTh3RAdIQb?cat_web_device_id=d9ba4d0e-c069-4212-82c9-6f6a35b4f39f&cat_web_session_id=4444f3e1-7a1c-4081-8d7e-3a615af308e8&banner_location=header",9.99,10,9.97,10,36,1,"",Yes,Yes,Yes,"https://www.checkatrade.com/trades/easyplumbing1138363",easyplumbing1138363
"T J Entwistle Plumbing & Heating","Mr Tyler","Plumber","all aspects","https://9tuma.app.link/kLTh3RAdIQb?cat_web_device_id=d9ba4d0e-c069-4212-82c9-6f6a35b4f39f&cat_web_session_id=4444f3e1-7a1c-4081-8d7e-3a615af308e8&banner_location=header",10,10,10,10,49,2,"",Yes,Yes,Yes,"https://www.checkatrade.com/trades/tjentwistleplumbingandheating",tjentwistleplumbingandheating
"Chittick Plumber","Mr Rory","Plumber","","https://9tuma.app.link/kLTh3RAdIQb?cat_web_device_id=d9ba4d0e-c069-4212-82c9-6f6a35b4f39f&cat_web_session_id=4444f3e1-7a1c-4081-8d7e-3a615af308e8&banner_location=header",9.67,9.71,9.93,10,43,3,"",Yes,No,Yes,"https://www.checkatrade.com/trades/chittickplumber",chittickplumber
"Precision Multi Trade Services","Mr. Paul Marsden","Plumber","","https://9tuma.app.link/kLTh3RAdIQb?cat_web_device_id=d9ba4d0e-c069-4212-82c9-6f6a35b4f39f&cat_web_session_id=4444f3e1-7a1c-4081-8d7e-3a615af308e8&banner_location=header",9.87,9.94,9.87,9.81,102,2,"",Yes,Yes,Yes,"https://www.checkatrade.com/trades/precisionmultitradeservices",precisionmultitradeservices
"Kingston Plumbing & Gas Services","Miss Gillian","Plumber","boiler breakdowns","https://9tuma.app.link/kLTh3RAdIQb?cat_web_device_id=d9ba4d0e-c069-4212-82c9-6f6a35b4f39f&cat_web_session_id=4444f3e1-7a1c-4081-8d7e-3a615af308e8&banner_location=header",9.79,9.64,9.82,9.91,11,1,"",Yes,Yes,Yes,"https://www.checkatrade.com/trades/kingstonplumbinggasservices",kingstonplumbinggasservices
"Gaslite Plumbing and Heating","Mr Michael","Plumber","","https://9tuma.app.link/kLTh3RAdIQb?cat_web_device_id=d9ba4d0e-c069-4212-82c9-6f6a35b4f39f&cat_web_session_id=4444f3e1-7a1c-4081-8d7e-3a615af308e8&banner_location=header",10,10,10,10,61,3,"",Yes,No,Yes,"https://www.checkatrade.com/trades/gasliteplumbingandheating",gasliteplumbingandheating
"Bon Plumbing Services","Mr Ben","Plumber","","https://9tuma.app.link/kLTh3RAdIQb?cat_web_device_id=d9ba4d0e-c069-4212-82c9-6f6a35b4f39f&cat_web_session_id=4444f3e1-7a1c-4081-8d7e-3a615af308e8&banner_location=header",9.98,9.98,9.98,9.98,646,10,"",No,Yes,Yes,"https://www.checkatrade.com/trades/bonplumbing",bonplumbing
"C.H Plumbing And Bathrooms","Clark Hyland","Plumber","","https://9tuma.app.link/kLTh3RAdIQb?cat_web_device_id=d9ba4d0e-c069-4212-82c9-6f6a35b4f39f&cat_web_session_id=4444f3e1-7a1c-4081-8d7e-3a615af308e8&banner_location=header",9.96,10,10,9.88,8,2025,"",No,Yes,Yes,"https://www.checkatrade.com/trades/chplumbingandbathrooms",chplumbingandbathrooms
"Flow Plumbing","Mr Isaac","Plumber","Liverpool and","https://9tuma.app.link/kLTh3RAdIQb?cat_web_device_id=d9ba4d0e-c069-4212-82c9-6f6a35b4f39f&cat_web_session_id=4444f3e1-7a1c-4081-8d7e-3a615af308e8&banner_location=header",10,10,10,10,1,,"",Yes,Yes,Yes,"https://www.checkatrade.com/trades/flowplumbing5938986",flowplumbing5938986
"Chameleon Plumbing And Heating","Mr Craig","Plumber","both domestic","https://9tuma.app.link/kLTh3RAdIQb?cat_web_device_id=d9ba4d0e-c069-4212-82c9-6f6a35b4f39f&cat_web_session_id=4444f3e1-7a1c-4081-8d7e-3a615af308e8&banner_location=header",9.56,9.52,9.58,9.69,592,6,"222618431",Yes,No,Yes,"https://www.checkatrade.com/trades/chameleonplumbingandheating",chameleonplumbingandheating
"Northwest Gas Services","Mr Terence","Plumber","","https://9tuma.app.link/kLTh3RAdIQb?cat_web_device_id=d9ba4d0e-c069-4212-82c9-6f6a35b4f39f&cat_web_session_id=4444f3e1-7a1c-4081-8d7e-3a615af308e8&banner_location=header",9.96,9.98,9.98,9.93,93,3,"",No,Yes,Yes,"https://www.checkatrade.com/trades/northwestgasservices",northwestgasservices
"RT Builders","Ms Rachel","Plumber","Liverpool and","https://9tuma.app.link/kLTh3RAdIQb?cat_web_device_id=d9ba4d0e-c069-4212-82c9-6f6a35b4f39f&cat_web_session_id=4444f3e1-7a1c-4081-8d7e-3a615af308e8&banner_location=header",9.75,9.8,9.6,9.84,25,1,"",Yes,No,Yes,"https://www.checkatrade.com/trades/rtbuilders",rtbuilders
"John Gribbin Heating and Plumbing","Sole Trader","Plumber","","https://9tuma.app.link/kLTh3RAdIQb?cat_web_device_id=d9ba4d0e-c069-4212-82c9-6f6a35b4f39f&cat_web_session_id=4444f3e1-7a1c-4081-8d7e-3a615af308e8&banner_location=header",9.82,9.86,9.79,9.82,71,2,"",Yes,Yes,Yes,"https://www.checkatrade.com/trades/johngribbinheatingandplumbing",johngribbinheatingandplumbing
"John The Man","Mr Ionut","Plumber","","https://9tuma.app.link/kLTh3RAdIQb?cat_web_device_id=d9ba4d0e-c069-4212-82c9-6f6a35b4f39f&cat_web_session_id=4444f3e1-7a1c-4081-8d7e-3a615af308e8&banner_location=header",9.65,9.62,9.68,9.68,283,1,"",No,Yes,Yes,"https://www.checkatrade.com/trades/johntheman",johntheman
"BM Plumbing","Miss Bernadette","Plumber","Liverpool with","https://9tuma.app.link/kLTh3RAdIQb?cat_web_device_id=d9ba4d0e-c069-4212-82c9-6f6a35b4f39f&cat_web_session_id=4444f3e1-7a1c-4081-8d7e-3a615af308e8&banner_location=header",9.87,9.94,9.9,9.94,349,7,"",No,Yes,Yes,"https://www.checkatrade.com/trades/bmplumbingliverpool",bmplumbingliverpool
"Plumb247 Ltd","Mr Usama","Plumber","","https://9tuma.app.link/kLTh3RAdIQb?cat_web_device_id=d9ba4d0e-c069-4212-82c9-6f6a35b4f39f&cat_web_session_id=4444f3e1-7a1c-4081-8d7e-3a615af308e8&banner_location=header",9.85,9.77,9.9,9.88,216,2,"",Yes,Yes,Yes,"https://www.checkatrade.com/trades/plumb247",plumb247
"Owl Heating Plumbing and Gas Services","Mr Simon","Plumber","","https://9tuma.app.link/kLTh3RAdIQb?cat_web_device_id=d9ba4d0e-c069-4212-82c9-6f6a35b4f39f&cat_web_session_id=4444f3e1-7a1c-4081-8d7e-3a615af308e8&banner_location=header",9.91,9.89,9.95,9.89,19,1,"",Yes,Yes,Yes,"https://www.checkatrade.com/trades/owlheatingplumbingandgasservices",owlheatingplumbingandgasservices
"MPN Plumbing","Mr Simon","Plumber","","https://9tuma.app.link/kLTh3RAdIQb?cat_web_device_id=d9ba4d0e-c069-4212-82c9-6f6a35b4f39f&cat_web_session_id=4444f3e1-7a1c-4081-8d7e-3a615af308e8&banner_location=header",9.97,9.95,9.97,9.98,170,1,"",No,Yes,Yes,"https://www.checkatrade.com/trades/mpnplumbing",mpnplumbing
"Aymoz Ltd","Mr Abdulnasir","Plumber","","https://9tuma.app.link/kLTh3RAdIQb?cat_web_device_id=d9ba4d0e-c069-4212-82c9-6f6a35b4f39f&cat_web_session_id=4444f3e1-7a1c-4081-8d7e-3a615af308e8&banner_location=header",9.91,9.89,9.92,9.92,85,2,"",Yes,Yes,Yes,"https://www.checkatrade.com/trades/aymozltd",aymozltd
"Simpson's Plumbing & Heating","Mr David","Plumber","","https://9tuma.app.link/kLTh3RAdIQb?cat_web_device_id=d9ba4d0e-c069-4212-82c9-6f6a35b4f39f&cat_web_session_id=4444f3e1-7a1c-4081-8d7e-3a615af308e8&banner_location=header",9.85,9.89,9.89,9.78,170,9,"",Yes,Yes,Yes,"https://www.checkatrade.com/trades/simpsonsplumbingandheating",simpsonsplumbingandheating
"Jimmy Taps Plumbing Services","Mr James","Plumber","","https://9tuma.app.link/kLTh3RAdIQb?cat_web_device_id=d9ba4d0e-c069-4212-82c9-6f6a35b4f39f&cat_web_session_id=4444f3e1-7a1c-4081-8d7e-3a615af308e8&banner_location=header",10,10,10,10,38,1,"",No,Yes,Yes,"https://www.checkatrade.com/trades/jimmytapsplumbingservices",jimmytapsplumbingservices
"Nenna Plumbing and Heating LTD","Mr Nathan","Plumber","all aspects","https://9tuma.app.link/kLTh3RAdIQb?cat_web_device_id=d9ba4d0e-c069-4212-82c9-6f6a35b4f39f&cat_web_session_id=4444f3e1-7a1c-4081-8d7e-3a615af308e8&banner_location=header",9.79,9.38,10,10,80,2,"",Yes,Yes,Yes,"https://www.checkatrade.com/trades/nennaplumbingandheatingltd",nennaplumbingandheatingltd
"Two Lions 11 Limited","Mr Nikolay","Plumber","","https://9tuma.app.link/kLTh3RAdIQb?cat_web_device_id=d9ba4d0e-c069-4212-82c9-6f6a35b4f39f&cat_web_session_id=4444f3e1-7a1c-4081-8d7e-3a615af308e8&banner_location=header",9.86,9.84,9.88,9.85,330,2,"",Yes,No,Yes,"https://www.checkatrade.com/trades/twolions11514064",twolions11514064
"AJS plumbing services","Mr. Adam Storton","Plumber","","https://9tuma.app.link/kLTh3RAdIQb?cat_web_device_id=d9ba4d0e-c069-4212-82c9-6f6a35b4f39f&cat_web_session_id=4444f3e1-7a1c-4081-8d7e-3a615af308e8&banner_location=header",9.92,9.89,9.96,9.89,135,4,"",No,Yes,Yes,"https://www.checkatrade.com/trades/ajsplumbingservices",ajsplumbingservices
"CD Plumbing & Bathrooms","Mr Callam","Plumber","","https://9tuma.app.link/kLTh3RAdIQb?cat_web_device_id=d9ba4d0e-c069-4212-82c9-6f6a35b4f39f&cat_web_session_id=4444f3e1-7a1c-4081-8d7e-3a615af308e8&banner_location=header",9.95,9.9,10,9.95,52,2,"",Yes,Yes,Yes,"https://www.checkatrade.com/trades/cdplumbingandbathrooms",cdplumbingandbathrooms
"L & W Heating & Plumbing Ltd","Mr Stephen","Plumber","Warrington but","https://9tuma.app.link/kLTh3RAdIQb?cat_web_device_id=d9ba4d0e-c069-4212-82c9-6f6a35b4f39f&cat_web_session_id=4444f3e1-7a1c-4081-8d7e-3a615af308e8&banner_location=header",9.98,9.98,9.98,9.98,666,11,"758248592",Yes,Yes,Yes,"https://www.checkatrade.com/trades/landwheatingandplumbing",landwheatingandplumbing
"National Plumbing and Heating","Mr Ramzi","Plumber","","https://9tuma.app.link/kLTh3RAdIQb?cat_web_device_id=d9ba4d0e-c069-4212-82c9-6f6a35b4f39f&cat_web_session_id=4444f3e1-7a1c-4081-8d7e-3a615af308e8&banner_location=header",10,10,10,10,215,9,"",Yes,Yes,Yes,"https://www.checkatrade.com/trades/nationalplumbingandheating",nationalplumbingandheating
"Jackson Plumbing","Mr Christopher","Plumber","Northwich and","https://9tuma.app.link/kLTh3RAdIQb?cat_web_device_id=d9ba4d0e-c069-4212-82c9-6f6a35b4f39f&cat_web_session_id=4444f3e1-7a1c-4081-8d7e-3a615af308e8&banner_location=header",9.92,9.9,9.88,9.97,94,1,"",Yes,Yes,Yes,"https://www.checkatrade.com/trades/jacksonplumbing",jacksonplumbing
"Mocanasu Plumbing and Heating Service","Mr Mihail","Plumber","Deeside and","https://9tuma.app.link/kLTh3RAdIQb?cat_web_device_id=d9ba4d0e-c069-4212-82c9-6f6a35b4f39f&cat_web_session_id=4444f3e1-7a1c-4081-8d7e-3a615af308e8&banner_location=header",9.98,10,9.97,9.97,66,1,"",Yes,No,Yes,"https://www.checkatrade.com/trades/mocanasuplumbingandheatingservice",mocanasuplumbingandheatingservice
"Leeds Emergency Plumbers","Mr Jordan","Plumber","","https://9tuma.app.link/kLTh3RAdIQb?cat_web_device_id=d9ba4d0e-c069-4212-82c9-6f6a35b4f39f&cat_web_session_id=4444f3e1-7a1c-4081-8d7e-3a615af308e8&banner_location=header",9.8,9.72,9.83,9.86,160,2,"",Yes,No,Yes,"https://www.checkatrade.com/trades/leedsemergencyplumbers",leedsemergencyplumbers
"Same Day Plumber - Leeds","Mr Michael","Plumber","","https://9tuma.app.link/kLTh3RAdIQb?cat_web_device_id=d9ba4d0e-c069-4212-82c9-6f6a35b4f39f&cat_web_session_id=4444f3e1-7a1c-4081-8d7e-3a615af308e8&banner_location=header",9.87,9.91,9.84,9.86,338,6,"",Yes,No,Yes,"https://www.checkatrade.com/trades/samedayplumberleeds",samedayplumberleeds
"Z2 Engineering Ltd","Mr. Matthew Horner","Plumber","Pontefract and","https://9tuma.app.link/kLTh3RAdIQb?cat_web_device_id=d9ba4d0e-c069-4212-82c9-6f6a35b4f39f&cat_web_session_id=4444f3e1-7a1c-4081-8d7e-3a615af308e8&banner_location=header",9.8,9.83,9.79,9.76,685,9,"131576817",Yes,Yes,Yes,"https://www.checkatrade.com/trades/z2engineeringltd",z2engineeringltd
"Regent House Property Maintenance Limited","Ms Lori","Plumber","","https://9tuma.app.link/kLTh3RAdIQb?cat_web_device_id=d9ba4d0e-c069-4212-82c9-6f6a35b4f39f&cat_web_session_id=4444f3e1-7a1c-4081-8d7e-3a615af308e8&banner_location=header",9.77,9.6,9.82,9.87,91,3,"",Yes,Yes,Yes,"https://www.checkatrade.com/trades/regenthousepropertymaintenancelimited",regenthousepropertymaintenancelimited
"D.P.T. plumbing and heating services","Mr Damian","Plumber","","https://9tuma.app.link/kLTh3RAdIQb?cat_web_device_id=d9ba4d0e-c069-4212-82c9-6f6a35b4f39f&cat_web_session_id=4444f3e1-7a1c-4081-8d7e-3a615af308e8&banner_location=header",9.66,9.78,9.75,9.72,314,3,"",Yes,Yes,Yes,"https://www.checkatrade.com/trades/dptplumbingandheatingservices1082713",dptplumbingandheatingservices1082713
"AAL Plumbing & Heating","Mr Ashley","Plumber","anything from","https://9tuma.app.link/kLTh3RAdIQb?cat_web_device_id=d9ba4d0e-c069-4212-82c9-6f6a35b4f39f&cat_web_session_id=4444f3e1-7a1c-4081-8d7e-3a615af308e8&banner_location=header",9.96,9.95,9.97,9.97,226,2,"",Yes,No,Yes,"https://www.checkatrade.com/trades/aalplumbingandheating",aalplumbingandheating
"CES Plumbing & Heating","Mr Simon","Plumber","","https://9tuma.app.link/kLTh3RAdIQb?cat_web_device_id=d9ba4d0e-c069-4212-82c9-6f6a35b4f39f&cat_web_session_id=4444f3e1-7a1c-4081-8d7e-3a615af308e8&banner_location=header",9.66,9.68,9.64,9.66,255,1,"",Yes,No,Yes,"https://www.checkatrade.com/trades/cesplumbingandheating",cesplumbingandheating
"SKH Plumbing","Mr Harry","Plumber","all of","https://9tuma.app.link/kLTh3RAdIQb?cat_web_device_id=d9ba4d0e-c069-4212-82c9-6f6a35b4f39f&cat_web_session_id=4444f3e1-7a1c-4081-8d7e-3a615af308e8&banner_location=header",9.91,9.94,9.91,9.89,131,2,"",Yes,Yes,Yes,"https://www.checkatrade.com/trades/skhplumbing",skhplumbing
"Pure Plumbing Pros","Mr Anis","Plumber","","https://9tuma.app.link/kLTh3RAdIQb?cat_web_device_id=d9ba4d0e-c069-4212-82c9-6f6a35b4f39f&cat_web_session_id=4444f3e1-7a1c-4081-8d7e-3a615af308e8&banner_location=header",9.79,9.8,9.77,9.8,175,2,"",Yes,No,Yes,"https://www.checkatrade.com/trades/pureplumbingpros",pureplumbingpros
"Plumbcare Yorkshire Limited","Mr Christopher","Plumber","Wakefield","https://9tuma.app.link/kLTh3RAdIQb?cat_web_device_id=d9ba4d0e-c069-4212-82c9-6f6a35b4f39f&cat_web_session_id=4444f3e1-7a1c-4081-8d7e-3a615af308e8&banner_location=header",9.07,9.19,9.07,9.01,150,1,"",Yes,Yes,Yes,"https://www.checkatrade.com/trades/plumbcareyorkshirelimited",plumbcareyorkshirelimited
"Butler Plumbing Solutions","Mr Jordan","Plumber","","https://9tuma.app.link/kLTh3RAdIQb?cat_web_device_id=d9ba4d0e-c069-4212-82c9-6f6a35b4f39f&cat_web_session_id=4444f3e1-7a1c-4081-8d7e-3a615af308e8&banner_location=header",9.85,9.84,9.87,9.85,249,3,"",Yes,No,Yes,"https://www.checkatrade.com/trades/butlerplumbingsolutions",butlerplumbingsolutions
"L J B Plumbing & Heating Ltd","Mr Lewis","Plumber","Leeds","https://9tuma.app.link/kLTh3RAdIQb?cat_web_device_id=d9ba4d0e-c069-4212-82c9-6f6a35b4f39f&cat_web_session_id=4444f3e1-7a1c-4081-8d7e-3a615af308e8&banner_location=header",9.98,10,9.97,9.97,198,4,"",Yes,Yes,Yes,"https://www.checkatrade.com/trades/ljbplumbingheatingltd",ljbplumbingheatingltd
"GS Plumbing and Heating","Mr Gary","Plumber","","https://9tuma.app.link/kLTh3RAdIQb?cat_web_device_id=d9ba4d0e-c069-4212-82c9-6f6a35b4f39f&cat_web_session_id=4444f3e1-7a1c-4081-8d7e-3a615af308e8&banner_location=header",9.98,9.98,9.96,9.99,301,3,"",Yes,No,Yes,"https://www.checkatrade.com/trades/gsplumbingandheating1087414",gsplumbingandheating1087414
"El Salvador’s","Mr Alex","Plumber","","https://9tuma.app.link/kLTh3RAdIQb?cat_web_device_id=d9ba4d0e-c069-4212-82c9-6f6a35b4f39f&cat_web_session_id=4444f3e1-7a1c-4081-8d7e-3a615af308e8&banner_location=header",9.65,9.64,9.64,9.67,36,1,"",No,No,Yes,"https://www.checkatrade.com/trades/elsalvadors",elsalvadors
"ECO Heat","Mr Stephen","Plumber","","https://9tuma.app.link/kLTh3RAdIQb?cat_web_device_id=d9ba4d0e-c069-4212-82c9-6f6a35b4f39f&cat_web_session_id=4444f3e1-7a1c-4081-8d7e-3a615af308e8&banner_location=header",9.85,9.97,9.84,9.74,73,2,"",Yes,Yes,Yes,"https://www.checkatrade.com/trades/ecoheat1103074",ecoheat1103074
"LS1 PLUMBING LTD","Mr Justin","Plumber","","https://9tuma.app.link/kLTh3RAdIQb?cat_web_device_id=d9ba4d0e-c069-4212-82c9-6f6a35b4f39f&cat_web_session_id=4444f3e1-7a1c-4081-8d7e-3a615af308e8&banner_location=header",10,10,10,10,6,1,"507465193",Yes,No,Yes,"https://www.checkatrade.com/trades/ls1plumbingltd",ls1plumbingltd
"PROTHERM HEATING SOLUTIONS LTD","Mr Alexandros","Plumber","","https://9tuma.app.link/kLTh3RAdIQb?cat_web_device_id=d9ba4d0e-c069-4212-82c9-6f6a35b4f39f&cat_web_session_id=4444f3e1-7a1c-4081-8d7e-3a615af308e8&banner_location=header",9.94,10,9.94,9.88,55,2,"",Yes,Yes,Yes,"https://www.checkatrade.com/trades/prothermheatingsolutionsltd",prothermheatingsolutionsltd
"GM Heating Ltd","Mr Gianne","Plumber","","https://9tuma.app.link/kLTh3RAdIQb?cat_web_device_id=d9ba4d0e-c069-4212-82c9-6f6a35b4f39f&cat_web_session_id=4444f3e1-7a1c-4081-8d7e-3a615af308e8&banner_location=header",9.88,9.9,9.9,9.85,85,2,"",Yes,Yes,Yes,"https://www.checkatrade.com/trades/gmheatingltd",gmheatingltd
"Jams Facility Services Ltd","Mr Modou","Plumber","Skirting","https://9tuma.app.link/kLTh3RAdIQb?cat_web_device_id=d9ba4d0e-c069-4212-82c9-6f6a35b4f39f&cat_web_session_id=4444f3e1-7a1c-4081-8d7e-3a615af308e8&banner_location=header",9.03,,,,40,,"",Yes,No,Yes,"https://www.checkatrade.com/trades/jamsfacilityservicesltd",jamsfacilityservicesltd
"STRATHCLYDE GAS SERVICES LTD","Mr Gordon","Plumber","London and","https://9tuma.app.link/kLTh3RAdIQb?cat_web_device_id=d9ba4d0e-c069-4212-82c9-6f6a35b4f39f&cat_web_session_id=4444f3e1-7a1c-4081-8d7e-3a615af308e8&banner_location=header",,,,,,,"",Yes,No,Yes,"https://www.checkatrade.com/trades/strathclydegasservicesltd",strathclydegasservicesltd
"D.P. Plumbing and Joinery","Mr Darren","Plumber","","https://9tuma.app.link/kLTh3RAdIQb?cat_web_device_id=d9ba4d0e-c069-4212-82c9-6f6a35b4f39f&cat_web_session_id=4444f3e1-7a1c-4081-8d7e-3a615af308e8&banner_location=header",10,10,10,10,51,2,"",No,No,Yes,"https://www.checkatrade.com/trades/dpplumbingandjoinery1105549",dpplumbingandjoinery1105549
"Aqua Staffs Ltd","Mr. Tommy Bailey","Plumber","","https://9tuma.app.link/kLTh3RAdIQb?cat_web_device_id=d9ba4d0e-c069-4212-82c9-6f6a35b4f39f&cat_web_session_id=4444f3e1-7a1c-4081-8d7e-3a615af308e8&banner_location=header",9.95,9.96,9.96,9.96,106,5,"",Yes,Yes,Yes,"https://www.checkatrade.com/trades/aquastaffsplumbingheating",aquastaffsplumbingheating
"United Plumbing","Mr Laimonas","Plumber","","https://9tuma.app.link/kLTh3RAdIQb?cat_web_device_id=d9ba4d0e-c069-4212-82c9-6f6a35b4f39f&cat_web_session_id=4444f3e1-7a1c-4081-8d7e-3a615af308e8&banner_location=header",9.7,9.79,9.6,9.7,44,1,"",Yes,Yes,Yes,"https://www.checkatrade.com/trades/unitedplumbing",unitedplumbing
"Yorkshire Green Heating Ltd","Mr. Adam Smith","Plumber","Doncaster","https://9tuma.app.link/kLTh3RAdIQb?cat_web_device_id=d9ba4d0e-c069-4212-82c9-6f6a35b4f39f&cat_web_session_id=4444f3e1-7a1c-4081-8d7e-3a615af308e8&banner_location=header",9.07,,,,150,3,"",Yes,Yes,Yes,"https://www.checkatrade.com/trades/yorkshiregreenheating",yorkshiregreenheating
"DTS Plumbing & Heating Services Ltd","Mr Dale","Plumber","","https://9tuma.app.link/kLTh3RAdIQb?cat_web_device_id=d9ba4d0e-c069-4212-82c9-6f6a35b4f39f&cat_web_session_id=4444f3e1-7a1c-4081-8d7e-3a615af308e8&banner_location=header",9.71,9.78,9.77,9.71,1478,11,"267859539",Yes,No,Yes,"https://www.checkatrade.com/trades/dtsplumbingandheatingservices",dtsplumbingandheatingservices
"Gintaras Bukontas","Mr Gintaras","Plumber","Barnsley","https://9tuma.app.link/kLTh3RAdIQb?cat_web_device_id=d9ba4d0e-c069-4212-82c9-6f6a35b4f39f&cat_web_session_id=4444f3e1-7a1c-4081-8d7e-3a615af308e8&banner_location=header",9.79,9.77,9.8,9.8,30,1,"",No,No,Yes,"https://www.checkatrade.com/trades/gintarasbukontas",gintarasbukontas
"Simba Brandon Plumbing","Mr Masimbaashe","Plumber","Sheffield and","https://9tuma.app.link/kLTh3RAdIQb?cat_web_device_id=d9ba4d0e-c069-4212-82c9-6f6a35b4f39f&cat_web_session_id=4444f3e1-7a1c-4081-8d7e-3a615af308e8&banner_location=header",9.54,9.51,9.69,9.41,39,1,"",Yes,No,Yes,"https://www.checkatrade.com/trades/simbabrandonplumbing",simbabrandonplumbing
"P D Property Maintenance and Renovation","Mr Piotr","Plumber","","https://9tuma.app.link/kLTh3RAdIQb?cat_web_device_id=d9ba4d0e-c069-4212-82c9-6f6a35b4f39f&cat_web_session_id=4444f3e1-7a1c-4081-8d7e-3a615af308e8&banner_location=header",9.85,9.84,9.82,9.89,338,4,"",Yes,Yes,Yes,"https://www.checkatrade.com/trades/pdpropertymaintenanceandrenovation266987",pdpropertymaintenanceandrenovation266987
"PDP (Pipe Dream Plumbing)","Mr Marc","Plumber","Doncaster and","https://9tuma.app.link/kLTh3RAdIQb?cat_web_device_id=d9ba4d0e-c069-4212-82c9-6f6a35b4f39f&cat_web_session_id=4444f3e1-7a1c-4081-8d7e-3a615af308e8&banner_location=header",10,10,10,10,9,1,"",Yes,Yes,Yes,"https://www.checkatrade.com/trades/pdppipedreamplumbing",pdppipedreamplumbing
"Paling Plumbing and Heating Ltd","Mr Philip","Plumber","","https://9tuma.app.link/kLTh3RAdIQb?cat_web_device_id=d9ba4d0e-c069-4212-82c9-6f6a35b4f39f&cat_web_session_id=4444f3e1-7a1c-4081-8d7e-3a615af308e8&banner_location=header",9.98,9.95,10,10,188,10,"816620441",Yes,Yes,Yes,"https://www.checkatrade.com/trades/palingplumbingandheatingltd",palingplumbingandheatingltd
"247 Plumber","","Plumber","the High","https://9tuma.app.link/kLTh3RAdIQb?cat_web_device_id=d9ba4d0e-c069-4212-82c9-6f6a35b4f39f&cat_web_session_id=4444f3e1-7a1c-4081-8d7e-3a615af308e8&banner_location=header",9.87,9.92,9.85,9.85,85,6,"",No,Yes,Yes,"https://www.checkatrade.com/trades/247plumber",247plumber
"JB & Son Plumbing & Heating Services","Mr John","Plumber","","https://9tuma.app.link/kLTh3RAdIQb?cat_web_device_id=d9ba4d0e-c069-4212-82c9-6f6a35b4f39f&cat_web_session_id=4444f3e1-7a1c-4081-8d7e-3a615af308e8&banner_location=header",9.22,9.31,9.36,9,290,8,"462029018",Yes,Yes,Yes,"https://www.checkatrade.com/trades/jbandsonplumbingandheatingser",jbandsonplumbingandheatingser
"Toilets, Taps & Sinks Ltd","Mr Martin","Plumber","","https://9tuma.app.link/kLTh3RAdIQb?cat_web_device_id=d9ba4d0e-c069-4212-82c9-6f6a35b4f39f&cat_web_session_id=4444f3e1-7a1c-4081-8d7e-3a615af308e8&banner_location=header",9.94,9.92,9.95,9.95,309,7,"342488586",Yes,Yes,Yes,"https://www.checkatrade.com/trades/toilets",toilets
"Margas Heating and Plumbing Ltd","Mr Martin","Plumber","","https://9tuma.app.link/kLTh3RAdIQb?cat_web_device_id=d9ba4d0e-c069-4212-82c9-6f6a35b4f39f&cat_web_session_id=4444f3e1-7a1c-4081-8d7e-3a615af308e8&banner_location=header",9.85,9.82,9.82,9.91,218,10,"",Yes,Yes,Yes,"https://www.checkatrade.com/trades/margasheatingandplumbing",margasheatingandplumbing
"Highfield Plumbing and Heating","Mr Craig","Plumber","Mansfield and","https://9tuma.app.link/kLTh3RAdIQb?cat_web_device_id=d9ba4d0e-c069-4212-82c9-6f6a35b4f39f&cat_web_session_id=4444f3e1-7a1c-4081-8d7e-3a615af308e8&banner_location=header",9.76,9.76,9.74,9.8,458,3,"439994134",Yes,Yes,Yes,"https://www.checkatrade.com/trades/highfieldheatingandgas",highfieldheatingandgas
"Alpha Plumbing","Mr. David White","Plumber","","https://9tuma.app.link/kLTh3RAdIQb?cat_web_device_id=d9ba4d0e-c069-4212-82c9-6f6a35b4f39f&cat_web_session_id=4444f3e1-7a1c-4081-8d7e-3a615af308e8&banner_location=header",10,10,10,10,68,5,"",Yes,No,Yes,"https://www.checkatrade.com/trades/alphaplumbing1022809",alphaplumbing1022809
"Rsm Plumbing And Heating Ltd","Mr. Robert Marsden","Plumber","","https://9tuma.app.link/kLTh3RAdIQb?cat_web_device_id=d9ba4d0e-c069-4212-82c9-6f6a35b4f39f&cat_web_session_id=4444f3e1-7a1c-4081-8d7e-3a615af308e8&banner_location=header",9.59,9.72,9.5,9.56,76,4,"",Yes,No,Yes,"https://www.checkatrade.com/trades/rsmplumbingandheating",rsmplumbingandheating
"BA Bathrooms And Plumbing","Mr Blake","Plumber","Chesterfield and","https://9tuma.app.link/kLTh3RAdIQb?cat_web_device_id=d9ba4d0e-c069-4212-82c9-6f6a35b4f39f&cat_web_session_id=4444f3e1-7a1c-4081-8d7e-3a615af308e8&banner_location=header",9.89,9.83,10,9.83,6,,"",Yes,No,Yes,"https://www.checkatrade.com/trades/babathroomsandplumbing",babathroomsandplumbing
"Love Your Boiler Ltd","Mr Lee","Plumber","","https://9tuma.app.link/kLTh3RAdIQb?cat_web_device_id=d9ba4d0e-c069-4212-82c9-6f6a35b4f39f&cat_web_session_id=4444f3e1-7a1c-4081-8d7e-3a615af308e8&banner_location=header",9.98,10,10,9.94,251,9,"241326734",Yes,No,Yes,"https://www.checkatrade.com/trades/loveyourboilerltd",loveyourboilerltd
"FLEXXYB PLUMBING LTD","Mr Fela","Plumber","Rotherham and","https://9tuma.app.link/kLTh3RAdIQb?cat_web_device_id=d9ba4d0e-c069-4212-82c9-6f6a35b4f39f&cat_web_session_id=4444f3e1-7a1c-4081-8d7e-3a615af308e8&banner_location=header",9.7,,,,44,1,"",Yes,Yes,Yes,"https://www.checkatrade.com/trades/flexxybplumbingltd",flexxybplumbingltd
"Precise Drainage Solutions Ltd","Mr Charlie","Plumber","","https://9tuma.app.link/kLTh3RAdIQb?cat_web_device_id=d9ba4d0e-c069-4212-82c9-6f6a35b4f39f&cat_web_session_id=4444f3e1-7a1c-4081-8d7e-3a615af308e8&banner_location=header",9.48,9.67,9.33,9.44,71,3,"",Yes,Yes,Yes,"https://www.checkatrade.com/trades/precisedrainagesolutionsltd",precisedrainagesolutionsltd
"Gold Standard","Mr Ethan","Plumber","","https://9tuma.app.link/kLTh3RAdIQb?cat_web_device_id=d9ba4d0e-c069-4212-82c9-6f6a35b4f39f&cat_web_session_id=4444f3e1-7a1c-4081-8d7e-3a615af308e8&banner_location=header",9.76,9.76,9.71,9.82,17,1,"",Yes,Yes,Yes,"https://www.checkatrade.com/trades/goldstandard",goldstandard
"Nicola & Danny H2o","Mr. Danny Johnson","Plumber","","https://9tuma.app.link/kLTh3RAdIQb?cat_web_device_id=d9ba4d0e-c069-4212-82c9-6f6a35b4f39f&cat_web_session_id=4444f3e1-7a1c-4081-8d7e-3a615af308e8&banner_location=header",9.87,9.97,9.92,9.95,153,5,"",Yes,Yes,Yes,"https://www.checkatrade.com/trades/nicoladannyh2o",nicoladannyh2o
"Direct Plumbing","Mr John","Plumber","","https://9tuma.app.link/kLTh3RAdIQb?cat_web_device_id=d9ba4d0e-c069-4212-82c9-6f6a35b4f39f&cat_web_session_id=4444f3e1-7a1c-4081-8d7e-3a615af308e8&banner_location=header",9.43,9.51,9.28,9.57,105,3,"",Yes,Yes,Yes,"https://www.checkatrade.com/trades/directplumbing",directplumbing
"Work Solutions Electrical Ltd","Mr Matthew","Plumber","","https://9tuma.app.link/kLTh3RAdIQb?cat_web_device_id=d9ba4d0e-c069-4212-82c9-6f6a35b4f39f&cat_web_session_id=4444f3e1-7a1c-4081-8d7e-3a615af308e8&banner_location=header",9.42,9.51,9.49,9.44,182,7,"325349796",Yes,Yes,Yes,"https://www.checkatrade.com/trades/worksolutionselectricalltd",worksolutionselectricalltd
"Same Day Plumbing & Electrics","Miss Katie","Plumber","","https://9tuma.app.link/kLTh3RAdIQb?cat_web_device_id=d9ba4d0e-c069-4212-82c9-6f6a35b4f39f&cat_web_session_id=4444f3e1-7a1c-4081-8d7e-3a615af308e8&banner_location=header",9.12,9.27,9.17,9.09,632,4,"",Yes,Yes,Yes,"https://www.checkatrade.com/trades/firstcallheatingandplumbingsolutionsltd",firstcallheatingandplumbingsolutionsltd
"MTZ Building Services","Mr Mathew","Plumber","","https://9tuma.app.link/kLTh3RAdIQb?cat_web_device_id=d9ba4d0e-c069-4212-82c9-6f6a35b4f39f&cat_web_session_id=4444f3e1-7a1c-4081-8d7e-3a615af308e8&banner_location=header",9.33,9.47,9.3,9.44,98,3,"",No,Yes,Yes,"https://www.checkatrade.com/trades/mtzbuildingservices",mtzbuildingservices
"SK Plumbing","Mr Richard","Plumber","","https://9tuma.app.link/kLTh3RAdIQb?cat_web_device_id=d9ba4d0e-c069-4212-82c9-6f6a35b4f39f&cat_web_session_id=4444f3e1-7a1c-4081-8d7e-3a615af308e8&banner_location=header",10,10,10,10,25,2,"",Yes,Yes,Yes,"https://www.checkatrade.com/trades/skplumbing1103334",skplumbing1103334
"Clive Adams","Mr Clive","Plumber","","https://9tuma.app.link/kLTh3RAdIQb?cat_web_device_id=d9ba4d0e-c069-4212-82c9-6f6a35b4f39f&cat_web_session_id=4444f3e1-7a1c-4081-8d7e-3a615af308e8&banner_location=header",9.96,9.94,10,9.94,121,7,"",Yes,Yes,Yes,"https://www.checkatrade.com/trades/cliveadams",cliveadams
"WESSEX HEATING LIMITED","Mrs Laura","Plumber","","https://9tuma.app.link/kLTh3RAdIQb?cat_web_device_id=d9ba4d0e-c069-4212-82c9-6f6a35b4f39f&cat_web_session_id=4444f3e1-7a1c-4081-8d7e-3a615af308e8&banner_location=header",9.45,9.86,9.86,10,31,2,"234876579",Yes,No,Yes,"https://www.checkatrade.com/trades/wessexheatinglimited",wessexheatinglimited
"OB Plumbing and Heating Services Ltd","Mr Scott","Plumber","the Vale","https://9tuma.app.link/kLTh3RAdIQb?cat_web_device_id=d9ba4d0e-c069-4212-82c9-6f6a35b4f39f&cat_web_session_id=4444f3e1-7a1c-4081-8d7e-3a615af308e8&banner_location=header",10,10,10,10,10,,"460003742",Yes,Yes,Yes,"https://www.checkatrade.com/trades/obplumbingandheatingservicesltd5937731",obplumbingandheatingservicesltd5937731
"A D F Plumbing and Heating","Mr. Antony Ford","Plumber","","https://9tuma.app.link/kLTh3RAdIQb?cat_web_device_id=d9ba4d0e-c069-4212-82c9-6f6a35b4f39f&cat_web_session_id=4444f3e1-7a1c-4081-8d7e-3a615af308e8&banner_location=header",9.95,9.96,9.96,9.93,41,2,"",Yes,Yes,Yes,"https://www.checkatrade.com/trades/adfplumbingandheating",adfplumbingandheating
"Kelson Plumbing","Mr Jon","Plumber","Bath","https://9tuma.app.link/kLTh3RAdIQb?cat_web_device_id=d9ba4d0e-c069-4212-82c9-6f6a35b4f39f&cat_web_session_id=4444f3e1-7a1c-4081-8d7e-3a615af308e8&banner_location=header",9.92,9.92,9.96,9.88,48,2,"",Yes,Yes,Yes,"https://www.checkatrade.com/trades/kelsonpropertymaintenance",kelsonpropertymaintenance
"HQ Plumbing","Mr Aleksei","Plumber","","https://9tuma.app.link/kLTh3RAdIQb?cat_web_device_id=d9ba4d0e-c069-4212-82c9-6f6a35b4f39f&cat_web_session_id=4444f3e1-7a1c-4081-8d7e-3a615af308e8&banner_location=header",9.87,9.85,9.91,9.85,171,3,"",Yes,Yes,Yes,"https://www.checkatrade.com/trades/hqplumbing",hqplumbing
"Ground Up Property Solutions","Mr James","Plumber","","https://9tuma.app.link/kLTh3RAdIQb?cat_web_device_id=d9ba4d0e-c069-4212-82c9-6f6a35b4f39f&cat_web_session_id=4444f3e1-7a1c-4081-8d7e-3a615af308e8&banner_location=header",10,10,10,10,62,8,"299967894",Yes,Yes,Yes,"https://www.checkatrade.com/trades/grounduppropertysolutions",grounduppropertysolutions
"XTB Plumbing","Mr Trifon","Plumber","","https://9tuma.app.link/kLTh3RAdIQb?cat_web_device_id=d9ba4d0e-c069-4212-82c9-6f6a35b4f39f&cat_web_session_id=4444f3e1-7a1c-4081-8d7e-3a615af308e8&banner_location=header",9.91,9.92,9.98,9.84,108,2,"",Yes,Yes,Yes,"https://www.checkatrade.com/trades/xtbplumbing",xtbplumbing
"Vixen Plumbing","Ms Victoria","Plumber","Kingswood","https://9tuma.app.link/kLTh3RAdIQb?cat_web_device_id=d9ba4d0e-c069-4212-82c9-6f6a35b4f39f&cat_web_session_id=4444f3e1-7a1c-4081-8d7e-3a615af308e8&banner_location=header",9.5,9,10,9.5,245,8,"",Yes,Yes,Yes,"https://www.checkatrade.com/trades/vixenplumbing",vixenplumbing
"Afrim Plumbing Services","Mr Afrim","Plumber","Yate Bristol","https://9tuma.app.link/kLTh3RAdIQb?cat_web_device_id=d9ba4d0e-c069-4212-82c9-6f6a35b4f39f&cat_web_session_id=4444f3e1-7a1c-4081-8d7e-3a615af308e8&banner_location=header",9.88,9.84,9.93,9.87,45,1,"",Yes,Yes,Yes,"https://www.checkatrade.com/trades/afrimplumbingservices",afrimplumbingservices
"DBW Technical Services","Mr David","Plumber","","https://9tuma.app.link/kLTh3RAdIQb?cat_web_device_id=d9ba4d0e-c069-4212-82c9-6f6a35b4f39f&cat_web_session_id=4444f3e1-7a1c-4081-8d7e-3a615af308e8&banner_location=header",9.59,9.69,9.69,9.66,124,4,"",Yes,Yes,Yes,"https://www.checkatrade.com/trades/dbwtechnicalservices",dbwtechnicalservices
"Paul & Co Plumbing and Heating","Mr. Pawel Kopania","Plumber","Bristol Area","https://9tuma.app.link/kLTh3RAdIQb?cat_web_device_id=d9ba4d0e-c069-4212-82c9-6f6a35b4f39f&cat_web_session_id=4444f3e1-7a1c-4081-8d7e-3a615af308e8&banner_location=header",9.93,9.94,9.92,9.93,289,5,"",Yes,Yes,Yes,"https://www.checkatrade.com/trades/paulandcoplumbingandheating",paulandcoplumbingandheating
"DSG Plumbing & heating","Mr Daniel","Plumber","","https://9tuma.app.link/kLTh3RAdIQb?cat_web_device_id=d9ba4d0e-c069-4212-82c9-6f6a35b4f39f&cat_web_session_id=4444f3e1-7a1c-4081-8d7e-3a615af308e8&banner_location=header",9.9,10,9.83,9.87,30,2025,"",No,Yes,Yes,"https://www.checkatrade.com/trades/dsgplumbingheating",dsgplumbingheating
"Buzz Plumbing","Mr Marc","Plumber","","https://9tuma.app.link/kLTh3RAdIQb?cat_web_device_id=d9ba4d0e-c069-4212-82c9-6f6a35b4f39f&cat_web_session_id=4444f3e1-7a1c-4081-8d7e-3a615af308e8&banner_location=header",10,10,10,10,40,4,"",Yes,No,Yes,"https://www.checkatrade.com/trades/buzzplumbing1069779",buzzplumbing1069779
"Oakhill Plumbing","Mr Paul","Plumber","Bristol and","https://9tuma.app.link/kLTh3RAdIQb?cat_web_device_id=d9ba4d0e-c069-4212-82c9-6f6a35b4f39f&cat_web_session_id=4444f3e1-7a1c-4081-8d7e-3a615af308e8&banner_location=header",9.48,,,,71,1,"166925180",Yes,Yes,Yes,"https://www.checkatrade.com/trades/oakhillplumbing",oakhillplumbing
"Plumbing Bend - Heating Services Ltd","Mr Igor","Plumber","Gloucestershire areas","https://9tuma.app.link/kLTh3RAdIQb?cat_web_device_id=d9ba4d0e-c069-4212-82c9-6f6a35b4f39f&cat_web_session_id=4444f3e1-7a1c-4081-8d7e-3a615af308e8&banner_location=header",9.87,9.74,9.91,9.96,42,2,"",Yes,Yes,Yes,"https://www.checkatrade.com/trades/plumbingbendheatingservices",plumbingbendheatingservices
"Ada Lena Heating Ltd","Mr. David Greenwood","Plumber","","https://9tuma.app.link/kLTh3RAdIQb?cat_web_device_id=d9ba4d0e-c069-4212-82c9-6f6a35b4f39f&cat_web_session_id=4444f3e1-7a1c-4081-8d7e-3a615af308e8&banner_location=header",9.64,9.73,9.55,9.64,37,3,"",Yes,No,Yes,"https://www.checkatrade.com/trades/adalenaheatingltd",adalenaheatingltd
"SLF Plumbing Services","Mr Sean","Plumber","","https://9tuma.app.link/kLTh3RAdIQb?cat_web_device_id=d9ba4d0e-c069-4212-82c9-6f6a35b4f39f&cat_web_session_id=4444f3e1-7a1c-4081-8d7e-3a615af308e8&banner_location=header",9.7,9.68,9.82,9.59,159,7,"",Yes,Yes,Yes,"https://www.checkatrade.com/trades/slfbuildingandplumbingservices",slfbuildingandplumbingservices
"Gordon’s Property Limited","","Plumber","","https://9tuma.app.link/kLTh3RAdIQb?cat_web_device_id=d9ba4d0e-c069-4212-82c9-6f6a35b4f39f&cat_web_session_id=4444f3e1-7a1c-4081-8d7e-3a615af308e8&banner_location=header",10,10,10,10,3,1,"",Yes,Yes,Yes,"https://www.checkatrade.com/trades/gordonspropertylimited",gordonspropertylimited
"Mi plumbing & maintenance services","Mr Shaun","Plumber","Bristol and","https://9tuma.app.link/kLTh3RAdIQb?cat_web_device_id=d9ba4d0e-c069-4212-82c9-6f6a35b4f39f&cat_web_session_id=4444f3e1-7a1c-4081-8d7e-3a615af308e8&banner_location=header",9.48,,,,71,1,"",Yes,No,Yes,"https://www.checkatrade.com/trades/miplumbingmaintenanceservices",miplumbingmaintenanceservices
"Taps-On Plumbing & Heating","Mr Devon","Plumber","","https://9tuma.app.link/kLTh3RAdIQb?cat_web_device_id=d9ba4d0e-c069-4212-82c9-6f6a35b4f39f&cat_web_session_id=4444f3e1-7a1c-4081-8d7e-3a615af308e8&banner_location=header",10,10,10,10,115,10,"282313517",Yes,Yes,Yes,"https://www.checkatrade.com/trades/tapsonplumbingandheating",tapsonplumbingandheating
"SP Plumbing","Mr Jason","Plumber","","https://9tuma.app.link/kLTh3RAdIQb?cat_web_device_id=d9ba4d0e-c069-4212-82c9-6f6a35b4f39f&cat_web_session_id=4444f3e1-7a1c-4081-8d7e-3a615af308e8&banner_location=header",9.67,9.5,9.6,9.9,48,4,"",Yes,No,Yes,"https://www.checkatrade.com/trades/spplumbing1064354",spplumbing1064354
"North East Property Maintenance and Building Ltd","Mr Gary","Plumber","Westerhope Newcastle","https://9tuma.app.link/kLTh3RAdIQb?cat_web_device_id=d9ba4d0e-c069-4212-82c9-6f6a35b4f39f&cat_web_session_id=4444f3e1-7a1c-4081-8d7e-3a615af308e8&banner_location=header",9.66,9.72,9.65,9.61,82,1,"",Yes,No,Yes,"https://www.checkatrade.com/trades/northeastpropertymaintenanceandbuildingltd",northeastpropertymaintenanceandbuildingltd
"Youngers Plumbing Services","Mr. Stephen Younger","Plumber","","https://9tuma.app.link/kLTh3RAdIQb?cat_web_device_id=d9ba4d0e-c069-4212-82c9-6f6a35b4f39f&cat_web_session_id=4444f3e1-7a1c-4081-8d7e-3a615af308e8&banner_location=header",9.83,9.9,9.86,9.95,139,5,"",Yes,Yes,Yes,"https://www.checkatrade.com/trades/youngersplumbingservices",youngersplumbingservices
"Happy Tech","Mr Mutlu","Plumber","Newcastle","https://9tuma.app.link/kLTh3RAdIQb?cat_web_device_id=d9ba4d0e-c069-4212-82c9-6f6a35b4f39f&cat_web_session_id=4444f3e1-7a1c-4081-8d7e-3a615af308e8&banner_location=header",9.93,9.96,9.96,9.85,27,1,"",Yes,Yes,Yes,"https://www.checkatrade.com/trades/happytech1139286",happytech1139286
"The Leak Doctor NE","Mr Lewis","Plumber","the Northeast","https://9tuma.app.link/kLTh3RAdIQb?cat_web_device_id=d9ba4d0e-c069-4212-82c9-6f6a35b4f39f&cat_web_session_id=4444f3e1-7a1c-4081-8d7e-3a615af308e8&banner_location=header",9.69,9.82,9.69,9.82,64,1,"",Yes,Yes,Yes,"https://www.checkatrade.com/trades/theleakdoctorne",theleakdoctorne
"Dan the Plumber","Mr Dan","Plumber","Gateshead and","https://9tuma.app.link/kLTh3RAdIQb?cat_web_device_id=d9ba4d0e-c069-4212-82c9-6f6a35b4f39f&cat_web_session_id=4444f3e1-7a1c-4081-8d7e-3a615af308e8&banner_location=header",9.99,10,9.98,10,43,1,"",Yes,Yes,Yes,"https://www.checkatrade.com/trades/dantheplumber",dantheplumber
"JK Plumbing & Tiling","Mr Joe","Plumber","","https://9tuma.app.link/kLTh3RAdIQb?cat_web_device_id=d9ba4d0e-c069-4212-82c9-6f6a35b4f39f&cat_web_session_id=4444f3e1-7a1c-4081-8d7e-3a615af308e8&banner_location=header",9.96,9.92,9.97,10,360,7,"",Yes,Yes,Yes,"https://www.checkatrade.com/trades/jkplumbingandtiling",jkplumbingandtiling
"Greenhome Heating Ltd","Mr Mark","Plumber","","https://9tuma.app.link/kLTh3RAdIQb?cat_web_device_id=d9ba4d0e-c069-4212-82c9-6f6a35b4f39f&cat_web_session_id=4444f3e1-7a1c-4081-8d7e-3a615af308e8&banner_location=header",9.97,9.96,9.99,9.97,987,12,"192292591",Yes,Yes,Yes,"https://www.checkatrade.com/trades/greenhomeheatingltd",greenhomeheatingltd
"Pritchards Plumbing & Heating","Mr Liam","Plumber","","https://9tuma.app.link/kLTh3RAdIQb?cat_web_device_id=d9ba4d0e-c069-4212-82c9-6f6a35b4f39f&cat_web_session_id=4444f3e1-7a1c-4081-8d7e-3a615af308e8&banner_location=header",10,10,10,10,94,3,"",Yes,Yes,Yes,"https://www.checkatrade.com/trades/pritchardsplumbingandheating",pritchardsplumbingandheating
"Northumbria Water and Gas Limited","Mr Phillip","Plumber","","https://9tuma.app.link/kLTh3RAdIQb?cat_web_device_id=d9ba4d0e-c069-4212-82c9-6f6a35b4f39f&cat_web_session_id=4444f3e1-7a1c-4081-8d7e-3a615af308e8&banner_location=header",9.96,9.94,10,9.94,103,4,"",Yes,Yes,Yes,"https://www.checkatrade.com/trades/northumbriawaterandgas",northumbriawaterandgas
"Area Maintenance Ltd","Miss Maria","Plumber","","https://9tuma.app.link/kLTh3RAdIQb?cat_web_device_id=d9ba4d0e-c069-4212-82c9-6f6a35b4f39f&cat_web_session_id=4444f3e1-7a1c-4081-8d7e-3a615af308e8&banner_location=header",9.99,9.96,10,10,468,10,"126544714",Yes,Yes,Yes,"https://www.checkatrade.com/trades/areamaintenanceltd",areamaintenanceltd
"N McGregor Property Services Ltd","Kate Glendinning","Plumber","","https://9tuma.app.link/kLTh3RAdIQb?cat_web_device_id=d9ba4d0e-c069-4212-82c9-6f6a35b4f39f&cat_web_session_id=4444f3e1-7a1c-4081-8d7e-3a615af308e8&banner_location=header",9.73,9.7,9.7,9.8,105,3,"",Yes,No,Yes,"https://www.checkatrade.com/trades/neilmcgregorpropertyservices",neilmcgregorpropertyservices
"THC Plumbing and Heating","Mr Theo","Plumber","","https://9tuma.app.link/kLTh3RAdIQb?cat_web_device_id=2e0b20a0-1207-473c-aef2-89240dec4f1e&cat_web_session_id=87643d83-348a-486f-9c79-216651893789&banner_location=header",9.92,9.94,9.92,9.89,88,1,"",No,No,Yes,"https://www.checkatrade.com/trades/thcplumbingandheating1132446",thcplumbingandheating1132446
"Right Plumbing Ltd","Mr Kareem","Plumber","","https://9tuma.app.link/kLTh3RAdIQb?cat_web_device_id=2e0b20a0-1207-473c-aef2-89240dec4f1e&cat_web_session_id=87643d83-348a-486f-9c79-216651893789&banner_location=header",9.71,9.71,9.57,9.86,26,3,"",Yes,Yes,Yes,"https://www.checkatrade.com/trades/rightplumbingltd",rightplumbingltd
"Space heating Ltd","Mr Lisa","Plumber","Hertfordshire and","https://9tuma.app.link/kLTh3RAdIQb?cat_web_device_id=2e0b20a0-1207-473c-aef2-89240dec4f1e&cat_web_session_id=87643d83-348a-486f-9c79-216651893789&banner_location=header",9.98,9.94,10,10,166,10,"937182800",Yes,Yes,Yes,"https://www.checkatrade.com/trades/spaceheatingltd",spaceheatingltd
"Blue Planet Plumbing and Heating Ltd","Mr Daniel","Plumber","all aspects","https://9tuma.app.link/kLTh3RAdIQb?cat_web_device_id=2e0b20a0-1207-473c-aef2-89240dec4f1e&cat_web_session_id=87643d83-348a-486f-9c79-216651893789&banner_location=header",9.97,9.96,10,9.96,436,6,"314570913",Yes,Yes,Yes,"https://www.checkatrade.com/trades/blueplanetplumbingheating",blueplanetplumbingheating
"Abbey Plumbing and Building Services","Mr Lee","Plumber","","https://9tuma.app.link/kLTh3RAdIQb?cat_web_device_id=2e0b20a0-1207-473c-aef2-89240dec4f1e&cat_web_session_id=87643d83-348a-486f-9c79-216651893789&banner_location=header",10,10,10,10,64,3,"",Yes,Yes,Yes,"https://www.checkatrade.com/trades/abbeyplumbingandbuildingservices",abbeyplumbingandbuildingservices
"Juniors Plumbing, Drainage & Heating","Mr Colin","Plumber","","https://9tuma.app.link/kLTh3RAdIQb?cat_web_device_id=2e0b20a0-1207-473c-aef2-89240dec4f1e&cat_web_session_id=87643d83-348a-486f-9c79-216651893789&banner_location=header",10,10,10,10,538,13,"",No,Yes,Yes,"https://www.checkatrade.com/trades/juniorsplumbingdrainageheating",juniorsplumbingdrainageheating
"365 Plumbing And Heating Herts Ltd","Mr Roberto","Plumber","","https://9tuma.app.link/kLTh3RAdIQb?cat_web_device_id=2e0b20a0-1207-473c-aef2-89240dec4f1e&cat_web_session_id=87643d83-348a-486f-9c79-216651893789&banner_location=header",9.83,9.88,9.94,9.91,49,1,"",Yes,No,Yes,"https://www.checkatrade.com/trades/365plumbingandheatingherts",365plumbingandheatingherts
"Pentagon Plumbing Ltd","Mr Stuart","Plumber","","https://9tuma.app.link/kLTh3RAdIQb?cat_web_device_id=2e0b20a0-1207-473c-aef2-89240dec4f1e&cat_web_session_id=87643d83-348a-486f-9c79-216651893789&banner_location=header",9.56,9.55,9.42,9.71,132,6,"",Yes,Yes,Yes,"https://www.checkatrade.com/trades/pentagonplumbing",pentagonplumbing
"Lyes Aiboud Plumbing","Mr Lyes","Plumber","","https://9tuma.app.link/kLTh3RAdIQb?cat_web_device_id=2e0b20a0-1207-473c-aef2-89240dec4f1e&cat_web_session_id=87643d83-348a-486f-9c79-216651893789&banner_location=header",9.8,9.82,9.82,9.76,336,11,"",Yes,Yes,Yes,"https://www.checkatrade.com/trades/lyesaiboudplumbing",lyesaiboudplumbing
"Christian Plumbing","Mr Christian","Plumber","","https://9tuma.app.link/kLTh3RAdIQb?cat_web_device_id=2e0b20a0-1207-473c-aef2-89240dec4f1e&cat_web_session_id=87643d83-348a-486f-9c79-216651893789&banner_location=header",9.96,9.93,9.96,9.98,207,4,"",Yes,No,Yes,"https://www.checkatrade.com/trades/christianplumbing",christianplumbing
"RT PLUMBERS LTD","Mr Rana","Plumber","Burnley and","https://9tuma.app.link/kLTh3RAdIQb?cat_web_device_id=2e0b20a0-1207-473c-aef2-89240dec4f1e&cat_web_session_id=87643d83-348a-486f-9c79-216651893789&banner_location=header",9.96,9.98,9.94,9.96,51,1,"",Yes,Yes,Yes,"https://www.checkatrade.com/trades/rtplumbersltd",rtplumbersltd
"Ron McAlear Plumbing & Heating","Mr Ronald","Plumber","","https://9tuma.app.link/kLTh3RAdIQb?cat_web_device_id=2e0b20a0-1207-473c-aef2-89240dec4f1e&cat_web_session_id=87643d83-348a-486f-9c79-216651893789&banner_location=header",9.91,9.87,9.93,9.93,277,10,"",Yes,No,Yes,"https://www.checkatrade.com/trades/ronmcalearplumbingandheating",ronmcalearplumbingandheating
"Burke & ox ltd","Mr Nathan","Plumber","Blackburn and","https://9tuma.app.link/kLTh3RAdIQb?cat_web_device_id=2e0b20a0-1207-473c-aef2-89240dec4f1e&cat_web_session_id=87643d83-348a-486f-9c79-216651893789&banner_location=header",10,10,10,10,2,,"",Yes,No,Yes,"https://www.checkatrade.com/trades/burkeoxltd",burkeoxltd
"KAB Plumbing And Heating Ltd","Mr. Aiden Biggs","Plumber","","https://9tuma.app.link/kLTh3RAdIQb?cat_web_device_id=2e0b20a0-1207-473c-aef2-89240dec4f1e&cat_web_session_id=87643d83-348a-486f-9c79-216651893789&banner_location=header",9.98,9.98,9.98,9.98,163,4,"",Yes,Yes,Yes,"https://www.checkatrade.com/trades/kabplumbingandheatingltd",kabplumbingandheatingltd
"Plumbserve","Mr Mohammed","Plumber","","https://9tuma.app.link/kLTh3RAdIQb?cat_web_device_id=2e0b20a0-1207-473c-aef2-89240dec4f1e&cat_web_session_id=87643d83-348a-486f-9c79-216651893789&banner_location=header",9.94,9.94,9.9,9.96,195,6,"",Yes,Yes,Yes,"https://www.checkatrade.com/trades/plumbserve",plumbserve
"GRG Plumbing & Heating","Mr. Glen Gardiner","Plumber","","https://9tuma.app.link/kLTh3RAdIQb?cat_web_device_id=2e0b20a0-1207-473c-aef2-89240dec4f1e&cat_web_session_id=87643d83-348a-486f-9c79-216651893789&banner_location=header",10,10,10,10,38,5,"",Yes,Yes,Yes,"https://www.checkatrade.com/trades/grgplumbingheating",grgplumbingheating
"Rapid Fix 24/7","Mr Ismail","Plumber","Bolton and","https://9tuma.app.link/kLTh3RAdIQb?cat_web_device_id=2e0b20a0-1207-473c-aef2-89240dec4f1e&cat_web_session_id=87643d83-348a-486f-9c79-216651893789&banner_location=header",9.85,9.91,9.82,9.82,11,1,"",Yes,No,Yes,"https://www.checkatrade.com/trades/rapidfix247",rapidfix247
"Chris Hargreaves Plumbing & Heating","Mr Chris","Plumber","","https://9tuma.app.link/kLTh3RAdIQb?cat_web_device_id=2e0b20a0-1207-473c-aef2-89240dec4f1e&cat_web_session_id=87643d83-348a-486f-9c79-216651893789&banner_location=header",9.95,9.96,9.96,9.92,181,7,"",Yes,Yes,Yes,"https://www.checkatrade.com/trades/chrishargreavesplumbingandheating",chrishargreavesplumbingandheating
"Empire Gas and Plumbing","Mr Mohammed","Plumber","","https://9tuma.app.link/kLTh3RAdIQb?cat_web_device_id=2e0b20a0-1207-473c-aef2-89240dec4f1e&cat_web_session_id=87643d83-348a-486f-9c79-216651893789&banner_location=header",9.98,9.95,10,10,136,3,"",Yes,No,Yes,"https://www.checkatrade.com/trades/empiregasandplumbing",empiregasandplumbing
"Kubik Developments","Mr James","Plumber","","https://9tuma.app.link/kLTh3RAdIQb?cat_web_device_id=2e0b20a0-1207-473c-aef2-89240dec4f1e&cat_web_session_id=87643d83-348a-486f-9c79-216651893789&banner_location=header",9.93,10,9.89,9.89,101,,"",No,Yes,Yes,"https://www.checkatrade.com/trades/kubikdevelopments",kubikdevelopments
"Mackie Heating Ltd","Mr Ian","Plumber","","https://9tuma.app.link/kLTh3RAdIQb?cat_web_device_id=2e0b20a0-1207-473c-aef2-89240dec4f1e&cat_web_session_id=87643d83-348a-486f-9c79-216651893789&banner_location=header",9.83,9.96,9.96,9.93,326,3,"340784595",Yes,Yes,Yes,"https://www.checkatrade.com/trades/mackieheating",mackieheating
"JW property renovations","Mr Jack","Plumber","","https://9tuma.app.link/kLTh3RAdIQb?cat_web_device_id=2e0b20a0-1207-473c-aef2-89240dec4f1e&cat_web_session_id=87643d83-348a-486f-9c79-216651893789&banner_location=header",10,10,10,10,4,,"",Yes,No,Yes,"https://www.checkatrade.com/trades/jwpropertyrenovations",jwpropertyrenovations
"MGS Plumbing And Gas Services","Mr Mustafa","Plumber","Burnley with","https://9tuma.app.link/kLTh3RAdIQb?cat_web_device_id=2e0b20a0-1207-473c-aef2-89240dec4f1e&cat_web_session_id=87643d83-348a-486f-9c79-216651893789&banner_location=header",9.92,9.92,9.92,9.92,15,1,"",Yes,Yes,Yes,"https://www.checkatrade.com/trades/mgsplumbingandgasservices878007",mgsplumbingandgasservices878007
"ALW Heating Services","Mr Adam","Plumber","","https://9tuma.app.link/kLTh3RAdIQb?cat_web_device_id=2e0b20a0-1207-473c-aef2-89240dec4f1e&cat_web_session_id=87643d83-348a-486f-9c79-216651893789&banner_location=header",9.92,10,9.88,9.88,26,2,"",Yes,Yes,Yes,"https://www.checkatrade.com/trades/alwheatingservices",alwheatingservices
"Ian Stephenson","Mr Ian","Plumber","Blackpool and","https://9tuma.app.link/kLTh3RAdIQb?cat_web_device_id=2e0b20a0-1207-473c-aef2-89240dec4f1e&cat_web_session_id=87643d83-348a-486f-9c79-216651893789&banner_location=header",9.86,9.67,9.97,9.93,30,1,"",Yes,No,Yes,"https://www.checkatrade.com/trades/ianstephenson",ianstephenson
"AEC Plumbing Services","Mr Anthony","Plumber","","https://9tuma.app.link/kLTh3RAdIQb?cat_web_device_id=2e0b20a0-1207-473c-aef2-89240dec4f1e&cat_web_session_id=87643d83-348a-486f-9c79-216651893789&banner_location=header",9.83,9.5,10,10,41,3,"",Yes,No,Yes,"https://www.checkatrade.com/trades/aecplumbingservices1087216",aecplumbingservices1087216
"Cols Plumbing & Heating Ltd","Mr Colby","Plumber","","https://9tuma.app.link/kLTh3RAdIQb?cat_web_device_id=2e0b20a0-1207-473c-aef2-89240dec4f1e&cat_web_session_id=87643d83-348a-486f-9c79-216651893789&banner_location=header",9.95,9.95,9.95,9.95,43,4,"",Yes,Yes,Yes,"https://www.checkatrade.com/trades/colsplumbingandheating",colsplumbingandheating
"Orion Plumbing And Heating","Mr Paul","Plumber","Tyldesley Manchester","https://9tuma.app.link/kLTh3RAdIQb?cat_web_device_id=2e0b20a0-1207-473c-aef2-89240dec4f1e&cat_web_session_id=87643d83-348a-486f-9c79-216651893789&banner_location=header",10,10,10,10,2,1,"",No,No,Yes,"https://www.checkatrade.com/trades/orionplumbingandheating",orionplumbingandheating
"JDS Plumbing & Heating LTD","Mr Jack","Plumber","","https://9tuma.app.link/kLTh3RAdIQb?cat_web_device_id=2e0b20a0-1207-473c-aef2-89240dec4f1e&cat_web_session_id=87643d83-348a-486f-9c79-216651893789&banner_location=header",10,10,10,10,105,4,"",Yes,No,Yes,"https://www.checkatrade.com/trades/jdsplumbingheatingltd",jdsplumbingheatingltd
"Flynn’s Plumbing Heating And Bathroom Installations","Mr Ben","Plumber","","https://9tuma.app.link/kLTh3RAdIQb?cat_web_device_id=2e0b20a0-1207-473c-aef2-89240dec4f1e&cat_web_session_id=87643d83-348a-486f-9c79-216651893789&banner_location=header",9.51,,,,28,,"",Yes,No,Yes,"https://www.checkatrade.com/trades/flynnsplumbingheatingandbathroominstallations",flynnsplumbingheatingandbathroominstallations
"AM Plumbing","Mr Armin","Plumber","","https://9tuma.app.link/kLTh3RAdIQb?cat_web_device_id=2e0b20a0-1207-473c-aef2-89240dec4f1e&cat_web_session_id=87643d83-348a-486f-9c79-216651893789&banner_location=header",9.95,9.94,9.97,9.94,67,2,"",Yes,Yes,Yes,"https://www.checkatrade.com/trades/amplumbing1113037",amplumbing1113037
"Clog Away Ltd","Mr Benjamin","Plumber","Liverpool and","https://9tuma.app.link/kLTh3RAdIQb?cat_web_device_id=2e0b20a0-1207-473c-aef2-89240dec4f1e&cat_web_session_id=87643d83-348a-486f-9c79-216651893789&banner_location=header",9.17,9,9.5,9,2,,"",Yes,Yes,Yes,"https://www.checkatrade.com/trades/clogawayltd",clogawayltd
"The Sheridan Group Ltd","Mr James","Plumber","it","https://9tuma.app.link/kLTh3RAdIQb?cat_web_device_id=2e0b20a0-1207-473c-aef2-89240dec4f1e&cat_web_session_id=87643d83-348a-486f-9c79-216651893789&banner_location=header",9.32,9.37,9.26,9.32,19,1,"",Yes,Yes,Yes,"https://www.checkatrade.com/trades/thesheridangroupltd",thesheridangroupltd
"Midworth Heating Co Ltd","Mr Nathan","Plumber","","https://9tuma.app.link/kLTh3RAdIQb?cat_web_device_id=2e0b20a0-1207-473c-aef2-89240dec4f1e&cat_web_session_id=87643d83-348a-486f-9c79-216651893789&banner_location=header",9.96,10,9.92,9.96,63,2,"",Yes,Yes,Yes,"https://www.checkatrade.com/trades/midworthheatingcoltd",midworthheatingcoltd
"JC Plumbing Services","Mr Julian","Plumber","Manchester and","https://9tuma.app.link/kLTh3RAdIQb?cat_web_device_id=2e0b20a0-1207-473c-aef2-89240dec4f1e&cat_web_session_id=87643d83-348a-486f-9c79-216651893789&banner_location=header",9.91,9.88,9.88,9.96,26,1,"",Yes,Yes,Yes,"https://www.checkatrade.com/trades/jcplumbingservices5923120",jcplumbingservices5923120
"JTS Heating Solutions Ltd","Mr John","Plumber","Manchester","https://9tuma.app.link/kLTh3RAdIQb?cat_web_device_id=2e0b20a0-1207-473c-aef2-89240dec4f1e&cat_web_session_id=87643d83-348a-486f-9c79-216651893789&banner_location=header",9.86,9.82,9.92,9.84,210,7,"",Yes,Yes,Yes,"https://www.checkatrade.com/trades/jtsheatingsolutionsltd",jtsheatingsolutionsltd
"The Lewken Group Ltd","Mr Andrew","Plumber","","https://9tuma.app.link/kLTh3RAdIQb?cat_web_device_id=2e0b20a0-1207-473c-aef2-89240dec4f1e&cat_web_session_id=87643d83-348a-486f-9c79-216651893789&banner_location=header",9.46,9.29,9.56,9.51,41,1,"",Yes,Yes,Yes,"https://www.checkatrade.com/trades/thelewkengroupltd",thelewkengroupltd
"Scm Plumbing & Drainage Ltd","Mr Scott","Plumber","","https://9tuma.app.link/kLTh3RAdIQb?cat_web_device_id=2e0b20a0-1207-473c-aef2-89240dec4f1e&cat_web_session_id=87643d83-348a-486f-9c79-216651893789&banner_location=header",9.83,9.9,9.7,9.9,30,2,"",Yes,No,Yes,"https://www.checkatrade.com/trades/scmplumbinganddrainage1097200",scmplumbinganddrainage1097200
"Butler Plumbing And Heating","Mr Charlie","Plumber","DA","https://9tuma.app.link/kLTh3RAdIQb?cat_web_device_id=2e0b20a0-1207-473c-aef2-89240dec4f1e&cat_web_session_id=87643d83-348a-486f-9c79-216651893789&banner_location=header",9.95,10,10,9.85,61,4,"",Yes,No,Yes,"https://www.checkatrade.com/trades/butlerplumbingandheating",butlerplumbingandheating
"JJK Contractors Ltd","Mr Harry","Plumber","London and","https://9tuma.app.link/kLTh3RAdIQb?cat_web_device_id=2e0b20a0-1207-473c-aef2-89240dec4f1e&cat_web_session_id=87643d83-348a-486f-9c79-216651893789&banner_location=header",9.79,9.75,9.75,9.88,8,1,"",Yes,Yes,Yes,"https://www.checkatrade.com/trades/jjkcontractorsltd",jjkcontractorsltd
"A S Plumbing & Gas Ltd","Altan Emin","Plumber","","https://9tuma.app.link/kLTh3RAdIQb?cat_web_device_id=2e0b20a0-1207-473c-aef2-89240dec4f1e&cat_web_session_id=87643d83-348a-486f-9c79-216651893789&banner_location=header",9.97,9.95,9.98,9.98,573,13,"214835319",Yes,No,Yes,"https://www.checkatrade.com/trades/asplumbingandgas",asplumbingandgas
"S.H PLUMBING SERVICES","Mr Stephen","Plumber","","https://9tuma.app.link/kLTh3RAdIQb?cat_web_device_id=2e0b20a0-1207-473c-aef2-89240dec4f1e&cat_web_session_id=87643d83-348a-486f-9c79-216651893789&banner_location=header",9.71,9.75,9.78,9.75,81,2,"",Yes,Yes,Yes,"https://www.checkatrade.com/trades/shplumbingservices1123397",shplumbingservices1123397
"BoilerTech","Mr Jamie","Plumber","Workington with","https://9tuma.app.link/kLTh3RAdIQb?cat_web_device_id=2e0b20a0-1207-473c-aef2-89240dec4f1e&cat_web_session_id=87643d83-348a-486f-9c79-216651893789&banner_location=header",9.88,9.95,9.97,10,94,3,"",Yes,Yes,Yes,"https://www.checkatrade.com/trades/boilertech1094207",boilertech1094207
"P J Cumbria Ltd","Mr Peter","Plumber","Carlisle and","https://9tuma.app.link/kLTh3RAdIQb?cat_web_device_id=2e0b20a0-1207-473c-aef2-89240dec4f1e&cat_web_session_id=87643d83-348a-486f-9c79-216651893789&banner_location=header",9.71,,,,2,2,"",Yes,No,Yes,"https://www.checkatrade.com/trades/pjcumbrialtd",pjcumbrialtd
"Fired Up Engineers Limited","Mr Ryan","Plumber","","https://9tuma.app.link/kLTh3RAdIQb?cat_web_device_id=2e0b20a0-1207-473c-aef2-89240dec4f1e&cat_web_session_id=87643d83-348a-486f-9c79-216651893789&banner_location=header",9.98,10,10,9.95,20,1,"",Yes,Yes,Yes,"https://www.checkatrade.com/trades/firedupengineerslimited",firedupengineerslimited
"Braiden Plumbing & Heating","Mr Vincent","Plumber","","https://9tuma.app.link/kLTh3RAdIQb?cat_web_device_id=2e0b20a0-1207-473c-aef2-89240dec4f1e&cat_web_session_id=87643d83-348a-486f-9c79-216651893789&banner_location=header",9.89,9.85,9.9,9.92,540,10,"425709686",Yes,Yes,Yes,"https://www.checkatrade.com/trades/braidenplumbingandheating",braidenplumbingandheating
"B&I Home Services","Mr Luke","Plumber","","https://9tuma.app.link/kLTh3RAdIQb?cat_web_device_id=2e0b20a0-1207-473c-aef2-89240dec4f1e&cat_web_session_id=87643d83-348a-486f-9c79-216651893789&banner_location=header",9.93,9.97,9.97,9.85,131,3,"",Yes,No,Yes,"https://www.checkatrade.com/trades/bandihomeservices",bandihomeservices
"Speedy Fix Services","Mr James","Plumber","most domestic","https://9tuma.app.link/kLTh3RAdIQb?cat_web_device_id=2e0b20a0-1207-473c-aef2-89240dec4f1e&cat_web_session_id=87643d83-348a-486f-9c79-216651893789&banner_location=header",9.48,9.45,9.51,9.47,148,3,"",No,Yes,Yes,"https://www.checkatrade.com/trades/speedyfixservices",speedyfixservices
"QM Plumbing and Heating","Mr Mark","Plumber","","https://9tuma.app.link/kLTh3RAdIQb?cat_web_device_id=2e0b20a0-1207-473c-aef2-89240dec4f1e&cat_web_session_id=87643d83-348a-486f-9c79-216651893789&banner_location=header",9.75,9.79,9.74,9.89,142,3,"",Yes,No,Yes,"https://www.checkatrade.com/trades/qmplumbingandheating",qmplumbingandheating
"Plumbing by Dan","Mr Daniel","Plumber","","https://9tuma.app.link/kLTh3RAdIQb?cat_web_device_id=2e0b20a0-1207-473c-aef2-89240dec4f1e&cat_web_session_id=87643d83-348a-486f-9c79-216651893789&banner_location=header",9.92,9.91,9.95,9.91,22,2025,"",Yes,Yes,Yes,"https://www.checkatrade.com/trades/plumbingbydan",plumbingbydan
"Hughes Heating","Mr Layne","Plumber","","https://9tuma.app.link/kLTh3RAdIQb?cat_web_device_id=2e0b20a0-1207-473c-aef2-89240dec4f1e&cat_web_session_id=87643d83-348a-486f-9c79-216651893789&banner_location=header",9.93,9.92,9.92,9.96,188,3,"",Yes,Yes,Yes,"https://www.checkatrade.com/trades/hughesheating",hughesheating
"PJL Plumbing & Bathrooms","Mr Paul","Plumber","","https://9tuma.app.link/kLTh3RAdIQb?cat_web_device_id=2e0b20a0-1207-473c-aef2-89240dec4f1e&cat_web_session_id=87643d83-348a-486f-9c79-216651893789&banner_location=header",9.88,9.8,9.96,9.88,197,9,"",Yes,Yes,Yes,"https://www.checkatrade.com/trades/pjlplumbingandbathrooms",pjlplumbingandbathrooms
"PG Bones","Mr Steve","Plumber","","https://9tuma.app.link/kLTh3RAdIQb?cat_web_device_id=2e0b20a0-1207-473c-aef2-89240dec4f1e&cat_web_session_id=87643d83-348a-486f-9c79-216651893789&banner_location=header",10,10,10,10,84,8,"282750839",Yes,Yes,Yes,"https://www.checkatrade.com/trades/pgbones",pgbones
"SJS Plumbing","Mr Sam","Plumber","Ipswich","https://9tuma.app.link/kLTh3RAdIQb?cat_web_device_id=2e0b20a0-1207-473c-aef2-89240dec4f1e&cat_web_session_id=87643d83-348a-486f-9c79-216651893789&banner_location=header",9.86,9.71,9.88,10,17,1,"",Yes,Yes,Yes,"https://www.checkatrade.com/trades/sjsplumbing",sjsplumbing
"Prime Fix Group","Mr Adem","Plumber","Suffolk","https://9tuma.app.link/kLTh3RAdIQb?cat_web_device_id=2e0b20a0-1207-473c-aef2-89240dec4f1e&cat_web_session_id=87643d83-348a-486f-9c79-216651893789&banner_location=header",9.88,9.88,9.88,9.87,88,1,"",No,Yes,Yes,"https://www.checkatrade.com/trades/primefixgroup",primefixgroup
"Watkins Plumbing & Heating","Mr Sam","Plumber","","https://9tuma.app.link/kLTh3RAdIQb?cat_web_device_id=2e0b20a0-1207-473c-aef2-89240dec4f1e&cat_web_session_id=87643d83-348a-486f-9c79-216651893789&banner_location=header",9.92,9.93,9.95,9.88,122,3,"",Yes,No,Yes,"https://www.checkatrade.com/trades/watkinsplumbingheating1088429",watkinsplumbingheating1088429
"TM  Hughes & Son Gas Services Ltd","Mr Terry","Plumber","South","https://9tuma.app.link/kLTh3RAdIQb?cat_web_device_id=2e0b20a0-1207-473c-aef2-89240dec4f1e&cat_web_session_id=87643d83-348a-486f-9c79-216651893789&banner_location=header",9.94,9.94,9.96,9.92,561,10,"858935366",Yes,Yes,Yes,"https://www.checkatrade.com/trades/tmhughesandsongasservices",tmhughesandsongasservices
"R Thurlow Plumbing Services","Mr Ricky","Plumber","","https://9tuma.app.link/kLTh3RAdIQb?cat_web_device_id=2e0b20a0-1207-473c-aef2-89240dec4f1e&cat_web_session_id=87643d83-348a-486f-9c79-216651893789&banner_location=header",9.95,9.89,9.95,10,151,6,"",Yes,No,Yes,"https://www.checkatrade.com/trades/rthurlowplumbingservices",rthurlowplumbingservices
"Wild Plumbing & Heating Ltd","Mr Brandon","Plumber","all aspects","https://9tuma.app.link/kLTh3RAdIQb?cat_web_device_id=2e0b20a0-1207-473c-aef2-89240dec4f1e&cat_web_session_id=87643d83-348a-486f-9c79-216651893789&banner_location=header",9.83,9.5,10,10,4,1,"",Yes,Yes,Yes,"https://www.checkatrade.com/trades/wildplumbingheatingltd5925093",wildplumbingheatingltd5925093
"SG Plumbing","Mr Sonnie","Plumber","Stanford le","https://9tuma.app.link/kLTh3RAdIQb?cat_web_device_id=2e0b20a0-1207-473c-aef2-89240dec4f1e&cat_web_session_id=87643d83-348a-486f-9c79-216651893789&banner_location=header",9.67,9,10,10,2,1,"",No,Yes,Yes,"https://www.checkatrade.com/trades/sgplumbing5901720",sgplumbing5901720
"Friar Plumbing","Mr Ryan","Plumber","","https://9tuma.app.link/kLTh3RAdIQb?cat_web_device_id=2e0b20a0-1207-473c-aef2-89240dec4f1e&cat_web_session_id=87643d83-348a-486f-9c79-216651893789&banner_location=header",9.87,9.9,10,9.7,49,2,"",Yes,Yes,Yes,"https://www.checkatrade.com/trades/friarplumbing",friarplumbing
"FJC Plumbing and Heating","Mr Frazer","Plumber","all aspects","https://9tuma.app.link/kLTh3RAdIQb?cat_web_device_id=2e0b20a0-1207-473c-aef2-89240dec4f1e&cat_web_session_id=87643d83-348a-486f-9c79-216651893789&banner_location=header",8.08,7.83,8,8.42,37,2,"",No,Yes,Yes,"https://www.checkatrade.com/trades/fjcplumbingandheating",fjcplumbingandheating
"SpeedFixPlumbing Ltd","Mr Sanjar","Plumber","","https://9tuma.app.link/kLTh3RAdIQb?cat_web_device_id=2e0b20a0-1207-473c-aef2-89240dec4f1e&cat_web_session_id=87643d83-348a-486f-9c79-216651893789&banner_location=header",8.99,9.08,8.9,8.98,41,1,"",Yes,Yes,Yes,"https://www.checkatrade.com/trades/speedfixplumbingltd",speedfixplumbingltd
"Willowserve Limited","","Plumber","","https://9tuma.app.link/kLTh3RAdIQb?cat_web_device_id=2e0b20a0-1207-473c-aef2-89240dec4f1e&cat_web_session_id=87643d83-348a-486f-9c79-216651893789&banner_location=header",9.32,10,10,9.5,345,13,"571323655",Yes,Yes,Yes,"https://www.checkatrade.com/trades/willowserve",willowserve
"SJ Plumbing and Electrical","Mr Stephen","Plumber","","https://9tuma.app.link/kLTh3RAdIQb?cat_web_device_id=2e0b20a0-1207-473c-aef2-89240dec4f1e&cat_web_session_id=87643d83-348a-486f-9c79-216651893789&banner_location=header",9.88,9.86,9.93,9.86,124,6,"323856201",Yes,Yes,Yes,"https://www.checkatrade.com/trades/sjplumbingandelectrical",sjplumbingandelectrical
"Blueflow Heating Cooling & Renewables","Mr Ryan","Plumber","","https://9tuma.app.link/kLTh3RAdIQb?cat_web_device_id=2e0b20a0-1207-473c-aef2-89240dec4f1e&cat_web_session_id=87643d83-348a-486f-9c79-216651893789&banner_location=header",9.98,10,9.94,10,320,7,"407692188",Yes,Yes,Yes,"https://www.checkatrade.com/trades/blueflowheatingcoolingrenewables",blueflowheatingcoolingrenewables
"N W Plumbing","Mr. Nick Wane","Plumber","open pipe","https://9tuma.app.link/kLTh3RAdIQb?cat_web_device_id=2e0b20a0-1207-473c-aef2-89240dec4f1e&cat_web_session_id=87643d83-348a-486f-9c79-216651893789&banner_location=header",9.97,9.97,9.97,9.97,237,6,"",Yes,Yes,Yes,"https://www.checkatrade.com/trades/nwplumbing",nwplumbing
"R.B.A Plumbing Services","Mr Christopher","Plumber","","https://9tuma.app.link/kLTh3RAdIQb?cat_web_device_id=2e0b20a0-1207-473c-aef2-89240dec4f1e&cat_web_session_id=87643d83-348a-486f-9c79-216651893789&banner_location=header",10,10,10,10,134,8,"",Yes,Yes,Yes,"https://www.checkatrade.com/trades/rbaplumbingservices",rbaplumbingservices
"Rigden Plumbing Co","Mr Matthew","Plumber","all of","https://9tuma.app.link/kLTh3RAdIQb?cat_web_device_id=2e0b20a0-1207-473c-aef2-89240dec4f1e&cat_web_session_id=87643d83-348a-486f-9c79-216651893789&banner_location=header",9.46,,,,41,4,"",Yes,Yes,Yes,"https://www.checkatrade.com/trades/rigdenplumbingco",rigdenplumbingco
"Beaumont Plumbing Solutions Ltd","Mr Ethan","Plumber","all aspects","https://9tuma.app.link/kLTh3RAdIQb?cat_web_device_id=2e0b20a0-1207-473c-aef2-89240dec4f1e&cat_web_session_id=87643d83-348a-486f-9c79-216651893789&banner_location=header",9.76,9.86,9.77,9.64,248,6,"388273355",Yes,Yes,Yes,"https://www.checkatrade.com/trades/beaumontplumbingsolutionsltd",beaumontplumbingsolutionsltd
"R.Evans Plumbing Services","Mr Ryan","Plumber","all aspects","https://9tuma.app.link/kLTh3RAdIQb?cat_web_device_id=2e0b20a0-1207-473c-aef2-89240dec4f1e&cat_web_session_id=87643d83-348a-486f-9c79-216651893789&banner_location=header",10,10,10,10,157,9,"",Yes,Yes,Yes,"https://www.checkatrade.com/trades/revansplumbingservices",revansplumbingservices
"BP Solutions","Mr Ethan","Plumber","","https://9tuma.app.link/kLTh3RAdIQb?cat_web_device_id=2e0b20a0-1207-473c-aef2-89240dec4f1e&cat_web_session_id=87643d83-348a-486f-9c79-216651893789&banner_location=header",9.75,9.75,9.73,9.78,146,2,"",Yes,Yes,Yes,"https://www.checkatrade.com/trades/bpsolutions",bpsolutions
"E-Systems","Mr. Elvis Ndreu","Plumber","","https://9tuma.app.link/kLTh3RAdIQb?cat_web_device_id=2e0b20a0-1207-473c-aef2-89240dec4f1e&cat_web_session_id=87643d83-348a-486f-9c79-216651893789&banner_location=header",9.94,9.93,9.93,9.95,189,5,"",Yes,Yes,Yes,"https://www.checkatrade.com/trades/esystems",esystems
"A W Plumbing and Heating","Mr Aaron","Plumber","","https://9tuma.app.link/kLTh3RAdIQb?cat_web_device_id=2e0b20a0-1207-473c-aef2-89240dec4f1e&cat_web_session_id=87643d83-348a-486f-9c79-216651893789&banner_location=header",9.84,9.85,9.92,9.94,147,3,"",Yes,Yes,Yes,"https://www.checkatrade.com/trades/awplumbingandheating1088659",awplumbingandheating1088659
"JFM Plumbing and Heating","Mr. Joe Martins","Plumber","","https://9tuma.app.link/kLTh3RAdIQb?cat_web_device_id=2e0b20a0-1207-473c-aef2-89240dec4f1e&cat_web_session_id=87643d83-348a-486f-9c79-216651893789&banner_location=header",9.92,9.9,9.9,9.95,194,5,"",Yes,Yes,Yes,"https://www.checkatrade.com/trades/jfmplumbingandheating1024265",jfmplumbingandheating1024265
"CSJ Plumbing","Mr Terry","Plumber","","https://9tuma.app.link/kLTh3RAdIQb?cat_web_device_id=2e0b20a0-1207-473c-aef2-89240dec4f1e&cat_web_session_id=87643d83-348a-486f-9c79-216651893789&banner_location=header",9.93,9.93,9.93,9.93,70,2,"",Yes,Yes,Yes,"https://www.checkatrade.com/trades/csjplumbing1102310",csjplumbing1102310
"Hydronyx Plumbing and Heating","Mr Jake","Plumber","Herne Bay","https://9tuma.app.link/kLTh3RAdIQb?cat_web_device_id=2e0b20a0-1207-473c-aef2-89240dec4f1e&cat_web_session_id=87643d83-348a-486f-9c79-216651893789&banner_location=header",10,10,10,10,8,,"",Yes,No,Yes,"https://www.checkatrade.com/trades/hydronyxplumbingandheating",hydronyxplumbingandheating
"Diamond Plumbing Services","Miss Sharon","Plumber","Canterbury","https://9tuma.app.link/kLTh3RAdIQb?cat_web_device_id=2e0b20a0-1207-473c-aef2-89240dec4f1e&cat_web_session_id=87643d83-348a-486f-9c79-216651893789&banner_location=header",9.98,9.93,10,10,418,10,"",Yes,No,Yes,"https://www.checkatrade.com/trades/diamondplumbingservices",diamondplumbingservices
"Acorn Domestic Repairs Ltd","Mr Philip","Plumber","your mains","https://9tuma.app.link/kLTh3RAdIQb?cat_web_device_id=2e0b20a0-1207-473c-aef2-89240dec4f1e&cat_web_session_id=87643d83-348a-486f-9c79-216651893789&banner_location=header",9.85,9.82,9.84,9.9,834,12,"925043445",Yes,Yes,Yes,"https://www.checkatrade.com/trades/acorndomesticrepairs",acorndomesticrepairs
"Weatherall & Wyles Plumbing & Heating Ltd","Mr Stephen","Plumber","Faversham and","https://9tuma.app.link/kLTh3RAdIQb?cat_web_device_id=2e0b20a0-1207-473c-aef2-89240dec4f1e&cat_web_session_id=87643d83-348a-486f-9c79-216651893789&banner_location=header",10,10,10,10,357,15,"262279787",Yes,Yes,Yes,"https://www.checkatrade.com/trades/weatherallwylesplumbingheatingltd",weatherallwylesplumbingheatingltd
"DRP Plumbing And Heating","Mr Dean","Plumber","Ashford but","https://9tuma.app.link/kLTh3RAdIQb?cat_web_device_id=2e0b20a0-1207-473c-aef2-89240dec4f1e&cat_web_session_id=87643d83-348a-486f-9c79-216651893789&banner_location=header",10,10,10,10,320,12,"",Yes,Yes,Yes,"https://www.checkatrade.com/trades/drpplumbingandheating",drpplumbingandheating
"Plumbing & Bathrooms","Mr Joshua","Plumber","Canterbury Kent","https://9tuma.app.link/kLTh3RAdIQb?cat_web_device_id=2e0b20a0-1207-473c-aef2-89240dec4f1e&cat_web_session_id=87643d83-348a-486f-9c79-216651893789&banner_location=header",9.97,9.95,9.95,10,442,10,"",Yes,Yes,Yes,"https://www.checkatrade.com/trades/plumbingbathrooms",plumbingbathrooms
"HW Mechanical Ltd","Mr Harrison","Plumber","Rochester and","https://9tuma.app.link/kLTh3RAdIQb?cat_web_device_id=2e0b20a0-1207-473c-aef2-89240dec4f1e&cat_web_session_id=87643d83-348a-486f-9c79-216651893789&banner_location=header",9.97,10,9.92,10,32,2,"",Yes,Yes,Yes,"https://www.checkatrade.com/trades/hwmechanical",hwmechanical
"Clarkes Plumbing","Mr Charlie","Plumber","","https://9tuma.app.link/kLTh3RAdIQb?cat_web_device_id=2e0b20a0-1207-473c-aef2-89240dec4f1e&cat_web_session_id=87643d83-348a-486f-9c79-216651893789&banner_location=header",10,10,10,10,10,1,"",Yes,Yes,Yes,"https://www.checkatrade.com/trades/clarkesplumbing5924550",clarkesplumbing5924550
"Heat2Plumb LTD","Mr Daniel","Plumber","","https://9tuma.app.link/kLTh3RAdIQb?cat_web_device_id=2e0b20a0-1207-473c-aef2-89240dec4f1e&cat_web_session_id=87643d83-348a-486f-9c79-216651893789&banner_location=header",9.89,10,10,9.67,21,2,"",Yes,Yes,Yes,"https://www.checkatrade.com/trades/heat2plumbltd",heat2plumbltd
"Prestige Plumbing East Kent","Mr Dominic","Plumber","","https://9tuma.app.link/kLTh3RAdIQb?cat_web_device_id=2e0b20a0-1207-473c-aef2-89240dec4f1e&cat_web_session_id=87643d83-348a-486f-9c79-216651893789&banner_location=header",9.93,9.8,10,10,5,1,"",Yes,Yes,Yes,"https://www.checkatrade.com/trades/prestigeplumbingeastkent",prestigeplumbingeastkent
"Emergency Plumbing Masters Ltd","Mr Idrees","Plumber","Stoke on","https://9tuma.app.link/kLTh3RAdIQb?cat_web_device_id=2e0b20a0-1207-473c-aef2-89240dec4f1e&cat_web_session_id=87643d83-348a-486f-9c79-216651893789&banner_location=header",9.96,10,9.89,10,9,,"",Yes,No,Yes,"https://www.checkatrade.com/trades/emergencyplumbingmastersltd",emergencyplumbingmastersltd
"Whitfield Plumbing, Heating & Cooling","Mr George","Plumber","","https://9tuma.app.link/kLTh3RAdIQb?cat_web_device_id=2e0b20a0-1207-473c-aef2-89240dec4f1e&cat_web_session_id=87643d83-348a-486f-9c79-216651893789&banner_location=header",9.96,9.94,9.98,9.96,306,12,"",Yes,Yes,Yes,"https://www.checkatrade.com/trades/whitfieldplumbingheatingandcooling",whitfieldplumbingheatingandcooling
"Wyvern Plumbing LTD","Mr Aaron","Plumber","","https://9tuma.app.link/kLTh3RAdIQb?cat_web_device_id=2e0b20a0-1207-473c-aef2-89240dec4f1e&cat_web_session_id=87643d83-348a-486f-9c79-216651893789&banner_location=header",9.92,9.96,9.92,9.88,25,1,"",Yes,Yes,Yes,"https://www.checkatrade.com/trades/wyvernplumbingltd",wyvernplumbingltd
"Plumbers R us","Ms Rochelle","Plumber","","https://9tuma.app.link/kLTh3RAdIQb?cat_web_device_id=2e0b20a0-1207-473c-aef2-89240dec4f1e&cat_web_session_id=87643d83-348a-486f-9c79-216651893789&banner_location=header",10,10,10,10,10,1,"",No,No,Yes,"https://www.checkatrade.com/trades/plumbersrus",plumbersrus
"DMDevelopments Limited","Mr Damian","Plumber","","https://9tuma.app.link/kLTh3RAdIQb?cat_web_device_id=2e0b20a0-1207-473c-aef2-89240dec4f1e&cat_web_session_id=87643d83-348a-486f-9c79-216651893789&banner_location=header",9.96,9.94,9.97,9.97,49,2,"",Yes,Yes,Yes,"https://www.checkatrade.com/trades/dmdevelopmentslimited",dmdevelopmentslimited
"R. Goostrey Plumbing & Heating Limited","Mr Robert","Plumber","","https://9tuma.app.link/kLTh3RAdIQb?cat_web_device_id=2e0b20a0-1207-473c-aef2-89240dec4f1e&cat_web_session_id=87643d83-348a-486f-9c79-216651893789&banner_location=header",8.5,8.5,8.5,8.5,26,4,"",Yes,Yes,Yes,"https://www.checkatrade.com/trades/rgoostreyplumbingheatinglimited",rgoostreyplumbingheatinglimited
"AH Heating & Plumbing Services","Mr Abul","Plumber","","https://9tuma.app.link/kLTh3RAdIQb?cat_web_device_id=2e0b20a0-1207-473c-aef2-89240dec4f1e&cat_web_session_id=87643d83-348a-486f-9c79-216651893789&banner_location=header",9.92,9.9,9.95,9.9,130,4,"",Yes,No,Yes,"https://www.checkatrade.com/trades/ahheatingandplumbingservices1062533",ahheatingandplumbingservices1062533
"R A Installations","Mr Reece","Plumber","","https://9tuma.app.link/kLTh3RAdIQb?cat_web_device_id=2e0b20a0-1207-473c-aef2-89240dec4f1e&cat_web_session_id=87643d83-348a-486f-9c79-216651893789&banner_location=header",10,10,10,10,33,4,"",Yes,Yes,Yes,"https://www.checkatrade.com/trades/rainstallations",rainstallations
"DC Plumb","Mr David","Plumber","","https://9tuma.app.link/kLTh3RAdIQb?cat_web_device_id=2e0b20a0-1207-473c-aef2-89240dec4f1e&cat_web_session_id=87643d83-348a-486f-9c79-216651893789&banner_location=header",10,10,10,10,63,4,"",No,Yes,Yes,"https://www.checkatrade.com/trades/dcplumb1062118",dcplumb1062118
"PropertyMan","Mr Mohammad","Plumber","","https://9tuma.app.link/kLTh3RAdIQb?cat_web_device_id=2e0b20a0-1207-473c-aef2-89240dec4f1e&cat_web_session_id=87643d83-348a-486f-9c79-216651893789&banner_location=header",9.46,9.6,9.5,9.5,123,4,"",Yes,No,Yes,"https://www.checkatrade.com/trades/propertyman",propertyman
"AB Plumbing & Heating","Mr Antonio","Plumber","all plumbing","https://9tuma.app.link/kLTh3RAdIQb?cat_web_device_id=2e0b20a0-1207-473c-aef2-89240dec4f1e&cat_web_session_id=87643d83-348a-486f-9c79-216651893789&banner_location=header",10,9.99,10,10,145,2,"506320824",Yes,Yes,Yes,"https://www.checkatrade.com/trades/abplumbingandheating1115537",abplumbingandheating1115537
"MTHC Ltd","Mr Matthew","Plumber","North Staffordshire","https://9tuma.app.link/kLTh3RAdIQb?cat_web_device_id=2e0b20a0-1207-473c-aef2-89240dec4f1e&cat_web_session_id=87643d83-348a-486f-9c79-216651893789&banner_location=header",9.79,9.92,9.62,9.85,67,8,"289588813",Yes,Yes,Yes,"https://www.checkatrade.com/trades/mthcltd",mthcltd
"Plumbing&Gas4u","Mr Jack","Plumber","Newcastle","https://9tuma.app.link/kLTh3RAdIQb?cat_web_device_id=2e0b20a0-1207-473c-aef2-89240dec4f1e&cat_web_session_id=87643d83-348a-486f-9c79-216651893789&banner_location=header",9.96,10,9.94,9.94,242,2,"",Yes,Yes,Yes,"https://www.checkatrade.com/trades/plumbingandgas4u",plumbingandgas4u
"First Call Plumber And Maintenance Service","Mrs Karen","Plumber","Newcastle under","https://9tuma.app.link/kLTh3RAdIQb?cat_web_device_id=2e0b20a0-1207-473c-aef2-89240dec4f1e&cat_web_session_id=87643d83-348a-486f-9c79-216651893789&banner_location=header",9.92,9.91,9.94,9.91,34,1,"",No,Yes,Yes,"https://www.checkatrade.com/trades/firstcallplumberandmaintenanceservice",firstcallplumberandmaintenanceservice
"EcoSource Solutions","Mr Callum","Plumber","Staffordshire","https://9tuma.app.link/kLTh3RAdIQb?cat_web_device_id=2e0b20a0-1207-473c-aef2-89240dec4f1e&cat_web_session_id=87643d83-348a-486f-9c79-216651893789&banner_location=header",10,10,10,10,30,2,"",No,Yes,Yes,"https://www.checkatrade.com/trades/ecosourcesolutions",ecosourcesolutions
"Hollinsheads Plumbing & Heating Ltd","Mr Edward","Plumber","Stoke on","https://9tuma.app.link/kLTh3RAdIQb?cat_web_device_id=2e0b20a0-1207-473c-aef2-89240dec4f1e&cat_web_session_id=87643d83-348a-486f-9c79-216651893789&banner_location=header",9.96,9.96,10,9.93,27,1,"",Yes,No,Yes,"https://www.checkatrade.com/trades/hollinsheadsplumbingheatingltd",hollinsheadsplumbingheatingltd
"Clear Water Plumbing Services","Mr Ben","Plumber","","https://9tuma.app.link/kLTh3RAdIQb?cat_web_device_id=2e0b20a0-1207-473c-aef2-89240dec4f1e&cat_web_session_id=87643d83-348a-486f-9c79-216651893789&banner_location=header",9.94,10,9.91,9.91,77,1,"",No,Yes,Yes,"https://www.checkatrade.com/trades/clearwaterplumbingservices1079210",clearwaterplumbingservices1079210
"AMB Plumbing","Mr Andrew","Plumber","the domestic","https://9tuma.app.link/kLTh3RAdIQb?cat_web_device_id=2e0b20a0-1207-473c-aef2-89240dec4f1e&cat_web_session_id=87643d83-348a-486f-9c79-216651893789&banner_location=header",9.9,9.93,10,9.79,56,4,"",No,Yes,Yes,"https://www.checkatrade.com/trades/ambplumbing",ambplumbing
"GJ Plumb & Build Limited","Mr Jordan","Plumber","","https://9tuma.app.link/kLTh3RAdIQb?cat_web_device_id=2e0b20a0-1207-473c-aef2-89240dec4f1e&cat_web_session_id=87643d83-348a-486f-9c79-216651893789&banner_location=header",10,10,10,10,46,2,"2480113964",Yes,Yes,Yes,"https://www.checkatrade.com/trades/gjplumbandbuild",gjplumbandbuild
"Cheshire Home and Property Services","Mr Danny","Plumber","","https://9tuma.app.link/kLTh3RAdIQb?cat_web_device_id=2e0b20a0-1207-473c-aef2-89240dec4f1e&cat_web_session_id=87643d83-348a-486f-9c79-216651893789&banner_location=header",9.92,9.96,9.88,9.92,252,7,"",Yes,Yes,Yes,"https://www.checkatrade.com/trades/cheshirehomeandpropertyservices",cheshirehomeandpropertyservices
"LPW Plumbing Services","Mr Lawrence","Plumber","frodsham Cheshire","https://9tuma.app.link/kLTh3RAdIQb?cat_web_device_id=2e0b20a0-1207-473c-aef2-89240dec4f1e&cat_web_session_id=87643d83-348a-486f-9c79-216651893789&banner_location=header",9.63,9.89,9.22,9.78,56,1,"",No,Yes,Yes,"https://www.checkatrade.com/trades/lpwplumbingservices",lpwplumbingservices
"Pro Gas WXM Ltd","Mr Shaun","Plumber","the Wrexham","https://9tuma.app.link/kLTh3RAdIQb?cat_web_device_id=2e0b20a0-1207-473c-aef2-89240dec4f1e&cat_web_session_id=87643d83-348a-486f-9c79-216651893789&banner_location=header",9.85,9.86,9.83,9.86,157,6,"0000000000",Yes,Yes,Yes,"https://www.checkatrade.com/trades/progaswxmltd",progaswxmltd
"QR Domestic Plumbing","Mr. Josh Littlefair","Plumber","","https://9tuma.app.link/kLTh3RAdIQb?cat_web_device_id=2e0b20a0-1207-473c-aef2-89240dec4f1e&cat_web_session_id=87643d83-348a-486f-9c79-216651893789&banner_location=header",9.86,9.85,9.91,9.84,226,5,"",Yes,Yes,Yes,"https://www.checkatrade.com/trades/qrdomesticplumbing970657",qrdomesticplumbing970657
"Ileys Plumbing and Heating","Mr Wayne","Plumber","Shotton Colliery","https://9tuma.app.link/kLTh3RAdIQb?cat_web_device_id=2e0b20a0-1207-473c-aef2-89240dec4f1e&cat_web_session_id=87643d83-348a-486f-9c79-216651893789&banner_location=header",9.44,9.46,9.46,9.42,24,1,"",No,No,Yes,"https://www.checkatrade.com/trades/ileysplumbingandheating",ileysplumbingandheating
"CM plumbing and heating","Mr Calum","Plumber","Northeast

Newcastle","https://9tuma.app.link/kLTh3RAdIQb?cat_web_device_id=2e0b20a0-1207-473c-aef2-89240dec4f1e&cat_web_session_id=87643d83-348a-486f-9c79-216651893789&banner_location=header",9.82,9.8,9.85,9.8,20,1,"",Yes,No,Yes,"https://www.checkatrade.com/trades/cmplumbingandheating5927726",cmplumbingandheating5927726
"Pro Care Property Solutions","Mr Harley","Plumber","","https://9tuma.app.link/kLTh3RAdIQb?cat_web_device_id=2e0b20a0-1207-473c-aef2-89240dec4f1e&cat_web_session_id=87643d83-348a-486f-9c79-216651893789&banner_location=header",10,10,10,10,5,,"",No,Yes,Yes,"https://www.checkatrade.com/trades/procarepropertysolutions",procarepropertysolutions
"PWR Property Services Ltd","Mr Stephen","Plumber","North East","https://9tuma.app.link/kLTh3RAdIQb?cat_web_device_id=2e0b20a0-1207-473c-aef2-89240dec4f1e&cat_web_session_id=87643d83-348a-486f-9c79-216651893789&banner_location=header",9.88,9.9,9.76,9.95,34,1,"",Yes,Yes,Yes,"https://www.checkatrade.com/trades/pwrpropertyservices1106005",pwrpropertyservices1106005
"Taymer Plumbing And Heating Ltd","Mr. Jonathan Elmer","Plumber","","https://9tuma.app.link/kLTh3RAdIQb?cat_web_device_id=2e0b20a0-1207-473c-aef2-89240dec4f1e&cat_web_session_id=87643d83-348a-486f-9c79-216651893789&banner_location=header",9.97,9.95,10,9.95,73,5,"",Yes,Yes,Yes,"https://www.checkatrade.com/trades/taymerplumbingandheating1024148",taymerplumbingandheating1024148
"A I Plumbing & Heating Services","Mr Alan","Plumber","","https://9tuma.app.link/kLTh3RAdIQb?cat_web_device_id=2e0b20a0-1207-473c-aef2-89240dec4f1e&cat_web_session_id=87643d83-348a-486f-9c79-216651893789&banner_location=header",10,10,10,10,11,1,"",Yes,Yes,Yes,"https://www.checkatrade.com/trades/aiplumbingheatingservices",aiplumbingheatingservices
"NEWW Plumbing And Heating","Mr Nathan","Plumber","Washington and","https://9tuma.app.link/kLTh3RAdIQb?cat_web_device_id=2e0b20a0-1207-473c-aef2-89240dec4f1e&cat_web_session_id=87643d83-348a-486f-9c79-216651893789&banner_location=header",10,10,10,10,3,,"",Yes,No,Yes,"https://www.checkatrade.com/trades/newwplumbingandheating",newwplumbingandheating
"Silverdale Gas Ltd","Mr Daniel","Plumber","","https://9tuma.app.link/kLTh3RAdIQb?cat_web_device_id=2e0b20a0-1207-473c-aef2-89240dec4f1e&cat_web_session_id=87643d83-348a-486f-9c79-216651893789&banner_location=header",9.8,9.78,9.78,9.83,173,12,"",Yes,Yes,Yes,"https://www.checkatrade.com/trades/silverdalegasltd",silverdalegasltd
"N Woods Heating & Plumbing","Mr Neil","Plumber","Darlington","https://9tuma.app.link/kLTh3RAdIQb?cat_web_device_id=2e0b20a0-1207-473c-aef2-89240dec4f1e&cat_web_session_id=87643d83-348a-486f-9c79-216651893789&banner_location=header",9.94,9.83,10,10,300,12,"",Yes,Yes,Yes,"https://www.checkatrade.com/trades/nwoodsheatingandplumbing",nwoodsheatingandplumbing
"Plumbway Services","Mr Dale","Plumber","the Teesside","https://9tuma.app.link/kLTh3RAdIQb?cat_web_device_id=2e0b20a0-1207-473c-aef2-89240dec4f1e&cat_web_session_id=87643d83-348a-486f-9c79-216651893789&banner_location=header",10,10,10,10,71,4,"",No,Yes,Yes,"https://www.checkatrade.com/trades/plumbwayservices",plumbwayservices
"M.A.F Plumbing, Heating & Gas Services Limited","Mr Mark","Plumber","","https://9tuma.app.link/kLTh3RAdIQb?cat_web_device_id=2e0b20a0-1207-473c-aef2-89240dec4f1e&cat_web_session_id=87643d83-348a-486f-9c79-216651893789&banner_location=header",9.09,9.09,9.09,9.09,269,8,"291348096",Yes,Yes,Yes,"https://www.checkatrade.com/trades/mafplumbingheatingandgasservicesltd",mafplumbingheatingandgasservicesltd
"A.I Plumbing, Heating and Odd Jobs","Mr Andrew","Plumber","","https://9tuma.app.link/kLTh3RAdIQb?cat_web_device_id=2e0b20a0-1207-473c-aef2-89240dec4f1e&cat_web_session_id=87643d83-348a-486f-9c79-216651893789&banner_location=header",9.58,9.75,9.5,9.5,41,3,"",Yes,No,Yes,"https://www.checkatrade.com/trades/aiplumbing",aiplumbing
"Aspire Plumbing","Patricia Hutchinson","Plumber","both homes","https://9tuma.app.link/kLTh3RAdIQb?cat_web_device_id=2e0b20a0-1207-473c-aef2-89240dec4f1e&cat_web_session_id=87643d83-348a-486f-9c79-216651893789&banner_location=header",9.87,10,10,9.6,32,6,"",Yes,Yes,Yes,"https://www.checkatrade.com/trades/aspireplumbingandmaintenance",aspireplumbingandmaintenance
"Taymer Boilers and Bathrooms Ltd","Mr Daniel","Plumber","","https://9tuma.app.link/kLTh3RAdIQb?cat_web_device_id=2e0b20a0-1207-473c-aef2-89240dec4f1e&cat_web_session_id=87643d83-348a-486f-9c79-216651893789&banner_location=header",9.83,9.9,9.86,9.71,44,2,"",Yes,Yes,Yes,"https://www.checkatrade.com/trades/taymerboilersandbathroomsltd",taymerboilersandbathroomsltd
"ELITEHEAT & Gas LTD","Mr Jordan","Plumber","","https://9tuma.app.link/kLTh3RAdIQb?cat_web_device_id=2e0b20a0-1207-473c-aef2-89240dec4f1e&cat_web_session_id=87643d83-348a-486f-9c79-216651893789&banner_location=header",10,10,10,10,88,1,"",Yes,Yes,Yes,"https://www.checkatrade.com/trades/eliteheatgasltd465906",eliteheatgasltd465906
"Blackwell Heating & Plumbing Ltd","Mr Andrew","Plumber","Darlington where","https://9tuma.app.link/kLTh3RAdIQb?cat_web_device_id=2e0b20a0-1207-473c-aef2-89240dec4f1e&cat_web_session_id=87643d83-348a-486f-9c79-216651893789&banner_location=header",10,10,10,10,442,12,"",Yes,Yes,Yes,"https://www.checkatrade.com/trades/blackwellheatingandplumbing",blackwellheatingandplumbing
"Bath & Shower Works Ltd","Mr Patrick","Plumber","DARLINGTON and","https://9tuma.app.link/kLTh3RAdIQb?cat_web_device_id=2e0b20a0-1207-473c-aef2-89240dec4f1e&cat_web_session_id=87643d83-348a-486f-9c79-216651893789&banner_location=header",9.86,9.88,9.81,9.9,76,3,"",Yes,Yes,Yes,"https://www.checkatrade.com/trades/bathandshowerworks",bathandshowerworks
"Matthews Heating and Plumbing","Mr Callum","Plumber","Stockton on","https://9tuma.app.link/kLTh3RAdIQb?cat_web_device_id=2e0b20a0-1207-473c-aef2-89240dec4f1e&cat_web_session_id=87643d83-348a-486f-9c79-216651893789&banner_location=header",9.57,9.52,9.64,9.56,25,1,"",Yes,No,Yes,"https://www.checkatrade.com/trades/matthewsheatingandplumbing5905984",matthewsheatingandplumbing5905984
"JAL Plumbing And Heating","Mr John","Plumber","Thornaby Stockton","https://9tuma.app.link/kLTh3RAdIQb?cat_web_device_id=2e0b20a0-1207-473c-aef2-89240dec4f1e&cat_web_session_id=87643d83-348a-486f-9c79-216651893789&banner_location=header",9.82,9.67,9.9,9.92,73,1,"",Yes,Yes,Yes,"https://www.checkatrade.com/trades/jalplumbingandheating",jalplumbingandheating
"B Mac Plumbing & Heating","Mr Billy","Plumber","all aspects","https://9tuma.app.link/kLTh3RAdIQb?cat_web_device_id=2e0b20a0-1207-473c-aef2-89240dec4f1e&cat_web_session_id=87643d83-348a-486f-9c79-216651893789&banner_location=header",9.9,9.86,9.93,9.93,14,1,"",No,Yes,Yes,"https://www.checkatrade.com/trades/bmacplumbingheating",bmacplumbingheating
"Neil Rhucroft Heating Services","Mr Neil","Plumber","Teesside","https://9tuma.app.link/kLTh3RAdIQb?cat_web_device_id=2e0b20a0-1207-473c-aef2-89240dec4f1e&cat_web_session_id=87643d83-348a-486f-9c79-216651893789&banner_location=header",9.66,9.67,9.67,9.64,545,10,"285866248",Yes,Yes,Yes,"https://www.checkatrade.com/trades/neilrhucroftheatingservices",neilrhucroftheatingservices
"J P Free Ltd","Mr James","Plumber","Weymouth serving","https://9tuma.app.link/kLTh3RAdIQb?cat_web_device_id=2e0b20a0-1207-473c-aef2-89240dec4f1e&cat_web_session_id=87643d83-348a-486f-9c79-216651893789&banner_location=header",9.61,9.73,9.64,9.45,89,2,"",Yes,Yes,Yes,"https://www.checkatrade.com/trades/jpfree472705",jpfree472705
"Phoenix Electrical & Plumbing Services","Mr Daniel","Plumber","","https://9tuma.app.link/kLTh3RAdIQb?cat_web_device_id=2e0b20a0-1207-473c-aef2-89240dec4f1e&cat_web_session_id=87643d83-348a-486f-9c79-216651893789&banner_location=header",9.59,9.91,9.73,9.82,172,8,"277888523",Yes,Yes,Yes,"https://www.checkatrade.com/trades/phoenixelectricalandplumbings",phoenixelectricalandplumbings
"Laurence Matharoo","Mr Laurence","Plumber","Christchurch and","https://9tuma.app.link/kLTh3RAdIQb?cat_web_device_id=2e0b20a0-1207-473c-aef2-89240dec4f1e&cat_web_session_id=87643d83-348a-486f-9c79-216651893789&banner_location=header",9.71,9.8,9.67,9.67,15,1,"",No,No,Yes,"https://www.checkatrade.com/trades/laurencematharoo",laurencematharoo
"Chris Barrow Plumbing","Mr Chris","Plumber","","https://9tuma.app.link/kLTh3RAdIQb?cat_web_device_id=2e0b20a0-1207-473c-aef2-89240dec4f1e&cat_web_session_id=87643d83-348a-486f-9c79-216651893789&banner_location=header",9.93,9.92,9.85,10,54,2,"",Yes,Yes,Yes,"https://www.checkatrade.com/trades/chrisbarrowplumbing",chrisbarrowplumbing
"Powered Up SW Electrical Contractors Limited","Mr Jack","Plumber","the Exeter","https://9tuma.app.link/kLTh3RAdIQb?cat_web_device_id=2e0b20a0-1207-473c-aef2-89240dec4f1e&cat_web_session_id=87643d83-348a-486f-9c79-216651893789&banner_location=header",9.92,9.9,9.97,9.9,178,7,"445070119",Yes,Yes,Yes,"https://www.checkatrade.com/trades/poweredupswelectricalcontractors",poweredupswelectricalcontractors
"SESC Solutions Ltd","Mr Steven","Plumber","Dorset and","https://9tuma.app.link/kLTh3RAdIQb?cat_web_device_id=2e0b20a0-1207-473c-aef2-89240dec4f1e&cat_web_session_id=87643d83-348a-486f-9c79-216651893789&banner_location=header",10,10,10,10,23,8,"239444195",Yes,Yes,Yes,"https://www.checkatrade.com/trades/sescsolutionsltd",sescsolutionsltd
"Churchill Plumbing","Mr Jake","Plumber","South Petherton","https://9tuma.app.link/kLTh3RAdIQb?cat_web_device_id=2e0b20a0-1207-473c-aef2-89240dec4f1e&cat_web_session_id=87643d83-348a-486f-9c79-216651893789&banner_location=header",9.85,9.78,9.78,10,9,1,"",Yes,No,Yes,"https://www.checkatrade.com/trades/churchillplumbing",churchillplumbing
"Porcelain & Pipe","Mr Chris","Plumber","Dorset and","https://9tuma.app.link/kLTh3RAdIQb?cat_web_device_id=2e0b20a0-1207-473c-aef2-89240dec4f1e&cat_web_session_id=87643d83-348a-486f-9c79-216651893789&banner_location=header",10,10,10,10,8,1,"",No,Yes,Yes,"https://www.checkatrade.com/trades/porcelainpipe",porcelainpipe
"OWB Plumbing and Heating","Mr Oakley","Plumber","","https://9tuma.app.link/kLTh3RAdIQb?cat_web_device_id=2e0b20a0-1207-473c-aef2-89240dec4f1e&cat_web_session_id=87643d83-348a-486f-9c79-216651893789&banner_location=header",9.96,10,10,9.88,26,4,"421872894",Yes,Yes,Yes,"https://www.checkatrade.com/trades/owbplumbingandheating",owbplumbingandheating
"Gasvolt Plumbing, Heating & Electrical Services","Mr Brian","Plumber","","https://9tuma.app.link/kLTh3RAdIQb?cat_web_device_id=2e0b20a0-1207-473c-aef2-89240dec4f1e&cat_web_session_id=87643d83-348a-486f-9c79-216651893789&banner_location=header",10,10,10,10,66,3,"",Yes,Yes,Yes,"https://www.checkatrade.com/trades/gasvoltplumbing",gasvoltplumbing
"Josef Lee Plumbing","Mr Josef","Plumber","","https://9tuma.app.link/kLTh3RAdIQb?cat_web_device_id=2e0b20a0-1207-473c-aef2-89240dec4f1e&cat_web_session_id=87643d83-348a-486f-9c79-216651893789&banner_location=header",9.68,9.89,9.78,10,14,2,"",No,Yes,Yes,"https://www.checkatrade.com/trades/josefleeplumbing",josefleeplumbing
"Aaron Knapp Plumbing & Heating","Mr Garry","Plumber","","https://9tuma.app.link/kLTh3RAdIQb?cat_web_device_id=2e0b20a0-1207-473c-aef2-89240dec4f1e&cat_web_session_id=87643d83-348a-486f-9c79-216651893789&banner_location=header",9.53,9.7,9.59,9.61,574,17,"",Yes,Yes,Yes,"https://www.checkatrade.com/trades/aaronknappplumbingandheating",aaronknappplumbingandheating
"Greenstar  Property Services Ltd","Mr Jason","Plumber","","https://9tuma.app.link/kLTh3RAdIQb?cat_web_device_id=2e0b20a0-1207-473c-aef2-89240dec4f1e&cat_web_session_id=87643d83-348a-486f-9c79-216651893789&banner_location=header",9.87,9.82,9.88,9.91,929,12,"107680419",Yes,Yes,Yes,"https://www.checkatrade.com/trades/greenstarpropertyservicesltd",greenstarpropertyservicesltd
"Forsey plumbing and heating","Mr. Andrew Forsey","Plumber","","https://9tuma.app.link/kLTh3RAdIQb?cat_web_device_id=2e0b20a0-1207-473c-aef2-89240dec4f1e&cat_web_session_id=87643d83-348a-486f-9c79-216651893789&banner_location=header",9.87,9.87,9.9,9.83,184,5,"",Yes,Yes,Yes,"https://www.checkatrade.com/trades/forseyplumbingandheating",forseyplumbingandheating
"Centroplumb Ltd","Mr Michael","Plumber","Langport and","https://9tuma.app.link/kLTh3RAdIQb?cat_web_device_id=2e0b20a0-1207-473c-aef2-89240dec4f1e&cat_web_session_id=87643d83-348a-486f-9c79-216651893789&banner_location=header",9.84,,,,23,2,"",Yes,No,Yes,"https://www.checkatrade.com/trades/centroplumbltd",centroplumbltd
"Blue Gas Plumbing & Heating","Mr Andrew","Plumber","Glastonbury and","https://9tuma.app.link/kLTh3RAdIQb?cat_web_device_id=2e0b20a0-1207-473c-aef2-89240dec4f1e&cat_web_session_id=87643d83-348a-486f-9c79-216651893789&banner_location=header",9.77,9.85,9.77,9.69,13,1,"",Yes,Yes,Yes,"https://www.checkatrade.com/trades/bluegasplumbingheating",bluegasplumbingheating
"Dorset Drainage & Plumbing Services","Mr Duncan","Plumber","","https://9tuma.app.link/kLTh3RAdIQb?cat_web_device_id=2e0b20a0-1207-473c-aef2-89240dec4f1e&cat_web_session_id=87643d83-348a-486f-9c79-216651893789&banner_location=header",9.97,9.95,10,9.95,179,4,"",Yes,Yes,Yes,"https://www.checkatrade.com/trades/dorsetdrainageandplumbingservices",dorsetdrainageandplumbingservices
"Sani Solutions Ltd","Mr Guy","Plumber","domestic and","https://9tuma.app.link/kLTh3RAdIQb?cat_web_device_id=2e0b20a0-1207-473c-aef2-89240dec4f1e&cat_web_session_id=87643d83-348a-486f-9c79-216651893789&banner_location=header",9.95,9.95,9.95,9.95,1963,17,"799579332",Yes,No,Yes,"https://www.checkatrade.com/trades/sanisolutions",sanisolutions
"N H Plumbing &  Heating Solutions","Mr Nick","Plumber","Pimperne near","https://9tuma.app.link/kLTh3RAdIQb?cat_web_device_id=2e0b20a0-1207-473c-aef2-89240dec4f1e&cat_web_session_id=87643d83-348a-486f-9c79-216651893789&banner_location=header",9.89,9.87,10,9.8,254,12,"",Yes,Yes,Yes,"https://www.checkatrade.com/trades/nhplumbingandheatingsolutionsltd",nhplumbingandheatingsolutionsltd
"Sweeney Services","Mr. Ryan Sweeney","Plumber","","https://9tuma.app.link/kLTh3RAdIQb?cat_web_device_id=2e0b20a0-1207-473c-aef2-89240dec4f1e&cat_web_session_id=87643d83-348a-486f-9c79-216651893789&banner_location=header",9.77,9.75,9.82,9.75,71,5,"",No,Yes,Yes,"https://www.checkatrade.com/trades/sweeneyservices",sweeneyservices
"L.Simpson Plumbing & Heating","Mr Luke","Plumber","all aspects","https://9tuma.app.link/kLTh3RAdIQb?cat_web_device_id=2e0b20a0-1207-473c-aef2-89240dec4f1e&cat_web_session_id=87643d83-348a-486f-9c79-216651893789&banner_location=header",10,10,10,10,33,2,"",Yes,Yes,Yes,"https://www.checkatrade.com/trades/lsimpsonplumbingandheating",lsimpsonplumbingandheating
"Webley Heating Ltd","Mr Mark","Plumber","","https://9tuma.app.link/kLTh3RAdIQb?cat_web_device_id=2e0b20a0-1207-473c-aef2-89240dec4f1e&cat_web_session_id=87643d83-348a-486f-9c79-216651893789&banner_location=header",9.76,9.73,9.73,9.8,701,19,"186752719",Yes,Yes,Yes,"https://www.checkatrade.com/trades/webleyheating",webleyheating
"Right Plumbing","Mr Mohsen","Plumber","","https://9tuma.app.link/kLTh3RAdIQb?cat_web_device_id=2e0b20a0-1207-473c-aef2-89240dec4f1e&cat_web_session_id=87643d83-348a-486f-9c79-216651893789&banner_location=header",9.99,9.98,10,9.98,135,4,"",Yes,Yes,Yes,"https://www.checkatrade.com/trades/rightplumbing",rightplumbing
"MSJ PLUMBING LTD","Mr Mehrdad","Plumber","plumbing supplies","https://9tuma.app.link/kLTh3RAdIQb?cat_web_device_id=2e0b20a0-1207-473c-aef2-89240dec4f1e&cat_web_session_id=87643d83-348a-486f-9c79-216651893789&banner_location=header",7.42,7.38,7.63,7.25,114,4,"",Yes,No,Yes,"https://www.checkatrade.com/trades/msjplumbingltd",msjplumbingltd
"Go Shower","Mr John","Plumber","","https://9tuma.app.link/kLTh3RAdIQb?cat_web_device_id=2e0b20a0-1207-473c-aef2-89240dec4f1e&cat_web_session_id=87643d83-348a-486f-9c79-216651893789&banner_location=header",10,10,10,10,430,14,"",Yes,Yes,Yes,"https://www.checkatrade.com/trades/goshower",goshower
"BR Plumbing","Mr Ben","Plumber","Poole and","https://9tuma.app.link/kLTh3RAdIQb?cat_web_device_id=2e0b20a0-1207-473c-aef2-89240dec4f1e&cat_web_session_id=87643d83-348a-486f-9c79-216651893789&banner_location=header",10,10,10,10,11,1,"",No,No,Yes,"https://www.checkatrade.com/trades/brplumbing",brplumbing
"On Tap Plumbing & Maintenance","Mr Jamie","Plumber","","https://9tuma.app.link/kLTh3RAdIQb?cat_web_device_id=2e0b20a0-1207-473c-aef2-89240dec4f1e&cat_web_session_id=87643d83-348a-486f-9c79-216651893789&banner_location=header",9.83,10,9.5,10,2,,"",Yes,No,Yes,"https://www.checkatrade.com/trades/ontapplumbingmaintenance5938557",ontapplumbingmaintenance5938557
"Sula Plumbing & Bathrooms","Mr. Brajan Sula","Plumber","","https://9tuma.app.link/kLTh3RAdIQb?cat_web_device_id=2e0b20a0-1207-473c-aef2-89240dec4f1e&cat_web_session_id=87643d83-348a-486f-9c79-216651893789&banner_location=header",9.89,9.95,9.81,9.9,320,5,"",No,Yes,Yes,"https://www.checkatrade.com/trades/bsplumbingservices986491",bsplumbingservices986491
"Wheelers Gas, Plumbing and Heating Ltd","Mr Jake","Plumber","all aspects","https://9tuma.app.link/kLTh3RAdIQb?cat_web_device_id=2e0b20a0-1207-473c-aef2-89240dec4f1e&cat_web_session_id=87643d83-348a-486f-9c79-216651893789&banner_location=header",9.95,9.95,9.95,9.95,114,4,"434817290",Yes,Yes,Yes,"https://www.checkatrade.com/trades/wheelersgasplumbingandheatingltd",wheelersgasplumbingandheatingltd
"KARL WITH A K PLUMBING & HEATING LIMITED","Mr Karl","Plumber","Wolverhampton and","https://9tuma.app.link/kLTh3RAdIQb?cat_web_device_id=2e0b20a0-1207-473c-aef2-89240dec4f1e&cat_web_session_id=87643d83-348a-486f-9c79-216651893789&banner_location=header",9.6,9.63,9.63,9.56,16,,"",Yes,Yes,Yes,"https://www.checkatrade.com/trades/karlwithakplumbingheatinglimited",karlwithakplumbingheatinglimited
"ROK Plumbing & Heating","Mr Harveer","Plumber","Wolverhampton and","https://9tuma.app.link/kLTh3RAdIQb?cat_web_device_id=2e0b20a0-1207-473c-aef2-89240dec4f1e&cat_web_session_id=87643d83-348a-486f-9c79-216651893789&banner_location=header",9.96,9.94,9.94,10,34,1,"",Yes,No,Yes,"https://www.checkatrade.com/trades/rokplumbingheating",rokplumbingheating
"Gosling Energy Solutions Ltd","Mr Matthew","Plumber","","https://9tuma.app.link/kLTh3RAdIQb?cat_web_device_id=2e0b20a0-1207-473c-aef2-89240dec4f1e&cat_web_session_id=87643d83-348a-486f-9c79-216651893789&banner_location=header",9.89,9.89,9.89,9.89,305,19,"",Yes,Yes,Yes,"https://www.checkatrade.com/trades/goslingenergysolutions",goslingenergysolutions
"I-Heat Services","Mr Leigh","Plumber","Hoddesdon","https://9tuma.app.link/kLTh3RAdIQb?cat_web_device_id=2e0b20a0-1207-473c-aef2-89240dec4f1e&cat_web_session_id=87643d83-348a-486f-9c79-216651893789&banner_location=header",10,10,10,10,388,14,"153038532",Yes,Yes,Yes,"https://www.checkatrade.com/trades/iheatservices",iheatservices
"NuBathrooms","Mr Keanu","Plumber","","https://9tuma.app.link/kLTh3RAdIQb?cat_web_device_id=2e0b20a0-1207-473c-aef2-89240dec4f1e&cat_web_session_id=87643d83-348a-486f-9c79-216651893789&banner_location=header",9.9,9.9,9.86,9.95,69,2,"",Yes,Yes,Yes,"https://www.checkatrade.com/trades/nubathrooms",nubathrooms
"PLUMBERS WARE LIMITED","Mr. Louis Parish","Plumber","","https://9tuma.app.link/kLTh3RAdIQb?cat_web_device_id=2e0b20a0-1207-473c-aef2-89240dec4f1e&cat_web_session_id=87643d83-348a-486f-9c79-216651893789&banner_location=header",10,10,10,10,82,5,"433241235",Yes,Yes,Yes,"https://www.checkatrade.com/trades/londonhertsplumbingservicesltd962708",londonhertsplumbingservicesltd962708
"Proflo London Ltd","Mr Joseph","Plumber","North London","https://9tuma.app.link/kLTh3RAdIQb?cat_web_device_id=2e0b20a0-1207-473c-aef2-89240dec4f1e&cat_web_session_id=87643d83-348a-486f-9c79-216651893789&banner_location=header",10,10,10,10,120,4,"403459218",Yes,Yes,Yes,"https://www.checkatrade.com/trades/proflolondonltd",proflolondonltd
"Mac Of All Trades","Mr Michael","Plumber","","https://9tuma.app.link/kLTh3RAdIQb?cat_web_device_id=2e0b20a0-1207-473c-aef2-89240dec4f1e&cat_web_session_id=87643d83-348a-486f-9c79-216651893789&banner_location=header",9.73,9.66,9.75,9.77,44,1,"",Yes,Yes,Yes,"https://www.checkatrade.com/trades/macofalltrades5920259",macofalltrades5920259
"Feeney Plumbing Limited","Mr Ricky","Plumber","","https://9tuma.app.link/kLTh3RAdIQb?cat_web_device_id=2e0b20a0-1207-473c-aef2-89240dec4f1e&cat_web_session_id=87643d83-348a-486f-9c79-216651893789&banner_location=header",9.98,9.95,10,10,215,3,"",Yes,Yes,Yes,"https://www.checkatrade.com/trades/feeneyplumbinglimited",feeneyplumbinglimited
"Mashal Plumbing","Mr Leon","Plumber","","https://9tuma.app.link/kLTh3RAdIQb?cat_web_device_id=2e0b20a0-1207-473c-aef2-89240dec4f1e&cat_web_session_id=87643d83-348a-486f-9c79-216651893789&banner_location=header",9.86,9.84,9.84,9.89,45,3,"",Yes,Yes,Yes,"https://www.checkatrade.com/trades/mashalplumbing",mashalplumbing
"P Jones Plumbing and Heating","Mr Peter","Plumber","Lytham St","https://9tuma.app.link/kLTh3RAdIQb?cat_web_device_id=2e0b20a0-1207-473c-aef2-89240dec4f1e&cat_web_session_id=87643d83-348a-486f-9c79-216651893789&banner_location=header",10,10,10,10,139,10,"",Yes,Yes,Yes,"https://www.checkatrade.com/trades/pjonesplumbingandheating370720",pjonesplumbingandheating370720
"Jakeys Plumbing Services","Mr Jake","Plumber","ThorntonCleveleys and","https://9tuma.app.link/kLTh3RAdIQb?cat_web_device_id=2e0b20a0-1207-473c-aef2-89240dec4f1e&cat_web_session_id=87643d83-348a-486f-9c79-216651893789&banner_location=header",10,10,10,10,3,1,"",No,Yes,Yes,"https://www.checkatrade.com/trades/jakeysplumbingservices",jakeysplumbingservices
"Alan Haigh","Mr Alan","Plumber","","https://9tuma.app.link/kLTh3RAdIQb?cat_web_device_id=2e0b20a0-1207-473c-aef2-89240dec4f1e&cat_web_session_id=87643d83-348a-486f-9c79-216651893789&banner_location=header",6.75,9,10,7,179,12,"",Yes,Yes,Yes,"https://www.checkatrade.com/trades/alanhaigh",alanhaigh
"H2Pro LTD","Mr Jack","Plumber","","https://9tuma.app.link/kLTh3RAdIQb?cat_web_device_id=2e0b20a0-1207-473c-aef2-89240dec4f1e&cat_web_session_id=87643d83-348a-486f-9c79-216651893789&banner_location=header",9.8,9.8,9.8,9.8,63,3,"461549774",Yes,Yes,Yes,"https://www.checkatrade.com/trades/h2proltd",h2proltd
"Thames Pro Heating Ltd","Mr Georgica","Plumber","","https://9tuma.app.link/kLTh3RAdIQb?cat_web_device_id=2e0b20a0-1207-473c-aef2-89240dec4f1e&cat_web_session_id=87643d83-348a-486f-9c79-216651893789&banner_location=header",9.87,9.74,9.96,9.91,88,3,"",Yes,Yes,Yes,"https://www.checkatrade.com/trades/thamesproheatingltd",thamesproheatingltd
"PGR Plumbing & Heating","Mr Paul","Plumber","everything","https://9tuma.app.link/kLTh3RAdIQb?cat_web_device_id=2e0b20a0-1207-473c-aef2-89240dec4f1e&cat_web_session_id=87643d83-348a-486f-9c79-216651893789&banner_location=header",10,10,10,10,107,3,"",Yes,Yes,Yes,"https://www.checkatrade.com/trades/pgrplumbingandheating",pgrplumbingandheating
"Sargeant & Son Ltd","Mr David","Plumber","","https://9tuma.app.link/kLTh3RAdIQb?cat_web_device_id=2e0b20a0-1207-473c-aef2-89240dec4f1e&cat_web_session_id=87643d83-348a-486f-9c79-216651893789&banner_location=header",9.97,9.96,9.98,9.98,793,13,"663665213",Yes,Yes,Yes,"https://www.checkatrade.com/trades/sargeantandson",sargeantandson
"Smart Plumbing","Mr Ian","Plumber","","https://9tuma.app.link/kLTh3RAdIQb?cat_web_device_id=2e0b20a0-1207-473c-aef2-89240dec4f1e&cat_web_session_id=87643d83-348a-486f-9c79-216651893789&banner_location=header",9.76,9.77,9.81,9.68,235,10,"252342039",Yes,Yes,Yes,"https://www.checkatrade.com/trades/smartplumbing",smartplumbing
"RB Plumbing & Heating Services Ltd","Mr Randeep","Plumber","","https://9tuma.app.link/kLTh3RAdIQb?cat_web_device_id=2e0b20a0-1207-473c-aef2-89240dec4f1e&cat_web_session_id=87643d83-348a-486f-9c79-216651893789&banner_location=header",9.59,9.71,9.68,9.68,64,2,"",Yes,Yes,Yes,"https://www.checkatrade.com/trades/rbplumbingandheatingservices1111379",rbplumbingandheatingservices1111379
"1st Call Utilities","Mr Ibrar","Plumber","Bradford","https://9tuma.app.link/kLTh3RAdIQb?cat_web_device_id=2e0b20a0-1207-473c-aef2-89240dec4f1e&cat_web_session_id=87643d83-348a-486f-9c79-216651893789&banner_location=header",9,8.92,9.08,9,177,9,"303451446",Yes,Yes,Yes,"https://www.checkatrade.com/trades/1stcallutilities",1stcallutilities
"SC Plumbing Services","Mr Seb","Plumber","Huddersfield and","https://9tuma.app.link/kLTh3RAdIQb?cat_web_device_id=2e0b20a0-1207-473c-aef2-89240dec4f1e&cat_web_session_id=87643d83-348a-486f-9c79-216651893789&banner_location=header",10,10,10,10,7,1,"",Yes,Yes,Yes,"https://www.checkatrade.com/trades/scplumbingservices15001166",scplumbingservices15001166
"We Plumb 247 Ltd","Mr Bilal","Plumber","","https://9tuma.app.link/kLTh3RAdIQb?cat_web_device_id=2e0b20a0-1207-473c-aef2-89240dec4f1e&cat_web_session_id=87643d83-348a-486f-9c79-216651893789&banner_location=header",9.89,10,9.67,10,47,8,"",Yes,Yes,Yes,"https://www.checkatrade.com/trades/weplumb247ltd",weplumb247ltd
"Pipe Dr Ltd","Mr James","Plumber","","https://9tuma.app.link/kLTh3RAdIQb?cat_web_device_id=2e0b20a0-1207-473c-aef2-89240dec4f1e&cat_web_session_id=87643d83-348a-486f-9c79-216651893789&banner_location=header",9.82,9.82,9.82,9.82,59,3,"447021222",Yes,Yes,Yes,"https://www.checkatrade.com/trades/pipedrltd",pipedrltd
"Atp Plumbing Ltd","Mr. Adam Grantham","Plumber","","https://9tuma.app.link/kLTh3RAdIQb?cat_web_device_id=2e0b20a0-1207-473c-aef2-89240dec4f1e&cat_web_session_id=87643d83-348a-486f-9c79-216651893789&banner_location=header",9.97,9.91,10,10,165,5,"",Yes,Yes,Yes,"https://www.checkatrade.com/trades/atpplumbing",atpplumbing
"ABW Heating & Electrical","Mr Hamid","Plumber","Leeds and","https://9tuma.app.link/kLTh3RAdIQb?cat_web_device_id=2e0b20a0-1207-473c-aef2-89240dec4f1e&cat_web_session_id=87643d83-348a-486f-9c79-216651893789&banner_location=header",9.67,9.8,9.4,9.8,5,1,"",Yes,No,Yes,"https://www.checkatrade.com/trades/abwheatingelectrical",abwheatingelectrical
"Hartley's Plumbing & Heating Engineers","Mr. Lewis Hartley","Plumber","the surrounding","https://9tuma.app.link/kLTh3RAdIQb?cat_web_device_id=2e0b20a0-1207-473c-aef2-89240dec4f1e&cat_web_session_id=87643d83-348a-486f-9c79-216651893789&banner_location=header",6.25,6,6,6,84,5,"424756975",Yes,Yes,Yes,"https://www.checkatrade.com/trades/hartleysplumbingheatingengineers",hartleysplumbingheatingengineers
"P&P Solutions","Shahbaz Ilyas","Plumber","","https://9tuma.app.link/kLTh3RAdIQb?cat_web_device_id=2e0b20a0-1207-473c-aef2-89240dec4f1e&cat_web_session_id=87643d83-348a-486f-9c79-216651893789&banner_location=header",10,10,10,10,2,,"",Yes,Yes,Yes,"https://www.checkatrade.com/trades/ppsolutions15002236",ppsolutions15002236
"Adam Wiles Plumbing & Tiling Ltd","Mr Adam","Plumber","all aspects","https://9tuma.app.link/kLTh3RAdIQb?cat_web_device_id=2e0b20a0-1207-473c-aef2-89240dec4f1e&cat_web_session_id=87643d83-348a-486f-9c79-216651893789&banner_location=header",9.69,9.92,9.38,9.77,69,4,"",Yes,Yes,Yes,"https://www.checkatrade.com/trades/adamwilesplumbingandtiling",adamwilesplumbingandtiling
"JB Heating Services","Mr Jonathan","Plumber","","https://9tuma.app.link/kLTh3RAdIQb?cat_web_device_id=2e0b20a0-1207-473c-aef2-89240dec4f1e&cat_web_session_id=87643d83-348a-486f-9c79-216651893789&banner_location=header",9.77,9.73,9.78,9.8,1410,12,"",Yes,Yes,Yes,"https://www.checkatrade.com/trades/jbheatingservices",jbheatingservices
"Watson Services","Mr Sam","Plumber","","https://9tuma.app.link/kLTh3RAdIQb?cat_web_device_id=2e0b20a0-1207-473c-aef2-89240dec4f1e&cat_web_session_id=87643d83-348a-486f-9c79-216651893789&banner_location=header",9.87,9.88,9.84,9.88,81,2,"",Yes,Yes,Yes,"https://www.checkatrade.com/trades/watsonservices1101951",watsonservices1101951
"P Adams Plumbing & Heating","Mr Peter","Plumber","","https://9tuma.app.link/kLTh3RAdIQb?cat_web_device_id=2e0b20a0-1207-473c-aef2-89240dec4f1e&cat_web_session_id=87643d83-348a-486f-9c79-216651893789&banner_location=header",9.67,9.83,9.78,9.94,383,6,"",Yes,Yes,Yes,"https://www.checkatrade.com/trades/padamsplumbingandheating",padamsplumbingandheating
"MN Plumbing and Maintenance","Mr. Martin Nealon","Plumber","","https://9tuma.app.link/kLTh3RAdIQb?cat_web_device_id=2e0b20a0-1207-473c-aef2-89240dec4f1e&cat_web_session_id=87643d83-348a-486f-9c79-216651893789&banner_location=header",9.73,9.8,9.8,9.6,76,6,"400221086",Yes,No,Yes,"https://www.checkatrade.com/trades/mnplumbingandmaintenance",mnplumbingandmaintenance
"Complete Plumbing And Property Services","Mr Nicholas","Plumber","","https://9tuma.app.link/kLTh3RAdIQb?cat_web_device_id=2e0b20a0-1207-473c-aef2-89240dec4f1e&cat_web_session_id=87643d83-348a-486f-9c79-216651893789&banner_location=header",10,10,10,10,10,1,"",No,Yes,Yes,"https://www.checkatrade.com/trades/completeplumbingandpropertyservices",completeplumbingandpropertyservices
"T&P Plumbing and Maintenance","Mr Philip","Plumber","","https://9tuma.app.link/kLTh3RAdIQb?cat_web_device_id=2e0b20a0-1207-473c-aef2-89240dec4f1e&cat_web_session_id=87643d83-348a-486f-9c79-216651893789&banner_location=header",9.82,9.82,9.91,9.73,11,1,"",Yes,Yes,Yes,"https://www.checkatrade.com/trades/tpplumbingandmaintenance",tpplumbingandmaintenance
"HSS plumbing","Mr Craig","Plumber","","https://9tuma.app.link/kLTh3RAdIQb?cat_web_device_id=2e0b20a0-1207-473c-aef2-89240dec4f1e&cat_web_session_id=87643d83-348a-486f-9c79-216651893789&banner_location=header",9.93,9.93,9.93,9.93,48,1,"",No,No,Yes,"https://www.checkatrade.com/trades/hssplumbing",hssplumbing
"JH Plumbing","Mr Julian","Plumber","","https://9tuma.app.link/kLTh3RAdIQb?cat_web_device_id=2e0b20a0-1207-473c-aef2-89240dec4f1e&cat_web_session_id=87643d83-348a-486f-9c79-216651893789&banner_location=header",9.97,9.94,9.97,10,32,1,"",Yes,Yes,Yes,"https://www.checkatrade.com/trades/jhplumbing1137399",jhplumbing1137399
"Blake & Darvill Building and Developments Limited","Mr Adam","Plumber","Redditch and","https://9tuma.app.link/kLTh3RAdIQb?cat_web_device_id=2e0b20a0-1207-473c-aef2-89240dec4f1e&cat_web_session_id=87643d83-348a-486f-9c79-216651893789&banner_location=header",10,10,10,10,3,,"",Yes,No,Yes,"https://www.checkatrade.com/trades/blakedarvillbuildinganddevelopmentslimited",blakedarvillbuildinganddevelopmentslimited
"BST Plumbing and Electrical Ltd","Mr Thomas","Plumber","","https://9tuma.app.link/kLTh3RAdIQb?cat_web_device_id=2e0b20a0-1207-473c-aef2-89240dec4f1e&cat_web_session_id=87643d83-348a-486f-9c79-216651893789&banner_location=header",9.94,9.94,10,9.89,20,,"",Yes,Yes,Yes,"https://www.checkatrade.com/trades/bstplumbingandelectricalltd",bstplumbingandelectricalltd
"All Purpose Plumbing","Mr Darrell","Plumber","","https://9tuma.app.link/kLTh3RAdIQb?cat_web_device_id=2e0b20a0-1207-473c-aef2-89240dec4f1e&cat_web_session_id=87643d83-348a-486f-9c79-216651893789&banner_location=header",9.83,10,9.75,9.75,35,2,"",Yes,No,Yes,"https://www.checkatrade.com/trades/allpurposeplumbing",allpurposeplumbing
"C&H Plumbing and Drainage","Mr Thomas","Plumber","","https://9tuma.app.link/kLTh3RAdIQb?cat_web_device_id=2e0b20a0-1207-473c-aef2-89240dec4f1e&cat_web_session_id=87643d83-348a-486f-9c79-216651893789&banner_location=header",9.92,9.92,9.92,9.92,33,2,"",No,No,Yes,"https://www.checkatrade.com/trades/candhplumbinganddrainage",candhplumbinganddrainage
"severn valley plumbing and heating","","Plumber","Stourport","https://9tuma.app.link/kLTh3RAdIQb?cat_web_device_id=2e0b20a0-1207-473c-aef2-89240dec4f1e&cat_web_session_id=87643d83-348a-486f-9c79-216651893789&banner_location=header",10,10,10,10,2,1,"",Yes,Yes,Yes,"https://www.checkatrade.com/trades/severnvalleyplumbingandheating",severnvalleyplumbingandheating
"Editing Reality","Mr Benjamin","Plumber","","https://9tuma.app.link/kLTh3RAdIQb?cat_web_device_id=2e0b20a0-1207-473c-aef2-89240dec4f1e&cat_web_session_id=87643d83-348a-486f-9c79-216651893789&banner_location=header",10,,,,6,,"",No,No,Yes,"https://www.checkatrade.com/trades/editingreality",editingreality
"Home Plumb Services","Mr Daniel","Plumber","","https://9tuma.app.link/kLTh3RAdIQb?cat_web_device_id=2e0b20a0-1207-473c-aef2-89240dec4f1e&cat_web_session_id=87643d83-348a-486f-9c79-216651893789&banner_location=header",9.96,9.88,10,10,45,2,"",Yes,Yes,Yes,"https://www.checkatrade.com/trades/homeplumbservices",homeplumbservices
"Tapmasters","James Trimmer","Plumber","","https://9tuma.app.link/kLTh3RAdIQb?cat_web_device_id=2e0b20a0-1207-473c-aef2-89240dec4f1e&cat_web_session_id=87643d83-348a-486f-9c79-216651893789&banner_location=header",9.87,10,10,9.6,81,10,"",Yes,No,Yes,"https://www.checkatrade.com/trades/tapmasters",tapmasters
"Elsie Plumbing and Heating","Mr Lee","Plumber","Gloucester and","https://9tuma.app.link/kLTh3RAdIQb?cat_web_device_id=2e0b20a0-1207-473c-aef2-89240dec4f1e&cat_web_session_id=87643d83-348a-486f-9c79-216651893789&banner_location=header",9.97,10,9.92,10,13,1,"",Yes,No,Yes,"https://www.checkatrade.com/trades/elsieplumbingandheating",elsieplumbingandheating
"Pyramid Construction Solution LTD","Mr Hesham","Plumber","Bristol and","https://9tuma.app.link/kLTh3RAdIQb?cat_web_device_id=2e0b20a0-1207-473c-aef2-89240dec4f1e&cat_web_session_id=87643d83-348a-486f-9c79-216651893789&banner_location=header",9.87,,,,171,1,"",Yes,No,Yes,"https://www.checkatrade.com/trades/pyramidconstructionsolutionltd",pyramidconstructionsolutionltd
"Ayres Plumbing Solutions","Mr Aaron","Plumber","Bristol and","https://9tuma.app.link/kLTh3RAdIQb?cat_web_device_id=2e0b20a0-1207-473c-aef2-89240dec4f1e&cat_web_session_id=87643d83-348a-486f-9c79-216651893789&banner_location=header",8,8,8,8,10,1,"",No,Yes,Yes,"https://www.checkatrade.com/trades/ayresplumbingsolutions",ayresplumbingsolutions
"Aqua flow plumbing solutions & Emergency plumbing","Mr Lee","Plumber","","https://9tuma.app.link/kLTh3RAdIQb?cat_web_device_id=2e0b20a0-1207-473c-aef2-89240dec4f1e&cat_web_session_id=87643d83-348a-486f-9c79-216651893789&banner_location=header",9.91,9.91,9.87,9.95,55,1,"",Yes,No,Yes,"https://www.checkatrade.com/trades/aquaflowplumbingsolutionsemergencyplumbing",aquaflowplumbingsolutionsemergencyplumbing
"PipeWorks Plumbing & Heating","Mr Florentin","Plumber","Hull and","https://9tuma.app.link/kLTh3RAdIQb?cat_web_device_id=2e0b20a0-1207-473c-aef2-89240dec4f1e&cat_web_session_id=87643d83-348a-486f-9c79-216651893789&banner_location=header",10,10,10,10,14,,"",Yes,No,Yes,"https://www.checkatrade.com/trades/pipeworksplumbingheating",pipeworksplumbingheating
"Adrian Peacock","Mr Adrian","Plumber","","https://9tuma.app.link/kLTh3RAdIQb?cat_web_device_id=2e0b20a0-1207-473c-aef2-89240dec4f1e&cat_web_session_id=87643d83-348a-486f-9c79-216651893789&banner_location=header",9.91,9.92,9.97,9.95,251,4,"",Yes,Yes,Yes,"https://www.checkatrade.com/trades/adrianpeacock",adrianpeacock
"Viking Plumbing & Heating","Mr Alfie","Plumber","","https://9tuma.app.link/kLTh3RAdIQb?cat_web_device_id=2e0b20a0-1207-473c-aef2-89240dec4f1e&cat_web_session_id=87643d83-348a-486f-9c79-216651893789&banner_location=header",9.95,10,10,9.86,7,,"",Yes,Yes,Yes,"https://www.checkatrade.com/trades/vikingplumbingheating5938358",vikingplumbingheating5938358
"Speedy Plumbing Ltd","Mr Suad","Plumber","all plumbing","https://9tuma.app.link/kLTh3RAdIQb?cat_web_device_id=2e0b20a0-1207-473c-aef2-89240dec4f1e&cat_web_session_id=87643d83-348a-486f-9c79-216651893789&banner_location=header",10,10,10,10,64,3,"",Yes,Yes,Yes,"https://www.checkatrade.com/trades/speedyplumbing",speedyplumbing
"All Connected Plumbing and Bathrooms","Mr. James Morris","Plumber","Walkington near","https://9tuma.app.link/kLTh3RAdIQb?cat_web_device_id=2e0b20a0-1207-473c-aef2-89240dec4f1e&cat_web_session_id=87643d83-348a-486f-9c79-216651893789&banner_location=header",9.77,9.7,9.8,9.8,60,5,"",No,Yes,Yes,"https://www.checkatrade.com/trades/allconnectedplumbingandbathrooms",allconnectedplumbingandbathrooms
"1-2-1 Plumbing Solutions Ltd","Mr Shaun","Plumber","","https://9tuma.app.link/kLTh3RAdIQb?cat_web_device_id=2e0b20a0-1207-473c-aef2-89240dec4f1e&cat_web_session_id=87643d83-348a-486f-9c79-216651893789&banner_location=header",10,10,10,10,73,6,"",Yes,No,Yes,"https://www.checkatrade.com/trades/121plumbingsolutions",121plumbingsolutions
"ALPHA PLUMBING LTD","Mr Mathew","Plumber","","https://9tuma.app.link/kLTh3RAdIQb?cat_web_device_id=2e0b20a0-1207-473c-aef2-89240dec4f1e&cat_web_session_id=87643d83-348a-486f-9c79-216651893789&banner_location=header",9.93,9.94,9.89,9.94,18,1,"",Yes,Yes,Yes,"https://www.checkatrade.com/trades/alphaplumbingltd5913987",alphaplumbingltd5913987
"F&B plumbing solutions LTD","Mr Josh","Plumber","Hull and","https://9tuma.app.link/kLTh3RAdIQb?cat_web_device_id=2e0b20a0-1207-473c-aef2-89240dec4f1e&cat_web_session_id=87643d83-348a-486f-9c79-216651893789&banner_location=header",9.91,,,,55,1,"",Yes,Yes,Yes,"https://www.checkatrade.com/trades/fbplumbingsolutionsltd",fbplumbingsolutionsltd
"Osborne's Plumbing Ltd","Mr Jamie","Plumber","","https://9tuma.app.link/kLTh3RAdIQb?cat_web_device_id=2e0b20a0-1207-473c-aef2-89240dec4f1e&cat_web_session_id=87643d83-348a-486f-9c79-216651893789&banner_location=header",9.49,9.53,9.47,9.47,17,1,"",Yes,Yes,Yes,"https://www.checkatrade.com/trades/osbornesplumbing",osbornesplumbing
"CP Plumbing & Heating Ltd","Mr. Colin Everett","Plumber","Hessle we","https://9tuma.app.link/kLTh3RAdIQb?cat_web_device_id=2e0b20a0-1207-473c-aef2-89240dec4f1e&cat_web_session_id=87643d83-348a-486f-9c79-216651893789&banner_location=header",9.88,9.85,9.95,9.85,128,9,"",Yes,Yes,Yes,"https://www.checkatrade.com/trades/cpplumbingandheating422594",cpplumbingandheating422594
"Stephen Dove","Mr Stephen","Plumber","","https://9tuma.app.link/kLTh3RAdIQb?cat_web_device_id=2e0b20a0-1207-473c-aef2-89240dec4f1e&cat_web_session_id=87643d83-348a-486f-9c79-216651893789&banner_location=header",9.18,,,,2290,12,"",Yes,Yes,Yes,"https://www.checkatrade.com/trades/stephendove",stephendove
"Ion Mirza","Mr. Ion Mirza","Plumber","","https://9tuma.app.link/kLTh3RAdIQb?cat_web_device_id=2e0b20a0-1207-473c-aef2-89240dec4f1e&cat_web_session_id=87643d83-348a-486f-9c79-216651893789&banner_location=header",9.93,9.9,9.9,10,74,4,"",Yes,Yes,Yes,"https://www.checkatrade.com/trades/ionmirza",ionmirza
"Friendly London Plumbing","Mr Ilya","Plumber","","https://9tuma.app.link/kLTh3RAdIQb?cat_web_device_id=2e0b20a0-1207-473c-aef2-89240dec4f1e&cat_web_session_id=87643d83-348a-486f-9c79-216651893789&banner_location=header",9.92,9.9,9.96,9.9,145,3,"",No,Yes,Yes,"https://www.checkatrade.com/trades/friendlylondonplumbing",friendlylondonplumbing
"Plumbing And Heating Services","Mr Eriseld","Plumber","","https://9tuma.app.link/kLTh3RAdIQb?cat_web_device_id=2e0b20a0-1207-473c-aef2-89240dec4f1e&cat_web_session_id=87643d83-348a-486f-9c79-216651893789&banner_location=header",10,10,10,10,31,4,"",No,Yes,Yes,"https://www.checkatrade.com/trades/plumbingandheatingservices1059711",plumbingandheatingservices1059711
"BlueValve Plumbing","Mr George","Plumber","North London","https://9tuma.app.link/kLTh3RAdIQb?cat_web_device_id=2e0b20a0-1207-473c-aef2-89240dec4f1e&cat_web_session_id=87643d83-348a-486f-9c79-216651893789&banner_location=header",9.86,9.83,9.92,9.83,12,1,"",No,Yes,Yes,"https://www.checkatrade.com/trades/bluevalveplumbing",bluevalveplumbing
"RH20 Plumbing and Heating","Mr Richard","Plumber","","https://9tuma.app.link/kLTh3RAdIQb?cat_web_device_id=2e0b20a0-1207-473c-aef2-89240dec4f1e&cat_web_session_id=87643d83-348a-486f-9c79-216651893789&banner_location=header",9.93,9.93,9.93,9.93,107,10,"275671766",No,Yes,Yes,"https://www.checkatrade.com/trades/rhplumbingandheatinglondon",rhplumbingandheatinglondon
"S H Plumbing & Heating Ltd","Mr Steven","Plumber","all of","https://9tuma.app.link/kLTh3RAdIQb?cat_web_device_id=2e0b20a0-1207-473c-aef2-89240dec4f1e&cat_web_session_id=87643d83-348a-486f-9c79-216651893789&banner_location=header",9.83,9.81,9.83,9.84,493,2,"",Yes,No,Yes,"https://www.checkatrade.com/trades/shplumbingandheating331917",shplumbingandheating331917
"District and Domestic energy Limited","Mr Jonathan","Plumber","Barking and","https://9tuma.app.link/kLTh3RAdIQb?cat_web_device_id=2e0b20a0-1207-473c-aef2-89240dec4f1e&cat_web_session_id=87643d83-348a-486f-9c79-216651893789&banner_location=header",8.94,8.91,8.91,9,11,1,"",Yes,No,Yes,"https://www.checkatrade.com/trades/districtanddomesticenergylimited",districtanddomesticenergylimited
"Alpha Heating Services Ltd","Mr Lee","Plumber","mainly all","https://9tuma.app.link/kLTh3RAdIQb?cat_web_device_id=2e0b20a0-1207-473c-aef2-89240dec4f1e&cat_web_session_id=87643d83-348a-486f-9c79-216651893789&banner_location=header",9.83,9.67,9.83,10,17,1,"",Yes,No,Yes,"https://www.checkatrade.com/trades/alphaheatingservicesltd",alphaheatingservicesltd
"Thackeray Heating Ltd","Mr Karl","Plumber","","https://9tuma.app.link/kLTh3RAdIQb?cat_web_device_id=2e0b20a0-1207-473c-aef2-89240dec4f1e&cat_web_session_id=87643d83-348a-486f-9c79-216651893789&banner_location=header",9.99,10,10,9.96,755,12,"205907713",Yes,Yes,Yes,"https://www.checkatrade.com/trades/thackerayheating",thackerayheating
"KCHS Electrical Services","Mr Kern","Plumber","","https://9tuma.app.link/kLTh3RAdIQb?cat_web_device_id=2e0b20a0-1207-473c-aef2-89240dec4f1e&cat_web_session_id=87643d83-348a-486f-9c79-216651893789&banner_location=header",9.88,9.88,9.75,10,130,7,"",Yes,Yes,Yes,"https://www.checkatrade.com/trades/kchselectricalservices",kchselectricalservices
"Deben Heating Services","Mr Edward","Plumber","all aspects","https://9tuma.app.link/kLTh3RAdIQb?cat_web_device_id=2e0b20a0-1207-473c-aef2-89240dec4f1e&cat_web_session_id=87643d83-348a-486f-9c79-216651893789&banner_location=header",9.86,9.89,9.74,9.95,45,2,"",Yes,Yes,Yes,"https://www.checkatrade.com/trades/debenheatingservices",debenheatingservices
"K & A Plumber's Ltd","Mr Kamran","Plumber","","https://9tuma.app.link/kLTh3RAdIQb?cat_web_device_id=2e0b20a0-1207-473c-aef2-89240dec4f1e&cat_web_session_id=87643d83-348a-486f-9c79-216651893789&banner_location=header",9.71,9.74,9.64,9.75,310,4,"",Yes,Yes,Yes,"https://www.checkatrade.com/trades/kaplumbersltd",kaplumbersltd
"Jts Plumbing And Gas Ltd","Mr James","Plumber","","https://9tuma.app.link/kLTh3RAdIQb?cat_web_device_id=2e0b20a0-1207-473c-aef2-89240dec4f1e&cat_web_session_id=87643d83-348a-486f-9c79-216651893789&banner_location=header",9.89,9.86,9.9,9.9,529,4,"181255710",Yes,Yes,Yes,"https://www.checkatrade.com/trades/jtsplumbingandgasltd",jtsplumbingandgasltd
"Sleepsafe Heating & Boiler Services","Mr Luke","Plumber","","https://9tuma.app.link/kLTh3RAdIQb?cat_web_device_id=2e0b20a0-1207-473c-aef2-89240dec4f1e&cat_web_session_id=87643d83-348a-486f-9c79-216651893789&banner_location=header",10,10,10,10,32,2,"",Yes,No,Yes,"https://www.checkatrade.com/trades/sleepsafeheatingandboilerservices",sleepsafeheatingandboilerservices
"CJ Plumbing & Heating Ltd","Mr Ashley","Plumber","","https://9tuma.app.link/kLTh3RAdIQb?cat_web_device_id=2e0b20a0-1207-473c-aef2-89240dec4f1e&cat_web_session_id=87643d83-348a-486f-9c79-216651893789&banner_location=header",9.92,9.91,9.94,9.91,744,14,"140386528",Yes,Yes,Yes,"https://www.checkatrade.com/trades/heatsaveheating",heatsaveheating
"Jones Plumbing & Multi-Trade","Mr Dominic","Plumber","","https://9tuma.app.link/kLTh3RAdIQb?cat_web_device_id=2e0b20a0-1207-473c-aef2-89240dec4f1e&cat_web_session_id=87643d83-348a-486f-9c79-216651893789&banner_location=header",9.85,,,,21,8,"",No,Yes,Yes,"https://www.checkatrade.com/trades/jonesbathroomspecialists",jonesbathroomspecialists
"Barstow Plumbing & Heating","Mr David","Plumber","","https://9tuma.app.link/kLTh3RAdIQb?cat_web_device_id=2e0b20a0-1207-473c-aef2-89240dec4f1e&cat_web_session_id=87643d83-348a-486f-9c79-216651893789&banner_location=header",9.87,9.91,9.88,9.82,144,3,"",Yes,Yes,Yes,"https://www.checkatrade.com/trades/barstowplumbingandheating",barstowplumbingandheating
"S Good Heating & Plumbing","Mr Shaun","Plumber","","https://9tuma.app.link/kLTh3RAdIQb?cat_web_device_id=2e0b20a0-1207-473c-aef2-89240dec4f1e&cat_web_session_id=87643d83-348a-486f-9c79-216651893789&banner_location=header",9.98,9.94,10,10,116,4,"",Yes,Yes,Yes,"https://www.checkatrade.com/trades/sgoodheatingandplumbing",sgoodheatingandplumbing
"Central Plumbing Services","Mr Adam","Plumber","","https://9tuma.app.link/kLTh3RAdIQb?cat_web_device_id=2e0b20a0-1207-473c-aef2-89240dec4f1e&cat_web_session_id=87643d83-348a-486f-9c79-216651893789&banner_location=header",9.89,10,10,9.67,20,2,"",Yes,Yes,Yes,"https://www.checkatrade.com/trades/centralplumbingservices1127730",centralplumbingservices1127730
"Swiftserve Group Ltd","Mr Steen","Plumber","","https://9tuma.app.link/kLTh3RAdIQb?cat_web_device_id=2e0b20a0-1207-473c-aef2-89240dec4f1e&cat_web_session_id=87643d83-348a-486f-9c79-216651893789&banner_location=header",9.61,9.56,9.67,9.56,80,2,"",Yes,Yes,Yes,"https://www.checkatrade.com/trades/swiftservegroupltd",swiftservegroupltd
"Wilson Plumbing & Heating","Mr George","Plumber","","https://9tuma.app.link/kLTh3RAdIQb?cat_web_device_id=2e0b20a0-1207-473c-aef2-89240dec4f1e&cat_web_session_id=87643d83-348a-486f-9c79-216651893789&banner_location=header",9.96,9.95,9.95,9.95,106,3,"461495869",Yes,Yes,Yes,"https://www.checkatrade.com/trades/wilsonplumbingandheating",wilsonplumbingandheating
"Tom The Plumber","Mr Thomas","Plumber","","https://9tuma.app.link/kLTh3RAdIQb?cat_web_device_id=2e0b20a0-1207-473c-aef2-89240dec4f1e&cat_web_session_id=87643d83-348a-486f-9c79-216651893789&banner_location=header",9.98,9.96,9.99,9.99,156,2,"",Yes,Yes,Yes,"https://www.checkatrade.com/trades/tomtheplumber1108899",tomtheplumber1108899
"A.S.K Heating Services Ltd","Mr Steven","Plumber","Suffolk and","https://9tuma.app.link/kLTh3RAdIQb?cat_web_device_id=2e0b20a0-1207-473c-aef2-89240dec4f1e&cat_web_session_id=87643d83-348a-486f-9c79-216651893789&banner_location=header",10,10,10,10,94,1,"243419712",Yes,Yes,Yes,"https://www.checkatrade.com/trades/askheatingservicesltd",askheatingservicesltd
"Southbrook Property LTD","Mr Jason","Plumber","Ipswich and","https://9tuma.app.link/kLTh3RAdIQb?cat_web_device_id=2e0b20a0-1207-473c-aef2-89240dec4f1e&cat_web_session_id=87643d83-348a-486f-9c79-216651893789&banner_location=header",9.99,,,,755,,"",Yes,No,Yes,"https://www.checkatrade.com/trades/southbrookpropertyltd5939443",southbrookpropertyltd5939443
"J G Plumbing & Heating","Mr Jorge","Plumber","Suffolk","https://9tuma.app.link/kLTh3RAdIQb?cat_web_device_id=2e0b20a0-1207-473c-aef2-89240dec4f1e&cat_web_session_id=87643d83-348a-486f-9c79-216651893789&banner_location=header",10,10,10,10,30,6,"",Yes,No,Yes,"https://www.checkatrade.com/trades/jgplumbingandheating",jgplumbingandheating
"PR Carter Heating and Plumbing Ltd","Mr Peter","Plumber","Cambridge","https://9tuma.app.link/kLTh3RAdIQb?cat_web_device_id=2e0b20a0-1207-473c-aef2-89240dec4f1e&cat_web_session_id=87643d83-348a-486f-9c79-216651893789&banner_location=header",10,10,10,10,57,8,"",Yes,Yes,Yes,"https://www.checkatrade.com/trades/prcarterheatingandplumbing",prcarterheatingandplumbing
"DanAmic","Mr Danny","Plumber","","https://9tuma.app.link/kLTh3RAdIQb?cat_web_device_id=2e0b20a0-1207-473c-aef2-89240dec4f1e&cat_web_session_id=87643d83-348a-486f-9c79-216651893789&banner_location=header",9.88,9.92,9.76,9.96,158,8,"",Yes,Yes,Yes,"https://www.checkatrade.com/trades/danamicplumbingessex",danamicplumbingessex
"Graham and Graham Plumbing","Mr Jordan","Plumber","","https://9tuma.app.link/kLTh3RAdIQb?cat_web_device_id=2e0b20a0-1207-473c-aef2-89240dec4f1e&cat_web_session_id=87643d83-348a-486f-9c79-216651893789&banner_location=header",10,10,10,10,4,,"",Yes,Yes,Yes,"https://www.checkatrade.com/trades/grahamandgrahamplumbing",grahamandgrahamplumbing
"Mc Plumbing","Mr. Matt Culham","Plumber","","https://9tuma.app.link/kLTh3RAdIQb?cat_web_device_id=2e0b20a0-1207-473c-aef2-89240dec4f1e&cat_web_session_id=87643d83-348a-486f-9c79-216651893789&banner_location=header",9.44,8.67,9.67,10,30,5,"",Yes,No,Yes,"https://www.checkatrade.com/trades/mcplumbing1022035",mcplumbing1022035
"Dove Stream Plumbing and Heating Ltd","Mr Bobby","Plumber","","https://9tuma.app.link/kLTh3RAdIQb?cat_web_device_id=2e0b20a0-1207-473c-aef2-89240dec4f1e&cat_web_session_id=87643d83-348a-486f-9c79-216651893789&banner_location=header",10,10,10,10,113,6,"",Yes,Yes,Yes,"https://www.checkatrade.com/trades/dovestreamplumbingandheatingltd",dovestreamplumbingandheatingltd
"Rusupo Heating & Plumbing LTD","Mr Matthew","Plumber","","https://9tuma.app.link/kLTh3RAdIQb?cat_web_device_id=2e0b20a0-1207-473c-aef2-89240dec4f1e&cat_web_session_id=87643d83-348a-486f-9c79-216651893789&banner_location=header",9.4,,,,23,6,"",Yes,Yes,Yes,"https://www.checkatrade.com/trades/rusupoheatingandplumbing",rusupoheatingandplumbing
"SCAF PLUMBING & HEATING LIMITED","Mr Silviu","Plumber","","https://9tuma.app.link/kLTh3RAdIQb?cat_web_device_id=2e0b20a0-1207-473c-aef2-89240dec4f1e&cat_web_session_id=87643d83-348a-486f-9c79-216651893789&banner_location=header",9.08,9.08,9.11,9.05,166,4,"",Yes,No,Yes,"https://www.checkatrade.com/trades/scafplumbingheatinglimited",scafplumbingheatinglimited
"JAR Plumbing Services","Mr James","Plumber","","https://9tuma.app.link/kLTh3RAdIQb?cat_web_device_id=2e0b20a0-1207-473c-aef2-89240dec4f1e&cat_web_session_id=87643d83-348a-486f-9c79-216651893789&banner_location=header",9.96,9.95,9.97,9.95,159,8,"",Yes,Yes,Yes,"https://www.checkatrade.com/trades/jarplumbingservices",jarplumbingservices
"Pipe Up Plumbing","Mr Brynn","Plumber","","https://9tuma.app.link/kLTh3RAdIQb?cat_web_device_id=2e0b20a0-1207-473c-aef2-89240dec4f1e&cat_web_session_id=87643d83-348a-486f-9c79-216651893789&banner_location=header",9.39,9.35,9.41,9.41,210,8,"",No,Yes,Yes,"https://www.checkatrade.com/trades/pipeupplumbing",pipeupplumbing
"Westmorland Plumbing & Heating Ltd","Mr Shane","Plumber","Kendal","https://9tuma.app.link/kLTh3RAdIQb?cat_web_device_id=2e0b20a0-1207-473c-aef2-89240dec4f1e&cat_web_session_id=87643d83-348a-486f-9c79-216651893789&banner_location=header",10,10,10,10,49,8,"",Yes,Yes,Yes,"https://www.checkatrade.com/trades/westmorlandplumbingandheatingltd",westmorlandplumbingandheatingltd
"Trugas","Mr Adrian","Plumber","","https://9tuma.app.link/kLTh3RAdIQb?cat_web_device_id=2e0b20a0-1207-473c-aef2-89240dec4f1e&cat_web_session_id=87643d83-348a-486f-9c79-216651893789&banner_location=header",9.94,9.92,9.94,9.97,60,2,"",Yes,Yes,Yes,"https://www.checkatrade.com/trades/trugas",trugas
"J P RIGBY LTD","Mr Joe","Plumber","Lancaster","https://9tuma.app.link/kLTh3RAdIQb?cat_web_device_id=2e0b20a0-1207-473c-aef2-89240dec4f1e&cat_web_session_id=87643d83-348a-486f-9c79-216651893789&banner_location=header",9.94,10,9.95,9.86,116,3,"",Yes,Yes,Yes,"https://www.checkatrade.com/trades/jprigbyltd",jprigbyltd
"H20's Solutions","Mr Harry","Plumber","Lancaster and","https://9tuma.app.link/kLTh3RAdIQb?cat_web_device_id=2e0b20a0-1207-473c-aef2-89240dec4f1e&cat_web_session_id=87643d83-348a-486f-9c79-216651893789&banner_location=header",10,10,10,10,36,3,"",Yes,No,Yes,"https://www.checkatrade.com/trades/h20ssolutions1085002",h20ssolutions1085002
"Huckerby Plumbing And Heating","Mr Andrew","Plumber","","https://9tuma.app.link/kLTh3RAdIQb?cat_web_device_id=2e0b20a0-1207-473c-aef2-89240dec4f1e&cat_web_session_id=87643d83-348a-486f-9c79-216651893789&banner_location=header",9.76,9.78,9.83,9.67,36,1,"",Yes,Yes,Yes,"https://www.checkatrade.com/trades/huckerbyplumbingandheating1130769",huckerbyplumbingandheating1130769
"J & S HEATING AND COOLING LTD","Mr Jason","Plumber","","https://9tuma.app.link/kLTh3RAdIQb?cat_web_device_id=2e0b20a0-1207-473c-aef2-89240dec4f1e&cat_web_session_id=87643d83-348a-486f-9c79-216651893789&banner_location=header",9.68,9.66,9.69,9.69,431,10,"179887522",Yes,Yes,Yes,"https://www.checkatrade.com/trades/jandsplumbingandheating",jandsplumbingandheating
"CSC Plumbing Heating Ltd","Mr Clive","Plumber","Emergency Handman","https://9tuma.app.link/kLTh3RAdIQb?cat_web_device_id=2e0b20a0-1207-473c-aef2-89240dec4f1e&cat_web_session_id=87643d83-348a-486f-9c79-216651893789&banner_location=header",9.64,9.66,9.66,9.71,108,2,"498619914",Yes,No,Yes,"https://www.checkatrade.com/trades/cscplumbingheatingltd",cscplumbingheatingltd
"NO1 BRITISH BOILERS LTD","Mr Lee","Plumber","","https://9tuma.app.link/kLTh3RAdIQb?cat_web_device_id=2e0b20a0-1207-473c-aef2-89240dec4f1e&cat_web_session_id=87643d83-348a-486f-9c79-216651893789&banner_location=header",9.87,9.83,9.83,9.96,70,3,"",Yes,Yes,Yes,"https://www.checkatrade.com/trades/no1britishboilersltd1088730",no1britishboilersltd1088730
"GSM Plumbing and Heating","Mr Grant","Plumber","","https://9tuma.app.link/kLTh3RAdIQb?cat_web_device_id=2e0b20a0-1207-473c-aef2-89240dec4f1e&cat_web_session_id=87643d83-348a-486f-9c79-216651893789&banner_location=header",9.68,9.7,9.65,9.7,134,3,"",Yes,Yes,Yes,"https://www.checkatrade.com/trades/gsmplumbingandheating",gsmplumbingandheating
"BLU MAINTENANCE & LOGISTICS LIMITED","Mr Stefan","Plumber","Boston and","https://9tuma.app.link/kLTh3RAdIQb?cat_web_device_id=2e0b20a0-1207-473c-aef2-89240dec4f1e&cat_web_session_id=87643d83-348a-486f-9c79-216651893789&banner_location=header",10,10,10,10,7,,"",Yes,No,Yes,"https://www.checkatrade.com/trades/blumaintenancelogisticslimited",blumaintenancelogisticslimited
"Urban Upgrades Ltd","Mr Lokesh","Plumber","all domestic","https://9tuma.app.link/kLTh3RAdIQb?cat_web_device_id=2e0b20a0-1207-473c-aef2-89240dec4f1e&cat_web_session_id=87643d83-348a-486f-9c79-216651893789&banner_location=header",10,10,10,10,4,,"",Yes,Yes,Yes,"https://www.checkatrade.com/trades/urbanupgradesltd",urbanupgradesltd
"Dual Fuel Domestic Limited","Mr. Nathan Cook","Plumber","","https://9tuma.app.link/kLTh3RAdIQb?cat_web_device_id=2e0b20a0-1207-473c-aef2-89240dec4f1e&cat_web_session_id=87643d83-348a-486f-9c79-216651893789&banner_location=header",9.55,9.69,9.69,10,78,5,"",Yes,No,Yes,"https://www.checkatrade.com/trades/dualfueldomesticlimited989477",dualfueldomesticlimited989477
"Metro Plumb Nottingham","Mr Harry","Plumber","Newark and","https://9tuma.app.link/kLTh3RAdIQb?cat_web_device_id=2e0b20a0-1207-473c-aef2-89240dec4f1e&cat_web_session_id=87643d83-348a-486f-9c79-216651893789&banner_location=header",9.68,,,,7,2,"",Yes,No,Yes,"https://www.checkatrade.com/trades/metroplumbnottingham",metroplumbnottingham
"EFG plumbing and Heating","Mr Gabriel","Plumber","","https://9tuma.app.link/kLTh3RAdIQb?cat_web_device_id=2e0b20a0-1207-473c-aef2-89240dec4f1e&cat_web_session_id=87643d83-348a-486f-9c79-216651893789&banner_location=header",9.68,,,,431,,"",Yes,No,Yes,"https://www.checkatrade.com/trades/efgplumbingandheating",efgplumbingandheating
"CBG Heating","Mr Jason","Plumber","","https://9tuma.app.link/kLTh3RAdIQb?cat_web_device_id=2e0b20a0-1207-473c-aef2-89240dec4f1e&cat_web_session_id=87643d83-348a-486f-9c79-216651893789&banner_location=header",10,10,10,10,242,4,"",Yes,Yes,Yes,"https://www.checkatrade.com/trades/clearbluegas",clearbluegas
"Boiler assures ltd","Mr Ali","Plumber","","https://9tuma.app.link/kLTh3RAdIQb?cat_web_device_id=2e0b20a0-1207-473c-aef2-89240dec4f1e&cat_web_session_id=87643d83-348a-486f-9c79-216651893789&banner_location=header",9.33,8.83,9.5,9.67,6,1,"",Yes,Yes,Yes,"https://www.checkatrade.com/trades/boilerassuresltd",boilerassuresltd
"BJM Plumbing","Mr. Benjamin Mallabar","Plumber","","https://9tuma.app.link/kLTh3RAdIQb?cat_web_device_id=2e0b20a0-1207-473c-aef2-89240dec4f1e&cat_web_session_id=87643d83-348a-486f-9c79-216651893789&banner_location=header",9.6,9.6,9.67,9.53,78,5,"",Yes,Yes,Yes,"https://www.checkatrade.com/trades/bjmplumbing",bjmplumbing
"KR Plumbing","Mr Kieran","Plumber","Mablethorpe and","https://9tuma.app.link/kLTh3RAdIQb?cat_web_device_id=2e0b20a0-1207-473c-aef2-89240dec4f1e&cat_web_session_id=87643d83-348a-486f-9c79-216651893789&banner_location=header",10,,,,7,1,"",Yes,Yes,Yes,"https://www.checkatrade.com/trades/krplumbing",krplumbing
"J Toms Plumbing & Heating","Mr Jason","Plumber","homes and","https://9tuma.app.link/kLTh3RAdIQb?cat_web_device_id=2e0b20a0-1207-473c-aef2-89240dec4f1e&cat_web_session_id=87643d83-348a-486f-9c79-216651893789&banner_location=header",9.93,9.96,9.93,9.9,68,1,"",Yes,Yes,Yes,"https://www.checkatrade.com/trades/jtomsplumbingheating",jtomsplumbingheating
"L.C.A. Maintenance Services Ltd","Mr Daniel","Plumber","Bedfordshire","https://9tuma.app.link/kLTh3RAdIQb?cat_web_device_id=2e0b20a0-1207-473c-aef2-89240dec4f1e&cat_web_session_id=87643d83-348a-486f-9c79-216651893789&banner_location=header",9.57,9.57,9.64,9.5,539,10,"260511441",Yes,Yes,Yes,"https://www.checkatrade.com/trades/lcamaintenanceservicesltd",lcamaintenanceservicesltd
"1 Heat Plumbing Ltd","Mr Tanino","Plumber","the local","https://9tuma.app.link/kLTh3RAdIQb?cat_web_device_id=2e0b20a0-1207-473c-aef2-89240dec4f1e&cat_web_session_id=87643d83-348a-486f-9c79-216651893789&banner_location=header",9.82,9.83,9.76,9.86,42,2,"",Yes,Yes,Yes,"https://www.checkatrade.com/trades/1heatplumbingltd",1heatplumbingltd
"Dcl Plumbing And Heating Limited","Mr Dean","Plumber","","https://9tuma.app.link/kLTh3RAdIQb?cat_web_device_id=2e0b20a0-1207-473c-aef2-89240dec4f1e&cat_web_session_id=87643d83-348a-486f-9c79-216651893789&banner_location=header",9.63,9.65,9.75,9.7,81,2,"",Yes,Yes,Yes,"https://www.checkatrade.com/trades/dclplumbingandheating",dclplumbingandheating
"Lloyd Wallace","Mr. Lloyd Wallace","Plumber","","https://9tuma.app.link/kLTh3RAdIQb?cat_web_device_id=2e0b20a0-1207-473c-aef2-89240dec4f1e&cat_web_session_id=87643d83-348a-486f-9c79-216651893789&banner_location=header",9.24,9.45,8.91,9.36,19,3,"",Yes,Yes,Yes,"https://www.checkatrade.com/trades/lloydwallace",lloydwallace
"Reliance heating and plumbing","Mr Ben","Plumber","Aylesbury and","https://9tuma.app.link/kLTh3RAdIQb?cat_web_device_id=2e0b20a0-1207-473c-aef2-89240dec4f1e&cat_web_session_id=87643d83-348a-486f-9c79-216651893789&banner_location=header",10,10,10,10,7,,"",Yes,No,Yes,"https://www.checkatrade.com/trades/relianceheatingandplumbing",relianceheatingandplumbing
"Aplus Heating Services Ltd","Mr Hamid","Plumber","","https://9tuma.app.link/kLTh3RAdIQb?cat_web_device_id=2e0b20a0-1207-473c-aef2-89240dec4f1e&cat_web_session_id=87643d83-348a-486f-9c79-216651893789&banner_location=header",9.91,9.93,9.87,9.93,362,13,"212824142",Yes,Yes,Yes,"https://www.checkatrade.com/trades/aplusheatingserviceltd",aplusheatingserviceltd
"Dexsum Plumbing Services Ltd","Mr Dexter","Plumber","","https://9tuma.app.link/kLTh3RAdIQb?cat_web_device_id=2e0b20a0-1207-473c-aef2-89240dec4f1e&cat_web_session_id=87643d83-348a-486f-9c79-216651893789&banner_location=header",9.87,9.8,9.8,10,10,1,"",Yes,No,Yes,"https://www.checkatrade.com/trades/dexsumplumbingservicesltd",dexsumplumbingservicesltd
"Neptune Heating & Plumbing Ltd","Mr David","Plumber","","https://9tuma.app.link/kLTh3RAdIQb?cat_web_device_id=2e0b20a0-1207-473c-aef2-89240dec4f1e&cat_web_session_id=87643d83-348a-486f-9c79-216651893789&banner_location=header",9.71,9.67,9.67,9.78,611,11,"141006569",Yes,Yes,Yes,"https://www.checkatrade.com/trades/neptuneheatingandplumbing",neptuneheatingandplumbing
"Highview Plumbing  Heating & Maintenance","Mr Neil","Plumber","Stevenage and","https://9tuma.app.link/kLTh3RAdIQb?cat_web_device_id=2e0b20a0-1207-473c-aef2-89240dec4f1e&cat_web_session_id=87643d83-348a-486f-9c79-216651893789&banner_location=header",9.87,9.87,9.89,9.84,253,10,"",Yes,Yes,Yes,"https://www.checkatrade.com/trades/highviewplumbingandheating",highviewplumbingandheating
"Haxa Projects Ltd","","Plumber","","https://9tuma.app.link/kLTh3RAdIQb?cat_web_device_id=2e0b20a0-1207-473c-aef2-89240dec4f1e&cat_web_session_id=87643d83-348a-486f-9c79-216651893789&banner_location=header",10,10,10,10,15,,"",Yes,Yes,Yes,"https://www.checkatrade.com/trades/haxaprojects",haxaprojects
"Waterford Plumbing","Mr Ross","Plumber","","https://9tuma.app.link/kLTh3RAdIQb?cat_web_device_id=2e0b20a0-1207-473c-aef2-89240dec4f1e&cat_web_session_id=87643d83-348a-486f-9c79-216651893789&banner_location=header",10,10,10,10,162,6,"",Yes,No,Yes,"https://www.checkatrade.com/trades/waterfordplumbing",waterfordplumbing
"Tapper Trades Plumbing","Mr Dean","Plumber","","https://9tuma.app.link/kLTh3RAdIQb?cat_web_device_id=2e0b20a0-1207-473c-aef2-89240dec4f1e&cat_web_session_id=87643d83-348a-486f-9c79-216651893789&banner_location=header",9.94,9.95,9.88,9.98,57,1,"",No,Yes,Yes,"https://www.checkatrade.com/trades/tappertradesplumbing",tappertradesplumbing
"Homecare Plumbers Limited","Mr Ayoub","Plumber","St Albans","https://9tuma.app.link/kLTh3RAdIQb?cat_web_device_id=2e0b20a0-1207-473c-aef2-89240dec4f1e&cat_web_session_id=87643d83-348a-486f-9c79-216651893789&banner_location=header",10,10,10,10,4,,"",Yes,Yes,Yes,"https://www.checkatrade.com/trades/homecareplumberslimited",homecareplumberslimited
"M&M Plumbing and Heating","Mr. Michael Bush","Plumber","","https://9tuma.app.link/kLTh3RAdIQb?cat_web_device_id=2e0b20a0-1207-473c-aef2-89240dec4f1e&cat_web_session_id=87643d83-348a-486f-9c79-216651893789&banner_location=header",9.86,10,9.86,9.71,147,5,"",Yes,Yes,Yes,"https://www.checkatrade.com/trades/mandmplumbingandheating938278",mandmplumbingandheating938278
"Flowstead Plumbing And Building Services","Mr Paul","Plumber","","https://9tuma.app.link/kLTh3RAdIQb?cat_web_device_id=2e0b20a0-1207-473c-aef2-89240dec4f1e&cat_web_session_id=87643d83-348a-486f-9c79-216651893789&banner_location=header",9.88,9.93,9.93,9.79,14,1,"",Yes,Yes,Yes,"https://www.checkatrade.com/trades/flowsteadplumbingandbuildingservices",flowsteadplumbingandbuildingservices
"WT Plumbing & Heating Ltd","Mr William","Plumber","all areas","https://9tuma.app.link/kLTh3RAdIQb?cat_web_device_id=2e0b20a0-1207-473c-aef2-89240dec4f1e&cat_web_session_id=87643d83-348a-486f-9c79-216651893789&banner_location=header",9.97,9.91,10,10,292,12,"128197301",Yes,Yes,Yes,"https://www.checkatrade.com/trades/wtplumbingandheatingltd",wtplumbingandheatingltd
"AT Group","Adam Smallbone","Plumber","","https://9tuma.app.link/kLTh3RAdIQb?cat_web_device_id=2e0b20a0-1207-473c-aef2-89240dec4f1e&cat_web_session_id=87643d83-348a-486f-9c79-216651893789&banner_location=header",9.75,10,10,10,801,4,"",Yes,Yes,Yes,"https://www.checkatrade.com/trades/atgroup",atgroup
"Plumbing Wright Services","Mr Lewis","Plumber","","https://9tuma.app.link/kLTh3RAdIQb?cat_web_device_id=2e0b20a0-1207-473c-aef2-89240dec4f1e&cat_web_session_id=87643d83-348a-486f-9c79-216651893789&banner_location=header",10,10,10,10,42,3,"",Yes,Yes,Yes,"https://www.checkatrade.com/trades/plumbingwrightservices",plumbingwrightservices
"Waterworks Plumbing & Heating Services","Mr Gary","Plumber","","https://9tuma.app.link/kLTh3RAdIQb?cat_web_device_id=2e0b20a0-1207-473c-aef2-89240dec4f1e&cat_web_session_id=87643d83-348a-486f-9c79-216651893789&banner_location=header",9.48,9.45,9.5,9.5,162,1,"",Yes,Yes,Yes,"https://www.checkatrade.com/trades/waterworksplumbingandheatingservices418394",waterworksplumbingandheatingservices418394
"Tettmar Water and Gas Limited","Mr John","Plumber","","https://9tuma.app.link/kLTh3RAdIQb?cat_web_device_id=2e0b20a0-1207-473c-aef2-89240dec4f1e&cat_web_session_id=87643d83-348a-486f-9c79-216651893789&banner_location=header",10,10,10,10,29,3,"",Yes,Yes,Yes,"https://www.checkatrade.com/trades/tettmarwaterandgas",tettmarwaterandgas
"Summers Domestic Plumbers","Mr Lee","Plumber","Essex and","https://9tuma.app.link/kLTh3RAdIQb?cat_web_device_id=2e0b20a0-1207-473c-aef2-89240dec4f1e&cat_web_session_id=87643d83-348a-486f-9c79-216651893789&banner_location=header",9.74,9.67,9.78,9.78,31,2,"",Yes,Yes,Yes,"https://www.checkatrade.com/trades/summersdomesticplumbers",summersdomesticplumbers
"Cherry Plumbers","Mr Shane","Plumber","Tunbridge Wells","https://9tuma.app.link/kLTh3RAdIQb?cat_web_device_id=2e0b20a0-1207-473c-aef2-89240dec4f1e&cat_web_session_id=87643d83-348a-486f-9c79-216651893789&banner_location=header",8.83,8,9,9.5,2,1,"",Yes,No,Yes,"https://www.checkatrade.com/trades/cherryplumbers",cherryplumbers
"Ben's Bespoke Bathrooms and Plumbing services","Mr Ben","Plumber","","https://9tuma.app.link/kLTh3RAdIQb?cat_web_device_id=2e0b20a0-1207-473c-aef2-89240dec4f1e&cat_web_session_id=87643d83-348a-486f-9c79-216651893789&banner_location=header",9.97,10,10,9.9,46,3,"",Yes,Yes,Yes,"https://www.checkatrade.com/trades/bensbespokebathroomsandplumbingservices",bensbespokebathroomsandplumbingservices
"Linked Plumbing and Heating Ltd","Mr Craig","Plumber","","https://9tuma.app.link/kLTh3RAdIQb?cat_web_device_id=2e0b20a0-1207-473c-aef2-89240dec4f1e&cat_web_session_id=87643d83-348a-486f-9c79-216651893789&banner_location=header",10,10,10,10,220,8,"",Yes,Yes,Yes,"https://www.checkatrade.com/trades/linkedplumbingandheatingltd",linkedplumbingandheatingltd
"Yurii Symanchuk","Mr Yurii","Plumber","","https://9tuma.app.link/kLTh3RAdIQb?cat_web_device_id=2e0b20a0-1207-473c-aef2-89240dec4f1e&cat_web_session_id=87643d83-348a-486f-9c79-216651893789&banner_location=header",9.9,10,9.86,9.86,35,2,"",Yes,No,Yes,"https://www.checkatrade.com/trades/yuriisymanchuk",yuriisymanchuk
"R AND B PLUMBING SERVICES LTD","Mr Luke","Plumber","London and","https://9tuma.app.link/kLTh3RAdIQb?cat_web_device_id=2e0b20a0-1207-473c-aef2-89240dec4f1e&cat_web_session_id=87643d83-348a-486f-9c79-216651893789&banner_location=header",,,,,,1,"",Yes,Yes,Yes,"https://www.checkatrade.com/trades/randbplumbingservicesltd",randbplumbingservicesltd
"Imzzys Heating & Plumbing","Mr Mohamed","Plumber","","https://9tuma.app.link/kLTh3RAdIQb?cat_web_device_id=2e0b20a0-1207-473c-aef2-89240dec4f1e&cat_web_session_id=87643d83-348a-486f-9c79-216651893789&banner_location=header",9.91,9.91,9.91,9.91,11,1,"",No,No,Yes,"https://www.checkatrade.com/trades/imzzysheatingplumbing",imzzysheatingplumbing
"A Rolfe Plumbing & Heating","Mr Aaron","Plumber","","https://9tuma.app.link/kLTh3RAdIQb?cat_web_device_id=2e0b20a0-1207-473c-aef2-89240dec4f1e&cat_web_session_id=87643d83-348a-486f-9c79-216651893789&banner_location=header",10,10,10,10,500,9,"",Yes,Yes,Yes,"https://www.checkatrade.com/trades/arolfeplumbingandheating",arolfeplumbingandheating
"Ward's Plumbing & Heating","Mr Charles","Plumber","Northfleet","https://9tuma.app.link/kLTh3RAdIQb?cat_web_device_id=2e0b20a0-1207-473c-aef2-89240dec4f1e&cat_web_session_id=87643d83-348a-486f-9c79-216651893789&banner_location=header",10,10,10,10,15,1,"",No,Yes,Yes,"https://www.checkatrade.com/trades/wardsplumbingheating",wardsplumbingheating
"AME Plumbing","Mr Alfie","Plumber","","https://9tuma.app.link/kLTh3RAdIQb?cat_web_device_id=2e0b20a0-1207-473c-aef2-89240dec4f1e&cat_web_session_id=87643d83-348a-486f-9c79-216651893789&banner_location=header",9.84,9.79,9.86,9.88,57,1,"",Yes,Yes,Yes,"https://www.checkatrade.com/trades/ameplumbing",ameplumbing
"SweetHome","Mr Raj","Plumber","all aspects","https://9tuma.app.link/kLTh3RAdIQb?cat_web_device_id=2e0b20a0-1207-473c-aef2-89240dec4f1e&cat_web_session_id=87643d83-348a-486f-9c79-216651893789&banner_location=header",9.77,9.62,9.92,9.77,60,2,"",Yes,Yes,Yes,"https://www.checkatrade.com/trades/sweethome",sweethome
"Unique Plumbing & Heating Ltd","Mr Richard","Plumber","all domestic","https://9tuma.app.link/kLTh3RAdIQb?cat_web_device_id=2e0b20a0-1207-473c-aef2-89240dec4f1e&cat_web_session_id=87643d83-348a-486f-9c79-216651893789&banner_location=header",10,10,10,10,128,14,"164400045",Yes,Yes,Yes,"https://www.checkatrade.com/trades/uniqueplumbingandheatinghernebay",uniqueplumbingandheatinghernebay
"M H Plumbing and Heating","Mr Michael","Plumber","","https://9tuma.app.link/kLTh3RAdIQb?cat_web_device_id=2e0b20a0-1207-473c-aef2-89240dec4f1e&cat_web_session_id=87643d83-348a-486f-9c79-216651893789&banner_location=header",10,10,10,10,284,14,"",Yes,Yes,Yes,"https://www.checkatrade.com/trades/mhplumbingandheating",mhplumbingandheating
"Jones Plumbing","Mr William","Plumber","","https://9tuma.app.link/kLTh3RAdIQb?cat_web_device_id=2e0b20a0-1207-473c-aef2-89240dec4f1e&cat_web_session_id=87643d83-348a-486f-9c79-216651893789&banner_location=header",10,10,10,10,6,1,"",Yes,Yes,Yes,"https://www.checkatrade.com/trades/jonesplumbing",jonesplumbing
"Priestfield Plumbing Ltd","Mr Charlie","Plumber","","https://9tuma.app.link/kLTh3RAdIQb?cat_web_device_id=2e0b20a0-1207-473c-aef2-89240dec4f1e&cat_web_session_id=87643d83-348a-486f-9c79-216651893789&banner_location=header",9.94,10,9.91,9.91,11,1,"",Yes,Yes,Yes,"https://www.checkatrade.com/trades/priestfieldplumbingltd5925133",priestfieldplumbingltd5925133
"Browns Plumbing and Heating","Mr Matthew","Plumber","","https://9tuma.app.link/kLTh3RAdIQb?cat_web_device_id=2e0b20a0-1207-473c-aef2-89240dec4f1e&cat_web_session_id=87643d83-348a-486f-9c79-216651893789&banner_location=header",10,10,10,10,4,1,"",Yes,No,Yes,"https://www.checkatrade.com/trades/brownsplumbingandheating1137261",brownsplumbingandheating1137261
"Newbery Plumbing and Heating","Mr Freddie","Plumber","Tonbridge","https://9tuma.app.link/kLTh3RAdIQb?cat_web_device_id=2e0b20a0-1207-473c-aef2-89240dec4f1e&cat_web_session_id=87643d83-348a-486f-9c79-216651893789&banner_location=header",9.89,9.89,9.89,9.89,114,7,"",No,Yes,Yes,"https://www.checkatrade.com/trades/newberyplumbingandheating",newberyplumbingandheating
"Water Tight Solutions","Mr Thomas","Plumber","","https://9tuma.app.link/kLTh3RAdIQb?cat_web_device_id=2e0b20a0-1207-473c-aef2-89240dec4f1e&cat_web_session_id=87643d83-348a-486f-9c79-216651893789&banner_location=header",10,10,10,10,6,,"",Yes,Yes,Yes,"https://www.checkatrade.com/trades/watertightsolutions5937101",watertightsolutions5937101
"Blackwell Heating And Plumbing","Mr Nathan","Plumber","","https://9tuma.app.link/kLTh3RAdIQb?cat_web_device_id=2e0b20a0-1207-473c-aef2-89240dec4f1e&cat_web_session_id=87643d83-348a-486f-9c79-216651893789&banner_location=header",10,10,10,10,73,2,"",Yes,No,Yes,"https://www.checkatrade.com/trades/blackwellheatingandplumbing1104586",blackwellheatingandplumbing1104586
"Dyno-Plumbing","Mr. Carl Phillips","Plumber","South and","https://9tuma.app.link/kLTh3RAdIQb?cat_web_device_id=2e0b20a0-1207-473c-aef2-89240dec4f1e&cat_web_session_id=87643d83-348a-486f-9c79-216651893789&banner_location=header",9.67,9,10,10,10,6,"783493194",Yes,Yes,Yes,"https://www.checkatrade.com/trades/dynoplumbing934573",dynoplumbing934573
"R L Plumbing & Heating","Mr Robert","Plumber","Abergavenny","https://9tuma.app.link/kLTh3RAdIQb?cat_web_device_id=2e0b20a0-1207-473c-aef2-89240dec4f1e&cat_web_session_id=87643d83-348a-486f-9c79-216651893789&banner_location=header",10,10,10,10,32,8,"",No,Yes,Yes,"https://www.checkatrade.com/trades/rlplumbingandheatingabergavenny",rlplumbingandheatingabergavenny
"WK Plumbing And Heating Services","Mr Winston","Plumber","Air Source","https://9tuma.app.link/kLTh3RAdIQb?cat_web_device_id=2e0b20a0-1207-473c-aef2-89240dec4f1e&cat_web_session_id=87643d83-348a-486f-9c79-216651893789&banner_location=header",9.83,9.83,9.83,9.83,185,6,"423841696",Yes,No,Yes,"https://www.checkatrade.com/trades/wkplumbingandheatingservices",wkplumbingandheatingservices
"DEW Mechanical Limited","Mr Dewi","Plumber","all aspects","https://9tuma.app.link/kLTh3RAdIQb?cat_web_device_id=2e0b20a0-1207-473c-aef2-89240dec4f1e&cat_web_session_id=87643d83-348a-486f-9c79-216651893789&banner_location=header",9.96,9.94,10,9.94,31,2,"",Yes,Yes,Yes,"https://www.checkatrade.com/trades/dewmechanical",dewmechanical
"LGM Plumbing & Heating","Mr Lewys","Plumber","of your","https://9tuma.app.link/kLTh3RAdIQb?cat_web_device_id=2e0b20a0-1207-473c-aef2-89240dec4f1e&cat_web_session_id=87643d83-348a-486f-9c79-216651893789&banner_location=header",10,10,10,10,19,2,"438405982",No,Yes,Yes,"https://www.checkatrade.com/trades/lgmplumbingandheating1109344",lgmplumbingandheating1109344
"Gilboy Plumbing & Heating Solutions","Mr Matthew","Plumber","","https://9tuma.app.link/kLTh3RAdIQb?cat_web_device_id=2e0b20a0-1207-473c-aef2-89240dec4f1e&cat_web_session_id=87643d83-348a-486f-9c79-216651893789&banner_location=header",9.87,,,,5,2,"",No,No,Yes,"https://www.checkatrade.com/trades/gilboyplumbingandheatingsolutions",gilboyplumbingandheatingsolutions
"A.T.H.Plumbing and Maintenance","Mr Anthony","Plumber","","https://9tuma.app.link/kLTh3RAdIQb?cat_web_device_id=2e0b20a0-1207-473c-aef2-89240dec4f1e&cat_web_session_id=87643d83-348a-486f-9c79-216651893789&banner_location=header",9.93,9.9,10,9.9,173,8,"",No,Yes,Yes,"https://www.checkatrade.com/trades/athplumbingandmaintenance",athplumbingandmaintenance
"Element Gas","Mr Joe","Plumber","Boilers","https://9tuma.app.link/kLTh3RAdIQb?cat_web_device_id=2e0b20a0-1207-473c-aef2-89240dec4f1e&cat_web_session_id=87643d83-348a-486f-9c79-216651893789&banner_location=header",10,10,10,10,140,9,"342363125",Yes,Yes,Yes,"https://www.checkatrade.com/trades/elementgas",elementgas
"Limegreen","Mr Rhys","Plumber","Boilers","https://9tuma.app.link/kLTh3RAdIQb?cat_web_device_id=2e0b20a0-1207-473c-aef2-89240dec4f1e&cat_web_session_id=87643d83-348a-486f-9c79-216651893789&banner_location=header",9.97,10,10,9.92,261,11,"138456493",Yes,Yes,Yes,"https://www.checkatrade.com/trades/limegreen",limegreen
"Brickhive Properties LTD","Mr Irfan","Plumber","","https://9tuma.app.link/kLTh3RAdIQb?cat_web_device_id=2e0b20a0-1207-473c-aef2-89240dec4f1e&cat_web_session_id=87643d83-348a-486f-9c79-216651893789&banner_location=header",9.9,9.77,10,9.92,60,1,"",Yes,Yes,Yes,"https://www.checkatrade.com/trades/brickhivepropertiesltd",brickhivepropertiesltd
"J.Price Plumbing & Heating","Mr Jake","Plumber","","https://9tuma.app.link/kLTh3RAdIQb?cat_web_device_id=2e0b20a0-1207-473c-aef2-89240dec4f1e&cat_web_session_id=87643d83-348a-486f-9c79-216651893789&banner_location=header",10,10,10,10,1,1,"",Yes,Yes,Yes,"https://www.checkatrade.com/trades/jpriceplumbingheating",jpriceplumbingheating
"JLK Plumbing & Bathroom Services","Mr Joseph","Plumber","","https://9tuma.app.link/kLTh3RAdIQb?cat_web_device_id=2e0b20a0-1207-473c-aef2-89240dec4f1e&cat_web_session_id=87643d83-348a-486f-9c79-216651893789&banner_location=header",9.7,9.94,9.54,9.63,99,2,"",No,Yes,Yes,"https://www.checkatrade.com/trades/jlkplumbingandbathroomservices",jlkplumbingandbathroomservices
"CCPH Services","Mr Martin","Plumber","","https://9tuma.app.link/kLTh3RAdIQb?cat_web_device_id=2e0b20a0-1207-473c-aef2-89240dec4f1e&cat_web_session_id=87643d83-348a-486f-9c79-216651893789&banner_location=header",10,10,10,10,72,3,"",Yes,Yes,Yes,"https://www.checkatrade.com/trades/ccphservices",ccphservices
"NJ Plumbing & Tiling Services","Mr Nathan","Plumber","","https://9tuma.app.link/kLTh3RAdIQb?cat_web_device_id=2e0b20a0-1207-473c-aef2-89240dec4f1e&cat_web_session_id=87643d83-348a-486f-9c79-216651893789&banner_location=header",10,10,10,10,6,1,"",Yes,Yes,Yes,"https://www.checkatrade.com/trades/njplumbingtilingservices",njplumbingtilingservices
"Lancashire Appliances","Mr Mike","Plumber","","https://9tuma.app.link/kLTh3RAdIQb?cat_web_device_id=2e0b20a0-1207-473c-aef2-89240dec4f1e&cat_web_session_id=87643d83-348a-486f-9c79-216651893789&banner_location=header",10,10,10,10,34,7,"",Yes,Yes,Yes,"https://www.checkatrade.com/trades/lancashireappliances",lancashireappliances
"TNS Plumbing and Heating","Mr. Tom Stylli","Plumber","all aspects","https://9tuma.app.link/kLTh3RAdIQb?cat_web_device_id=2e0b20a0-1207-473c-aef2-89240dec4f1e&cat_web_session_id=87643d83-348a-486f-9c79-216651893789&banner_location=header",10,10,10,10,100,5,"",Yes,Yes,Yes,"https://www.checkatrade.com/trades/tnsplumbingandheating",tnsplumbingandheating
"W T Hagan & Sons","Mr Philip","Plumber","","https://9tuma.app.link/kLTh3RAdIQb?cat_web_device_id=2e0b20a0-1207-473c-aef2-89240dec4f1e&cat_web_session_id=87643d83-348a-486f-9c79-216651893789&banner_location=header",9.9,9.88,9.94,9.88,398,7,"",No,Yes,Yes,"https://www.checkatrade.com/trades/wthagansons",wthagansons
"S&S Plumbing and Heating Services","Mr Mahmoud","Plumber","Manchester and","https://9tuma.app.link/kLTh3RAdIQb?cat_web_device_id=2e0b20a0-1207-473c-aef2-89240dec4f1e&cat_web_session_id=87643d83-348a-486f-9c79-216651893789&banner_location=header",9.79,9.69,10,9.69,16,1,"",Yes,No,Yes,"https://www.checkatrade.com/trades/ssplumbingandheatingservices",ssplumbingandheatingservices
"Gasco Manchester","Mr Ryan","Plumber","","https://9tuma.app.link/kLTh3RAdIQb?cat_web_device_id=2e0b20a0-1207-473c-aef2-89240dec4f1e&cat_web_session_id=87643d83-348a-486f-9c79-216651893789&banner_location=header",9.75,9.75,9.75,9.75,173,10,"",Yes,Yes,Yes,"https://www.checkatrade.com/trades/gascomanchester",gascomanchester
"Bond's Bathrooms & Boilers","Mr Steven","Plumber","all plumbing","https://9tuma.app.link/kLTh3RAdIQb?cat_web_device_id=2e0b20a0-1207-473c-aef2-89240dec4f1e&cat_web_session_id=87643d83-348a-486f-9c79-216651893789&banner_location=header",9.32,,,,28,2,"",Yes,Yes,Yes,"https://www.checkatrade.com/trades/bondsbathroomsandboilers",bondsbathroomsandboilers
"Apt plumbing","Mr Andrew","Plumber","","https://9tuma.app.link/kLTh3RAdIQb?cat_web_device_id=2e0b20a0-1207-473c-aef2-89240dec4f1e&cat_web_session_id=87643d83-348a-486f-9c79-216651893789&banner_location=header",9.67,9.75,9.75,9.5,22,1,"",Yes,Yes,Yes,"https://www.checkatrade.com/trades/aptplumbing",aptplumbing
"Anthony Blundell Gas services Plumbing & Heating","Mr Anthony","Plumber","","https://9tuma.app.link/kLTh3RAdIQb?cat_web_device_id=2e0b20a0-1207-473c-aef2-89240dec4f1e&cat_web_session_id=87643d83-348a-486f-9c79-216651893789&banner_location=header",9.6,9.86,9.53,9.73,109,2,"",Yes,Yes,Yes,"https://www.checkatrade.com/trades/anthonyblundellgasservicesplumbingandheating",anthonyblundellgasservicesplumbingandheating
"SJ & Son Plumbing and Heating","Mr Steve","Plumber","","https://9tuma.app.link/kLTh3RAdIQb?cat_web_device_id=2e0b20a0-1207-473c-aef2-89240dec4f1e&cat_web_session_id=87643d83-348a-486f-9c79-216651893789&banner_location=header",9.88,9.85,9.87,9.93,351,9,"",Yes,Yes,Yes,"https://www.checkatrade.com/trades/sjsonplumbingandheating",sjsonplumbingandheating
"Gibson Plumbing and Heating Limited (Wigan)","Mr Mark","Plumber","","https://9tuma.app.link/kLTh3RAdIQb?cat_web_device_id=2e0b20a0-1207-473c-aef2-89240dec4f1e&cat_web_session_id=87643d83-348a-486f-9c79-216651893789&banner_location=header",9.95,9.85,10,10,215,8,"281796853",Yes,Yes,Yes,"https://www.checkatrade.com/trades/gibsonplumbingandheating",gibsonplumbingandheating
"J Robinson Plumbing Services","Mr. Joe Robinson","Plumber","","https://9tuma.app.link/kLTh3RAdIQb?cat_web_device_id=2e0b20a0-1207-473c-aef2-89240dec4f1e&cat_web_session_id=87643d83-348a-486f-9c79-216651893789&banner_location=header",10,10,10,10,96,5,"",Yes,Yes,Yes,"https://www.checkatrade.com/trades/jrobinsonplumbingservices",jrobinsonplumbingservices
"Plumbing_Northwest1","Mr Josh","Plumber","","https://9tuma.app.link/kLTh3RAdIQb?cat_web_device_id=2e0b20a0-1207-473c-aef2-89240dec4f1e&cat_web_session_id=87643d83-348a-486f-9c79-216651893789&banner_location=header",9.9,9.93,9.81,9.95,61,2,"",Yes,Yes,Yes,"https://www.checkatrade.com/trades/plumbingnorthwest11127679",plumbingnorthwest11127679
"Lee Webb Plumbing Services","Mr Lee","Plumber","the area","https://9tuma.app.link/kLTh3RAdIQb?cat_web_device_id=2e0b20a0-1207-473c-aef2-89240dec4f1e&cat_web_session_id=87643d83-348a-486f-9c79-216651893789&banner_location=header",10,10,10,10,427,10,"",Yes,Yes,Yes,"https://www.checkatrade.com/trades/leewebbplumbingservices",leewebbplumbingservices
"Supreme Plumbing And Building Services","Mr Andras","Plumber","London and","https://9tuma.app.link/kLTh3RAdIQb?cat_web_device_id=2e0b20a0-1207-473c-aef2-89240dec4f1e&cat_web_session_id=87643d83-348a-486f-9c79-216651893789&banner_location=header",10,10,10,10,2,1,"",No,Yes,Yes,"https://www.checkatrade.com/trades/supremeplumbingandbuildingservices",supremeplumbingandbuildingservices
"DJ's Plumbing Services","Mr Daniel","Plumber","","https://9tuma.app.link/kLTh3RAdIQb?cat_web_device_id=2e0b20a0-1207-473c-aef2-89240dec4f1e&cat_web_session_id=87643d83-348a-486f-9c79-216651893789&banner_location=header",9.98,9.93,10,10,108,9,"",Yes,Yes,Yes,"https://www.checkatrade.com/trades/djsplumbingservices",djsplumbingservices
"RLS Plumbing and Heating Services","Mr Ryan","Plumber","","https://9tuma.app.link/kLTh3RAdIQb?cat_web_device_id=2e0b20a0-1207-473c-aef2-89240dec4f1e&cat_web_session_id=87643d83-348a-486f-9c79-216651893789&banner_location=header",9.87,9.88,9.92,9.8,326,11,"321445436",Yes,Yes,Yes,"https://www.checkatrade.com/trades/rlsplumbingandheatingservices",rlsplumbingandheatingservices
"That Bathroom Company","Mr Sean","Plumber","","https://9tuma.app.link/kLTh3RAdIQb?cat_web_device_id=2e0b20a0-1207-473c-aef2-89240dec4f1e&cat_web_session_id=87643d83-348a-486f-9c79-216651893789&banner_location=header",9.86,9.83,9.9,9.86,68,3,"",Yes,Yes,Yes,"https://www.checkatrade.com/trades/thatbathroomcompany",thatbathroomcompany
"Plumbers Essex Ltd","Mr Thomas","Plumber","Essex","https://9tuma.app.link/kLTh3RAdIQb?cat_web_device_id=2e0b20a0-1207-473c-aef2-89240dec4f1e&cat_web_session_id=87643d83-348a-486f-9c79-216651893789&banner_location=header",9.97,9.97,9.97,9.97,55,3,"",Yes,No,Yes,"https://www.checkatrade.com/trades/plumbersessex",plumbersessex
"Lazard Plumbing Heating & Gas","Mr Costin","Plumber","Hornchurch","https://9tuma.app.link/kLTh3RAdIQb?cat_web_device_id=2e0b20a0-1207-473c-aef2-89240dec4f1e&cat_web_session_id=87643d83-348a-486f-9c79-216651893789&banner_location=header",9.8,9.79,9.78,9.83,821,11,"258896925",Yes,Yes,Yes,"https://www.checkatrade.com/trades/lazardplumbingheatingandgas",lazardplumbingheatingandgas
"SM Plumbing And Property Services Ltd","Mr Shane","Plumber","","https://9tuma.app.link/kLTh3RAdIQb?cat_web_device_id=2e0b20a0-1207-473c-aef2-89240dec4f1e&cat_web_session_id=87643d83-348a-486f-9c79-216651893789&banner_location=header",10,10,10,10,52,3,"",Yes,No,Yes,"https://www.checkatrade.com/trades/smplumbingandpropertyservices",smplumbingandpropertyservices
"PlumbPlumber","Mr Aliakbar","Plumber","","https://9tuma.app.link/kLTh3RAdIQb?cat_web_device_id=2e0b20a0-1207-473c-aef2-89240dec4f1e&cat_web_session_id=87643d83-348a-486f-9c79-216651893789&banner_location=header",9.98,10,9.94,10,60,3,"",Yes,Yes,Yes,"https://www.checkatrade.com/trades/plumbplumber",plumbplumber
"Add Heat","Mr Adam","Plumber","","https://9tuma.app.link/kLTh3RAdIQb?cat_web_device_id=2e0b20a0-1207-473c-aef2-89240dec4f1e&cat_web_session_id=87643d83-348a-486f-9c79-216651893789&banner_location=header",10,10,10,10,185,9,"157080316",Yes,Yes,Yes,"https://www.checkatrade.com/trades/addisonwalker",addisonwalker
"Drainage Solutions","Mr. Michael Hanley","Plumber","Manchester with","https://9tuma.app.link/kLTh3RAdIQb?cat_web_device_id=2e0b20a0-1207-473c-aef2-89240dec4f1e&cat_web_session_id=87643d83-348a-486f-9c79-216651893789&banner_location=header",9.87,9.9,9.92,9.96,241,5,"",Yes,No,Yes,"https://www.checkatrade.com/trades/drainagesolutions1007672",drainagesolutions1007672
"Bee Heated MCR","Mr Farhad","Plumber","Manchester with","https://9tuma.app.link/kLTh3RAdIQb?cat_web_device_id=2e0b20a0-1207-473c-aef2-89240dec4f1e&cat_web_session_id=87643d83-348a-486f-9c79-216651893789&banner_location=header",9.82,9.79,9.74,9.95,115,8,"",No,Yes,Yes,"https://www.checkatrade.com/trades/beeheatedmcr",beeheatedmcr
"Hire Support Limited","Mr Tony","Plumber","BERKSHIRE","https://9tuma.app.link/kLTh3RAdIQb?cat_web_device_id=2e0b20a0-1207-473c-aef2-89240dec4f1e&cat_web_session_id=87643d83-348a-486f-9c79-216651893789&banner_location=header",9.57,9.56,9.63,9.52,36,2,"",Yes,Yes,Yes,"https://www.checkatrade.com/trades/hiresupportlimited",hiresupportlimited
"Reliable Heating & Plumbing Services","Mr. Tom Packer","Plumber","Windsor covering","https://9tuma.app.link/kLTh3RAdIQb?cat_web_device_id=2e0b20a0-1207-473c-aef2-89240dec4f1e&cat_web_session_id=87643d83-348a-486f-9c79-216651893789&banner_location=header",9.74,9.81,9.68,9.73,390,3,"",Yes,Yes,Yes,"https://www.checkatrade.com/trades/reliableheatingandplumbingservices335640",reliableheatingandplumbingservices335640
"N Brown Plumbing & Heating Solutions","Mr Nathan","Plumber","High Wycombe","https://9tuma.app.link/kLTh3RAdIQb?cat_web_device_id=2e0b20a0-1207-473c-aef2-89240dec4f1e&cat_web_session_id=87643d83-348a-486f-9c79-216651893789&banner_location=header",10,10,10,10,54,2,"",Yes,Yes,Yes,"https://www.checkatrade.com/trades/nbrownplumbingandheatingsolutions",nbrownplumbingandheatingsolutions
"DC Improvements Ltd","Mr David","Plumber","","https://9tuma.app.link/kLTh3RAdIQb?cat_web_device_id=2e0b20a0-1207-473c-aef2-89240dec4f1e&cat_web_session_id=87643d83-348a-486f-9c79-216651893789&banner_location=header",9.79,9.75,9.75,9.88,29,4,"",Yes,Yes,Yes,"https://www.checkatrade.com/trades/dcimprovementsltd",dcimprovementsltd
"ATP Emergency & Non-Emergency Plumbing & Heating","Mr Andrew","Plumber","the needs","https://9tuma.app.link/kLTh3RAdIQb?cat_web_device_id=2e0b20a0-1207-473c-aef2-89240dec4f1e&cat_web_session_id=87643d83-348a-486f-9c79-216651893789&banner_location=header",9.96,10,9.88,10,491,15,"254702317",Yes,Yes,Yes,"https://www.checkatrade.com/trades/atpemergencynonemergencyplumbingheating",atpemergencynonemergencyplumbingheating
"DUBS Plumbing & Heating Ltd","Mr Evan","Plumber","","https://9tuma.app.link/kLTh3RAdIQb?cat_web_device_id=2e0b20a0-1207-473c-aef2-89240dec4f1e&cat_web_session_id=87643d83-348a-486f-9c79-216651893789&banner_location=header",9.9,10,9.7,10,104,3,"",Yes,Yes,Yes,"https://www.checkatrade.com/trades/dubsplumbingheatingltd",dubsplumbingheatingltd
"Bellerose Plumbing","Mr. David Meehan","Plumber","Ascot","https://9tuma.app.link/kLTh3RAdIQb?cat_web_device_id=2e0b20a0-1207-473c-aef2-89240dec4f1e&cat_web_session_id=87643d83-348a-486f-9c79-216651893789&banner_location=header",9.91,9.88,9.92,9.92,193,5,"",Yes,Yes,Yes,"https://www.checkatrade.com/trades/belleroseplumbing",belleroseplumbing
"A.D Plumbing & Drainage Ltd","Mr Alex","Plumber","","https://9tuma.app.link/kLTh3RAdIQb?cat_web_device_id=2e0b20a0-1207-473c-aef2-89240dec4f1e&cat_web_session_id=87643d83-348a-486f-9c79-216651893789&banner_location=header",9.92,9.95,9.89,9.91,123,2,"",Yes,No,Yes,"https://www.checkatrade.com/trades/adplumbinganddrainage",adplumbinganddrainage
"United 2 Plumb Limited","Mr Sayed","Plumber","","https://9tuma.app.link/kLTh3RAdIQb?cat_web_device_id=2e0b20a0-1207-473c-aef2-89240dec4f1e&cat_web_session_id=87643d83-348a-486f-9c79-216651893789&banner_location=header",8.52,8.57,8.43,8.57,158,7,"",Yes,Yes,Yes,"https://www.checkatrade.com/trades/united2plumb",united2plumb
"D C L Drains & Plumbing Services","Mr Desi","Plumber","all aspects","https://9tuma.app.link/kLTh3RAdIQb?cat_web_device_id=2e0b20a0-1207-473c-aef2-89240dec4f1e&cat_web_session_id=87643d83-348a-486f-9c79-216651893789&banner_location=header",9.89,9.93,9.88,9.85,1024,16,"918823793",Yes,Yes,Yes,"https://www.checkatrade.com/trades/dcldrainsandplumbingservices",dcldrainsandplumbingservices
"Highfields Plumbing","Mr Gareth","Plumber","","https://9tuma.app.link/kLTh3RAdIQb?cat_web_device_id=2e0b20a0-1207-473c-aef2-89240dec4f1e&cat_web_session_id=87643d83-348a-486f-9c79-216651893789&banner_location=header",9.93,9.91,9.91,9.96,33,2,"",Yes,No,Yes,"https://www.checkatrade.com/trades/highfieldsplumbing",highfieldsplumbing
"Taylor's Plumbing & Heating","Mr Taylor","Plumber","","https://9tuma.app.link/kLTh3RAdIQb?cat_web_device_id=2e0b20a0-1207-473c-aef2-89240dec4f1e&cat_web_session_id=87643d83-348a-486f-9c79-216651893789&banner_location=header",9.94,9.93,9.93,9.97,42,2,"",Yes,Yes,Yes,"https://www.checkatrade.com/trades/taylorsplumbingandheating1108537",taylorsplumbingandheating1108537
"Ben Granville Plumbing & Heating","Mr Ben","Plumber","","https://9tuma.app.link/kLTh3RAdIQb?cat_web_device_id=2e0b20a0-1207-473c-aef2-89240dec4f1e&cat_web_session_id=87643d83-348a-486f-9c79-216651893789&banner_location=header",9.49,9.47,9.6,9.4,323,12,"",Yes,Yes,Yes,"https://www.checkatrade.com/trades/bengranvilleplumbingandheating",bengranvilleplumbingandheating
"FLOWMASTER LIMITED","Mr Stephen","Plumber","Surrey","https://9tuma.app.link/kLTh3RAdIQb?cat_web_device_id=2e0b20a0-1207-473c-aef2-89240dec4f1e&cat_web_session_id=87643d83-348a-486f-9c79-216651893789&banner_location=header",9.97,9.97,9.97,9.96,70,1,"",Yes,Yes,Yes,"https://www.checkatrade.com/trades/flowmasterlimited",flowmasterlimited
"Ry Group","Sarah Quartermaine","Plumber","","https://9tuma.app.link/kLTh3RAdIQb?cat_web_device_id=2e0b20a0-1207-473c-aef2-89240dec4f1e&cat_web_session_id=87643d83-348a-486f-9c79-216651893789&banner_location=header",9.35,9.37,9.32,9.34,2653,16,"",Yes,Yes,Yes,"https://www.checkatrade.com/trades/rygroup",rygroup
"Aspire - Plumbing & Heating","Mr Joe","Plumber","","https://9tuma.app.link/kLTh3RAdIQb?cat_web_device_id=2e0b20a0-1207-473c-aef2-89240dec4f1e&cat_web_session_id=87643d83-348a-486f-9c79-216651893789&banner_location=header",9.18,,,,2290,3,"461593086",Yes,Yes,Yes,"https://www.checkatrade.com/trades/aspireplumbingheating",aspireplumbingheating
"Alloy Plumbing Services","Mr James","Plumber","Warlingham CR","https://9tuma.app.link/kLTh3RAdIQb?cat_web_device_id=2e0b20a0-1207-473c-aef2-89240dec4f1e&cat_web_session_id=87643d83-348a-486f-9c79-216651893789&banner_location=header",9.68,9.45,9.75,9.85,848,15,"",No,No,Yes,"https://www.checkatrade.com/trades/alloyplumbing",alloyplumbing
"Rose And Flow","Mr Elliot","Plumber","the Surrey","https://9tuma.app.link/kLTh3RAdIQb?cat_web_device_id=2e0b20a0-1207-473c-aef2-89240dec4f1e&cat_web_session_id=87643d83-348a-486f-9c79-216651893789&banner_location=header",9.88,9.86,9.86,9.93,14,1,"",No,No,Yes,"https://www.checkatrade.com/trades/roseandflow",roseandflow
"SPE Maintenance","Mr Stephen","Plumber","","https://9tuma.app.link/kLTh3RAdIQb?cat_web_device_id=2e0b20a0-1207-473c-aef2-89240dec4f1e&cat_web_session_id=87643d83-348a-486f-9c79-216651893789&banner_location=header",9.92,9.92,9.91,9.95,945,7,"",Yes,Yes,Yes,"https://www.checkatrade.com/trades/spemaintenance",spemaintenance
"BSK Plumbing & Heating LTD","Mr Balwant","Plumber","","https://9tuma.app.link/kLTh3RAdIQb?cat_web_device_id=2e0b20a0-1207-473c-aef2-89240dec4f1e&cat_web_session_id=87643d83-348a-486f-9c79-216651893789&banner_location=header",9.9,9.91,9.88,9.91,191,8,"407932491",Yes,No,Yes,"https://www.checkatrade.com/trades/bskplumbingandheatingswindon",bskplumbingandheatingswindon
"Northway Heating & Plumbing","Mr Christian","Plumber","the Swindon","https://9tuma.app.link/kLTh3RAdIQb?cat_web_device_id=2e0b20a0-1207-473c-aef2-89240dec4f1e&cat_web_session_id=87643d83-348a-486f-9c79-216651893789&banner_location=header",9.92,9.91,9.93,9.93,227,13,"",Yes,Yes,Yes,"https://www.checkatrade.com/trades/northwayheatingandplumbing",northwayheatingandplumbing
"Plumbers 365","Mr Daniel","Plumber","homes and","https://9tuma.app.link/kLTh3RAdIQb?cat_web_device_id=2e0b20a0-1207-473c-aef2-89240dec4f1e&cat_web_session_id=87643d83-348a-486f-9c79-216651893789&banner_location=header",9.91,9.95,9.88,9.91,43,1,"497893700",Yes,Yes,Yes,"https://www.checkatrade.com/trades/plumbers365",plumbers365
"Bespoke Plumbing And Heating Services LTD","Mr Barry","Plumber","","https://9tuma.app.link/kLTh3RAdIQb?cat_web_device_id=2e0b20a0-1207-473c-aef2-89240dec4f1e&cat_web_session_id=87643d83-348a-486f-9c79-216651893789&banner_location=header",9.67,10,9.67,9.33,12,1,"",Yes,Yes,Yes,"https://www.checkatrade.com/trades/bespokeplumbingandheatingservicesltd",bespokeplumbingandheatingservicesltd
"Cat Plumbers","Justin Henderson","Plumber","","https://9tuma.app.link/kLTh3RAdIQb?cat_web_device_id=2e0b20a0-1207-473c-aef2-89240dec4f1e&cat_web_session_id=87643d83-348a-486f-9c79-216651893789&banner_location=header",9.94,10,10,9.83,158,11,"910518552",Yes,Yes,Yes,"https://www.checkatrade.com/trades/catplumbers",catplumbers
"Berkshire Heat Ltd","Mr Leon","Plumber","","https://9tuma.app.link/kLTh3RAdIQb?cat_web_device_id=2e0b20a0-1207-473c-aef2-89240dec4f1e&cat_web_session_id=87643d83-348a-486f-9c79-216651893789&banner_location=header",9.62,9.93,9.4,9.53,28,2,"",Yes,No,Yes,"https://www.checkatrade.com/trades/berkshireheat",berkshireheat
"Project Design and Refurbishment LTD","Mr Craig","Plumber","Brize Norton","https://9tuma.app.link/kLTh3RAdIQb?cat_web_device_id=2e0b20a0-1207-473c-aef2-89240dec4f1e&cat_web_session_id=87643d83-348a-486f-9c79-216651893789&banner_location=header",9.9,9.86,9.86,10,7,1,"502957001",Yes,Yes,Yes,"https://www.checkatrade.com/trades/projectdesignandrefurbishmentltd",projectdesignandrefurbishmentltd
"Maple Plumbing And Heating Ltd","Mr Ammar","Plumber","all aspects","https://9tuma.app.link/kLTh3RAdIQb?cat_web_device_id=2e0b20a0-1207-473c-aef2-89240dec4f1e&cat_web_session_id=87643d83-348a-486f-9c79-216651893789&banner_location=header",10,10,10,10,28,3,"",Yes,Yes,Yes,"https://www.checkatrade.com/trades/mapleplumbingandheating",mapleplumbingandheating
"Pro Plumbing-Bathrooms","Mrs Nichola","Plumber","Swindon and","https://9tuma.app.link/kLTh3RAdIQb?cat_web_device_id=2e0b20a0-1207-473c-aef2-89240dec4f1e&cat_web_session_id=87643d83-348a-486f-9c79-216651893789&banner_location=header",9.77,9.76,9.78,9.76,54,1,"",Yes,Yes,Yes,"https://www.checkatrade.com/trades/proplumbingbathrooms",proplumbingbathrooms
"Cotswold Plumbing & Heating Ltd","Mr John","Plumber","Cirencester the","https://9tuma.app.link/kLTh3RAdIQb?cat_web_device_id=2e0b20a0-1207-473c-aef2-89240dec4f1e&cat_web_session_id=87643d83-348a-486f-9c79-216651893789&banner_location=header",7.5,10,10,10,19,7,"111311292",Yes,Yes,Yes,"https://www.checkatrade.com/trades/cotswoldplumbingandheating282871",cotswoldplumbingandheating282871
"CHP Plumb Heat","Mr Bakari","Plumber","","https://9tuma.app.link/kLTh3RAdIQb?cat_web_device_id=2e0b20a0-1207-473c-aef2-89240dec4f1e&cat_web_session_id=87643d83-348a-486f-9c79-216651893789&banner_location=header",9.33,9.85,9.08,9.08,61,2,"",Yes,Yes,Yes,"https://www.checkatrade.com/trades/chpplumbheat",chpplumbheat
"Aquaheat Services","Mr Joshua","Plumber","","https://9tuma.app.link/kLTh3RAdIQb?cat_web_device_id=2e0b20a0-1207-473c-aef2-89240dec4f1e&cat_web_session_id=87643d83-348a-486f-9c79-216651893789&banner_location=header",7.33,10,6,6,67,8,"",Yes,Yes,Yes,"https://www.checkatrade.com/trades/aquaheatservices",aquaheatservices
"Service Plus Home Care Ltd","Mr Matthew","Plumber","","https://9tuma.app.link/kLTh3RAdIQb?cat_web_device_id=2e0b20a0-1207-473c-aef2-89240dec4f1e&cat_web_session_id=87643d83-348a-486f-9c79-216651893789&banner_location=header",9.3,9.18,9.73,9,4503,22,"",Yes,Yes,Yes,"https://www.checkatrade.com/trades/serviceplus",serviceplus
"MJP Plumbing and Heating","Mr Simon","Plumber","Carterton and","https://9tuma.app.link/kLTh3RAdIQb?cat_web_device_id=2e0b20a0-1207-473c-aef2-89240dec4f1e&cat_web_session_id=87643d83-348a-486f-9c79-216651893789&banner_location=header",9.96,9.96,9.96,9.96,317,9,"113366245",Yes,Yes,Yes,"https://www.checkatrade.com/trades/mjpplumbingandheating",mjpplumbingandheating
"A N Heating Ltd","Mr Nicholas","Plumber","","https://9tuma.app.link/kLTh3RAdIQb?cat_web_device_id=2e0b20a0-1207-473c-aef2-89240dec4f1e&cat_web_session_id=87643d83-348a-486f-9c79-216651893789&banner_location=header",9.59,9.56,9.64,9.58,425,9,"",Yes,Yes,Yes,"https://www.checkatrade.com/trades/anheatingltd",anheatingltd
"DKM Precision Plumbing","Mr Daniel","Plumber","Melksham and","https://9tuma.app.link/kLTh3RAdIQb?cat_web_device_id=2e0b20a0-1207-473c-aef2-89240dec4f1e&cat_web_session_id=87643d83-348a-486f-9c79-216651893789&banner_location=header",9.99,10,9.97,10,30,1,"",Yes,No,Yes,"https://www.checkatrade.com/trades/dkmprecisionplumbing",dkmprecisionplumbing
"John Williams Heating Services Ltd","Mrs Debbie","Plumber","","https://9tuma.app.link/kLTh3RAdIQb?cat_web_device_id=2e0b20a0-1207-473c-aef2-89240dec4f1e&cat_web_session_id=87643d83-348a-486f-9c79-216651893789&banner_location=header",9.9,9.79,9.93,10,329,12,"840852036",Yes,Yes,Yes,"https://www.checkatrade.com/trades/johnwilliamsheatingservicesltd",johnwilliamsheatingservicesltd
"Pinnacle Plumbing & Heating Ltd","Mr Arun","Plumber","","https://9tuma.app.link/kLTh3RAdIQb?cat_web_device_id=2e0b20a0-1207-473c-aef2-89240dec4f1e&cat_web_session_id=87643d83-348a-486f-9c79-216651893789&banner_location=header",9.93,9.8,10,10,5,,"",Yes,Yes,Yes,"https://www.checkatrade.com/trades/pinnacleplumbingheatingltd",pinnacleplumbingheatingltd
"Kingers plumbing","Mr Kingsley","Plumber","Tilehurst and","https://9tuma.app.link/kLTh3RAdIQb?cat_web_device_id=2e0b20a0-1207-473c-aef2-89240dec4f1e&cat_web_session_id=87643d83-348a-486f-9c79-216651893789&banner_location=header",9.87,9.83,10,9.78,18,1,"",Yes,No,Yes,"https://www.checkatrade.com/trades/kingersplumbing",kingersplumbing
"HUNGERFLOW PLUMBING & HEATING LTD","Mr Chris","Plumber","","https://9tuma.app.link/kLTh3RAdIQb?cat_web_device_id=2e0b20a0-1207-473c-aef2-89240dec4f1e&cat_web_session_id=87643d83-348a-486f-9c79-216651893789&banner_location=header",9.92,10,10,9.75,58,4,"",Yes,Yes,Yes,"https://www.checkatrade.com/trades/hungerflowplumbingheatingltd",hungerflowplumbingheatingltd
"DGC PLUMBING","Mr Darren","Plumber","all aspects","https://9tuma.app.link/kLTh3RAdIQb?cat_web_device_id=2e0b20a0-1207-473c-aef2-89240dec4f1e&cat_web_session_id=87643d83-348a-486f-9c79-216651893789&banner_location=header",9.6,9.67,9.71,9.63,59,1,"",Yes,Yes,Yes,"https://www.checkatrade.com/trades/dgcplumbing",dgcplumbing
"Anton Plumbing & Heating Ltd","Mr Anton","Plumber","","https://9tuma.app.link/kLTh3RAdIQb?cat_web_device_id=2e0b20a0-1207-473c-aef2-89240dec4f1e&cat_web_session_id=87643d83-348a-486f-9c79-216651893789&banner_location=header",9.9,9.92,9.85,9.92,146,7,"",Yes,Yes,Yes,"https://www.checkatrade.com/trades/antonplumbingandheating",antonplumbingandheating
"BS30","Mr. Richard Sellick","Plumber","","https://9tuma.app.link/kLTh3RAdIQb?cat_web_device_id=2e0b20a0-1207-473c-aef2-89240dec4f1e&cat_web_session_id=87643d83-348a-486f-9c79-216651893789&banner_location=header",9.84,9.81,9.85,9.85,79,5,"",Yes,Yes,Yes,"https://www.checkatrade.com/trades/bs30tilers1047432",bs30tilers1047432
"Amesbury Plumbing & Heating Ltd","Mr Ed","Plumber","","https://9tuma.app.link/kLTh3RAdIQb?cat_web_device_id=2e0b20a0-1207-473c-aef2-89240dec4f1e&cat_web_session_id=87643d83-348a-486f-9c79-216651893789&banner_location=header",9.98,9.97,9.97,9.99,500,11,"255299278",Yes,Yes,Yes,"https://www.checkatrade.com/trades/amesburyplumbingandheating",amesburyplumbingandheating
"JRQ plumbing and heating limited","Mr Jonathon","Plumber","tomorrow so","https://9tuma.app.link/kLTh3RAdIQb?cat_web_device_id=2e0b20a0-1207-473c-aef2-89240dec4f1e&cat_web_session_id=87643d83-348a-486f-9c79-216651893789&banner_location=header",9.21,9.27,9.23,9.14,22,1,"",Yes,Yes,Yes,"https://www.checkatrade.com/trades/jrqplumbingandheatinglimited",jrqplumbingandheatinglimited
"P S PLUMBING SERVICES","Mr Paul","Plumber","","https://9tuma.app.link/kLTh3RAdIQb?cat_web_device_id=2e0b20a0-1207-473c-aef2-89240dec4f1e&cat_web_session_id=87643d83-348a-486f-9c79-216651893789&banner_location=header",9.92,9.95,9.91,9.91,87,3,"",Yes,No,Yes,"https://www.checkatrade.com/trades/psplumbingservices1073316",psplumbingservices1073316
"ECS Plumbing & Heating Ltd","Mr Ross","Plumber","","https://9tuma.app.link/kLTh3RAdIQb?cat_web_device_id=2e0b20a0-1207-473c-aef2-89240dec4f1e&cat_web_session_id=87643d83-348a-486f-9c79-216651893789&banner_location=header",9.9,9.88,9.9,9.9,905,12,"177740772",Yes,Yes,Yes,"https://www.checkatrade.com/trades/ecsplumbingandheatingltd",ecsplumbingandheatingltd
"Bushnells Plumbing & Heating","Mr Steve","Plumber","","https://9tuma.app.link/kLTh3RAdIQb?cat_web_device_id=2e0b20a0-1207-473c-aef2-89240dec4f1e&cat_web_session_id=87643d83-348a-486f-9c79-216651893789&banner_location=header",9.95,10,9.85,10,116,8,"",Yes,Yes,Yes,"https://www.checkatrade.com/trades/bushnellsplumbingandheating",bushnellsplumbingandheating
"Skylark Plumbing","Mr Edward","Plumber","","https://9tuma.app.link/kLTh3RAdIQb?cat_web_device_id=2e0b20a0-1207-473c-aef2-89240dec4f1e&cat_web_session_id=87643d83-348a-486f-9c79-216651893789&banner_location=header",9.33,9,9.5,9.5,40,7,"",Yes,Yes,Yes,"https://www.checkatrade.com/trades/skylarkplumbing",skylarkplumbing
"Westover Plumbing","Mr. Phelim Ohara","Plumber","","https://9tuma.app.link/kLTh3RAdIQb?cat_web_device_id=2e0b20a0-1207-473c-aef2-89240dec4f1e&cat_web_session_id=87643d83-348a-486f-9c79-216651893789&banner_location=header",9.67,10,9,10,35,5,"",No,Yes,Yes,"https://www.checkatrade.com/trades/westoverplumbing962485",westoverplumbing962485
"AmbiHeat Ltd","Mr Lee","Plumber","","https://9tuma.app.link/kLTh3RAdIQb?cat_web_device_id=2e0b20a0-1207-473c-aef2-89240dec4f1e&cat_web_session_id=87643d83-348a-486f-9c79-216651893789&banner_location=header",9.98,10,10,9.93,39,2,"",Yes,Yes,Yes,"https://www.checkatrade.com/trades/ambiheatltd",ambiheatltd
"Mark Smith Plumbing & Heating","Mr Greg","Plumber","","https://9tuma.app.link/kLTh3RAdIQb?cat_web_device_id=2e0b20a0-1207-473c-aef2-89240dec4f1e&cat_web_session_id=87643d83-348a-486f-9c79-216651893789&banner_location=header",9.49,9.5,9.55,9.8,885,16,"",Yes,Yes,Yes,"https://www.checkatrade.com/trades/marksmithplumbingandheating",marksmithplumbingandheating
"JPS Plumbing, Gas and Electrical","Mr Jamie","Plumber","","https://9tuma.app.link/kLTh3RAdIQb?cat_web_device_id=2e0b20a0-1207-473c-aef2-89240dec4f1e&cat_web_session_id=87643d83-348a-486f-9c79-216651893789&banner_location=header",9.83,9.96,9.96,9.96,374,12,"200710084",Yes,Yes,Yes,"https://www.checkatrade.com/trades/jpsplumbingand",jpsplumbingand
"Winmill Plumbing & Heating ltd","Mr Brian","Plumber","","https://9tuma.app.link/kLTh3RAdIQb?cat_web_device_id=2e0b20a0-1207-473c-aef2-89240dec4f1e&cat_web_session_id=87643d83-348a-486f-9c79-216651893789&banner_location=header",9.93,10,10,9.8,19,2,"",Yes,Yes,Yes,"https://www.checkatrade.com/trades/winmillplumbingandheatingltd",winmillplumbingandheatingltd
"Savannah Plumbing & Heating","Mr Craig","Plumber","","https://9tuma.app.link/kLTh3RAdIQb?cat_web_device_id=2e0b20a0-1207-473c-aef2-89240dec4f1e&cat_web_session_id=87643d83-348a-486f-9c79-216651893789&banner_location=header",9.98,10,10,9.94,51,3,"",Yes,No,Yes,"https://www.checkatrade.com/trades/savannahplumbingandheating",savannahplumbingandheating
"Aqualogic 24hr Plumbing & Heating","Mr Thomas","Plumber","all of","https://9tuma.app.link/kLTh3RAdIQb?cat_web_device_id=2e0b20a0-1207-473c-aef2-89240dec4f1e&cat_web_session_id=87643d83-348a-486f-9c79-216651893789&banner_location=header",9.82,9.71,9.82,9.94,312,7,"420695208",Yes,Yes,Yes,"https://www.checkatrade.com/trades/aqualogic24hrplumbingandheating",aqualogic24hrplumbingandheating
"BE1 Property Services Ltd","Mr Shaun","Plumber","","https://9tuma.app.link/kLTh3RAdIQb?cat_web_device_id=2e0b20a0-1207-473c-aef2-89240dec4f1e&cat_web_session_id=87643d83-348a-486f-9c79-216651893789&banner_location=header",9.76,9.71,9.76,9.82,92,2,"",Yes,Yes,Yes,"https://www.checkatrade.com/trades/be1propertyservicesltd",be1propertyservicesltd
"ILM Kitchens and Bathrooms","Mr Mark","Plumber","the vast","https://9tuma.app.link/kLTh3RAdIQb?cat_web_device_id=2e0b20a0-1207-473c-aef2-89240dec4f1e&cat_web_session_id=87643d83-348a-486f-9c79-216651893789&banner_location=header",10,10,10,10,120,1,"234560713",Yes,Yes,Yes,"https://www.checkatrade.com/trades/ilmkitchens",ilmkitchens
"Hydroheat","Mr Joshua","Plumber","Lyndhurst","https://9tuma.app.link/kLTh3RAdIQb?cat_web_device_id=2e0b20a0-1207-473c-aef2-89240dec4f1e&cat_web_session_id=87643d83-348a-486f-9c79-216651893789&banner_location=header",9.93,9.94,9.94,9.91,703,13,"",Yes,Yes,Yes,"https://www.checkatrade.com/trades/gastechnique",gastechnique
"Southcoast Maintenance SCM","Mr Aaron","Plumber","Southampton and","https://9tuma.app.link/kLTh3RAdIQb?cat_web_device_id=2e0b20a0-1207-473c-aef2-89240dec4f1e&cat_web_session_id=87643d83-348a-486f-9c79-216651893789&banner_location=header",9.86,9.9,9.83,9.83,231,11,"",Yes,Yes,Yes,"https://www.checkatrade.com/trades/southcoastmaintenancescm",southcoastmaintenancescm
"LJS Plumbing and Heating","Mr Jack","Plumber","","https://9tuma.app.link/kLTh3RAdIQb?cat_web_device_id=2e0b20a0-1207-473c-aef2-89240dec4f1e&cat_web_session_id=87643d83-348a-486f-9c79-216651893789&banner_location=header",10,10,10,10,18,2,"",Yes,No,Yes,"https://www.checkatrade.com/trades/ljsplumbingandheating1125449",ljsplumbingandheating1125449
"Plumbing, Heating & Drainage Ltd","Mr Daniel","Plumber","all aspects","https://9tuma.app.link/kLTh3RAdIQb?cat_web_device_id=2e0b20a0-1207-473c-aef2-89240dec4f1e&cat_web_session_id=87643d83-348a-486f-9c79-216651893789&banner_location=header",8.36,10,10,10,170,13,"259774938",Yes,Yes,Yes,"https://www.checkatrade.com/trades/plumbingheatinganddrainageltd",plumbingheatinganddrainageltd
"JC Plumbing & Heating","Mr Jordan","Plumber","","https://9tuma.app.link/kLTh3RAdIQb?cat_web_device_id=2e0b20a0-1207-473c-aef2-89240dec4f1e&cat_web_session_id=87643d83-348a-486f-9c79-216651893789&banner_location=header",9.95,9.94,9.97,9.93,195,4,"",Yes,Yes,Yes,"https://www.checkatrade.com/trades/jcplumbingheating1080072",jcplumbingheating1080072
"MJW Services","Mr Mike","Plumber","domestic and","https://9tuma.app.link/kLTh3RAdIQb?cat_web_device_id=2e0b20a0-1207-473c-aef2-89240dec4f1e&cat_web_session_id=87643d83-348a-486f-9c79-216651893789&banner_location=header",10,10,10,10,34,2,"",Yes,Yes,Yes,"https://www.checkatrade.com/trades/mjwservices",mjwservices
"Tip Top Plumbing & Property Maintenance Ltd","Mr Benjamin","Plumber","Hockley covering","https://9tuma.app.link/kLTh3RAdIQb?cat_web_device_id=2e0b20a0-1207-473c-aef2-89240dec4f1e&cat_web_session_id=87643d83-348a-486f-9c79-216651893789&banner_location=header",9.89,,,,540,2,"",Yes,Yes,Yes,"https://www.checkatrade.com/trades/tiptopplumbingandpropertymaintenance",tiptopplumbingandpropertymaintenance
"Plumbarius","Mr Oliver","Plumber","","https://9tuma.app.link/kLTh3RAdIQb?cat_web_device_id=2e0b20a0-1207-473c-aef2-89240dec4f1e&cat_web_session_id=87643d83-348a-486f-9c79-216651893789&banner_location=header",9.84,9.87,9.83,9.83,58,3,"",No,Yes,Yes,"https://www.checkatrade.com/trades/plumbarius",plumbarius
"Act Fast Plumbing","Mr Darren","Plumber","all aspects","https://9tuma.app.link/kLTh3RAdIQb?cat_web_device_id=2e0b20a0-1207-473c-aef2-89240dec4f1e&cat_web_session_id=87643d83-348a-486f-9c79-216651893789&banner_location=header",9.95,9.94,9.94,9.97,339,9,"",Yes,Yes,Yes,"https://www.checkatrade.com/trades/actfastplumbing",actfastplumbing
"Andrew Plumbing Solutions","Andrei Dratinski","Plumber","","https://9tuma.app.link/kLTh3RAdIQb?cat_web_device_id=2e0b20a0-1207-473c-aef2-89240dec4f1e&cat_web_session_id=87643d83-348a-486f-9c79-216651893789&banner_location=header",10,10,10,10,31,7,"",Yes,Yes,Yes,"https://www.checkatrade.com/trades/andrewplumbingsolutions",andrewplumbingsolutions
"B-Smart","Mr Bradley","Plumber","Brentwood","https://9tuma.app.link/kLTh3RAdIQb?cat_web_device_id=2e0b20a0-1207-473c-aef2-89240dec4f1e&cat_web_session_id=87643d83-348a-486f-9c79-216651893789&banner_location=header",10,10,10,10,43,2,"",Yes,Yes,Yes,"https://www.checkatrade.com/trades/bsmart859644",bsmart859644
"Danamic Heating Ltd","Mr Michael","Plumber","Basildon and","https://9tuma.app.link/kLTh3RAdIQb?cat_web_device_id=2e0b20a0-1207-473c-aef2-89240dec4f1e&cat_web_session_id=87643d83-348a-486f-9c79-216651893789&banner_location=header",9.9,9.86,9.86,10,7,1,"",Yes,No,Yes,"https://www.checkatrade.com/trades/danamicheatingltd",danamicheatingltd
"Mario Building & Plumbing Ltd","Mr Marian","Plumber","","https://9tuma.app.link/kLTh3RAdIQb?cat_web_device_id=2e0b20a0-1207-473c-aef2-89240dec4f1e&cat_web_session_id=87643d83-348a-486f-9c79-216651893789&banner_location=header",9.74,10,10,10,140,8,"",Yes,Yes,Yes,"https://www.checkatrade.com/trades/mariobuildingandplumbingltd",mariobuildingandplumbingltd
"Hancor H Limited","Mr Denis","Plumber","while inside","https://9tuma.app.link/kLTh3RAdIQb?cat_web_device_id=2e0b20a0-1207-473c-aef2-89240dec4f1e&cat_web_session_id=87643d83-348a-486f-9c79-216651893789&banner_location=header",9.47,9.59,9.65,9.18,17,1,"",Yes,No,Yes,"https://www.checkatrade.com/trades/hancorhlimited",hancorhlimited
"Emergency Plumber 365 Ltd","Mr Joseph","Plumber","","https://9tuma.app.link/kLTh3RAdIQb?cat_web_device_id=2e0b20a0-1207-473c-aef2-89240dec4f1e&cat_web_session_id=87643d83-348a-486f-9c79-216651893789&banner_location=header",10,10,10,10,152,6,"382126114",Yes,Yes,Yes,"https://www.checkatrade.com/trades/emergencyplumber365ltd",emergencyplumber365ltd
"Staunch Group Services","Mr Darren","Plumber","Northfleet Gravesend","https://9tuma.app.link/kLTh3RAdIQb?cat_web_device_id=2e0b20a0-1207-473c-aef2-89240dec4f1e&cat_web_session_id=87643d83-348a-486f-9c79-216651893789&banner_location=header",,,,,,,"",Yes,No,Yes,"https://www.checkatrade.com/trades/staunchgroupservices",staunchgroupservices
"PLUMB FAST 1 LTD","Mrs Rebecca","Plumber","","https://9tuma.app.link/kLTh3RAdIQb?cat_web_device_id=2e0b20a0-1207-473c-aef2-89240dec4f1e&cat_web_session_id=87643d83-348a-486f-9c79-216651893789&banner_location=header",9.8,9.68,9.92,9.8,25,1,"",Yes,No,Yes,"https://www.checkatrade.com/trades/plumbfast1ltd",plumbfast1ltd
"NSR Plumbing","Mr Nathan","Plumber","Shropshire","https://9tuma.app.link/kLTh3RAdIQb?cat_web_device_id=2e0b20a0-1207-473c-aef2-89240dec4f1e&cat_web_session_id=87643d83-348a-486f-9c79-216651893789&banner_location=header",9.57,9.84,9.53,9.58,29,2,"",Yes,Yes,Yes,"https://www.checkatrade.com/trades/nsrplumbing1110796",nsrplumbing1110796
"Aquacivil Solutions Limited","Mr Jason","Plumber","Wolverhampton and","https://9tuma.app.link/kLTh3RAdIQb?cat_web_device_id=2e0b20a0-1207-473c-aef2-89240dec4f1e&cat_web_session_id=87643d83-348a-486f-9c79-216651893789&banner_location=header",10,10,10,10,1,1,"",Yes,No,Yes,"https://www.checkatrade.com/trades/aquacivilsolutionslimited",aquacivilsolutionslimited
"Severn Plumbing","Mr Krishan","Plumber","Shrewsbury and","https://9tuma.app.link/kLTh3RAdIQb?cat_web_device_id=2e0b20a0-1207-473c-aef2-89240dec4f1e&cat_web_session_id=87643d83-348a-486f-9c79-216651893789&banner_location=header",9.92,10,9.75,10,4,1,"",Yes,Yes,Yes,"https://www.checkatrade.com/trades/severnplumbing5904037",severnplumbing5904037
"PADDINGTON EMERGENCY PLUMBERS LIMITED","Mr Luke","Plumber","all aspects","https://9tuma.app.link/kLTh3RAdIQb?cat_web_device_id=2e0b20a0-1207-473c-aef2-89240dec4f1e&cat_web_session_id=87643d83-348a-486f-9c79-216651893789&banner_location=header",10,10,10,10,8,,"",Yes,Yes,Yes,"https://www.checkatrade.com/trades/paddingtonemergencyplumberslimited",paddingtonemergencyplumberslimited
"Shrewsbury Plumbing and Heating services","Mr Ian","Plumber","all aspects","https://9tuma.app.link/kLTh3RAdIQb?cat_web_device_id=2e0b20a0-1207-473c-aef2-89240dec4f1e&cat_web_session_id=87643d83-348a-486f-9c79-216651893789&banner_location=header",9.85,9.69,9.92,9.92,260,11,"",Yes,Yes,Yes,"https://www.checkatrade.com/trades/shrewsburyplumbingandheatingservices",shrewsburyplumbingandheatingservices
"AWH Plumbing","Mr. Anthony Hopley","Plumber","","https://9tuma.app.link/kLTh3RAdIQb?cat_web_device_id=2e0b20a0-1207-473c-aef2-89240dec4f1e&cat_web_session_id=87643d83-348a-486f-9c79-216651893789&banner_location=header",9.91,9.8,10,9.93,57,4,"",Yes,Yes,Yes,"https://www.checkatrade.com/trades/awhplumbing",awhplumbing
"Price Plumbing & Heating","Mr Daniel","Plumber","","https://9tuma.app.link/kLTh3RAdIQb?cat_web_device_id=2e0b20a0-1207-473c-aef2-89240dec4f1e&cat_web_session_id=87643d83-348a-486f-9c79-216651893789&banner_location=header",9.94,10,10,9.83,73,4,"",Yes,Yes,Yes,"https://www.checkatrade.com/trades/priceplumbingandheating",priceplumbingandheating
"THH Services Limited","Mr Stuart","Plumber","","https://9tuma.app.link/kLTh3RAdIQb?cat_web_device_id=2e0b20a0-1207-473c-aef2-89240dec4f1e&cat_web_session_id=87643d83-348a-486f-9c79-216651893789&banner_location=header",9,9,9,9,19,3,"866458183",Yes,Yes,Yes,"https://www.checkatrade.com/trades/thhservices",thhservices
"Copper Plumbing Telford","Mr. Maruf Hussain","Plumber","","https://9tuma.app.link/kLTh3RAdIQb?cat_web_device_id=2e0b20a0-1207-473c-aef2-89240dec4f1e&cat_web_session_id=87643d83-348a-486f-9c79-216651893789&banner_location=header",9.72,9.64,9.92,9.6,83,4,"",Yes,Yes,Yes,"https://www.checkatrade.com/trades/copperplumbingtelford",copperplumbingtelford
"RNB Plumbing & Heating Services","Mr Robert","Plumber","","https://9tuma.app.link/kLTh3RAdIQb?cat_web_device_id=2e0b20a0-1207-473c-aef2-89240dec4f1e&cat_web_session_id=87643d83-348a-486f-9c79-216651893789&banner_location=header",9.96,,,,306,6,"",No,No,Yes,"https://www.checkatrade.com/trades/rnbplumbingandheatingservices",rnbplumbingandheatingservices
"SPH Plumbing and Electrical Ltd","Mr James","Plumber","all gas","https://9tuma.app.link/kLTh3RAdIQb?cat_web_device_id=2e0b20a0-1207-473c-aef2-89240dec4f1e&cat_web_session_id=87643d83-348a-486f-9c79-216651893789&banner_location=header",9.95,9.86,10,10,13,,"",Yes,Yes,Yes,"https://www.checkatrade.com/trades/sphplumbingandelectricalltd",sphplumbingandelectricalltd
"Fitts Plumbing & Heating","Mr. Lee Bramfitt","Plumber","","https://9tuma.app.link/kLTh3RAdIQb?cat_web_device_id=2e0b20a0-1207-473c-aef2-89240dec4f1e&cat_web_session_id=87643d83-348a-486f-9c79-216651893789&banner_location=header",10,10,10,10,26,5,"",Yes,Yes,Yes,"https://www.checkatrade.com/trades/fittsplumbingheating",fittsplumbingheating
"II Maintenance","Mr Ikhlaq","Plumber","Telford and","https://9tuma.app.link/kLTh3RAdIQb?cat_web_device_id=2e0b20a0-1207-473c-aef2-89240dec4f1e&cat_web_session_id=87643d83-348a-486f-9c79-216651893789&banner_location=header",10,10,10,10,4,,"",Yes,No,Yes,"https://www.checkatrade.com/trades/iimaintenance",iimaintenance
"Osflow Ltd","Mr Jamie","Plumber","","https://9tuma.app.link/kLTh3RAdIQb?cat_web_device_id=2e0b20a0-1207-473c-aef2-89240dec4f1e&cat_web_session_id=87643d83-348a-486f-9c79-216651893789&banner_location=header",10,10,10,10,18,2,"",Yes,Yes,Yes,"https://www.checkatrade.com/trades/osflowltd",osflowltd
"First choice plumbing & bathrooms","Mr Romeo","Plumber","","https://9tuma.app.link/kLTh3RAdIQb?cat_web_device_id=2e0b20a0-1207-473c-aef2-89240dec4f1e&cat_web_session_id=87643d83-348a-486f-9c79-216651893789&banner_location=header",9.83,,,,2,,"",No,No,Yes,"https://www.checkatrade.com/trades/firstchoiceplumbingbathrooms",firstchoiceplumbingbathrooms
"Prime Gas Solutions Stoke Ltd","Mr David","Plumber","Stoke","https://9tuma.app.link/kLTh3RAdIQb?cat_web_device_id=2e0b20a0-1207-473c-aef2-89240dec4f1e&cat_web_session_id=87643d83-348a-486f-9c79-216651893789&banner_location=header",10,10,10,10,21,2,"",Yes,Yes,Yes,"https://www.checkatrade.com/trades/primegassolutionsstokeltd",primegassolutionsstokeltd
"J.M.R. Home Improvements - Plumber","Mr Joe","Plumber","","https://9tuma.app.link/kLTh3RAdIQb?cat_web_device_id=2e0b20a0-1207-473c-aef2-89240dec4f1e&cat_web_session_id=87643d83-348a-486f-9c79-216651893789&banner_location=header",9.84,9.72,9.94,9.86,150,6,"390289472",Yes,No,Yes,"https://www.checkatrade.com/trades/jmrhomeimprovements",jmrhomeimprovements
"GTS Plumbing and Heating","Mr. Gavin Taylor","Plumber","","https://9tuma.app.link/kLTh3RAdIQb?cat_web_device_id=2e0b20a0-1207-473c-aef2-89240dec4f1e&cat_web_session_id=87643d83-348a-486f-9c79-216651893789&banner_location=header",9.83,10,9.75,9.75,33,5,"",Yes,Yes,Yes,"https://www.checkatrade.com/trades/gtsplumbingandheating990471",gtsplumbingandheating990471
"Tor Renewable Heating Solutions Ltd","Mr Daniel","Plumber","","https://9tuma.app.link/kLTh3RAdIQb?cat_web_device_id=2e0b20a0-1207-473c-aef2-89240dec4f1e&cat_web_session_id=87643d83-348a-486f-9c79-216651893789&banner_location=header",10,10,10,10,9,1,"",Yes,Yes,Yes,"https://www.checkatrade.com/trades/torrenewableheatingsolutionsltd",torrenewableheatingsolutionsltd
"Holbrook Plumbing & Heating Ltd","Mr David","Plumber","Somerset
Accreditations","https://9tuma.app.link/kLTh3RAdIQb?cat_web_device_id=2e0b20a0-1207-473c-aef2-89240dec4f1e&cat_web_session_id=87643d83-348a-486f-9c79-216651893789&banner_location=header",10,10,10,10,6,2025,"",Yes,No,Yes,"https://www.checkatrade.com/trades/holbrookplumbingheatingltd",holbrookplumbingheatingltd
"Ian Govier Plumbing","Mr Ian","Plumber","","https://9tuma.app.link/kLTh3RAdIQb?cat_web_device_id=2e0b20a0-1207-473c-aef2-89240dec4f1e&cat_web_session_id=87643d83-348a-486f-9c79-216651893789&banner_location=header",9.74,9.69,9.74,9.79,213,6,"",Yes,No,Yes,"https://www.checkatrade.com/trades/iangovierplumbing",iangovierplumbing
"Exeter Plumbing Solutions LTD","","Plumber","","https://9tuma.app.link/kLTh3RAdIQb?cat_web_device_id=2e0b20a0-1207-473c-aef2-89240dec4f1e&cat_web_session_id=87643d83-348a-486f-9c79-216651893789&banner_location=header",9.75,9.7,9.74,9.81,50,2,"",Yes,Yes,Yes,"https://www.checkatrade.com/trades/exeterplumbingsolutionsltd",exeterplumbingsolutionsltd
"Quickfix Plumber","Mr Mohammad","Plumber","our community","https://9tuma.app.link/kLTh3RAdIQb?cat_web_device_id=2e0b20a0-1207-473c-aef2-89240dec4f1e&cat_web_session_id=87643d83-348a-486f-9c79-216651893789&banner_location=header",9.75,9.68,9.79,9.79,25,2,"",Yes,No,Yes,"https://www.checkatrade.com/trades/quickfixplumber1110616",quickfixplumber1110616
"Callum Stone Plumbing","Mr. Callum Stone","Plumber","","https://9tuma.app.link/kLTh3RAdIQb?cat_web_device_id=2e0b20a0-1207-473c-aef2-89240dec4f1e&cat_web_session_id=87643d83-348a-486f-9c79-216651893789&banner_location=header",9.87,10,10,9.6,16,5,"",Yes,No,Yes,"https://www.checkatrade.com/trades/callumstoneplumbing",callumstoneplumbing
"Dorset Mechanical Limited","Mr. Jeremy Ridout","Plumber","","https://9tuma.app.link/kLTh3RAdIQb?cat_web_device_id=2e0b20a0-1207-473c-aef2-89240dec4f1e&cat_web_session_id=87643d83-348a-486f-9c79-216651893789&banner_location=header",9.61,,,,19,4,"",Yes,Yes,Yes,"https://www.checkatrade.com/trades/dorsetmechanical487967",dorsetmechanical487967
"JPM Plumbing and Heating","Mr Joshua","Plumber","Cardiff and","https://9tuma.app.link/kLTh3RAdIQb?cat_web_device_id=2e0b20a0-1207-473c-aef2-89240dec4f1e&cat_web_session_id=87643d83-348a-486f-9c79-216651893789&banner_location=header",10,10,10,10,6,1,"",No,Yes,Yes,"https://www.checkatrade.com/trades/jpmplumbingandheating1141672",jpmplumbingandheating1141672
"Sam the Plumber","Mr Sam","Plumber","","https://9tuma.app.link/kLTh3RAdIQb?cat_web_device_id=2e0b20a0-1207-473c-aef2-89240dec4f1e&cat_web_session_id=87643d83-348a-486f-9c79-216651893789&banner_location=header",9.93,9.9,9.9,10,27,2,"",No,Yes,Yes,"https://www.checkatrade.com/trades/samtheplumber",samtheplumber
"Jfs Plumbing Ltd","Mr Jonathon","Plumber","DEVON and","https://9tuma.app.link/kLTh3RAdIQb?cat_web_device_id=2e0b20a0-1207-473c-aef2-89240dec4f1e&cat_web_session_id=87643d83-348a-486f-9c79-216651893789&banner_location=header",10,10,10,10,62,3,"429333982",Yes,Yes,Yes,"https://www.checkatrade.com/trades/jfsplumbing",jfsplumbing
"Mark Gregory Plumbing","Mr Mark","Plumber","","https://9tuma.app.link/kLTh3RAdIQb?cat_web_device_id=2e0b20a0-1207-473c-aef2-89240dec4f1e&cat_web_session_id=87643d83-348a-486f-9c79-216651893789&banner_location=header",9.85,9.93,9.89,9.87,628,10,"",Yes,Yes,Yes,"https://www.checkatrade.com/trades/markgregoryplumbing",markgregoryplumbing
"The Bathroom Expert Ltd","Mr William","Plumber","","https://9tuma.app.link/kLTh3RAdIQb?cat_web_device_id=2e0b20a0-1207-473c-aef2-89240dec4f1e&cat_web_session_id=87643d83-348a-486f-9c79-216651893789&banner_location=header",9.88,9.88,9.88,9.88,28,2,"",Yes,No,Yes,"https://www.checkatrade.com/trades/thebathroomexpertltd",thebathroomexpertltd
"Steve Turner Plumbing","Mr Steve","Plumber","","https://9tuma.app.link/kLTh3RAdIQb?cat_web_device_id=2e0b20a0-1207-473c-aef2-89240dec4f1e&cat_web_session_id=87643d83-348a-486f-9c79-216651893789&banner_location=header",9.98,9.95,10,10,43,1,"",No,Yes,Yes,"https://www.checkatrade.com/trades/steveturnerplumbing",steveturnerplumbing
"Modern Heat Home Solutions Ltd","Mr Daniel","Plumber","","https://9tuma.app.link/kLTh3RAdIQb?cat_web_device_id=2e0b20a0-1207-473c-aef2-89240dec4f1e&cat_web_session_id=87643d83-348a-486f-9c79-216651893789&banner_location=header",9.97,10,9.93,9.97,33,1,"",Yes,No,Yes,"https://www.checkatrade.com/trades/modernheathomesolutions",modernheathomesolutions
"Pearl Building Services Limited","Mr James","Plumber","Brentwood","https://9tuma.app.link/kLTh3RAdIQb?cat_web_device_id=2e0b20a0-1207-473c-aef2-89240dec4f1e&cat_web_session_id=87643d83-348a-486f-9c79-216651893789&banner_location=header",10,10,10,10,30,2,"406033148",Yes,Yes,Yes,"https://www.checkatrade.com/trades/pearlbuildingservices",pearlbuildingservices
"Velocity Plumbing","Mr Giles","Plumber","for when","https://9tuma.app.link/kLTh3RAdIQb?cat_web_device_id=2e0b20a0-1207-473c-aef2-89240dec4f1e&cat_web_session_id=87643d83-348a-486f-9c79-216651893789&banner_location=header",10,10,10,10,174,7,"",Yes,Yes,Yes,"https://www.checkatrade.com/trades/velocityplumbing",velocityplumbing
"Angel Bathrooms & Plumbing","Mr Dave","Plumber","","https://9tuma.app.link/kLTh3RAdIQb?cat_web_device_id=2e0b20a0-1207-473c-aef2-89240dec4f1e&cat_web_session_id=87643d83-348a-486f-9c79-216651893789&banner_location=header",10,10,10,10,374,17,"",Yes,Yes,Yes,"https://www.checkatrade.com/trades/angelbathroomsandplumbing",angelbathroomsandplumbing
"Squibb Gas and Plumbing","Mr Bailey","Plumber","","https://9tuma.app.link/kLTh3RAdIQb?cat_web_device_id=2e0b20a0-1207-473c-aef2-89240dec4f1e&cat_web_session_id=87643d83-348a-486f-9c79-216651893789&banner_location=header",10,10,10,10,37,2,"",Yes,Yes,Yes,"https://www.checkatrade.com/trades/squibbgasandplumbing",squibbgasandplumbing
"P Bradley Plumbing and Heating","Mr. Paul Bradley","Plumber","","https://9tuma.app.link/kLTh3RAdIQb?cat_web_device_id=2e0b20a0-1207-473c-aef2-89240dec4f1e&cat_web_session_id=87643d83-348a-486f-9c79-216651893789&banner_location=header",9.85,9.76,9.89,9.89,108,2,"",Yes,Yes,Yes,"https://www.checkatrade.com/trades/pbradleyplumbingandheating879600",pbradleyplumbingandheating879600
"AGTC Plumbing and Heating","Mr Jonathan","Plumber","","https://9tuma.app.link/kLTh3RAdIQb?cat_web_device_id=2e0b20a0-1207-473c-aef2-89240dec4f1e&cat_web_session_id=87643d83-348a-486f-9c79-216651893789&banner_location=header",10,10,10,10,142,8,"",No,Yes,Yes,"https://www.checkatrade.com/trades/agtcplumbingandheating",agtcplumbingandheating
"The Small Job Plumbing Company","Mr Steve","Plumber","READING AND","https://9tuma.app.link/kLTh3RAdIQb?cat_web_device_id=2e0b20a0-1207-473c-aef2-89240dec4f1e&cat_web_session_id=87643d83-348a-486f-9c79-216651893789&banner_location=header",8.78,8.67,8.78,8.89,452,8,"",Yes,Yes,Yes,"https://www.checkatrade.com/trades/thesmalljobplumbingcompany",thesmalljobplumbingcompany
"JG Plumbing Services","Mr Jack","Plumber","Torbay area","https://9tuma.app.link/kLTh3RAdIQb?cat_web_device_id=2e0b20a0-1207-473c-aef2-89240dec4f1e&cat_web_session_id=87643d83-348a-486f-9c79-216651893789&banner_location=header",10,10,10,10,33,2,"",Yes,Yes,Yes,"https://www.checkatrade.com/trades/jgplumbingservices",jgplumbingservices
"KW Pro Plumbing & Heating","Mr Kristopher","Plumber","","https://9tuma.app.link/kLTh3RAdIQb?cat_web_device_id=2e0b20a0-1207-473c-aef2-89240dec4f1e&cat_web_session_id=87643d83-348a-486f-9c79-216651893789&banner_location=header",9.89,9.87,9.9,9.9,229,8,"",Yes,Yes,Yes,"https://www.checkatrade.com/trades/kwproplumbing",kwproplumbing
"G R Plumbing and Heating","Mr Gregory","Plumber","","https://9tuma.app.link/kLTh3RAdIQb?cat_web_device_id=2e0b20a0-1207-473c-aef2-89240dec4f1e&cat_web_session_id=87643d83-348a-486f-9c79-216651893789&banner_location=header",9.93,9.93,9.95,9.93,138,4,"",Yes,Yes,Yes,"https://www.checkatrade.com/trades/grplumbingandheating",grplumbingandheating
"AF Bathroom And Heating Ltd","Mr Ashley","Plumber","","https://9tuma.app.link/kLTh3RAdIQb?cat_web_device_id=2e0b20a0-1207-473c-aef2-89240dec4f1e&cat_web_session_id=87643d83-348a-486f-9c79-216651893789&banner_location=header",9.67,,,,21,3,"",Yes,No,Yes,"https://www.checkatrade.com/trades/afbathroomandheatingltd",afbathroomandheatingltd
"Wave Plumbing Services","Mr James","Plumber","","https://9tuma.app.link/kLTh3RAdIQb?cat_web_device_id=2e0b20a0-1207-473c-aef2-89240dec4f1e&cat_web_session_id=87643d83-348a-486f-9c79-216651893789&banner_location=header",9.9,9.92,9.92,9.86,60,2,"",Yes,Yes,Yes,"https://www.checkatrade.com/trades/waveplumbingservices",waveplumbingservices
"Chalmers and Sons LTD","Mr Luke","Plumber","","https://9tuma.app.link/kLTh3RAdIQb?cat_web_device_id=2e0b20a0-1207-473c-aef2-89240dec4f1e&cat_web_session_id=87643d83-348a-486f-9c79-216651893789&banner_location=header",9.86,9.89,10,9.89,162,2,"",Yes,Yes,Yes,"https://www.checkatrade.com/trades/chalmersandsonplumbingservices",chalmersandsonplumbingservices
"Nut & Olive Plumbing and Heating","Mr Benjamin","Plumber","Clyst st","https://9tuma.app.link/kLTh3RAdIQb?cat_web_device_id=2e0b20a0-1207-473c-aef2-89240dec4f1e&cat_web_session_id=87643d83-348a-486f-9c79-216651893789&banner_location=header",10,10,10,10,66,3,"",Yes,No,Yes,"https://www.checkatrade.com/trades/nutandoliveplumbingandheating",nutandoliveplumbingandheating
"Flowright Plumbing and Heating","Mr Ian","Plumber","","https://9tuma.app.link/kLTh3RAdIQb?cat_web_device_id=2e0b20a0-1207-473c-aef2-89240dec4f1e&cat_web_session_id=87643d83-348a-486f-9c79-216651893789&banner_location=header",9.84,9.89,9.96,10,152,7,"",No,No,Yes,"https://www.checkatrade.com/trades/flowrightplumbingandheating",flowrightplumbingandheating
"KW Plumbing and Joinery","Mr Kyle","Plumber","","https://9tuma.app.link/kLTh3RAdIQb?cat_web_device_id=2e0b20a0-1207-473c-aef2-89240dec4f1e&cat_web_session_id=87643d83-348a-486f-9c79-216651893789&banner_location=header",9.79,9.72,9.76,9.9,71,2,"",Yes,No,Yes,"https://www.checkatrade.com/trades/kwplumbingandjoinery",kwplumbingandjoinery
"CMR Plumbing & Heating","Mr Carl","Plumber","Truro and","https://9tuma.app.link/kLTh3RAdIQb?cat_web_device_id=2e0b20a0-1207-473c-aef2-89240dec4f1e&cat_web_session_id=87643d83-348a-486f-9c79-216651893789&banner_location=header",9.92,9.9,9.9,9.97,29,1,"",Yes,No,Yes,"https://www.checkatrade.com/trades/cmrplumbingheating",cmrplumbingheating
"T.W. Plumbing And Heating","Mr Trevor","Plumber","","https://9tuma.app.link/kLTh3RAdIQb?cat_web_device_id=2e0b20a0-1207-473c-aef2-89240dec4f1e&cat_web_session_id=87643d83-348a-486f-9c79-216651893789&banner_location=header",10,10,10,10,27,2,"",Yes,Yes,Yes,"https://www.checkatrade.com/trades/twplumbingandheating1107713",twplumbingandheating1107713
"JJ Rowe Plumbing","Mr. John Rowe","Plumber","all aspects","https://9tuma.app.link/kLTh3RAdIQb?cat_web_device_id=2e0b20a0-1207-473c-aef2-89240dec4f1e&cat_web_session_id=87643d83-348a-486f-9c79-216651893789&banner_location=header",9.4,9.6,9.8,8.8,26,3,"",No,Yes,Yes,"https://www.checkatrade.com/trades/jjroweplumbing",jjroweplumbing
"Redwood Plumbing Ltd","Mr David","Plumber","","https://9tuma.app.link/kLTh3RAdIQb?cat_web_device_id=2e0b20a0-1207-473c-aef2-89240dec4f1e&cat_web_session_id=87643d83-348a-486f-9c79-216651893789&banner_location=header",6,8,5,5,15,3,"386136575",Yes,Yes,Yes,"https://www.checkatrade.com/trades/redwoodplumbing",redwoodplumbing
"Innovations Heating and Electrical Ltd","Mr Ed","Plumber","","https://9tuma.app.link/kLTh3RAdIQb?cat_web_device_id=2e0b20a0-1207-473c-aef2-89240dec4f1e&cat_web_session_id=87643d83-348a-486f-9c79-216651893789&banner_location=header",10,10,10,10,741,15,"",Yes,Yes,Yes,"https://www.checkatrade.com/trades/innovationscornwall",innovationscornwall
"HWEL LTD","Mr Daniel","Plumber","","https://9tuma.app.link/kLTh3RAdIQb?cat_web_device_id=2e0b20a0-1207-473c-aef2-89240dec4f1e&cat_web_session_id=87643d83-348a-486f-9c79-216651893789&banner_location=header",9.81,10,9.96,9.84,181,6,"",Yes,Yes,Yes,"https://www.checkatrade.com/trades/dbplumbingandheatingsmethwick",dbplumbingandheatingsmethwick
"Ascent Heating and Plumbing","Mr. Colin Pearson","Plumber","","https://9tuma.app.link/kLTh3RAdIQb?cat_web_device_id=2e0b20a0-1207-473c-aef2-89240dec4f1e&cat_web_session_id=87643d83-348a-486f-9c79-216651893789&banner_location=header",9.92,9.93,9.95,9.88,305,4,"",Yes,Yes,Yes,"https://www.checkatrade.com/trades/ascentheatingandplumbing",ascentheatingandplumbing
"Elite Bathrooms, Boilers & Kitchens","Mr Shaun","Plumber","New Marske","https://9tuma.app.link/kLTh3RAdIQb?cat_web_device_id=2e0b20a0-1207-473c-aef2-89240dec4f1e&cat_web_session_id=87643d83-348a-486f-9c79-216651893789&banner_location=header",9.88,9.9,9.85,9.87,432,10,"",Yes,Yes,Yes,"https://www.checkatrade.com/trades/elitebathroomsboilersandkitchens",elitebathroomsboilersandkitchens
"Dave McNamee Plumbing","Mr David","Plumber","all sides","https://9tuma.app.link/kLTh3RAdIQb?cat_web_device_id=2e0b20a0-1207-473c-aef2-89240dec4f1e&cat_web_session_id=87643d83-348a-486f-9c79-216651893789&banner_location=header",9.83,9.93,9.9,9.97,132,4,"",Yes,No,Yes,"https://www.checkatrade.com/trades/davemcnameeplumbing",davemcnameeplumbing
"NR Plumbing","Mr Nathan","Plumber","it all","https://9tuma.app.link/kLTh3RAdIQb?cat_web_device_id=2e0b20a0-1207-473c-aef2-89240dec4f1e&cat_web_session_id=87643d83-348a-486f-9c79-216651893789&banner_location=header",10,10,10,10,24,2,"",No,Yes,Yes,"https://www.checkatrade.com/trades/nrplumbing",nrplumbing
"Morris Plumbing And Heating NE Ltd","Mr Craig","Plumber","","https://9tuma.app.link/kLTh3RAdIQb?cat_web_device_id=2e0b20a0-1207-473c-aef2-89240dec4f1e&cat_web_session_id=87643d83-348a-486f-9c79-216651893789&banner_location=header",9.93,10,10,9.8,197,10,"220276837",Yes,Yes,Yes,"https://www.checkatrade.com/trades/morrisplumbingandheatingne",morrisplumbingandheatingne
"A & P Plumbing & Heating","Mr Adam","Plumber","Middlesbrough and","https://9tuma.app.link/kLTh3RAdIQb?cat_web_device_id=2e0b20a0-1207-473c-aef2-89240dec4f1e&cat_web_session_id=87643d83-348a-486f-9c79-216651893789&banner_location=header",9.85,9.92,9.83,9.79,904,8,"",No,Yes,Yes,"https://www.checkatrade.com/trades/aandpplumbingandheating",aandpplumbingandheating
"TRD Heating Ltd","Mr. Thomas Dale","Plumber","","https://9tuma.app.link/kLTh3RAdIQb?cat_web_device_id=2e0b20a0-1207-473c-aef2-89240dec4f1e&cat_web_session_id=87643d83-348a-486f-9c79-216651893789&banner_location=header",9.92,,,,21,5,"",Yes,Yes,Yes,"https://www.checkatrade.com/trades/trdheatingltd963122",trdheatingltd963122
"TWR Plumbing","Mr Tom","Plumber","","https://9tuma.app.link/kLTh3RAdIQb?cat_web_device_id=2e0b20a0-1207-473c-aef2-89240dec4f1e&cat_web_session_id=87643d83-348a-486f-9c79-216651893789&banner_location=header",9.95,9.95,9.95,9.95,92,1,"",Yes,Yes,Yes,"https://www.checkatrade.com/trades/twrplumbing452361",twrplumbing452361
"boilerPRO Powered by JustFix","Mrs Kathleen","Plumber","customers across","https://9tuma.app.link/kLTh3RAdIQb?cat_web_device_id=2e0b20a0-1207-473c-aef2-89240dec4f1e&cat_web_session_id=87643d83-348a-486f-9c79-216651893789&banner_location=header",9.8,9.83,9.87,9.69,380,2,"",Yes,Yes,Yes,"https://www.checkatrade.com/trades/boilerpropoweredbyjustfix",boilerpropoweredbyjustfix
"Theplumbers.org (UK) Ltd","Mr Fred","Plumber","","https://9tuma.app.link/kLTh3RAdIQb?cat_web_device_id=2e0b20a0-1207-473c-aef2-89240dec4f1e&cat_web_session_id=87643d83-348a-486f-9c79-216651893789&banner_location=header",8.93,9,8.88,8.92,517,12,"135222350",Yes,Yes,Yes,"https://www.checkatrade.com/trades/theplumbersorgukltd",theplumbersorgukltd
"London Installations LTD","Mr Marc","Plumber","All Aspects","https://9tuma.app.link/kLTh3RAdIQb?cat_web_device_id=2e0b20a0-1207-473c-aef2-89240dec4f1e&cat_web_session_id=87643d83-348a-486f-9c79-216651893789&banner_location=header",10,10,10,10,212,11,"",Yes,Yes,Yes,"https://www.checkatrade.com/trades/londoninstallationsltd",londoninstallationsltd
"Ppm Plumbing Services Limited","Mr Derek","Plumber","","https://9tuma.app.link/kLTh3RAdIQb?cat_web_device_id=2e0b20a0-1207-473c-aef2-89240dec4f1e&cat_web_session_id=87643d83-348a-486f-9c79-216651893789&banner_location=header",9.88,9.75,9.94,9.94,80,4,"159067682",Yes,Yes,Yes,"https://www.checkatrade.com/trades/ppmplumbingserviceslimited",ppmplumbingserviceslimited
"MTC Plumbing","Mr Mohamad","Plumber","London Acton","https://9tuma.app.link/kLTh3RAdIQb?cat_web_device_id=2e0b20a0-1207-473c-aef2-89240dec4f1e&cat_web_session_id=87643d83-348a-486f-9c79-216651893789&banner_location=header",9.93,9.96,9.96,9.88,140,7,"",No,Yes,Yes,"https://www.checkatrade.com/trades/mtcplumbing",mtcplumbing
"Reheat","Mr Matthew","Plumber","all areas","https://9tuma.app.link/kLTh3RAdIQb?cat_web_device_id=2e0b20a0-1207-473c-aef2-89240dec4f1e&cat_web_session_id=87643d83-348a-486f-9c79-216651893789&banner_location=header",10,10,10,10,446,15,"178555953",Yes,Yes,Yes,"https://www.checkatrade.com/trades/reheat",reheat
"Geros plumbing","Mr Geraldo","Plumber","","https://9tuma.app.link/kLTh3RAdIQb?cat_web_device_id=2e0b20a0-1207-473c-aef2-89240dec4f1e&cat_web_session_id=87643d83-348a-486f-9c79-216651893789&banner_location=header",9.96,9.88,10,10,21,1,"",Yes,Yes,Yes,"https://www.checkatrade.com/trades/gerosplumbing",gerosplumbing
"JT Plumbing & Heating","Mr Jake","Plumber","all aspects","https://9tuma.app.link/kLTh3RAdIQb?cat_web_device_id=2e0b20a0-1207-473c-aef2-89240dec4f1e&cat_web_session_id=87643d83-348a-486f-9c79-216651893789&banner_location=header",9.69,9.75,9.68,9.64,461,11,"314523434",Yes,Yes,Yes,"https://www.checkatrade.com/trades/jtplumbingandheating",jtplumbingandheating
"Flow & Return Heating","Mr Sabir","Plumber","","https://9tuma.app.link/kLTh3RAdIQb?cat_web_device_id=2e0b20a0-1207-473c-aef2-89240dec4f1e&cat_web_session_id=87643d83-348a-486f-9c79-216651893789&banner_location=header",9.84,9.86,9.78,9.87,201,2,"",Yes,Yes,Yes,"https://www.checkatrade.com/trades/flowreturnheating",flowreturnheating
"Rami Maree Plumbing Service's","Mr Rami","Plumber","Chester and","https://9tuma.app.link/kLTh3RAdIQb?cat_web_device_id=2e0b20a0-1207-473c-aef2-89240dec4f1e&cat_web_session_id=87643d83-348a-486f-9c79-216651893789&banner_location=header",9.9,9.94,9.92,9.85,216,6,"",Yes,Yes,Yes,"https://www.checkatrade.com/trades/ramimareeplumbingservices",ramimareeplumbingservices
"Ljrplumbing Limited","Mr Lewis","Plumber","Wigan and","https://9tuma.app.link/kLTh3RAdIQb?cat_web_device_id=2e0b20a0-1207-473c-aef2-89240dec4f1e&cat_web_session_id=87643d83-348a-486f-9c79-216651893789&banner_location=header",10,10,10,10,6,1,"",Yes,Yes,Yes,"https://www.checkatrade.com/trades/ljrplumbinglimited",ljrplumbinglimited
"Just Flow Plumbing, Heating & Cooling","Mr Joshua","Plumber","the all","https://9tuma.app.link/kLTh3RAdIQb?cat_web_device_id=2e0b20a0-1207-473c-aef2-89240dec4f1e&cat_web_session_id=87643d83-348a-486f-9c79-216651893789&banner_location=header",9.8,9.86,9.89,9.65,210,9,"311163260",Yes,Yes,Yes,"https://www.checkatrade.com/trades/justflowplumbingheatingandcooling",justflowplumbingheatingandcooling
"3sixty Property Maintenance","Mr Luke","Plumber","","https://9tuma.app.link/kLTh3RAdIQb?cat_web_device_id=2e0b20a0-1207-473c-aef2-89240dec4f1e&cat_web_session_id=87643d83-348a-486f-9c79-216651893789&banner_location=header",9.89,9.83,10,9.83,6,1,"",No,No,Yes,"https://www.checkatrade.com/trades/3sixtypropertymaintenance",3sixtypropertymaintenance
"SC Plumbing","Mr Sean","Plumber","the Redditch","https://9tuma.app.link/kLTh3RAdIQb?cat_web_device_id=2e0b20a0-1207-473c-aef2-89240dec4f1e&cat_web_session_id=87643d83-348a-486f-9c79-216651893789&banner_location=header",10,10,10,10,29,2,"",Yes,Yes,Yes,"https://www.checkatrade.com/trades/scplumbing1109913",scplumbing1109913
"JMD Plumbing","Ms. Janette Daniels","Plumber","","https://9tuma.app.link/kLTh3RAdIQb?cat_web_device_id=2e0b20a0-1207-473c-aef2-89240dec4f1e&cat_web_session_id=87643d83-348a-486f-9c79-216651893789&banner_location=header",9.9,9.96,10,9.89,100,5,"",Yes,No,Yes,"https://www.checkatrade.com/trades/jmdplumbing1007153",jmdplumbing1007153
"Bobby dunstan","Mr Bobby","Plumber","","https://9tuma.app.link/kLTh3RAdIQb?cat_web_device_id=2e0b20a0-1207-473c-aef2-89240dec4f1e&cat_web_session_id=87643d83-348a-486f-9c79-216651893789&banner_location=header",10,10,10,10,1,1,"",No,Yes,Yes,"https://www.checkatrade.com/trades/bobbydunstan",bobbydunstan
"GasFix-UK Heating & Plumbing Services","Mr Alastair","Plumber","","https://9tuma.app.link/kLTh3RAdIQb?cat_web_device_id=2e0b20a0-1207-473c-aef2-89240dec4f1e&cat_web_session_id=87643d83-348a-486f-9c79-216651893789&banner_location=header",9.83,9.88,9.75,9.88,209,10,"",Yes,Yes,Yes,"https://www.checkatrade.com/trades/gasfixukheatingandplumbingservices",gasfixukheatingandplumbingservices
"John Harris Plumbing & Heating","Mr. John Harris","Plumber","","https://9tuma.app.link/kLTh3RAdIQb?cat_web_device_id=2e0b20a0-1207-473c-aef2-89240dec4f1e&cat_web_session_id=87643d83-348a-486f-9c79-216651893789&banner_location=header",9.97,9.99,9.96,9.97,278,5,"",Yes,Yes,Yes,"https://www.checkatrade.com/trades/johnharrisplumbingandheating",johnharrisplumbingandheating
"ASAP Plumbing Services","Mr Depak","Plumber","","https://9tuma.app.link/kLTh3RAdIQb?cat_web_device_id=2e0b20a0-1207-473c-aef2-89240dec4f1e&cat_web_session_id=87643d83-348a-486f-9c79-216651893789&banner_location=header",9.92,9.89,9.92,9.96,587,8,"",No,Yes,Yes,"https://www.checkatrade.com/trades/asapplumbingservices",asapplumbingservices
"BLB Plumbing and Heating","Mrs Nichola","Plumber","","https://9tuma.app.link/kLTh3RAdIQb?cat_web_device_id=2e0b20a0-1207-473c-aef2-89240dec4f1e&cat_web_session_id=87643d83-348a-486f-9c79-216651893789&banner_location=header",9.96,9.97,9.94,9.97,51,2,"",No,No,Yes,"https://www.checkatrade.com/trades/blbplumbingandheating1123778",blbplumbingandheating1123778
"Dark Knight Plumbing and Maintenance","Mr David","Plumber","the small","https://9tuma.app.link/kLTh3RAdIQb?cat_web_device_id=2e0b20a0-1207-473c-aef2-89240dec4f1e&cat_web_session_id=87643d83-348a-486f-9c79-216651893789&banner_location=header",10,10,10,10,528,6,"",Yes,Yes,Yes,"https://www.checkatrade.com/trades/darkknightplumbingandmaintenance",darkknightplumbingandmaintenance
"Greenhill Works LTD","Mr. Keith Hill","Plumber","","https://9tuma.app.link/kLTh3RAdIQb?cat_web_device_id=2e0b20a0-1207-473c-aef2-89240dec4f1e&cat_web_session_id=87643d83-348a-486f-9c79-216651893789&banner_location=header",9.75,9.92,9.68,9.64,100,5,"",Yes,Yes,Yes,"https://www.checkatrade.com/trades/greenhillworks",greenhillworks
"MGPS LTD","Mr Adam","Plumber","the West","https://9tuma.app.link/kLTh3RAdIQb?cat_web_device_id=2e0b20a0-1207-473c-aef2-89240dec4f1e&cat_web_session_id=87643d83-348a-486f-9c79-216651893789&banner_location=header",10,10,10,10,134,7,"",Yes,Yes,Yes,"https://www.checkatrade.com/trades/mgpsltd",mgpsltd
"F & P Plumbing & Heating Ltd","Mr David","Plumber","","https://9tuma.app.link/kLTh3RAdIQb?cat_web_device_id=2e0b20a0-1207-473c-aef2-89240dec4f1e&cat_web_session_id=87643d83-348a-486f-9c79-216651893789&banner_location=header",10,10,10,10,135,1,"",Yes,Yes,Yes,"https://www.checkatrade.com/trades/fandpplumbingandheating",fandpplumbingandheating
"Ferguson Plumbing","Mr Oliver","Plumber","","https://9tuma.app.link/kLTh3RAdIQb?cat_web_device_id=2e0b20a0-1207-473c-aef2-89240dec4f1e&cat_web_session_id=87643d83-348a-486f-9c79-216651893789&banner_location=header",9.78,9.78,9.83,9.72,77,6,"",Yes,Yes,Yes,"https://www.checkatrade.com/trades/fergusonplumbing",fergusonplumbing
"SGW Platinum Plumbing","Ms. Suzanne Wood","Plumber","","https://9tuma.app.link/kLTh3RAdIQb?cat_web_device_id=2e0b20a0-1207-473c-aef2-89240dec4f1e&cat_web_session_id=87643d83-348a-486f-9c79-216651893789&banner_location=header",10,10,10,10,135,3,"",Yes,Yes,Yes,"https://www.checkatrade.com/trades/sgwplatinumplumbing708577",sgwplatinumplumbing708577
"Alpha Plumbing Service","Mr Abraham","Plumber","","https://9tuma.app.link/kLTh3RAdIQb?cat_web_device_id=2e0b20a0-1207-473c-aef2-89240dec4f1e&cat_web_session_id=87643d83-348a-486f-9c79-216651893789&banner_location=header",9.67,9.67,9.67,9.67,6,,"",Yes,Yes,Yes,"https://www.checkatrade.com/trades/alphaplumbingservice",alphaplumbingservice
"CRG Plumbing & Heating","Mr Craig","Plumber","ensuring no","https://9tuma.app.link/kLTh3RAdIQb?cat_web_device_id=2e0b20a0-1207-473c-aef2-89240dec4f1e&cat_web_session_id=87643d83-348a-486f-9c79-216651893789&banner_location=header",9.94,9.94,9.94,9.94,99,4,"",Yes,Yes,Yes,"https://www.checkatrade.com/trades/crgplumbingheating",crgplumbingheating
"LB Plumbing and Heating","Mr Przemyslaw","Plumber","","https://9tuma.app.link/kLTh3RAdIQb?cat_web_device_id=2e0b20a0-1207-473c-aef2-89240dec4f1e&cat_web_session_id=87643d83-348a-486f-9c79-216651893789&banner_location=header",9.85,9.84,9.89,9.83,118,4,"",Yes,No,Yes,"https://www.checkatrade.com/trades/lbplumbingandheating",lbplumbingandheating
"HP Plumbing & Heating","Mr Harry","Plumber","","https://9tuma.app.link/kLTh3RAdIQb?cat_web_device_id=2e0b20a0-1207-473c-aef2-89240dec4f1e&cat_web_session_id=87643d83-348a-486f-9c79-216651893789&banner_location=header",9.94,9.93,10,9.89,688,11,"201916148",Yes,Yes,Yes,"https://www.checkatrade.com/trades/hpplumbingandheating",hpplumbingandheating
"The Wet room York","Mr Tom","Plumber","","https://9tuma.app.link/kLTh3RAdIQb?cat_web_device_id=2e0b20a0-1207-473c-aef2-89240dec4f1e&cat_web_session_id=87643d83-348a-486f-9c79-216651893789&banner_location=header",10,10,10,10,39,2,"",Yes,Yes,Yes,"https://www.checkatrade.com/trades/thewetroomyork",thewetroomyork
"Affordable Plumbing & Heating Services (york) Ltd","Mr Andrew","Plumber","York and","https://9tuma.app.link/kLTh3RAdIQb?cat_web_device_id=2e0b20a0-1207-473c-aef2-89240dec4f1e&cat_web_session_id=87643d83-348a-486f-9c79-216651893789&banner_location=header",9.96,9.94,10,9.94,39,2,"",Yes,No,Yes,"https://www.checkatrade.com/trades/affordableplumbingandheatingservices1119922",affordableplumbingandheatingservices1119922
"EST Plumbing Services","Mr Ellis","Plumber","all of","https://9tuma.app.link/kLTh3RAdIQb?cat_web_device_id=2e0b20a0-1207-473c-aef2-89240dec4f1e&cat_web_session_id=87643d83-348a-486f-9c79-216651893789&banner_location=header",10,10,10,10,56,3,"",Yes,Yes,Yes,"https://www.checkatrade.com/trades/estplumbingservices",estplumbingservices
"Elmes Plumbing & Heating","","Plumber","","https://9tuma.app.link/kLTh3RAdIQb?cat_web_device_id=2e0b20a0-1207-473c-aef2-89240dec4f1e&cat_web_session_id=87643d83-348a-486f-9c79-216651893789&banner_location=header",9.83,9.67,9.83,10,25,2,"",Yes,Yes,Yes,"https://www.checkatrade.com/trades/elmesplumbingandheating",elmesplumbingandheating
"GW Plumbing & Bathrooms","Mr Graham","Plumber","","https://9tuma.app.link/kLTh3RAdIQb?cat_web_device_id=2e0b20a0-1207-473c-aef2-89240dec4f1e&cat_web_session_id=87643d83-348a-486f-9c79-216651893789&banner_location=header",9.89,9.67,10,10,16,6,"",Yes,No,Yes,"https://www.checkatrade.com/trades/gwplumbingbathrooms",gwplumbingbathrooms
"DPB Plumbing & Heating Engineers Ltd","Mr Dan","Plumber","","https://9tuma.app.link/kLTh3RAdIQb?cat_web_device_id=2e0b20a0-1207-473c-aef2-89240dec4f1e&cat_web_session_id=87643d83-348a-486f-9c79-216651893789&banner_location=header",9.93,9.94,9.89,9.94,85,3,"331835609",Yes,Yes,Yes,"https://www.checkatrade.com/trades/dpbplumbingandheatingengineers",dpbplumbingandheatingengineers
"PDQ Plumbing & Property Solutions","Mr Nigel","Plumber","all areas","https://9tuma.app.link/kLTh3RAdIQb?cat_web_device_id=2e0b20a0-1207-473c-aef2-89240dec4f1e&cat_web_session_id=87643d83-348a-486f-9c79-216651893789&banner_location=header",10,10,10,10,37,3,"",Yes,Yes,Yes,"https://www.checkatrade.com/trades/pdqplumbingpropertysolutions",pdqplumbingpropertysolutions
"JLM Plumbing Services Limited","Mr Jack","Plumber","York and","https://9tuma.app.link/kLTh3RAdIQb?cat_web_device_id=2e0b20a0-1207-473c-aef2-89240dec4f1e&cat_web_session_id=87643d83-348a-486f-9c79-216651893789&banner_location=header",9.69,10,10,10,115,8,"433043631",Yes,Yes,Yes,"https://www.checkatrade.com/trades/jlmplumbingservicesyork",jlmplumbingservicesyork
"Errol Watson Group Limited","Mr Errol","Plumber","Portlethen and","https://9tuma.app.link/kLTh3RAdIQb?cat_web_device_id=2e0b20a0-1207-473c-aef2-89240dec4f1e&cat_web_session_id=87643d83-348a-486f-9c79-216651893789&banner_location=header",9.44,9.58,9.54,9.21,60,2,"",Yes,No,Yes,"https://www.checkatrade.com/trades/errolwatsongrouplimited",errolwatsongrouplimited
"David Mewse Plumbing","Mr Lewis","Plumber","","https://9tuma.app.link/kLTh3RAdIQb?cat_web_device_id=2e0b20a0-1207-473c-aef2-89240dec4f1e&cat_web_session_id=87643d83-348a-486f-9c79-216651893789&banner_location=header",9.97,10,9.92,10,120,9,"",Yes,Yes,Yes,"https://www.checkatrade.com/trades/davidmewseplumbing",davidmewseplumbing
"Ab-Gas Heating Solutions Ltd","Mr Jamie","Plumber","all things","https://9tuma.app.link/kLTh3RAdIQb?cat_web_device_id=2e0b20a0-1207-473c-aef2-89240dec4f1e&cat_web_session_id=87643d83-348a-486f-9c79-216651893789&banner_location=header",10,10,10,10,13,,"",Yes,Yes,Yes,"https://www.checkatrade.com/trades/abgasheatingsolutions",abgasheatingsolutions
"Polar Edge Trades","Mr Robbie","Plumber","Aberdeen and","https://9tuma.app.link/kLTh3RAdIQb?cat_web_device_id=2e0b20a0-1207-473c-aef2-89240dec4f1e&cat_web_session_id=87643d83-348a-486f-9c79-216651893789&banner_location=header",9.5,9.5,9.5,9.5,2,1,"",Yes,Yes,Yes,"https://www.checkatrade.com/trades/polaredgetrades",polaredgetrades
"GP Plumbing","Mr Guy","Plumber","the Dundee","https://9tuma.app.link/kLTh3RAdIQb?cat_web_device_id=2e0b20a0-1207-473c-aef2-89240dec4f1e&cat_web_session_id=87643d83-348a-486f-9c79-216651893789&banner_location=header",10,10,10,10,1,,"",No,Yes,Yes,"https://www.checkatrade.com/trades/gpplumbing5939425",gpplumbing5939425
"Baldovie Plumbing","Mr. Callum Whyte","Plumber","","https://9tuma.app.link/kLTh3RAdIQb?cat_web_device_id=2e0b20a0-1207-473c-aef2-89240dec4f1e&cat_web_session_id=87643d83-348a-486f-9c79-216651893789&banner_location=header",9.99,9.97,10,10,122,5,"",No,Yes,Yes,"https://www.checkatrade.com/trades/baldovieplumbing985005",baldovieplumbing985005
"Ormiston Plumbing and Heating","Mr Darren","Plumber","all aspect","https://9tuma.app.link/kLTh3RAdIQb?cat_web_device_id=2e0b20a0-1207-473c-aef2-89240dec4f1e&cat_web_session_id=87643d83-348a-486f-9c79-216651893789&banner_location=header",9.6,9.62,9.55,9.62,66,2,"",Yes,Yes,Yes,"https://www.checkatrade.com/trades/ormistonplumbingandheating",ormistonplumbingandheating
"BS Plumbing","Mr Brian","Plumber","Kirkcaldy Fife","https://9tuma.app.link/kLTh3RAdIQb?cat_web_device_id=2e0b20a0-1207-473c-aef2-89240dec4f1e&cat_web_session_id=87643d83-348a-486f-9c79-216651893789&banner_location=header",9.69,9.69,9.72,9.71,144,2,"",Yes,No,Yes,"https://www.checkatrade.com/trades/bsplumbing",bsplumbing
"Go-Flow Plumbing & Drainage","Mr Connor","Plumber","","https://9tuma.app.link/kLTh3RAdIQb?cat_web_device_id=2e0b20a0-1207-473c-aef2-89240dec4f1e&cat_web_session_id=87643d83-348a-486f-9c79-216651893789&banner_location=header",8.88,9.37,8.68,8.58,77,4,"",Yes,Yes,Yes,"https://www.checkatrade.com/trades/goflowdrainagesolutionsltd",goflowdrainagesolutionsltd
"IM Plumbing","Mr Isoa","Plumber","","https://9tuma.app.link/kLTh3RAdIQb?cat_web_device_id=2e0b20a0-1207-473c-aef2-89240dec4f1e&cat_web_session_id=87643d83-348a-486f-9c79-216651893789&banner_location=header",10,10,10,10,5,1,"",Yes,No,Yes,"https://www.checkatrade.com/trades/implumbing",implumbing
"Aquapro Plumbing & Heating","Mr Alex","Plumber","","https://9tuma.app.link/kLTh3RAdIQb?cat_web_device_id=2e0b20a0-1207-473c-aef2-89240dec4f1e&cat_web_session_id=87643d83-348a-486f-9c79-216651893789&banner_location=header",9.9,9.88,9.96,9.88,42,1,"",Yes,Yes,Yes,"https://www.checkatrade.com/trades/aquaproplumbingandheating1124172",aquaproplumbingandheating1124172
"Denner Heating & Plumbing","Mr Harrison","Plumber","Annan","https://9tuma.app.link/kLTh3RAdIQb?cat_web_device_id=2e0b20a0-1207-473c-aef2-89240dec4f1e&cat_web_session_id=87643d83-348a-486f-9c79-216651893789&banner_location=header",9.92,9.98,9.91,9.88,62,2,"",No,Yes,Yes,"https://www.checkatrade.com/trades/dennerheatingandplumbing",dennerheatingandplumbing
"Morland & Martin Plumbing & Heating Ltd","Mr Ross","Plumber","","https://9tuma.app.link/kLTh3RAdIQb?cat_web_device_id=2e0b20a0-1207-473c-aef2-89240dec4f1e&cat_web_session_id=87643d83-348a-486f-9c79-216651893789&banner_location=header",9.81,9.81,9.88,9.75,195,2,"",Yes,Yes,Yes,"https://www.checkatrade.com/trades/morlandandmartinplumbingandheating",morlandandmartinplumbingandheating
"Edinburgh Magic Heating & Plumbing","Mr Maciej","Plumber","","https://9tuma.app.link/kLTh3RAdIQb?cat_web_device_id=2e0b20a0-1207-473c-aef2-89240dec4f1e&cat_web_session_id=87643d83-348a-486f-9c79-216651893789&banner_location=header",10,10,10,10,42,3,"",Yes,Yes,Yes,"https://www.checkatrade.com/trades/edinburghmagicheatingplumbing",edinburghmagicheatingplumbing
"TMS plumbing and heating Ltd","Mr Jarod","Plumber","","https://9tuma.app.link/kLTh3RAdIQb?cat_web_device_id=2e0b20a0-1207-473c-aef2-89240dec4f1e&cat_web_session_id=87643d83-348a-486f-9c79-216651893789&banner_location=header",9.92,9.89,9.94,9.95,140,2,"",Yes,Yes,Yes,"https://www.checkatrade.com/trades/tmsplumbingandheatingltd",tmsplumbingandheatingltd
"Crow Curiosities and Co Ltd","Ms Lisa","Plumber","Sauchie Alloa","https://9tuma.app.link/kLTh3RAdIQb?cat_web_device_id=2e0b20a0-1207-473c-aef2-89240dec4f1e&cat_web_session_id=87643d83-348a-486f-9c79-216651893789&banner_location=header",9.92,9.92,9.92,9.92,24,1,"",Yes,No,Yes,"https://www.checkatrade.com/trades/crowcuriositiesandcoltd",crowcuriositiesandcoltd
"Sebastian's Plumbing Service","Mr Sebastian","Plumber","","https://9tuma.app.link/kLTh3RAdIQb?cat_web_device_id=2e0b20a0-1207-473c-aef2-89240dec4f1e&cat_web_session_id=87643d83-348a-486f-9c79-216651893789&banner_location=header",9.93,10,9.78,10,35,3,"",No,Yes,Yes,"https://www.checkatrade.com/trades/sebastiansplumbingservice1081167",sebastiansplumbingservice1081167
"D&W Building Services Ltd","Mr Walid","Plumber","GLASGOW and","https://9tuma.app.link/kLTh3RAdIQb?cat_web_device_id=2e0b20a0-1207-473c-aef2-89240dec4f1e&cat_web_session_id=87643d83-348a-486f-9c79-216651893789&banner_location=header",9.86,9.71,9.9,9.95,123,3,"",Yes,Yes,Yes,"https://www.checkatrade.com/trades/dandwbuildingservices",dandwbuildingservices
"The Plumbing Guru","Mr Gareth","Plumber","","https://9tuma.app.link/kLTh3RAdIQb?cat_web_device_id=2e0b20a0-1207-473c-aef2-89240dec4f1e&cat_web_session_id=87643d83-348a-486f-9c79-216651893789&banner_location=header",9.81,9.82,9.71,9.89,103,2,"",No,No,Yes,"https://www.checkatrade.com/trades/theplumbingguru1084346",theplumbingguru1084346
"KD Plumbing Solutions","Mr Kyle","Plumber","","https://9tuma.app.link/kLTh3RAdIQb?cat_web_device_id=2e0b20a0-1207-473c-aef2-89240dec4f1e&cat_web_session_id=87643d83-348a-486f-9c79-216651893789&banner_location=header",10,10,10,10,52,3,"",No,No,Yes,"https://www.checkatrade.com/trades/kdplumbingsolutions",kdplumbingsolutions
"T GRAHAM PLUMBING & HEATING","Mr Thomas","Plumber","","https://9tuma.app.link/kLTh3RAdIQb?cat_web_device_id=2e0b20a0-1207-473c-aef2-89240dec4f1e&cat_web_session_id=87643d83-348a-486f-9c79-216651893789&banner_location=header",9.95,9.95,9.98,9.93,108,2,"",No,Yes,Yes,"https://www.checkatrade.com/trades/tgrahamplumbingheating",tgrahamplumbingheating
"Systematic Plumbing & Heating Solutions Ltd","Mr Scott","Plumber","","https://9tuma.app.link/kLTh3RAdIQb?cat_web_device_id=2e0b20a0-1207-473c-aef2-89240dec4f1e&cat_web_session_id=87643d83-348a-486f-9c79-216651893789&banner_location=header",9.17,9.38,9.38,8.75,29,3,"937131039",Yes,No,Yes,"https://www.checkatrade.com/trades/systematicplumbingandheatingsolutions",systematicplumbingandheatingsolutions
"D. Grandson Plumbing and Heating","Mr David","Plumber","","https://9tuma.app.link/kLTh3RAdIQb?cat_web_device_id=2e0b20a0-1207-473c-aef2-89240dec4f1e&cat_web_session_id=87643d83-348a-486f-9c79-216651893789&banner_location=header",10,,,,42,3,"288412184",Yes,Yes,Yes,"https://www.checkatrade.com/trades/dgrandsonplumbingandheating1094261",dgrandsonplumbingandheating1094261
"Seb Plumber","Mr Sebastien","Plumber","","https://9tuma.app.link/kLTh3RAdIQb?cat_web_device_id=2e0b20a0-1207-473c-aef2-89240dec4f1e&cat_web_session_id=87643d83-348a-486f-9c79-216651893789&banner_location=header",9.92,10,9.92,9.85,66,3,"",Yes,Yes,Yes,"https://www.checkatrade.com/trades/sebplumber",sebplumber
"Hydro Bathrooms Ltd","Mrs Maria","Plumber","and around","https://9tuma.app.link/kLTh3RAdIQb?cat_web_device_id=2e0b20a0-1207-473c-aef2-89240dec4f1e&cat_web_session_id=87643d83-348a-486f-9c79-216651893789&banner_location=header",9.9,9.9,9.9,9.95,148,3,"",Yes,Yes,Yes,"https://www.checkatrade.com/trades/hydrobathroomsltd",hydrobathroomsltd
"TheGasSpark","Mr Henry","Plumber","the pipe","https://9tuma.app.link/kLTh3RAdIQb?cat_web_device_id=2e0b20a0-1207-473c-aef2-89240dec4f1e&cat_web_session_id=87643d83-348a-486f-9c79-216651893789&banner_location=header",10,10,10,10,12,,"",Yes,No,Yes,"https://www.checkatrade.com/trades/thegasspark",thegasspark
"JMK Plumbing & Heating","Mr. John Kennedy","Plumber","","https://9tuma.app.link/kLTh3RAdIQb?cat_web_device_id=2e0b20a0-1207-473c-aef2-89240dec4f1e&cat_web_session_id=87643d83-348a-486f-9c79-216651893789&banner_location=header",10,10,10,10,19,5,"",Yes,Yes,Yes,"https://www.checkatrade.com/trades/jmkplumbingheating",jmkplumbingheating
"S&B PLUMBING AND HEATING SOLUTIONS LTD","Mr Brian","Plumber","","https://9tuma.app.link/kLTh3RAdIQb?cat_web_device_id=2e0b20a0-1207-473c-aef2-89240dec4f1e&cat_web_session_id=87643d83-348a-486f-9c79-216651893789&banner_location=header",10,10,10,10,3,1,"",Yes,Yes,Yes,"https://www.checkatrade.com/trades/sbplumbingandheatingsolutionsltd",sbplumbingandheatingsolutionsltd
"CATTEST Martin co","","Plumber","","https://9tuma.app.link/kLTh3RAdIQb?cat_web_device_id=2e0b20a0-1207-473c-aef2-89240dec4f1e&cat_web_session_id=87643d83-348a-486f-9c79-216651893789&banner_location=header",10,10,10,10,6,2,"",Yes,Yes,Yes,"https://www.checkatrade.com/trades/cattestmartinco",cattestmartinco
"Byrne Plumbing and Heating","Mr Peter","Plumber","all aspects","https://9tuma.app.link/kLTh3RAdIQb?cat_web_device_id=2e0b20a0-1207-473c-aef2-89240dec4f1e&cat_web_session_id=87643d83-348a-486f-9c79-216651893789&banner_location=header",10,10,10,10,52,2,"",No,Yes,Yes,"https://www.checkatrade.com/trades/byrneplumbingandheating",byrneplumbingandheating
"Mclean Water Services Ltd","Mr Neil","Plumber","","https://9tuma.app.link/kLTh3RAdIQb?cat_web_device_id=2e0b20a0-1207-473c-aef2-89240dec4f1e&cat_web_session_id=87643d83-348a-486f-9c79-216651893789&banner_location=header",9.85,10,9.96,9.58,144,3,"",Yes,Yes,Yes,"https://www.checkatrade.com/trades/mcleanwaterservicesltd",mcleanwaterservicesltd
"Rapid flush","Mr Mark","Plumber","","https://9tuma.app.link/kLTh3RAdIQb?cat_web_device_id=2e0b20a0-1207-473c-aef2-89240dec4f1e&cat_web_session_id=87643d83-348a-486f-9c79-216651893789&banner_location=header",9.79,9.84,9.86,9.86,133,4,"",Yes,Yes,Yes,"https://www.checkatrade.com/trades/rapidflush",rapidflush
"P M E Services","Mr Peter","Plumber","","https://9tuma.app.link/kLTh3RAdIQb?cat_web_device_id=2e0b20a0-1207-473c-aef2-89240dec4f1e&cat_web_session_id=87643d83-348a-486f-9c79-216651893789&banner_location=header",9.96,9.93,9.97,9.97,310,2,"",No,Yes,Yes,"https://www.checkatrade.com/trades/pmeservices",pmeservices
"S O Plumbing","Mr Sunday","Plumber","","https://9tuma.app.link/kLTh3RAdIQb?cat_web_device_id=2e0b20a0-1207-473c-aef2-89240dec4f1e&cat_web_session_id=87643d83-348a-486f-9c79-216651893789&banner_location=header",9.14,9.23,9.39,9.37,184,3,"",Yes,No,Yes,"https://www.checkatrade.com/trades/soplumbing",soplumbing
"Gasman Energy Advisory Services Ltd","Mr David","Plumber","Hillington","https://9tuma.app.link/kLTh3RAdIQb?cat_web_device_id=2e0b20a0-1207-473c-aef2-89240dec4f1e&cat_web_session_id=87643d83-348a-486f-9c79-216651893789&banner_location=header",9.57,9.9,9.9,9.81,1203,8,"",Yes,No,Yes,"https://www.checkatrade.com/trades/gasmanenergyadvisoryservices",gasmanenergyadvisoryservices
"CRC Plumbing and Heating Solutions","Mr Chris","Plumber","","https://9tuma.app.link/kLTh3RAdIQb?cat_web_device_id=2e0b20a0-1207-473c-aef2-89240dec4f1e&cat_web_session_id=87643d83-348a-486f-9c79-216651893789&banner_location=header",10,,,,772,2,"",Yes,No,Yes,"https://www.checkatrade.com/trades/crcplumbingandheatingsolutions",crcplumbingandheatingsolutions
"Hydro Plumbing Glasgow","Mr Joshua","Plumber","Glasgow and","https://9tuma.app.link/kLTh3RAdIQb?cat_web_device_id=2e0b20a0-1207-473c-aef2-89240dec4f1e&cat_web_session_id=87643d83-348a-486f-9c79-216651893789&banner_location=header",9.86,9.87,9.84,9.87,69,1,"",No,Yes,Yes,"https://www.checkatrade.com/trades/hydroplumbingglasgow",hydroplumbingglasgow
"Evolve plumbing services","","Plumber","","https://9tuma.app.link/kLTh3RAdIQb?cat_web_device_id=2e0b20a0-1207-473c-aef2-89240dec4f1e&cat_web_session_id=87643d83-348a-486f-9c79-216651893789&banner_location=header",9.95,9.86,10,10,7,,"",Yes,No,Yes,"https://www.checkatrade.com/trades/evolveplumbingservices5936980",evolveplumbingservices5936980
"First Plumb Scotland Limited","Shona Balfour","Plumber","Edinburgh","https://9tuma.app.link/kLTh3RAdIQb?cat_web_device_id=2e0b20a0-1207-473c-aef2-89240dec4f1e&cat_web_session_id=87643d83-348a-486f-9c79-216651893789&banner_location=header",9.77,9.88,9.88,9.92,185,6,"",Yes,Yes,Yes,"https://www.checkatrade.com/trades/firstplumbscotlandlimited",firstplumbscotlandlimited
"John Smart Plumbing","Mr Ion","Plumber","","https://9tuma.app.link/kLTh3RAdIQb?cat_web_device_id=2e0b20a0-1207-473c-aef2-89240dec4f1e&cat_web_session_id=87643d83-348a-486f-9c79-216651893789&banner_location=header",9.85,9.82,9.87,9.86,506,6,"",Yes,No,Yes,"https://www.checkatrade.com/trades/johnsmartplumbing934480",johnsmartplumbing934480
"JHP Services","Mr Jamie","Plumber","the Edinburgh","https://9tuma.app.link/kLTh3RAdIQb?cat_web_device_id=2e0b20a0-1207-473c-aef2-89240dec4f1e&cat_web_session_id=87643d83-348a-486f-9c79-216651893789&banner_location=header",9.87,9.86,9.86,9.89,117,3,"372718676",Yes,No,Yes,"https://www.checkatrade.com/trades/jhpservices",jhpservices
"SHARP Plumbing-Heating Ltd","Mitchell Sharp","Plumber","all aspects","https://9tuma.app.link/kLTh3RAdIQb?cat_web_device_id=2e0b20a0-1207-473c-aef2-89240dec4f1e&cat_web_session_id=87643d83-348a-486f-9c79-216651893789&banner_location=header",9.93,10,9.8,10,5,2025,"",Yes,Yes,Yes,"https://www.checkatrade.com/trades/sharpplumbingheatingltd",sharpplumbingheatingltd
"JW plumbing and heating","Mr John","Plumber","Galashiels","https://9tuma.app.link/kLTh3RAdIQb?cat_web_device_id=2e0b20a0-1207-473c-aef2-89240dec4f1e&cat_web_session_id=87643d83-348a-486f-9c79-216651893789&banner_location=header",9.96,10,10,9.89,9,1,"",Yes,Yes,Yes,"https://www.checkatrade.com/trades/jwplumbingandheating1137946",jwplumbingandheating1137946
"Juniper Plumbing & Heating Ltd","Mrs Iram","Plumber","","https://9tuma.app.link/kLTh3RAdIQb?cat_web_device_id=2e0b20a0-1207-473c-aef2-89240dec4f1e&cat_web_session_id=87643d83-348a-486f-9c79-216651893789&banner_location=header",9.92,9.93,9.98,9.85,124,3,"",Yes,Yes,Yes,"https://www.checkatrade.com/trades/juniperplumbingheatingltd",juniperplumbingheatingltd
"Hands & Tools","Mr Connor","Plumber","Edinburgh and","https://9tuma.app.link/kLTh3RAdIQb?cat_web_device_id=2e0b20a0-1207-473c-aef2-89240dec4f1e&cat_web_session_id=87643d83-348a-486f-9c79-216651893789&banner_location=header",10,10,10,10,3,1,"",Yes,No,Yes,"https://www.checkatrade.com/trades/handstools",handstools
"NERO HOMES SCOTLAND LTD","Mr Ryan","Plumber","many aspects","https://9tuma.app.link/kLTh3RAdIQb?cat_web_device_id=2e0b20a0-1207-473c-aef2-89240dec4f1e&cat_web_session_id=87643d83-348a-486f-9c79-216651893789&banner_location=header",9.92,10,10,9.75,8,1,"",Yes,Yes,Yes,"https://www.checkatrade.com/trades/nerohomesscotlandltd5909201",nerohomesscotlandltd5909201
"Cowan Plumbing & Heating","Mr Robert","Plumber","Motherwell","https://9tuma.app.link/kLTh3RAdIQb?cat_web_device_id=2e0b20a0-1207-473c-aef2-89240dec4f1e&cat_web_session_id=87643d83-348a-486f-9c79-216651893789&banner_location=header",9.8,10,9.85,9.55,230,8,"",Yes,Yes,Yes,"https://www.checkatrade.com/trades/cowanplumbingandheating",cowanplumbingandheating
"LK Plumbing & Heating","Mr. Andrew Nellaney","Plumber","all plumbing","https://9tuma.app.link/kLTh3RAdIQb?cat_web_device_id=2e0b20a0-1207-473c-aef2-89240dec4f1e&cat_web_session_id=87643d83-348a-486f-9c79-216651893789&banner_location=header",9.91,9.91,9.91,9.94,613,5,"",No,No,Yes,"https://www.checkatrade.com/trades/lkplumbingandheating989724",lkplumbingandheating989724
"Noble Service & Maintenance","Mr Darren","Plumber","","https://9tuma.app.link/kLTh3RAdIQb?cat_web_device_id=2e0b20a0-1207-473c-aef2-89240dec4f1e&cat_web_session_id=87643d83-348a-486f-9c79-216651893789&banner_location=header",9.95,9.89,9.95,10,20,1,"",Yes,Yes,Yes,"https://www.checkatrade.com/trades/nobleservicemaintenance",nobleservicemaintenance
"D McLeod Plumbing and Heating and Gas","Mr Derek","Plumber","","https://9tuma.app.link/kLTh3RAdIQb?cat_web_device_id=2e0b20a0-1207-473c-aef2-89240dec4f1e&cat_web_session_id=87643d83-348a-486f-9c79-216651893789&banner_location=header",9.65,9.65,9.69,9.63,177,9,"",Yes,Yes,Yes,"https://www.checkatrade.com/trades/dmcleodplumbingandheating",dmcleodplumbingandheating
"GCSG Plumbing & Heating","Mr Grant","Plumber","Glasgow and","https://9tuma.app.link/kLTh3RAdIQb?cat_web_device_id=2e0b20a0-1207-473c-aef2-89240dec4f1e&cat_web_session_id=87643d83-348a-486f-9c79-216651893789&banner_location=header",9.55,9.73,9.36,9.55,11,1,"",Yes,No,Yes,"https://www.checkatrade.com/trades/gcsgplumbingheating",gcsgplumbingheating
"SNT Plumbing and Heating","Mr Stuart","Plumber","","https://9tuma.app.link/kLTh3RAdIQb?cat_web_device_id=2e0b20a0-1207-473c-aef2-89240dec4f1e&cat_web_session_id=87643d83-348a-486f-9c79-216651893789&banner_location=header",10,10,10,10,41,8,"",Yes,Yes,Yes,"https://www.checkatrade.com/trades/sntplumbingandheating",sntplumbingandheating
"RSPS","Mr Ryan","Plumber","","https://9tuma.app.link/kLTh3RAdIQb?cat_web_device_id=2e0b20a0-1207-473c-aef2-89240dec4f1e&cat_web_session_id=87643d83-348a-486f-9c79-216651893789&banner_location=header",9.93,9.92,9.94,9.93,772,8,"288994513",Yes,Yes,Yes,"https://www.checkatrade.com/trades/rspshomeimprovements",rspshomeimprovements
"AMG RENOVATIONS LIMITED","Mr Jordan","Plumber","","https://9tuma.app.link/kLTh3RAdIQb?cat_web_device_id=2e0b20a0-1207-473c-aef2-89240dec4f1e&cat_web_session_id=87643d83-348a-486f-9c79-216651893789&banner_location=header",9.88,10,10,10,26,1,"",Yes,Yes,Yes,"https://www.checkatrade.com/trades/amgrenovationslimited",amgrenovationslimited
"Loch Lomond Plumbing And Heating","Mr. Mark Johnston","Plumber","","https://9tuma.app.link/kLTh3RAdIQb?cat_web_device_id=2e0b20a0-1207-473c-aef2-89240dec4f1e&cat_web_session_id=87643d83-348a-486f-9c79-216651893789&banner_location=header",9.89,9.87,9.89,9.91,275,5,"",Yes,Yes,Yes,"https://www.checkatrade.com/trades/lochlomondplumbingandheating963472",lochlomondplumbingandheating963472
"CSI Glasgow Ltd","Mr John","Plumber","","https://9tuma.app.link/kLTh3RAdIQb?cat_web_device_id=2e0b20a0-1207-473c-aef2-89240dec4f1e&cat_web_session_id=87643d83-348a-486f-9c79-216651893789&banner_location=header",10,10,10,10,80,6,"",Yes,No,Yes,"https://www.checkatrade.com/trades/csiglasgowltd",csiglasgowltd
"Taylored Heating & Plumbing","Mr Ben","Plumber","Glasgow and","https://9tuma.app.link/kLTh3RAdIQb?cat_web_device_id=2e0b20a0-1207-473c-aef2-89240dec4f1e&cat_web_session_id=87643d83-348a-486f-9c79-216651893789&banner_location=header",9.95,10,9.86,10,10,1,"",Yes,No,Yes,"https://www.checkatrade.com/trades/tayloredheatingandplumbing",tayloredheatingandplumbing
"IMPERIAL MAINTENANCE AND PROPERTY LTD","Mr Ivor","Plumber","","https://9tuma.app.link/kLTh3RAdIQb?cat_web_device_id=2e0b20a0-1207-473c-aef2-89240dec4f1e&cat_web_session_id=87643d83-348a-486f-9c79-216651893789&banner_location=header",9.5,9.55,9.55,9.65,53,2,"",Yes,No,Yes,"https://www.checkatrade.com/trades/imperialmaintenanceandpropertyltd",imperialmaintenanceandpropertyltd
"CATTEST Joe Plumbing","Mr Random","Plumber","London and","https://9tuma.app.link/kLTh3RAdIQb?cat_web_device_id=2e0b20a0-1207-473c-aef2-89240dec4f1e&cat_web_session_id=87643d83-348a-486f-9c79-216651893789&banner_location=header",,,,,,1,"",Yes,No,Yes,"https://www.checkatrade.com/trades/cattestjoeplumbing",cattestjoeplumbing
"Sustainable Plumbing Solutions Ltd","Mr Simon","Plumber","Llanelli and","https://9tuma.app.link/kLTh3RAdIQb?cat_web_device_id=2e0b20a0-1207-473c-aef2-89240dec4f1e&cat_web_session_id=87643d83-348a-486f-9c79-216651893789&banner_location=header",9.93,,,,118,1,"",Yes,No,Yes,"https://www.checkatrade.com/trades/sustainableplumbingsolutionsltd",sustainableplumbingsolutionsltd
"ReeceYoungPlumbingSolutions","Mr Reece","Plumber","","https://9tuma.app.link/kLTh3RAdIQb?cat_web_device_id=2e0b20a0-1207-473c-aef2-89240dec4f1e&cat_web_session_id=87643d83-348a-486f-9c79-216651893789&banner_location=header",9.98,9.93,10,10,15,1,"",No,No,Yes,"https://www.checkatrade.com/trades/reeceyoungplumbingsolutions",reeceyoungplumbingsolutions
"OB Plumbing And Heating","Mr Jon","Plumber","","https://9tuma.app.link/kLTh3RAdIQb?cat_web_device_id=2e0b20a0-1207-473c-aef2-89240dec4f1e&cat_web_session_id=87643d83-348a-486f-9c79-216651893789&banner_location=header",9.86,9.9,9.86,9.81,21,1,"",No,Yes,Yes,"https://www.checkatrade.com/trades/obplumbingandheating",obplumbingandheating
"Corva Plumbing & Heating","Mr Michael","Plumber","homeowners across","https://9tuma.app.link/kLTh3RAdIQb?cat_web_device_id=2e0b20a0-1207-473c-aef2-89240dec4f1e&cat_web_session_id=87643d83-348a-486f-9c79-216651893789&banner_location=header",9.86,9.92,9.83,9.83,12,,"",Yes,Yes,Yes,"https://www.checkatrade.com/trades/corvaplumbingheating",corvaplumbingheating
"D J Plumbing & Heating Engineer","Mr David","Plumber","all aspects","https://9tuma.app.link/kLTh3RAdIQb?cat_web_device_id=2e0b20a0-1207-473c-aef2-89240dec4f1e&cat_web_session_id=87643d83-348a-486f-9c79-216651893789&banner_location=header",10,10,10,10,8,1,"",No,No,Yes,"https://www.checkatrade.com/trades/djplumbingheatingengineer",djplumbingheatingengineer
"MAP North Wales","Mr Mark","Plumber","","https://9tuma.app.link/kLTh3RAdIQb?cat_web_device_id=2e0b20a0-1207-473c-aef2-89240dec4f1e&cat_web_session_id=87643d83-348a-486f-9c79-216651893789&banner_location=header",9.71,9.88,9.92,9.75,65,4,"",No,Yes,Yes,"https://www.checkatrade.com/trades/mapnorthwales",mapnorthwales
"Lynks Plumbing and Heating","Mr Nathan","Plumber","Birkenhead and","https://9tuma.app.link/kLTh3RAdIQb?cat_web_device_id=2e0b20a0-1207-473c-aef2-89240dec4f1e&cat_web_session_id=87643d83-348a-486f-9c79-216651893789&banner_location=header",9.72,,,,246,,"",No,No,Yes,"https://www.checkatrade.com/trades/lynksplumbingandheating5937023",lynksplumbingandheating5937023
"Nathan Peate Plumbing & Heating","Mr. Nathan Peate","Plumber","","https://9tuma.app.link/kLTh3RAdIQb?cat_web_device_id=2e0b20a0-1207-473c-aef2-89240dec4f1e&cat_web_session_id=87643d83-348a-486f-9c79-216651893789&banner_location=header",9.83,9.5,10,10,45,6,"",No,No,Yes,"https://www.checkatrade.com/trades/nathanpeateplumbingheating",nathanpeateplumbingheating
"Richards Plumbing & Heating","Mr Gary","Plumber","","https://9tuma.app.link/kLTh3RAdIQb?cat_web_device_id=2e0b20a0-1207-473c-aef2-89240dec4f1e&cat_web_session_id=87643d83-348a-486f-9c79-216651893789&banner_location=header",10,,,,3,2,"",No,Yes,Yes,"https://www.checkatrade.com/trades/richardsplumbingandheating1106973",richardsplumbingandheating1106973
"Green’s Plumbing","Mr Ryan","Plumber","","https://9tuma.app.link/kLTh3RAdIQb?cat_web_device_id=2e0b20a0-1207-473c-aef2-89240dec4f1e&cat_web_session_id=87643d83-348a-486f-9c79-216651893789&banner_location=header",9.79,9.77,9.77,9.84,112,4,"",Yes,Yes,Yes,"https://www.checkatrade.com/trades/greensplumbing1078560",greensplumbing1078560
"SE Plumbing & Heating","Mr Peter","Plumber","in the","https://9tuma.app.link/kLTh3RAdIQb?cat_web_device_id=2e0b20a0-1207-473c-aef2-89240dec4f1e&cat_web_session_id=87643d83-348a-486f-9c79-216651893789&banner_location=header",9.83,9.83,9.83,9.83,39,3,"",No,Yes,Yes,"https://www.checkatrade.com/trades/seplumbingandheating",seplumbingandheating
"Leak Fixers Swansea Plumbing LTD","Mr Antonios","Plumber","","https://9tuma.app.link/kLTh3RAdIQb?cat_web_device_id=2e0b20a0-1207-473c-aef2-89240dec4f1e&cat_web_session_id=87643d83-348a-486f-9c79-216651893789&banner_location=header",9.93,9.93,9.91,9.95,118,1,"",Yes,No,Yes,"https://www.checkatrade.com/trades/leakfixersswanseaplumbingltd",leakfixersswanseaplumbingltd
"Griffiths Gas Ltd","Mr Darryl","Plumber","","https://9tuma.app.link/kLTh3RAdIQb?cat_web_device_id=2e0b20a0-1207-473c-aef2-89240dec4f1e&cat_web_session_id=87643d83-348a-486f-9c79-216651893789&banner_location=header",10,10,10,10,101,3,"319200338",Yes,Yes,Yes,"https://www.checkatrade.com/trades/griffithsgasltd",griffithsgasltd
"Vortex Transport & Plumbing Solutions Ltd","Mr. James Thomas","Plumber","","https://9tuma.app.link/kLTh3RAdIQb?cat_web_device_id=2e0b20a0-1207-473c-aef2-89240dec4f1e&cat_web_session_id=87643d83-348a-486f-9c79-216651893789&banner_location=header",9.87,9.97,9.97,9.92,125,3,"",Yes,Yes,Yes,"https://www.checkatrade.com/trades/vortextransportandplumbingsolutions",vortextransportandplumbingsolutions
"HeaterUp Ltd","Mr Rajar","Plumber","","https://9tuma.app.link/kLTh3RAdIQb?cat_web_device_id=2e0b20a0-1207-473c-aef2-89240dec4f1e&cat_web_session_id=87643d83-348a-486f-9c79-216651893789&banner_location=header",9.59,9.74,9.79,9.63,73,2,"",Yes,No,Yes,"https://www.checkatrade.com/trades/heaterupltd",heaterupltd
"LW Plumbing & Heating","Mr Lee","Plumber","","https://9tuma.app.link/kLTh3RAdIQb?cat_web_device_id=2e0b20a0-1207-473c-aef2-89240dec4f1e&cat_web_session_id=87643d83-348a-486f-9c79-216651893789&banner_location=header",9.94,9.94,9.88,10,95,4,"",Yes,No,Yes,"https://www.checkatrade.com/trades/lwplumbingandheating1058467",lwplumbingandheating1058467
"JGS Plumbing Services","Mr Jay","Plumber","Neath","https://9tuma.app.link/kLTh3RAdIQb?cat_web_device_id=2e0b20a0-1207-473c-aef2-89240dec4f1e&cat_web_session_id=87643d83-348a-486f-9c79-216651893789&banner_location=header",9.82,9.77,9.85,9.85,28,2,"",Yes,Yes,Yes,"https://www.checkatrade.com/trades/jgsplumbingservices",jgsplumbingservices
"SQ Plumbing Services","Mr Sam","Plumber","","https://9tuma.app.link/kLTh3RAdIQb?cat_web_device_id=2e0b20a0-1207-473c-aef2-89240dec4f1e&cat_web_session_id=87643d83-348a-486f-9c79-216651893789&banner_location=header",10,10,10,10,2,,"",Yes,Yes,Yes,"https://www.checkatrade.com/trades/sqplumbingservices",sqplumbingservices
"Brennan Plumbing","Mr Callum","Plumber","the Bridgend","https://9tuma.app.link/kLTh3RAdIQb?cat_web_device_id=2e0b20a0-1207-473c-aef2-89240dec4f1e&cat_web_session_id=87643d83-348a-486f-9c79-216651893789&banner_location=header",9.76,10,10,10,51,3,"",Yes,Yes,Yes,"https://www.checkatrade.com/trades/brennanplumbing",brennanplumbing
"James Lewis Plumbing and Heating Services","Mr. James Lewis","Plumber","","https://9tuma.app.link/kLTh3RAdIQb?cat_web_device_id=2e0b20a0-1207-473c-aef2-89240dec4f1e&cat_web_session_id=87643d83-348a-486f-9c79-216651893789&banner_location=header",7.5,7.5,7.5,7.5,45,5,"",Yes,No,Yes,"https://www.checkatrade.com/trades/jameslewisplumbingandheatingservices969586",jameslewisplumbingandheatingservices969586
"Neil Hedges Plumbing and Heating services","Mr Neil","Plumber","Swansea and","https://9tuma.app.link/kLTh3RAdIQb?cat_web_device_id=2e0b20a0-1207-473c-aef2-89240dec4f1e&cat_web_session_id=87643d83-348a-486f-9c79-216651893789&banner_location=header",9.91,10,9.98,10,42,2,"",Yes,Yes,Yes,"https://www.checkatrade.com/trades/neilhedgesplumbingandheatingservices",neilhedgesplumbingandheatingservices
"Aqua Flow Plumbing & Heating","Mr Johden","Plumber","all aspects","https://9tuma.app.link/kLTh3RAdIQb?cat_web_device_id=2e0b20a0-1207-473c-aef2-89240dec4f1e&cat_web_session_id=87643d83-348a-486f-9c79-216651893789&banner_location=header",9.94,9.92,9.93,9.96,177,2,"",Yes,Yes,Yes,"https://www.checkatrade.com/trades/aquaflowplumbingheating",aquaflowplumbingheating
"MM GAS","Mr Martin","Plumber","","https://9tuma.app.link/kLTh3RAdIQb?cat_web_device_id=2e0b20a0-1207-473c-aef2-89240dec4f1e&cat_web_session_id=87643d83-348a-486f-9c79-216651893789&banner_location=header",9.52,9.5,9.57,9.5,249,8,"",Yes,Yes,Yes,"https://www.checkatrade.com/trades/mmgas",mmgas
"MK Heating Solutions","Mr Michal","Plumber","Didcot","https://9tuma.app.link/kLTh3RAdIQb?cat_web_device_id=2e0b20a0-1207-473c-aef2-89240dec4f1e&cat_web_session_id=87643d83-348a-486f-9c79-216651893789&banner_location=header",9.94,9.95,9.9,9.95,54,3,"",Yes,Yes,Yes,"https://www.checkatrade.com/trades/mkheatingsolutions",mkheatingsolutions
"A&E Plumbing Oxford","Mr Antouel","Plumber","","https://9tuma.app.link/kLTh3RAdIQb?cat_web_device_id=2e0b20a0-1207-473c-aef2-89240dec4f1e&cat_web_session_id=87643d83-348a-486f-9c79-216651893789&banner_location=header",9.78,9.82,9.76,9.76,89,3,"",No,No,Yes,"https://www.checkatrade.com/trades/aandeplumbingoxford1051789",aandeplumbingoxford1051789
"Lakes Plumbing & Heating","Mr Adam","Plumber","","https://9tuma.app.link/kLTh3RAdIQb?cat_web_device_id=2e0b20a0-1207-473c-aef2-89240dec4f1e&cat_web_session_id=87643d83-348a-486f-9c79-216651893789&banner_location=header",10,10,10,10,9,1,"470885362",Yes,Yes,Yes,"https://www.checkatrade.com/trades/lakesplumbingheating",lakesplumbingheating
"Keshav The Plumber","Mr Keshav","Plumber","all ranges","https://9tuma.app.link/kLTh3RAdIQb?cat_web_device_id=2e0b20a0-1207-473c-aef2-89240dec4f1e&cat_web_session_id=87643d83-348a-486f-9c79-216651893789&banner_location=header",9.9,9.92,9.97,9.94,90,3,"",No,Yes,Yes,"https://www.checkatrade.com/trades/keshavtheplumber",keshavtheplumber
"All Plumbed Out?","Mr Sebastian","Plumber","","https://9tuma.app.link/kLTh3RAdIQb?cat_web_device_id=2e0b20a0-1207-473c-aef2-89240dec4f1e&cat_web_session_id=87643d83-348a-486f-9c79-216651893789&banner_location=header",9.89,9.89,9.89,9.89,71,2,"",No,Yes,Yes,"https://www.checkatrade.com/trades/allplumbedout",allplumbedout
"Mackie's Multi-Trade Plumbing","Mr Clive","Plumber","","https://9tuma.app.link/kLTh3RAdIQb?cat_web_device_id=2e0b20a0-1207-473c-aef2-89240dec4f1e&cat_web_session_id=87643d83-348a-486f-9c79-216651893789&banner_location=header",9.98,9.97,9.97,10,267,6,"",Yes,Yes,Yes,"https://www.checkatrade.com/trades/mackiesmultitradeplumbing",mackiesmultitradeplumbing
"F Church Ltd","Mr Nick","Plumber","all your","https://9tuma.app.link/kLTh3RAdIQb?cat_web_device_id=2e0b20a0-1207-473c-aef2-89240dec4f1e&cat_web_session_id=87643d83-348a-486f-9c79-216651893789&banner_location=header",9.94,,,,35,7,"467625319",Yes,Yes,Yes,"https://www.checkatrade.com/trades/fchurch",fchurch
"AA Plumbing","Mr James","Plumber","","https://9tuma.app.link/kLTh3RAdIQb?cat_web_device_id=2e0b20a0-1207-473c-aef2-89240dec4f1e&cat_web_session_id=87643d83-348a-486f-9c79-216651893789&banner_location=header",9.83,9.79,9.83,9.86,29,1,"",Yes,Yes,Yes,"https://www.checkatrade.com/trades/aaplumbing",aaplumbing
"A&R Plumbing and Heating","Mr Michael","Plumber","","https://9tuma.app.link/kLTh3RAdIQb?cat_web_device_id=2e0b20a0-1207-473c-aef2-89240dec4f1e&cat_web_session_id=87643d83-348a-486f-9c79-216651893789&banner_location=header",9.33,9.14,9.71,9.14,98,11,"",No,Yes,Yes,"https://www.checkatrade.com/trades/aandrplumbingandheating",aandrplumbingandheating
"Precision Heating Ltd","Mr Carl","Plumber","","https://9tuma.app.link/kLTh3RAdIQb?cat_web_device_id=2e0b20a0-1207-473c-aef2-89240dec4f1e&cat_web_session_id=87643d83-348a-486f-9c79-216651893789&banner_location=header",10,10,10,10,352,12,"201652159",Yes,Yes,Yes,"https://www.checkatrade.com/trades/precisionheating",precisionheating
"Plumbbob Limited","Mr Jon","Plumber","","https://9tuma.app.link/kLTh3RAdIQb?cat_web_device_id=2e0b20a0-1207-473c-aef2-89240dec4f1e&cat_web_session_id=87643d83-348a-486f-9c79-216651893789&banner_location=header",9.91,9.93,10,9.8,158,13,"811682000",Yes,Yes,Yes,"https://www.checkatrade.com/trades/plumbbob",plumbbob
"Clevercraft Plumbing","Mr Joshua","Plumber","","https://9tuma.app.link/kLTh3RAdIQb?cat_web_device_id=2e0b20a0-1207-473c-aef2-89240dec4f1e&cat_web_session_id=87643d83-348a-486f-9c79-216651893789&banner_location=header",9.53,9.6,9.4,9.6,5,,"",Yes,Yes,Yes,"https://www.checkatrade.com/trades/clevercraftplumbing",clevercraftplumbing
"Waterworx Services","Mr Ashley","Plumber","areas of","https://9tuma.app.link/kLTh3RAdIQb?cat_web_device_id=2e0b20a0-1207-473c-aef2-89240dec4f1e&cat_web_session_id=87643d83-348a-486f-9c79-216651893789&banner_location=header",9.82,9.83,9.83,9.79,1007,5,"",Yes,Yes,Yes,"https://www.checkatrade.com/trades/waterworxplumbingandheatingse",waterworxplumbingandheatingse
"DW plumbing And Heating","Mr Dean","Plumber","","https://9tuma.app.link/kLTh3RAdIQb?cat_web_device_id=2e0b20a0-1207-473c-aef2-89240dec4f1e&cat_web_session_id=87643d83-348a-486f-9c79-216651893789&banner_location=header",10,10,10,10,10,,"",Yes,Yes,Yes,"https://www.checkatrade.com/trades/dwplumbingandheating15001963",dwplumbingandheating15001963
"YOUR MAINTENANCE MATTERS LIMITED","Mr Keith","Plumber","","https://9tuma.app.link/kLTh3RAdIQb?cat_web_device_id=2e0b20a0-1207-473c-aef2-89240dec4f1e&cat_web_session_id=87643d83-348a-486f-9c79-216651893789&banner_location=header",9.36,9.56,9.47,9.47,47,1,"",Yes,Yes,Yes,"https://www.checkatrade.com/trades/yourmaintenancematterslimited",yourmaintenancematterslimited
"Burton Smith Plumbing, Drainage and Gas","Mr. Toby Burton","Plumber","","https://9tuma.app.link/kLTh3RAdIQb?cat_web_device_id=2e0b20a0-1207-473c-aef2-89240dec4f1e&cat_web_session_id=87643d83-348a-486f-9c79-216651893789&banner_location=header",9.86,9.88,9.82,9.88,380,6,"",Yes,Yes,Yes,"https://www.checkatrade.com/trades/burtonsmith884717",burtonsmith884717
"C G Plumbing & Decorating","Mr. Clive Dixon","Plumber","","https://9tuma.app.link/kLTh3RAdIQb?cat_web_device_id=2e0b20a0-1207-473c-aef2-89240dec4f1e&cat_web_session_id=87643d83-348a-486f-9c79-216651893789&banner_location=header",9.57,9.59,9.65,9.61,173,5,"",Yes,No,Yes,"https://www.checkatrade.com/trades/cgplumbinganddecorating1021323",cgplumbinganddecorating1021323
"Reactive Gas, Heating and Plumbing Services Limited","Mr Carl","Plumber","","https://9tuma.app.link/kLTh3RAdIQb?cat_web_device_id=2e0b20a0-1207-473c-aef2-89240dec4f1e&cat_web_session_id=87643d83-348a-486f-9c79-216651893789&banner_location=header",8.95,8.96,8.92,9.14,322,6,"",Yes,Yes,Yes,"https://www.checkatrade.com/trades/reactivegasheatingandplumbing",reactivegasheatingandplumbing
"Drake Plumbing Solutions","Mr James","Plumber","","https://9tuma.app.link/kLTh3RAdIQb?cat_web_device_id=2e0b20a0-1207-473c-aef2-89240dec4f1e&cat_web_session_id=87643d83-348a-486f-9c79-216651893789&banner_location=header",10,10,10,10,22,2,"",No,Yes,Yes,"https://www.checkatrade.com/trades/drakeplumbingsolutions1099361",drakeplumbingsolutions1099361
"Fix Me Now","Mr Saif","Plumber","","https://9tuma.app.link/kLTh3RAdIQb?cat_web_device_id=2e0b20a0-1207-473c-aef2-89240dec4f1e&cat_web_session_id=87643d83-348a-486f-9c79-216651893789&banner_location=header",10,10,10,10,2,,"",No,No,Yes,"https://www.checkatrade.com/trades/fixmenow",fixmenow