company_name,first_name,last_name,full_name,role,trade_type,location,postcode,registered_address,mobile,landline,all_phones,email_primary,all_emails,website,facebook,instagram,linkedin_company,linkedin_owner,checkatrade_phone,google_phone,overall_rating,review_count,years_on_checkatrade,google_reviews,google_rating,last_review_date,review_response_rate,company_size,is_ltd,is_vat,team_language,has_team_page,employee_signals,competitor_tools,services_listed,has_online_booking,has_live_chat,website_platform,sic_codes,filing_category,company_age,company_status,director_count,director_occupation,psc_name,last_accounts_date,linkedin_company_size,linkedin_owner_name,linkedin_owner_title,sniper_fit_tier,sniper_fit_score,sniper_fit_reasons,contact_completeness,pain_signals,platforms,platform_count,match_confidence,phone_source,website_source,name_source,other_platform_ratings,profile_url,handle,companies_house_number
Contact Electrician Ltd,Klisman,Licaj,Klisman Licaj,Director,Electrician,07427836165,,,,,,,,,,,,,,,9.76,3,490524292,,,,,Established,Yes,Yes,unclear,No,,,,No,No,,43210,,6,active,1,,Mr Klisman Licaj,2025-06-30,,,,C,5,invested_in_platform; high_rating; company_5+_years,0,established_but_invisible,checkatrade,1,none,,,companies_house,,contactelectricianltd,,12637996
Sol-lux Electrical,Connor,,Connor,,Electrician,07360540492,,,,,,,,,,,,,,,9.59,6,,,,,,Small,No,Yes,unclear,No,,,,No,No,,,,,,,,,,,,,D,3,has_reviews; high_rating,0,,"checkatrade, mybuilder",2,medium,,,checkatrade,mybuilder:?/7,sollux,,
Rose33 Solutions Ltd,Justin,Willis,Justin Willis,Director,Electrician,07403672370,,,,,,,,,,,,,,,9.68,2,,,,,,Small,Yes,Yes,unclear,No,,,,No,No,,"41201, 41202, 43210",,3,active,1,,Mr Justin Willis,2025-01-31,,,,D,2,high_rating,0,,checkatrade,1,none,,,companies_house,,rose33solutionsltd,,14572564
SM Electrical Services,Spencer,Michaels,Spencer Michaels,,Electrician,07367011186,,,07307209827,,07307209827,,,https://smelectricalservices.org/,,,,,,,9.86,6,372465288,,,,,Small,No,No,unclear,No,,,,No,No,,,,,,,,,,,,,C,5,has_reviews; invested_in_platform; high_rating,2,,"checkatrade, trustatrader",2,high,cross_platform,cross_platform,checkatrade,trustatrader:4.99/30,smelectricalservicesstalbans,,
Al-Amin Electrical Contractor,Azizur,,Azizur,,Electrician,07367097331,,,,,,,,,,,,,,,9.76,11,,,,,,Solo,No,No,unclear,No,,,,No,No,,,,,,,,,,,,,D,3,has_reviews; high_rating,0,,checkatrade,1,none,,,checkatrade,,alaminelectricalcontractor,,
A&B Electrical Services,Altin,,Altin,,Electrician,07307297521,,,07307204918,,07307204918,,,https://www.trustagarage.com/,,,,,,,9.56,2,,,,,,Small,No,Yes,unclear,No,,,,No,No,,,,,,,,,,,,,D,2,high_rating,2,,"checkatrade, trustatrader",2,medium,cross_platform,cross_platform,checkatrade,trustatrader:5.0/17,aandbelectricalservices,,
NK ELECTRICAL ENGINEERING LTD,Noah,Kamal,Noah Salah Kamal,Director,Electrician,07413603429,,,07307209236,,07307209236,,,https://www.trustagarage.com/,,,,,,,9.74,3,,,,,,Small,Yes,Yes,unclear,No,,,,No,No,,43210,,2,active,1,,Mr Noah Salah Kamal,2025-02-28,,,,D,2,high_rating,2,,"checkatrade, trustatrader",2,high,cross_platform,cross_platform,companies_house,trustatrader:4.98/54,nkelectricalengineeringltd,,15523452
HOXTON ELECTRIC,Deng,,Deng,,Electrician,07414245446,,,,,,,,,,,,,,,9.76,1,,,,,,Small,No,Yes,unclear,No,,,,No,No,,,,,,,,,,,,,D,2,high_rating,0,,"checkatrade, mybuilder",2,medium,,,checkatrade,mybuilder:?/28,hoxtonelectrical,,
Powerlux Ltd,Ahmad,Khodabux,Ahmad Husayn Khodabux,Director,Electrician,07897015385,,,,,,,,,,,,,,,9.91,3,,,,,,Small,Yes,Yes,unclear,No,,,,No,No,,"43210, 43220, 43290",,5,active,1,,Mr Ahmad Husayn Khodabux,2024-03-31,,,,D,3,high_rating; company_5+_years,0,established_but_invisible,"checkatrade, mybuilder",2,medium,,,companies_house,mybuilder:?/319,powerluxltd,,13510149
A2z Electric Ltd,Azad,Arzaani,Azad Arzaani,Director,Electrician,07307298972,,,07307207265,,07307207265,,,http://www.cjelectric.uk/,,,,,,,9.25,4,,,,,,Small,Yes,Yes,unclear,No,,,,No,No,,43210,,7,active,1,,Mr Azad Arzaani,2024-06-30,,,,D,2,good_rating; company_5+_years,2,,"checkatrade, trustatrader",2,medium,cross_platform,cross_platform,companies_house,trustatrader:4.98/151,a2zelectric,,12052923
Route Electrical Ltd,Sergei,Lazars,Sergei Lazars,Director,Electrician,07476924615,,,07360276979,,07360276979,,,http://www.route-electrical.co.uk/,,,,,,,,9,,,,,,Small,Yes,Yes,unclear,No,,,,No,No,,43210,,11,active,1,,Mr Sergejs Lazars,2025-03-31,,,,D,3,has_reviews; 2+_platforms; company_5+_years,2,,"checkatrade, trustatrader, mybuilder",3,high,cross_platform,cross_platform,companies_house,"trustatrader:4.93/72, mybuilder:?/15",routeelectricalandplumbingltd,,09460286
Todd and Sons Electrical Services,Colin,,Colin,,Electrician,07411307784,,,,,,,,,,,,,,,9.86,7,,,,,,Small,No,Yes,unclear,No,,,,No,No,,,,,,,,,,,,,D,3,has_reviews; high_rating,0,,checkatrade,1,none,,,checkatrade,,toddandsonselectricalservices,,
Adam Electrical Limited,Abdallah,Reda,Abdallah Reda,Director,Electrician,07476973442,,,07307260351,,07307260351,,,https://maydayelectrical.co.uk/,,,,,,,9.83,1,177426287,,,,,Established,Yes,Yes,unclear,No,,,,No,No,,43210,,13,active,1,,Mr Abdallah Reda,2025-03-31,,,,C,5,invested_in_platform; high_rating; company_5+_years,2,,"checkatrade, trustatrader",2,medium,cross_platform,cross_platform,companies_house,"trustatrader:4.95/79, trustatrader:4.95/79",adamelectricallimited5923733,,08452277
LM ELECTRICS ISLINGTON LTD,Luke,Mcmahon,Luke John Mcmahon,Director,Islington,07446974194,,,,,,,,,,,,,,,10,1,,,,,,Small,Yes,Yes,unclear,No,,,,No,No,,43210,,1,active,1,,Luke John Mcmahon,,,,,D,2,high_rating,0,,"checkatrade, myjobquote",2,high,,,companies_house,myjobquote:5/2,lmelectricsislingtonltd5933213,,16578237
Ges Electrical Services Ltd,Gentjan,Meci,Gentjan Meci,Director,North London,07366480217,,,07307204918,,07307204918,,,https://www.trustagarage.com/,,,,,,,10,4,,,,,,Small,Yes,Yes,unclear,No,,,,No,No,,43210,,4,active,1,,Mr Gentjan Meci,2025-09-30,,,,D,2,high_rating,2,,"checkatrade, trustatrader",2,medium,cross_platform,cross_platform,companies_house,trustatrader:5.0/17,geselectricalservicesltd,,14349583
ELLWOOD ELECTRICAL LTD,Elliott,Wood,Elliott Wood,Director,Electrician,07883279860,,,07307276743,,07307276743,,,https://www.woodelectrical.co.uk/,,,,,,,10,6,399388122,,,,,Established,Yes,Yes,unclear,No,,,,No,No,,43210,,6,active,1,,Mr Elliott Wood,2025-02-28,,,,C,6,has_reviews; invested_in_platform; high_rating; company_5+_years,2,,"checkatrade, trustatrader",2,medium,cross_platform,cross_platform,companies_house,trustatrader:4.96/17,ellwoodelectricalltd,,12471276
TVC Electrical,Valter,,Valter,,Electrician,07426785126,,,07307211702,,07307211702,,,http://www.sselectricaleastlondon.co.uk/,,,,,,,10,4,,,,,,Solo,No,No,unclear,No,,,,No,No,,,,,,,,,,,,,D,2,high_rating,2,,"checkatrade, trustatrader",2,medium,cross_platform,cross_platform,checkatrade,trustatrader:4.95/79,tvcelectrical1064664,,
W.E.V Electrical Ltd,William,Valiquette,William Edward Valiquette,Director,Electrician,07897014369,,,07307211702,,07307211702,,,http://www.sselectricaleastlondon.co.uk/,,,,,,,10,5,,,,,,Small,Yes,Yes,unclear,No,,,,No,No,,43210,,4,active,1,,Mr William Edward Valiquette,2025-03-31,,,,D,3,has_reviews; high_rating,2,,"checkatrade, trustatrader",2,medium,cross_platform,cross_platform,companies_house,trustatrader:4.95/79,wevelectricalltd991661,,14014545
MA ELECTRICALS & GAS WORKS LTD,Mushtaq,Ahmad,Mushtaq Ahmad,Director,domestic,07878644480,,,,,,,,,,,,,,,8.5,1,,,,,,Small,Yes,Yes,unclear,No,,,,No,No,,43210,,7,active,1,,Mr Mushtaq Ahmad,2025-01-31,,,,D,2,good_rating; company_5+_years,0,established_but_invisible,checkatrade,1,none,,,companies_house,,maelectricalsgasworksltd,,11775872
Rahilly Electrical Ltd,John,Rahilly,John Paul Daniel Rahilly,Director,Electrician,07446968270,,,07307203649,,07307203649,,,https://www.rahillyelectrical.uk/,,,,,,,9.95,3,,,,,,Small,Yes,Yes,unclear,No,,,,No,No,,43210,,4,active,1,,Mr John Paul Daniel Rahilly,2024-07-31,,,,D,2,high_rating,2,,"checkatrade, trustatrader",2,high,cross_platform,cross_platform,companies_house,trustatrader:4.97/19,rahillyelectricalltd,,14258125
A Class Electrical,Trevor,,Trevor,,Electrician,07307209377,,,07441448057,,07441448057,,,,,,,,,,10,10,,,,,,Solo,No,No,unclear,No,,,,No,No,,,,,,,,,,,,,D,3,has_reviews; high_rating,1,,"checkatrade, myjobquote",2,high,cross_platform,,checkatrade,myjobquote:5/10,aclasselectrical319325,,
Reign Secure Limited,Adam,Cooper,Adam Cooper,Director,Hornchurch,07426990257,,,,,,,,,,,,,,,9.5,2,,,,,,Small,Yes,Yes,unclear,No,,,,No,No,,43390,,10,active,2,,Mr Mitchel Whiting,2024-12-31,,,,D,3,high_rating; company_5+_years,0,established_but_invisible,checkatrade,1,none,,,companies_house,,reignsecurelimited,,10541416
Sinera Electrical And Property Maintenance Ltd,Monika,Dimcheva,Monika Plamenova Dimcheva,Director,Electrician,07401255396,,,,,,,,,,,,,,,10,3,425369388,,,,,Established,Yes,Yes,unclear,No,,,,No,No,,"43210, 43341, 43999",,5,active,2,,Mr Ebrima Sinera Touray,2025-03-31,,,,C,5,invested_in_platform; high_rating; company_5+_years,0,established_but_invisible,checkatrade,1,none,,,companies_house,,sineraelectricalandpropertymaintenanceltd,,13286152
HandyExperts,Dominic,,Dominic,,Electrician,07883320110,,,,,,,,,,,,,,,9.39,7,864032928,,,,,Small,No,Yes,unclear,No,,,,No,No,,,,,,,,,,,,,C,4,has_reviews; invested_in_platform; good_rating,0,,checkatrade,1,none,,,checkatrade,,handyexpertselectrical,,
Lloyd Hallowell Electrics,,,,,Electrician,07426943273,,,07360498578,,07360498578,,,http://www.lloydhallowellelectrics.co.uk/,,,,,,,9.6,8,360172328,,,,,Small,No,No,unclear,No,,,,No,No,,,,,,,,,,,,,C,5,has_reviews; invested_in_platform; high_rating,2,,"checkatrade, trustatrader",2,high,cross_platform,cross_platform,,trustatrader:4.95/211,lloydhallowellelectrics,,
RIDA Electric,Redha,Harfouche,Redha Harfouche,,Electrician,07727674959,,,,,,,,,,,,,,,9.88,5,,,,,,Small,No,Yes,unclear,No,,,,No,No,,,,,,,,,,,,,D,3,has_reviews; high_rating,0,,"checkatrade, myjobquote",2,medium,,,checkatrade,myjobquote:5/7,ridaelectric936635,,
East London Electrical Ltd,Terry,Ratcliffe,Terry Frank Patrick Ratcliffe,Director,Electrician,07460112843,,,,,,,,,,,,,,,9.82,4,,,,,,Small,Yes,Yes,unclear,No,,,,No,No,,43210,,12,active,1,,Mr Terry Ratcliff,2025-06-30,,,,D,3,high_rating; company_5+_years,0,established_but_invisible,checkatrade,1,none,,,companies_house,,eastlondonelectrical908741,,09088982
Ensurge Ltd,Omor,Ahmed,Omor Ahmed,Director,Electrician,07380974677,,,,,,,,,,,,,,,9.81,5,,,,,,Small,Yes,Yes,unclear,No,,,,No,No,,43210,,4,active,2,,Mr Omor Ahmed,2024-09-30,,,,D,3,has_reviews; high_rating,0,,checkatrade,1,none,,,companies_house,,ensurgeltd,,14335336
BS ELECTRICAL SOLUTIONS LTD,Sokol,Dibra,Sokol Dibra,Director,Electrician,07367025694,,,07307278961,,07307278961,,,http://www.bs-electrical.com/,,,,,,,9.87,4,,,,,,Small,Yes,Yes,unclear,No,,,,No,No,,43210,,3,active,1,,Mr Sokol Dibra,2025-04-30,,,,D,2,high_rating,2,,"checkatrade, trustatrader",2,high,cross_platform,cross_platform,companies_house,trustatrader:4.95/66,bselectricalsolutionsltd,,14782136
JS Electrical Contractors Ltd,Jamie,Cornwell,Jamie Robert Cornwell,Director,London and,07367088091,,,07360497234,,07360497234,,,https://www.trustagarage.com/,,,,,,,9.78,8,326763290,,,,,Established,Yes,Yes,unclear,No,,,,No,No,,43210,,8,active,1,,Mr Steven Roy Valle,2025-03-31,,,,C,6,has_reviews; invested_in_platform; high_rating; company_5+_years,2,,"checkatrade, trustatrader",2,medium,cross_platform,cross_platform,companies_house,trustatrader:4.97/26,jselectricalcontractorslimited,,11305379
Blake-Reid Electrical,Paul,Blake,Paul Blake,,Electrician,07429288660,,,,,,,,,,,,,,,9.89,4,,,,,,Small,No,Yes,unclear,No,,,,No,No,,,,,,,,,,,,,D,2,high_rating,0,,"checkatrade, mybuilder",2,medium,,,checkatrade,mybuilder:?/20,blakereidelectrical,,
Bradgate Electrical Design & Services Limited,Darren,Charters,Darren Charters,Director,Electrician,07588494382,,,,,,,,,,,,,,,9.87,7,230796013,,,,,Established,Yes,Yes,unclear,No,,,,No,No,,43210,,3,active,2,,Mr Darren Charters,2025-03-31,,,,C,5,has_reviews; invested_in_platform; high_rating,0,,checkatrade,1,none,,,companies_house,,bradgateelectricalservices,,14765100
Cota Building Services,Erald,,Erald,,Electrician,07307204237,,,07307210870,,07307210870,,,https://ompbuilding.co.uk/,,,,,,,9.86,3,,,,,,Small,No,Yes,unclear,No,,,,No,No,,,,,,,,,,,,,D,2,high_rating,2,,"checkatrade, trustatrader",2,medium,cross_platform,cross_platform,checkatrade,trustatrader:4.99/105,etaconstruction,,
EAGLE ELECTRICAL & GAS SERVICES LTD,Daniel,Marku,Daniel Marku,Director,Electrician,07414109385,,,,,,,,,,,,,,,10,1,,,,,,Small,Yes,Yes,unclear,No,,,,No,No,,"43210, 43220, 68100",,6,active,1,,Mr Daniel Marku,2025-08-31,,,,D,3,high_rating; company_5+_years,0,established_but_invisible,checkatrade,1,none,,,companies_house,,eagleelectricalgasservicesltd,,12842788
D B Electrical,Declan,,Declan,,Electrician,07727268907,,,07307211702,,07307211702,,,http://www.sselectricaleastlondon.co.uk/,,,,,,,9.88,12,392769149,,,,,Small,No,Yes,unclear,No,,,,No,No,,,,,,,,,,,,,C,5,has_reviews; invested_in_platform; high_rating,2,,"checkatrade, trustatrader",2,medium,cross_platform,cross_platform,checkatrade,trustatrader:4.95/79,dbelectrical,,
J I F Group Limited,Janusz,Figura,Janusz Tadeusz Figura,Director,Electrician,07380308206,,,,,,,,,,,,,,,10,3,,,,,,Small,Yes,Yes,unclear,No,,,,No,No,,43210,,11,active,1,,Jif Pro Ltd,2024-09-30,,,,D,3,high_rating; company_5+_years,0,established_but_invisible,"checkatrade, mybuilder",2,medium,,,companies_house,,jifgrouplimited,,09834156
Verve Electrical Solutions Limited,Christian,Sudbury-smith,Christian Anthony Sudbury-smith,Director,Electrician,07307264229,,,,,,,,,,,,,,,10,2,,,,,,Small,Yes,Yes,unclear,No,,,,No,No,,43210,,3,active,1,,Mr Christian Anthony Sudbury-Smith,2025-05-31,,,,D,2,high_rating,0,,checkatrade,1,none,,,companies_house,,verveelectricalsolutionslimited,,14938017
Rama Electrical Limited,Virendra,Vagadia,Virendra Arjan Vagadia,Director,on their,07367188776,,,07307206026,,07307206026,,,https://fandaelectrical.co.uk/,,,,,,,9.81,3,,,,,,Small,Yes,Yes,unclear,No,,,,No,No,,43210,,10,active,1,,Mr Virendra Arjan Vagadia,2025-04-30,,,,D,3,high_rating; company_5+_years,2,,"checkatrade, trustatrader",2,medium,cross_platform,cross_platform,companies_house,trustatrader:4.84/25,ramaelectricallimited,,10130912
London Building Certificate,Ali,,Ali,,London with,07380318745,,,,,,,,,,,,,,,9.94,2,,,,,,Small,No,Yes,unclear,No,,,,No,No,,,,,,,,,,,,,D,2,high_rating,0,,checkatrade,1,none,,,checkatrade,,londonbuildingcertificate,,
KRA Electrical & Energy Solutions,Karnel,,Karnel,,Electrician,07476997425,,,,,,,,,,,,,,,9.96,8,,,,,,Small,No,Yes,unclear,No,,,,No,No,,,,,,,,,,,,,D,3,has_reviews; high_rating,0,,checkatrade,1,none,,,checkatrade,,kraelectricalsouthampton,,
Sowe's Electrical Engineering Services Ltd,Sutura,Sowe,Sutura Sowe,Director,Electrician,07846863516,,,,,,,,,,,,,,,9.94,3,,,,,,Small,Yes,Yes,unclear,No,,,,No,No,,82990,,9,active,1,,Miss Vicentia Mary Naa-Odofoley Nortey,2024-07-31,,,,D,3,high_rating; company_5+_years,0,established_but_invisible,"checkatrade, mybuilder",2,high,,,companies_house,mybuilder:?/356,soweselectricalengineeringservices,,10875031
GH Electric,Gyunesh,,Gyunesh,,most areas,07893950721,,,07360273543,,07360273543,,,https://www.trustagarage.com/,,,,,,,10,1,,,,,,Solo,No,No,unclear,No,,,,No,No,,,,,,,,,,,,,D,2,high_rating,2,,"checkatrade, trustatrader",2,medium,cross_platform,cross_platform,checkatrade,trustatrader:4.99/25,ghelectric,,
Brightspace Electrical Ltd,Chad,Beverley,Chad Beverley,Director,all aspects,07401170144,,,,,,,,,,,,,,,9.93,10,278574744,,,,,Established,Yes,Yes,unclear,No,,,,No,No,,43210,,11,active,2,,Mr Chad Beverley,2024-06-30,,,,C,6,has_reviews; invested_in_platform; high_rating; company_5+_years,0,established_but_invisible,"checkatrade, mybuilder",2,medium,,,companies_house,mybuilder:?/24,brightspaceelectrical,,09656927
EES Electrical Engineering Solutions LTD,Mirjan,Ademi,Mirjan Ademi,Director,London,07862133392,,,,,,,,,,,,,,,9.88,1,,,,,,Small,Yes,Yes,unclear,No,,,,No,No,,43210,,1,active,1,,Mrs Donalda Ademi,,,,,D,2,high_rating,0,,checkatrade,1,none,,,companies_house,,eeselectricalengineeringsolutionsltd,,16842034
Green Dream Renewables,Emil,,Emil,,Electrician,07533074646,,,,,,,,,,,,,,,9.97,,,,,,,Small,No,Yes,unclear,No,,,,No,No,,,,,,,,,,,,,D,2,high_rating,0,,checkatrade,1,none,,,checkatrade,,greendreamrenewables,,
Marler Electrical,Christopher,,Christopher,,Electrician,07307235243,,,07307230926,,07307230926,,,https://halerelectrical.co.uk/,,,,,,,9.86,6,,,,,,Small,No,Yes,unclear,No,,,,No,No,,,,,,,,,,,,,D,3,has_reviews; high_rating,2,,"checkatrade, trustatrader",2,medium,cross_platform,cross_platform,checkatrade,trustatrader:4.99/17,marlerelectrical,,
A Plus Electrics,Samuel,,Samuel,,Electrician,07445681161,,,07307236824,,07307236824,,,https://www.trustagarage.com/,,,,,,,9.86,3,,,,,,Small,No,Yes,unclear,No,,,,No,No,,,,,,,,,,,,,D,2,high_rating,2,,"checkatrade, trustatrader",2,medium,cross_platform,cross_platform,checkatrade,trustatrader:4.83/70,apluselectrics1087823,,
David Sullivan Electrical,David,,David,,Electrician,07455745900,,,,,,,,,,,,,,,9.96,2,,,,,,Small,No,Yes,unclear,No,,,,No,No,,,,,,,,,,,,,D,2,high_rating,0,,checkatrade,1,none,,,checkatrade,,davidsullivanelectrical,,
JP Electrical Wiring LTD,Jurgen,Palnikaj,Jurgen Palnikaj,Director,Electrician,07476564358,,,,,,,,,,,,,,,9.95,2,,,,,,Small,Yes,Yes,unclear,No,,,,No,No,,43210,,5,active,1,,Mr Jurgen Palnikaj,2025-10-31,,,,D,3,high_rating; company_5+_years,0,established_but_invisible,"checkatrade, mybuilder",2,medium,,,companies_house,mybuilder:?/1,jpelectricalwiringltd,,13662925
24/7 Electrical,Steven,,Steven,,Kent,07307268846,,,07307211702,,07307211702,,,http://www.sselectricaleastlondon.co.uk/,,,,,,,9.79,3,,,,,,Small,No,Yes,unclear,No,,,,No,No,,,,,,,,,,,,,D,2,high_rating,2,,"checkatrade, trustatrader",2,medium,cross_platform,cross_platform,checkatrade,trustatrader:4.95/79,247electrical1090623,,
The Point Electrical Services,Everton,,Everton,,all household,07414225268,,,07360267153,,07360267153,,,https://prime-electricalservices.co.uk/,,,,,,,9.88,10,,,,,,Small,No,Yes,unclear,No,,,,No,No,,,,,,,,,,,,,D,3,has_reviews; high_rating,2,,"checkatrade, trustatrader",2,medium,cross_platform,cross_platform,checkatrade,trustatrader:5.0/18,thepointelectricalservices,,
Mark Sparks Electrical,Mark,Cowell,Mark Cowell,,Electrician,07426950932,,,,,,,,,,,,,,,9.94,5,,,,,,Small,No,Yes,unclear,No,,,,No,No,,,,,,,,,,,,,D,3,has_reviews; high_rating,0,,checkatrade,1,none,,,checkatrade,,marksparkselectrical962621,,
MB Electrical Connections,Miles,,Miles,,Teddington that,07447196775,,,07307230654,,07307230654,,,https://electrical-connections.co.uk/,,,,,,,10,6,,,,,,Small,No,Yes,unclear,No,,,,No,No,,,,,,,,,,,,,D,3,has_reviews; high_rating,2,,"checkatrade, trustatrader",2,high,cross_platform,cross_platform,checkatrade,trustatrader:5.0/8,mbelectricalconnections,,
1st Fix Electrics,Garfield,,Garfield,,Electrician,07883316377,,,,,,,,,,,,,,,10,12,,,,,,Small,No,Yes,unclear,No,,,,No,No,,,,,,,,,,,,,D,3,has_reviews; high_rating,0,,checkatrade,1,none,,,checkatrade,,firstfixelectricscarshalton,,
D Potter Electrical Ltd,David,Potter,David Mark Potter,Director,Electrician,07414240711,,,,,,,,,,,,,,,9.96,11,312494616,,,,,Established,Yes,Yes,unclear,No,,,,No,No,,43210,,9,active,1,,Mr David Mark Potter,2025-03-31,,,,C,6,has_reviews; invested_in_platform; high_rating; company_5+_years,0,established_but_invisible,checkatrade,1,none,,,companies_house,,dpotterelectricalltd,,10628628
ELECTRIC4U ELECTRICAL SERVICES LTD,Clive,Holt,Clive Holt,Director,Electrician,07366842910,,,,,,,,,,,,,,,9.78,5,,,,,,Small,Yes,Yes,unclear,No,,,,No,No,,43210,,5,active,2,,Mrs Donna Estelle Holt,2026-01-31,,,,C,4,has_reviews; high_rating; company_5+_years,0,established_but_invisible,checkatrade,1,none,,,companies_house,,electric4uelectricalservicesltd970929,,13125065
Darab Constructions,Mustafa,Fawzi,Mustafa Fawzi,,South West,07360267833,,,07307208378,,07307208378,,,https://www.trustagarage.com/,,,,,,,9.89,5,,,,,,Small,No,Yes,unclear,No,,,,No,No,,,,,,,,,,,,,D,3,has_reviews; high_rating,2,,"checkatrade, trustatrader",2,medium,cross_platform,cross_platform,checkatrade,"trustatrader:5.0/12, trustatrader:5.0/12",darabconstructions,,
Solus Electrical Contractors Ltd,James,Coyne,James Patrick Coyne,Director,Electrician,07307203773,,,07360494337,,07360494337,,,https://www.slselectrical.com/,,,,,,,9.93,3,459292161,,,,,Established,Yes,Yes,unclear,No,,,,No,No,,43210,,3,active,2,,Mr Christopher David Nolan,2025-03-31,,,,C,4,invested_in_platform; high_rating,2,,"checkatrade, trustatrader",2,medium,cross_platform,cross_platform,companies_house,trustatrader:4.97/15,soluselectricalcontractors,,14696874
Hazell Electrical Services,Ian,,Ian,,Electrician,07365537216,,,,,,,,,,,,,,,9.83,2,,,,,,Solo,No,No,unclear,No,,,,No,No,,,,,,,,,,,,,D,2,high_rating,0,,"checkatrade, mybuilder",2,medium,,,checkatrade,mybuilder:?/536,hazellelectricalservices,,
P J KELLY ELECTRICAL LIMITED,Patrick,Kelly,Patrick James Kelly,Director,Herts,07481346128,,,,,,,,,,,,,,,9.94,6,,,,,,Small,Yes,Yes,unclear,No,,,,No,No,,43210,,11,active,1,,Mr James Michael Kingham,2025-09-30,,,,C,4,has_reviews; high_rating; company_5+_years,0,established_but_invisible,checkatrade,1,none,,,companies_house,,pjkellyelectricallimited935296,,09780623
Shareskill,David,,David,,Electrician,07455723524,,,,,,,,,,,,,,,9.55,12,731228069,,,,,Small,No,Yes,unclear,No,,,,No,No,,,,,,,,,,,,,C,5,has_reviews; invested_in_platform; high_rating,0,,checkatrade,1,none,,,checkatrade,,shareskill,,
Advance Electrical Property Maintenance,Aparecido,,Aparecido,,Electrician,07782406186,,,,,,,,,,,,,,,9.89,6,,,,,,Small,No,Yes,unclear,No,,,,No,No,,,,,,,,,,,,,D,3,has_reviews; high_rating,0,,checkatrade,1,none,,,checkatrade,,advanceelectricalpropertymain,,
Tam and Co Ltd,Clarence,Robinson,Clarence Bennie Robinson,Director,all electrical,07307211436,,,07360497771,,07360497771,,,https://www.trustagarage.com/,,,,,,,9.89,9,,,,,,Small,Yes,Yes,unclear,No,,,,No,No,,70100,,19,active,1,,Mr Clarence Bennie Robinson,2024-10-31,,,,C,4,has_reviews; high_rating; company_5+_years,2,,"checkatrade, trustatrader",2,high,cross_platform,cross_platform,companies_house,trustatrader:4.99/45,tamandcoltd,,06214376
Cio Smart Electric Ltd,Ionut-Octavian,Chirita,Ionut-Octavian Chirita,Director,callouts if,07307208700,,,,,,,,,,,,,,,9.92,4,,,,,,Small,Yes,Yes,unclear,No,,,,No,No,,"35140, 41202",,8,active,1,,Mr Ionut-Octavian Chirita,2025-08-31,,,,D,3,high_rating; company_5+_years,0,established_but_invisible,checkatrade,1,none,,,companies_house,,ciosmartelectric886104,,11502504
CCG Electrical,Angelo,,Angelo,,all types,07307214720,,,07307211702,,07307211702,,,http://www.sselectricaleastlondon.co.uk/,,,,,,,9.78,3,,,,,,Small,No,Yes,unclear,No,,,,No,No,,,,,,,,,,,,,D,2,high_rating,2,,"checkatrade, trustatrader",2,medium,cross_platform,cross_platform,checkatrade,trustatrader:4.95/79,ccgelectrical,,
All Connected,Jon,,Jon,,all aspects,07380308939,,,,,,,,,,,,,,,9.98,13,,,,,,Small,No,Yes,unclear,No,,,,No,No,,,,,,,,,,,,,D,3,has_reviews; high_rating,0,,checkatrade,1,none,,,checkatrade,,allconnected,,
Hunt Electrical (Hertfordshire) Ltd,Jack,Kirkham,Jack Jepson Kirkham,Director,Biggleswade and,07367056390,,,,,,,,,,,,,,,9.7,1,,,,,,Small,Yes,Yes,unclear,No,,,,No,No,,43210,,2,active,1,,Mr Jack Jepson Kirkham,,,,,D,2,high_rating,0,,checkatrade,1,none,,,companies_house,,huntelectricalhertfordshireltd,,15743707
Anderton Electrics Limited,James,Anderton,James Anderton,Director,Electrician,07492886385,,,,,,,,,,,,,,,9.48,11,244143825,,,,,Established,Yes,Yes,unclear,No,,,,No,No,,43210,,13,active,2,,Mrs Sheryl Jane Anderton,2024-12-31,,,,C,6,has_reviews; invested_in_platform; good_rating; 2+_platforms; company_5+_years,0,heavy_platform_user_no_web_presence; established_but_invisible,"checkatrade, trustatrader, myjobquote",3,medium,,,companies_house,myjobquote:4.68/0,andertonelectrics,,08816498
MVA Electrical,Milan,,Milan,,all aspects,07883307044,,,07307211702,,07307211702,,,http://www.sselectricaleastlondon.co.uk/,,,,,,,9.89,3,,,,,,Small,No,Yes,unclear,No,,,,No,No,,,,,,,,,,,,,D,2,high_rating,2,,"checkatrade, trustatrader",2,medium,cross_platform,cross_platform,checkatrade,trustatrader:4.95/79,mvaelectrical,,
P.I.R Electrical Ltd,Asghar,Piramoon,Asghar Piramoon,Director,Electrician,07307243871,,,07307211702,,07307211702,,,http://www.sselectricaleastlondon.co.uk/,,,,,,,9.94,7,,,,,,Small,Yes,Yes,unclear,No,,,,No,No,,"43210, 43220",,8,active,1,,Mr Asghar Piramoon,2024-08-31,,,,C,4,has_reviews; high_rating; company_5+_years,2,,"checkatrade, trustatrader",2,medium,cross_platform,cross_platform,companies_house,trustatrader:4.95/79,pirelectrical,,11512365
LJT Electrical Contractors Limited,Lee,James turner,Lee James turner,Director,customers in,07782308310,,,07360497234,,07360497234,,,https://www.trustagarage.com/,,,,,,,9.85,2,,,,,,Small,Yes,Yes,unclear,No,,,,No,No,,43210,,7,active,1,,Mr Lee James Turner,2024-11-30,,,,D,3,high_rating; company_5+_years,2,,"checkatrade, trustatrader",2,medium,cross_platform,cross_platform,companies_house,trustatrader:4.97/26,ljtelectricalcontractors,,12324343
T P Electrical,Mel,,Mel,,Electrician,07476562272,,,07307211702,,07307211702,,,http://www.sselectricaleastlondon.co.uk/,,,,,,,9.92,6,,,,,,Small,No,Yes,unclear,No,,,,No,No,,,,,,,,,,,,,D,3,has_reviews; high_rating,2,,"checkatrade, trustatrader",2,medium,cross_platform,cross_platform,checkatrade,trustatrader:4.95/79,tpelectrical,,
Kford Electrical Installations Ltd,Andrew,Hunter,Andrew Rawlins Hunter,Director,Electrician,07492766721,,,,,,,,,,,,,,,9.95,7,431133642,,,,,Established,Yes,Yes,unclear,No,,,,No,No,,43210,,12,active,1,,Mr Andrew Rawlins Hunter,2025-05-31,,,,C,6,has_reviews; invested_in_platform; high_rating; company_5+_years,0,established_but_invisible,checkatrade,1,none,,,companies_house,,kfordelectricalinstallationslt,,08968487
V-lectric Limited,Lee,Butler,Lee Christopher Butler,Director,Electrician,07446919648,,,07307205315,,07307205315,,,http://www.t-electrix.co.uk/,,,,,,,9.96,2,,,,,,Small,Yes,Yes,unclear,No,,,,No,No,,43210,,23,active,1,,Mr Lee Christopher Butler,2025-03-31,,,,D,3,high_rating; company_5+_years,2,,"checkatrade, trustatrader",2,medium,cross_platform,cross_platform,companies_house,trustatrader:4.98/37,vlectric382893,,04729971
Power Plus Electrical Services Ltd,Syed,Jafor,Syed Abu Jafor,Director,Small Heath,07401296202,,,,,,,,,,,,,,,9.91,3,,,,,,Small,Yes,Yes,unclear,No,,,,No,No,,35140,,5,active,1,,Mr Syed Abu Jafor,2024-12-31,,,,D,3,high_rating; company_5+_years,0,established_but_invisible,checkatrade,1,none,,,companies_house,,powerpluselectricalservices,,13795729
Mr Sparks Electrical solutions,Rory,,Rory,,all aspects,07476943754,,,,,,,,,,,,,,,9.93,1,,,,,,Small,No,Yes,unclear,No,,,,No,No,,,,,,,,,,,,,D,2,high_rating,0,,checkatrade,1,none,,,checkatrade,,rgaelectrical,,
MIB Electrical Ltd,Muhammad,Iftikhar,Muhammad Iftikhar,Director,Electrician,07488850581,,,07307211702,,07307211702,,,http://www.sselectricaleastlondon.co.uk/,,,,,,,9.42,4,,,,,,Small,Yes,Yes,unclear,No,,,,No,No,,43210,,5,active,1,,Mr Muhammad Iftikhar,2025-05-31,,,,D,2,good_rating; company_5+_years,2,,"checkatrade, trustatrader",2,medium,cross_platform,cross_platform,companies_house,trustatrader:4.95/79,mibelectrical,,13417793
DP Certifications,Daniel,,Daniel,,Electrician,07307202367,,,,,,,,,,,,,,,9.8,2,,,,,,Solo,No,No,unclear,No,,,,No,No,,,,,,,,,,,,,D,2,high_rating,0,,checkatrade,1,none,,,checkatrade,,dpcertifications,,
Severndale Electrical,Charles,,Charles,,Electrician,07427841656,,,,,,,,,,,,,,,9.53,4,,,,,,Small,No,Yes,unclear,No,,,,No,No,,,,,,,,,,,,,D,2,high_rating,0,,checkatrade,1,none,,,checkatrade,,severndaleelectrical,,
SBA Maintenance Service,Steaventon,,Steaventon,,Walsall and,07886082763,,,,,,,,,,,,,,,9.89,,,,,,,Small,No,Yes,unclear,No,,,,No,No,,,,,,,,,,,,,D,2,high_rating,0,,"checkatrade, myjobquote",2,medium,,,checkatrade,myjobquote:4.9/10,sbamaintenanceservice,,
JPM Electrics Limited,Jonathan,Mitchell,Jonathan Paul Mitchell,Director,domestic,07367099692,,,07360273543,,07360273543,,,https://www.trustagarage.com/,,,,,,,10,8,,,,,,Small,Yes,Yes,unclear,No,,,,No,No,,43210,,11,active,1,,Mr Jonathan Paul Mitchell,2024-12-31,,,,C,4,has_reviews; high_rating; company_5+_years,2,,"checkatrade, trustatrader",2,medium,cross_platform,cross_platform,companies_house,trustatrader:4.99/25,jpmelectricslimited,,09925071
E.Jauncey Electrical,Elliott,,Elliott,,Electrician,07366214839,,,,,,,,,,,,,,,9.97,11,,,,,,Small,No,Yes,unclear,No,,,,No,No,,,,,,,,,,,,,D,3,has_reviews; high_rating,0,,checkatrade,1,none,,,checkatrade,,ejaunceyelectrical,,
Strong Tower Electrical,Vishal,Bhatti,Vishal Bhatti,,Electrician,07460054884,,,,,,,,,,,,,,,9.97,5,,,,,,Small,No,Yes,unclear,No,,,,No,No,,,,,,,,,,,,,D,3,has_reviews; high_rating,0,,checkatrade,1,none,,,checkatrade,,strongtowerelectricals,,
AMS Electrical Installations,Adam,Smith,Adam Smith,,all aspects,07414205639,,,07307211723,,07307211723,,,http://www.wfelectricalinstallations.co.uk/,,,,,,,10,4,,,,,,Small,No,Yes,unclear,No,,,,No,No,,,,,,,,,,,,,D,2,high_rating,2,,"checkatrade, trustatrader",2,medium,cross_platform,cross_platform,checkatrade,trustatrader:4.97/27,amselectricalinstallations1053954,,
J.E.S Engineering & Maintenance Ltd,Josh,Dayman,Josh Dayman,Director,Electrician,07414294115,,,,,,,,,,,,,,,10,4,,,,,,Small,Yes,Yes,unclear,No,,,,No,No,,43210,,5,active,1,,Mr Josh Dayman,2025-08-31,,,,D,3,high_rating; company_5+_years,0,established_but_invisible,checkatrade,1,none,,,companies_house,,jesengineeringandmaintenance,,13545599
Tarlink Installations Limited,Claire,Tarling,Claire Tarling,Director,Electrician,07488841833,,,,,,,,,,,,,,,9.84,4,,,,,,Small,Yes,Yes,unclear,No,,,,No,No,,43210,,19,active,2,,Mr Sean Brendon Tarling,2025-05-31,,,,D,3,high_rating; company_5+_years,0,established_but_invisible,checkatrade,1,none,,,companies_house,,tarlinkinstallationslimited,,06268286
D Clarke Electrical,Daniel,,Daniel,,Electrician,07360541262,,,07307212456,,07307212456,,,https://www.trustagarage.com/,,,,,,,9.83,8,,,,,,Small,No,Yes,unclear,No,,,,No,No,,,,,,,,,,,,,D,3,has_reviews; high_rating,2,,"checkatrade, trustatrader",2,high,cross_platform,cross_platform,checkatrade,trustatrader:4.92/31,dclarkeelectrical,,
I.N Electrical Services Redditch,Igor,,Igor,,Redditch and,07458926204,,,,,,,,,,,,,,,9.52,1,,,,,,Small,No,Yes,unclear,No,,,,No,No,,,,,,,,,,,,,D,2,high_rating,0,,checkatrade,1,none,,,checkatrade,,inelectricalservicesredditch,,
Forest Electrical Contractors Limited,Oliver,Campion,Oliver James Campion,Director,Electrician,07414624482,,,07307204154,,07307204154,,,https://www.trustagarage.com/,,,,,,,9.95,2,454436977,,,,,Established,Yes,Yes,unclear,No,,,,No,No,,43210,,3,active,3,,Mr Oliver James Campion,2025-10-31,,,,C,4,invested_in_platform; high_rating,2,,"checkatrade, trustatrader",2,medium,cross_platform,cross_platform,companies_house,trustatrader:4.98/21,forestelectricalcontractorslimited,,15185249
MJB Electrical Services Ltd,Mujib,Hashir,Mujib Hashir,Director,Electrician,07426915744,,,,,,,,,,,,,,,9.9,4,,,,,,Small,Yes,Yes,unclear,No,,,,No,No,,42220,,7,active,1,,Mr Mujib Hashir,2025-01-31,,,,D,3,high_rating; company_5+_years,0,established_but_invisible,"checkatrade, mybuilder",2,high,,,companies_house,mybuilder:?/5,mjbelectricalservicesltd,,11789796
CT Electrical Installations LTD,Carl,Bingham,Carl Thomas Bingham,Director,Electrician,07480487831,,,07307211723,,07307211723,,,http://www.wfelectricalinstallations.co.uk/,,,,,,,9.91,2,,,,,,Small,Yes,Yes,unclear,No,,,,No,No,,43210,,3,active,2,,Mr Liam David Tolley,2025-02-28,,,,D,2,high_rating,2,,"checkatrade, trustatrader",2,medium,cross_platform,cross_platform,companies_house,trustatrader:4.97/27,ctelectricalinstallationsltd,,14875499
Western Gas Electric Ltd,Jatin,Verma,Jatin Verma,Director,Electrician,07446498251,,,,,,,,,,,,,,,9.84,3,,,,,,Small,Yes,Yes,unclear,No,,,,No,No,,"43210, 43220",,10,active,1,,"Mr, Jatin Verma",2025-03-31,,,,D,3,high_rating; company_5+_years,0,established_but_invisible,checkatrade,1,none,,,companies_house,,westerngaselectricltd,,10048091
Pardoe Electrical Ltd,Richard,Pardoe,Richard Anthony Joseph Pardoe,Director,Halesowen,07473384532,,,07307213012,,07307213012,,,https://www.trustagarage.com/,,,,,,,10,7,,,,,,Small,Yes,Yes,unclear,No,,,,No,No,,43210,,10,active,1,,Mr Richard Anthony Joseph Pardoe,2025-04-30,,,,C,4,has_reviews; high_rating; company_5+_years,2,,"checkatrade, trustatrader",2,medium,cross_platform,cross_platform,companies_house,trustatrader:4.93/150,pardoeelectrical,,10117134
Pjc Sparks Electrical Ltd,Phillip,Chapman,Phillip James Chapman,Director,Electrician,07460752776,,,,,,,,,,,,,,,9.85,2,,,,,,Small,Yes,Yes,unclear,No,,,,No,No,,43210,,15,active,1,,Mr Phillip James Chapman,2024-12-31,,,,D,3,high_rating; company_5+_years,0,established_but_invisible,checkatrade,1,none,,,companies_house,,pjcsparkselectrical,,07488272
Singh Electricals,Jaspreet,,Jaspreet,,Electrician,07828743897,,,,,,,,,,,,,,,9.83,6,,,,,,Small,No,Yes,unclear,No,,,,No,No,,,,,,,,,,,,,D,3,has_reviews; high_rating,0,,"checkatrade, mybuilder",2,high,,,checkatrade,mybuilder:?/540,singhelectricals,,
DESA Electrical & Property Improvements,Nick,,Nick,,Sutton Coldfield,07862142219,,,,,,,,,,,,,,,10,14,237295488,,,,,Small,No,Yes,unclear,No,,,,No,No,,,,,,,,,,,,,C,5,has_reviews; invested_in_platform; high_rating,0,,checkatrade,1,none,,,checkatrade,,desaelectricalandpropertyimpr,,
Robinsons Electrical Services,Neil,,Neil,,Stratford,07447196382,,,,,,,,,,,,,,,9.87,7,,,,,,Small,No,Yes,unclear,No,,,,No,No,,,,,,,,,,,,,D,3,has_reviews; high_rating,0,,checkatrade,1,none,,,checkatrade,,robinsonselectricalservices,,
Midlands Home Maintenance,Christopher,,Christopher,,Electrician,07888863952,,,,,,,,,,,,,,,10,8,,,,,,Small,No,Yes,unclear,No,,,,No,No,,,,,,,,,,,,,D,3,has_reviews; high_rating,0,,checkatrade,1,none,,,checkatrade,,midlandshomemaintenance,,
Ufiit Limited,Luke,Fereday,Luke Fereday,Director,EV Car,07883284901,,,,,,,,,,,,,,,9.56,4,,,,,,Small,Yes,Yes,unclear,No,,,,No,No,,"41202, 43210",,7,active,1,,Mr Luke Fereday,,,,,D,3,high_rating; company_5+_years,0,established_but_invisible,"checkatrade, myjobquote",2,medium,,,companies_house,myjobquote:4.68/0,ufiit,,12146372
Happy House Electrics,Rafal,,Rafal,,many satisfied,07307227811,,,07427569430,,07427569430,,,https://www.happyhouseelectrics.co.uk/,,,,,,,9.95,3,,,,,,Small,No,Yes,unclear,No,,,,No,No,,,,,,,,,,,,,D,3,high_rating; 2+_platforms,2,,"checkatrade, trustatrader, mybuilder",3,high,cross_platform,cross_platform,checkatrade,"trustatrader:5.0/11, mybuilder:?/473",happyhouseelectrics,,
A & R Electrics Limited,Robert,Duff,Robert Duff,Director,Electrician,07480559385,,,07360273543,,07360273543,,,https://www.trustagarage.com/,,,,,,,9.97,4,320833334,,,,,Established,Yes,Yes,unclear,No,,,,No,No,,43210,,8,active,2,,Mr Andrew Robbins,2024-10-31,,,,C,5,invested_in_platform; high_rating; company_5+_years,2,,"checkatrade, trustatrader",2,medium,cross_platform,cross_platform,companies_house,trustatrader:4.99/25,aandrelectrics,,11634128
Worcester Sparks Electrical Services,Alastair,,Alastair,,it all,07476964130,,,,,,,,,,,,,,,9.95,1,,,,,,Small,No,Yes,unclear,No,,,,No,No,,,,,,,,,,,,,D,2,high_rating,0,,checkatrade,1,none,,,checkatrade,,worcestersparkselectricalservices,,
JB Electrical contractors Worcester Ltd,Jordan,Bridges,Jordan Lee Bridges,Director,Worcestershire,07426973995,,,,,,,,,,,,,,,10,5,433260524,,,,,Established,Yes,Yes,unclear,No,,,,No,No,,33140,,2,active,2,,Mr Jordan Lee Bridges,2025-02-28,,,,C,5,has_reviews; invested_in_platform; high_rating,0,,checkatrade,1,none,,,companies_house,,jbelectricalservices969113,,15518565
HRHislop.com Electrical Contracting Ltd,Harry,Bainbridge-hislop,Harry Robert Bainbridge-hislop,Director,Electrician,07427132813,,,,,,,,,,,,,,,9.95,7,209362906,,,,,Established,Yes,Yes,unclear,No,,,,No,No,,43210,,12,active,1,,Mr Harry Robert Bainbridge-Hislop,2025-03-31,,,,C,6,has_reviews; invested_in_platform; high_rating; company_5+_years,0,established_but_invisible,checkatrade,1,none,,,companies_house,,hrhislopcomelectricalcontractingltd,,08931902
Burge Electrical LTD,Craig,Burge,Craig Burge,Director,Electrician,07578242937,,,07307211059,,07307211059,,,http://www.rbeelectrical.co.uk/,,,,,,,9.81,6,308744689,,,,,Established,Yes,Yes,unclear,No,,,,No,No,,43210,,6,active,1,,Mr Craig Burge,2025-03-31,,,,C,6,has_reviews; invested_in_platform; high_rating; company_5+_years,2,,"checkatrade, trustatrader",2,medium,cross_platform,cross_platform,companies_house,trustatrader:4.98/21,burgeelectricalltd,,12937550
Accolade Electrical Ltd,Anthony,Guthrie,Anthony Raymond Guthrie,Director,Trowbridge,07490003796,,,,,,,,,,,,,,,9.96,15,840354251,,,,,Established,Yes,Yes,unclear,No,,,,No,No,,"43210, 74909",,23,active,1,,Mr Anthony Raymond Guthrie,2024-06-30,,,,C,6,has_reviews; invested_in_platform; high_rating; company_5+_years,0,established_but_invisible,checkatrade,1,none,,,companies_house,,accoladeelectricalltd,,04802528
Universal Electrical Ltd,Richard,Hurd,Richard Hurd,Director,Electrician,07862147291,,,,,,,,,,,,,,,10,2,,,,,,Small,Yes,Yes,unclear,No,,,,No,No,,43210,,6,active,1,,Mr Richard Hurd,2024-12-31,,,,D,3,high_rating; company_5+_years,0,established_but_invisible,checkatrade,1,none,,,companies_house,,universalelectrical1104933,,13077327
MD Electrical Services,Mark,,Mark,,Electrician,07897025883,,,07307204918,,07307204918,,,https://www.trustagarage.com/,,,,,,,10,7,,,,,,Small,No,Yes,unclear,No,,,,No,No,,,,,,,,,,,,,D,3,has_reviews; high_rating,2,,"checkatrade, trustatrader",2,medium,cross_platform,cross_platform,checkatrade,trustatrader:5.0/17,mdelectricalservices,,
T&S Lux Electrical Ltd,Jon,Lux,Jon Anthony Lux,Director,Electrician,07446960058,,,,,,,,,,,,,,,9.82,8,252373710,,,,,Established,Yes,Yes,unclear,No,,,,No,No,,82990,,25,active,1,,Mr Jonathan Lux,2025-03-31,,,,C,6,has_reviews; invested_in_platform; high_rating; company_5+_years,0,established_but_invisible,checkatrade,1,none,,,companies_house,,tandsluxelectrical,,04213488
CIRCLE ELECTRICAL LTD,Luke,Allen,Luke Wayne Allen,Director,the Southwest,07700138082,,,,,,,,,,,,,,,10,1,,,,,,Small,Yes,Yes,unclear,No,,,,No,No,,43210,,8,active,3,,Mr Luke Wayne Allen,2024-06-30,,,,D,3,high_rating; company_5+_years,0,established_but_invisible,"checkatrade, trustatrader",2,medium,,,companies_house,,circleelectricalltd,,11475516
Bondfield Electrical Services Ltd,Ryan,Pickard,Ryan Pickard,Director,Electrician,07378890249,,,,,,,,,,,,,,,10,1,432521332,,,,,Established,Yes,Yes,unclear,No,,,,No,No,,43210,,7,active,1,,Ms Tamara Pickard,2026-02-28,,,,C,5,invested_in_platform; high_rating; company_5+_years,0,established_but_invisible,checkatrade,1,none,,,companies_house,,bondfieldelectricalservicesltd,,11808104
Boss Electrical Bristol,Youl,,Youl,,Electrician,07401139235,,,,,,,,,,,,,,,10,7,,,,,,Small,No,Yes,unclear,No,,,,No,No,,,,,,,,,,,,,D,3,has_reviews; high_rating,0,,checkatrade,1,none,,,checkatrade,,bosselectricalbristol,,
K J H Electrical Contractors,Kevin,,Kevin,,Bristol,07427130955,,,07476949347,,07476949347,,,https://jph-electrical.com/,,,,,,,10,1,378999007,,,,,Small,No,Yes,unclear,No,,,,No,No,,,,,,,,,,,,,C,4,invested_in_platform; high_rating,2,,"checkatrade, trustatrader",2,medium,cross_platform,cross_platform,checkatrade,"trustatrader:4.98/11, trustatrader:4.98/11",kjhelectricalcontractors,,
JPR Electrical Services Ltd,Jack,Reeson,Jack Reeson,Director,Electrician,07360279213,,,07307203857,,07307203857,,,http://www.ths-electrical.co.uk/,,,,,,,10,3,,,,,,Small,Yes,Yes,unclear,No,,,,No,No,,43210,,4,active,1,,Mr Jack Reeson,2024-11-30,,,,D,2,high_rating,2,,"checkatrade, trustatrader",2,medium,cross_platform,cross_platform,companies_house,"trustatrader:4.97/209, trustatrader:4.97/209",jprelectricalservicesltd,,14493820
D C Wiltshire Electrical,Darryl,,Darryl,,Electrician,07414226504,,,,,,,,,,,,,,,10,6,,,,,,Small,No,Yes,unclear,No,,,,No,No,,,,,,,,,,,,,D,3,has_reviews; high_rating,0,,checkatrade,1,none,,,checkatrade,,dcwiltshireelectrical,,
B-wired Electrical Ltd,Brennan,White,Brennan White,Director,Electrician,07723183641,,,07307213012,,07307213012,,,https://www.trustagarage.com/,,,,,,,9.92,5,,,,,,Small,Yes,Yes,unclear,No,,,,No,No,,43210,,5,active,1,,Mr Brennan White,2025-03-31,,,,C,4,has_reviews; high_rating; company_5+_years,2,,"checkatrade, trustatrader",2,medium,cross_platform,cross_platform,companies_house,trustatrader:4.93/150,bwiredelectricalltd989832,,13267720
WAP Electrical Services Ltd,Mark,Walton,Mark Brian Walton,Director,Electrician,07361590203,,,07307203857,,07307203857,,,http://www.ths-electrical.co.uk/,,,,,,,9.91,12,,,,,,Small,Yes,Yes,unclear,No,,,,No,No,,43210,,8,active,1,,Mr Peter Andrew Johns,2025-03-31,,,,C,4,has_reviews; high_rating; company_5+_years,2,,"checkatrade, trustatrader",2,medium,cross_platform,cross_platform,companies_house,"trustatrader:4.97/209, trustatrader:4.97/209",wapelectricalservicesltd,,11151310
Foundations Up Construction Ltd,Charles,Dowson,Charles Patrick Dowson,Director,costs,07366323526,,,,,,,,,,,,,,,7.33,8,291810108,,,,,Established,Yes,Yes,unclear,No,,,,No,No,,41202,,10,active,1,,Mr Michael John Edwards,2025-03-31,,,,C,4,has_reviews; invested_in_platform; company_5+_years,0,established_but_invisible,checkatrade,1,none,,,companies_house,,foundationsupconstruction,,10190176
BUILD MAINTAIN BRISTOL LTD,Leslie,Morrison,Leslie Morrison,Director,Electrician,07383346071,,,,,,,,,,,,,,,10,5,,,,,,Small,Yes,Yes,unclear,No,,,,No,No,,"43210, 43390",,6,active,2,,Mr Adam Salmon,2025-03-31,,,,C,4,has_reviews; high_rating; company_5+_years,0,established_but_invisible,checkatrade,1,none,,,companies_house,,buildmaintainbristolltd,,12751584
El Electrical Services LTD,Lucian,Enache,Lucian Enache,Director,Bristol and,07307285886,,,07307204918,,07307204918,,,https://www.trustagarage.com/,,,,,,,9.67,1,,,,,,Small,Yes,Yes,unclear,No,,,,No,No,,43210,,9,active,1,,Mr Lucian Enache,2020-05-31,,,,D,3,high_rating; company_5+_years,2,,"checkatrade, trustatrader",2,medium,cross_platform,cross_platform,companies_house,trustatrader:5.0/17,elelectricalservicesltd,,10755578
TF Electrics Limited,Thomas,Francis,Thomas William Francis,Director,Wiltshire but,07307207652,,,07360273543,,07360273543,,,https://www.trustagarage.com/,,,,,,,10,3,,,,,,Small,Yes,Yes,unclear,No,,,,No,No,,43210,,5,active,1,,Mr Thomas William Francis,2024-11-30,,,,D,3,high_rating; company_5+_years,2,,"checkatrade, trustatrader",2,medium,cross_platform,cross_platform,companies_house,trustatrader:4.99/25,tfelectricslimited,,13737112
NIC Electrical Condition Reports Limited,Nicholas,Cooper,Nicholas Benjamin Cooper,Director,Bridgwater and,07782337059,,,,,,,,,,,,,,,10,1,,,,,,Small,Yes,Yes,unclear,No,,,,No,No,,43210,,1,active,1,,Mr Nicholas Benjamin Cooper,,,,,D,2,high_rating,0,,checkatrade,1,none,,,companies_house,,nicelectricalconditionreportslimited,,16208639
CM Electrical,Christopher,,Christopher,,all types,07414117616,,,,,,,,,,,,,,,9.88,1,,,,,,Small,No,Yes,unclear,No,,,,No,No,,,,,,,,,,,,,D,2,high_rating,0,,"checkatrade, mybuilder",2,high,,,checkatrade,mybuilder:?/51,cmelectrical5930032,,
DNH Electrical Contractors Ltd,Daniel,Hurlow,Daniel Hurlow,Director,Electrician,07427132181,,,,,,,,,,,,,,,9.77,5,,,,,,Small,Yes,Yes,unclear,No,,,,No,No,,43210,,5,active,2,,Mr Daniel Hurlow,2025-04-30,,,,C,4,has_reviews; high_rating; company_5+_years,0,established_but_invisible,"checkatrade, mybuilder",2,high,,,companies_house,mybuilder:?/1,dnhelectricalcontractors991864,,13328701
Taunton Rewires - ElecATech Electrical Services,Will,,Will,,Electrician,07727969377,,,,,,,,,,,,,,,9.71,1,463013720,,,,,Small,No,Yes,unclear,No,,,,No,No,,,,,,,,,,,,,C,4,invested_in_platform; high_rating,0,,checkatrade,1,none,,,checkatrade,,tauntonrewireselecatechelectricalservices,,
Jack Lewis Electrics,Jack,,Jack,,Electrician,07897032348,,,,,,,,,,,,,,,9.88,1,,,,,,Small,No,Yes,unclear,No,,,,No,No,,,,,,,,,,,,,D,2,high_rating,0,,checkatrade,1,none,,,checkatrade,,jacklewiselectrics,,
"Tony Gunning, Electrical And Technical Services Ltd.",Anthony,Gunning,Anthony Gunning,Director,Bridgwater,07307210725,,,,,,,,,,,,,,,9.92,3,,,,,,Small,Yes,Yes,unclear,No,,,,No,No,,43210,,3,active,1,,Mr Anthony Gunning,2025-05-31,,,,D,2,high_rating,0,,checkatrade,1,none,,,companies_house,,tonygunning,,14903290
D L Crease Ltd,Adam,Chant,Adam Luke Chant,Director,Electrician,07456428126,,,,,,,,,,,,,,,9.91,7,422938643,,,,,Established,Yes,Yes,unclear,No,,,,No,No,,"43210, 47540",,24,active,2,,Arlo Hawk Limited,2024-08-31,,,,C,6,has_reviews; invested_in_platform; high_rating; company_5+_years,0,established_but_invisible,checkatrade,1,none,,,companies_house,,dlcreaseelectricalcontractors,,04516399
J W MOORE PROPERTY CARE LTD,James,Moore,James Robert Moore,Director,Electrician,07883316592,,,,,,,,,,,,,,,10,1,,,,,,Small,Yes,Yes,unclear,No,,,,No,No,,41202,,5,active,2,,Mr James Robert Moore,2025-02-28,,,,D,3,high_rating; company_5+_years,0,established_but_invisible,checkatrade,1,none,,,companies_house,,jwmoorepropertycareltd,,13221177
Illuminate Bristol,Ryan,,Ryan,,Electrician,07414272062,,,,,,,,,,,,,,,10,2,,,,,,Solo,No,No,unclear,No,,,,No,No,,,,,,,,,,,,,D,2,high_rating,0,,checkatrade,1,none,,,checkatrade,,illuminatebristol,,
TJ Electrical Services Ltd,Terry,Lane,Terry Lane,Director,work in,07846892830,,,07307207406,,07307207406,,,http://www.tjelectrical.uk.com/,,,,,,,9.59,9,,,,,,Small,Yes,Yes,unclear,No,,,,No,No,,43210,,8,active,1,,Mr Terry Lane,2025-12-31,,,,C,4,has_reviews; high_rating; company_5+_years,2,,"checkatrade, trustatrader",2,high,cross_platform,cross_platform,companies_house,trustatrader:4.94/69,tjelectricalservicesltd,,11174019
RDG Electrics & Communications,Ryan,,Ryan,,Electrician,07588723895,,,,,,,,,,,,,,,10,,,,,,,Small,No,Yes,unclear,No,,,,No,No,,,,,,,,,,,,,D,2,high_rating,0,,checkatrade,1,none,,,checkatrade,,rdgelectricscommunications,,
B.A.S.E Services,Dean,,Dean,,over their,07307212878,,,07307290080,,07307290080,,,https://bastek.co.uk/,,,,,,,9.86,1,,,,,,Small,No,Yes,unclear,No,,,,No,No,,,,,,,,,,,,,D,2,high_rating,2,,"checkatrade, trustatrader",2,medium,cross_platform,cross_platform,checkatrade,trustatrader:4.99/13,baseservices1012883,,
Greenacres Electrical Ltd,Rory,Davies,Rory Charles Davies,Director,the historic,07413079047,,,,,,,,,,,,,,,9.67,8,303412753,,,,,Established,Yes,Yes,unclear,No,,,,No,No,,43210,,11,active,1,,Mr Rory Charles Davies,2025-01-31,,,,C,6,has_reviews; invested_in_platform; high_rating; company_5+_years,0,established_but_invisible,"checkatrade, mybuilder",2,medium,,,companies_house,mybuilder:?/520,greenacreselectrical,,09384894
MCA Electrical Services Ltd,Moses,Conteh,Moses Alimamy Conteh,Director,Electrician,07455700109,,,07307203857,,07307203857,,,http://www.ths-electrical.co.uk/,,,,,,,9.72,3,,,,,,Small,Yes,Yes,unclear,No,,,,No,No,,"33140, 43210",,7,active,1,,Mr Moses Alimamy Conteh,2025-02-28,,,,D,3,high_rating; company_5+_years,2,,"checkatrade, trustatrader",2,medium,cross_platform,cross_platform,companies_house,"trustatrader:4.97/209, trustatrader:4.97/209",mcaelectricalservices1048781,,11829903
J Stone Electrical Ltd,John,Stone,John Dean Stone,Director,Somerset with,07846865564,,,,,,,,,,,,,,,10,12,821801753,,,,,Established,Yes,Yes,unclear,No,,,,No,No,,43210,,19,active,1,,Mr John Dean Stone,2025-03-31,,,,C,6,has_reviews; invested_in_platform; high_rating; company_5+_years,0,established_but_invisible,"checkatrade, myjobquote",2,medium,,,companies_house,myjobquote:4.68/0,johnstoneelectricalltd,,06057220
Work Solutions Electrical Ltd,Matthew,Hoy-green,Matthew Peter Hoy-green,Director,Electrician,07455712047,,,,,,,,,,,,,,,9.52,7,325349796,,,,,Established,Yes,Yes,unclear,No,,,,No,No,,"31020, 43210, 43220",,12,active,1,,Mr Matthew Hoygreen,2024-12-31,,,,C,6,has_reviews; invested_in_platform; high_rating; company_5+_years,0,established_but_invisible,checkatrade,1,none,,,companies_house,,worksolutionselectricalltd,,09267348
Owen Ev Ltd,Matthew,Haines,Matthew Owen Haines,Director,Electrician,07367186362,,,,,,,,,,,,,,,10,3,,,,,,Small,Yes,Yes,unclear,No,,,,No,No,,43210,,5,active,1,,Mr Matthew Owen Haines,2025-06-30,,,,D,3,high_rating; company_5+_years,0,established_but_invisible,checkatrade,1,none,,,companies_house,,owenev,,13445818
CHG Southwest,David,,David,,for your,07307205426,,,,,,,,,,,,,,,9.75,7,230928515,,,,,Small,No,Yes,unclear,No,,,,No,No,,,,,,,,,,,,,C,5,has_reviews; invested_in_platform; high_rating,0,,checkatrade,1,none,,,checkatrade,,chgsouthwest,,
Blackmore Property Services Limited,Martin,Blackmore,Martin Ian Blackmore,Director,Electrician,07427886984,,,,,,,,,,,,,,,10,2,,,,,,Small,Yes,Yes,unclear,No,,,,No,No,,41100,,4,active,1,,Mr Martin Ian Blackmore,2025-04-30,,,,D,2,high_rating,0,,checkatrade,1,none,,,companies_house,,blackmorepropertyservices,,14059859
FISA Electrical Services,Mohammed,,Mohammed,,Electrician,07427942910,,,07307203857,,07307203857,,,http://www.ths-electrical.co.uk/,,,,,,,9.92,4,,,,,,Small,No,Yes,unclear,No,,,,No,No,,,,,,,,,,,,,D,2,high_rating,2,,"checkatrade, trustatrader",2,medium,cross_platform,cross_platform,checkatrade,"trustatrader:4.97/209, trustatrader:4.97/209",fisaelectricalservices,,
Wright Contractors Ltd,Ellie,Wright,Ellie Wright,Director,Electrician,07380309218,,,,,,,,,,,,,,,9.88,3,412640826,,,,,Established,Yes,Yes,unclear,No,,,,No,No,,43210,,4,active,2,,Mr Jason Wright,2025-03-31,,,,C,4,invested_in_platform; high_rating,0,,"checkatrade, myjobquote",2,medium,,,companies_house,"myjobquote:4/1, myjobquote:5/1, myjobquote:5/1",wrightcontractorsltd,,14100283
C&M Electrical (North West) LTD,Stuart,Clark,Stuart Anthony Clark,Director,eicr issues,07533917555,,,,,,,,,,,,,,,9.86,6,292698741,,,,,Established,Yes,Yes,unclear,No,,,,No,No,,43210,,9,active,2,,Mr David Mark Mcguigan,2025-03-31,,,,C,6,has_reviews; invested_in_platform; high_rating; company_5+_years,0,established_but_invisible,checkatrade,1,none,,,companies_house,,candmelectricalpreston,,10811441
Burridge Electrical Services Ltd,Jodie,Burridge,Jodie Samantha Burridge,Director,Electrician,07488851462,,,07309457542,,07309457542,,,http://www.burridgeelectricalservicesltd.co.uk/,,,,,,,9.82,2,,,,,,Small,Yes,Yes,unclear,No,,,,No,No,,43210,,4,active,2,,Mr Warren Burridge,2026-01-31,,,,D,2,high_rating,2,,"checkatrade, trustatrader",2,high,cross_platform,cross_platform,companies_house,trustatrader:4.97/6,burridgeelectricalservicesltd,,13833891
Fulwood Electrical Ltd,Anthony,Holden,Anthony Peter Holden,Director,All Aspects,07455701245,,,07307276743,,07307276743,,,https://www.woodelectrical.co.uk/,,,,,,,10,3,340846307,,,,,Established,Yes,Yes,unclear,No,,,,No,No,,35140,,12,active,1,,Mr Anthony Peter Holden,2025-07-31,,,,C,5,invested_in_platform; high_rating; company_5+_years,2,,"checkatrade, trustatrader",2,medium,cross_platform,cross_platform,companies_house,trustatrader:4.96/17,fulwoodelectricalltd,,09133642
Cb electrical solutions Ltd,Craig,Buckley,Craig Buckley,Director,Wigan and,07427860622,,,,,,,,,,,,,,,9.93,1,,,,,,Small,Yes,Yes,unclear,No,,,,No,No,,43210,,2,active,1,,My Craig Buckley,2025-07-31,,,,D,2,high_rating,0,,"checkatrade, myjobquote",2,high,,,companies_house,myjobquote:4/1,cbelectricalsolutionsltd,,15856736
ECS Southport Limited,Edward,Kite,Edward Henry Kite,Director,Electrician,07727680921,,,,,,,,,,,,,,,10,,,,,,,Small,Yes,Yes,unclear,No,,,,No,No,,43210,,13,active,1,,Mr Edward Henry Kite,2024-12-31,,,,D,3,high_rating; company_5+_years,0,established_but_invisible,checkatrade,1,none,,,companies_house,,ecssouthportlimited,,08618294
Richard Barritt Electrical Contractors,Richard,,Richard,,all manner,07403862375,,,,,,,,,,,,,,,10,2,,,,,,Small,No,Yes,unclear,No,,,,No,No,,,,,,,,,,,,,D,2,high_rating,0,,checkatrade,1,none,,,checkatrade,,richardbarrittelectricalcontractors,,
BC Electrical,Billy,,Billy,,Electrician,07463753964,,,07307211702,,07307211702,,,http://www.sselectricaleastlondon.co.uk/,,,,,,,9.67,3,,,,,,Small,No,Yes,unclear,No,,,,No,No,,,,,,,,,,,,,D,2,high_rating,2,,"checkatrade, trustatrader",2,medium,cross_platform,cross_platform,checkatrade,trustatrader:4.95/79,bcelectrical1097709,,
Limelight Media and Trade Services LMTS Ltd,Ashley,Forbes,Ashley Forbes,Director,Ribbleton Preston,07414108642,,,,,,,,,,,,,,,9.93,1,,,,,,Small,Yes,Yes,unclear,No,,,,No,No,,"43210, 90010",,1,active,2,,Mrs Shellby Carolyn Louise Forbes,,,,,D,2,high_rating,0,,checkatrade,1,none,,,companies_house,,limelightmediaandtradeserviceslmtsltd,,16333043
Cam Electrical Services Ltd,Christopher,Mercer,Christopher Andrew Mercer,Director,Wigan and,07401233280,,,07307203857,,07307203857,,,http://www.ths-electrical.co.uk/,,,,,,,10,3,439846251,,,,,Established,Yes,Yes,unclear,No,,,,No,No,,43210,,3,active,1,,Mr Christopher Andrew Mercer,2024-04-30,,,,C,4,invested_in_platform; high_rating,2,,"checkatrade, trustatrader",2,medium,cross_platform,cross_platform,companies_house,"trustatrader:4.97/209, trustatrader:4.97/209",camercer907740,,14806668
Majestic Electrical,Chris,,Chris,,Electrician,07361584338,,,,,,,,,,,,,,,10,4,,,,,,Small,No,Yes,unclear,No,,,,No,No,,,,,,,,,,,,,D,2,high_rating,0,,checkatrade,1,none,,,checkatrade,,majesticelectrical,,
Number one electrical solutions,James,Ward,James Ward,,Electrician,07308503019,,,,,,,,,,,,,,,9.92,4,,,,,,Small,No,Yes,unclear,No,,,,No,No,,,,,,,,,,,,,D,2,high_rating,0,,checkatrade,1,none,,,checkatrade,,numberoneelectricalsolutions1051994,,
Yates Electrical Services,Nicholas,Yates,Nicholas Yates,,Electrician,07307206608,,,07307203857,,07307203857,,,http://www.ths-electrical.co.uk/,,,,,,,9.75,2,,,,,,Small,No,Yes,unclear,No,,,,No,No,,,,,,,,,,,,,D,2,high_rating,2,,"checkatrade, trustatrader",2,medium,cross_platform,cross_platform,checkatrade,"trustatrader:4.97/209, trustatrader:4.97/209",yateselectricalservices,,
Daisy Chain Electrical,Thomas,Brown,Thomas Brown,,Electrician,07480330819,,,,,,,,,,,,,,,,4,,,,,,Small,No,Yes,unclear,No,,,,No,No,,,,,,,,,,,,,D,0,,0,,checkatrade,1,none,,,checkatrade,,daisychainelectrical,,
Holmes Electrical & Properties Ltd (trading as Holmes Electrical),David,Holmes,David Stephen Holmes,Director,Electrician,07426973641,,,,,,,,,,,,,,,9.89,7,,,,,,Small,Yes,Yes,unclear,No,,,,No,No,,43210,,2,active,2,,Mrs Gemma Louise Holmes,,,,,D,3,has_reviews; high_rating,0,,checkatrade,1,none,,,companies_house,,dshelectrical,,15921946
SPH ELECTRICAL SERVICES (NW) LTD,Stephen,Hallen,Stephen Hallen,Director,Bolton and,07401461171,,,,,,,,,,,,,,,10,1,,,,,,Small,Yes,Yes,unclear,No,,,,No,No,,43210,,13,active,1,,Mr Stephen Hallen,2025-03-31,,,,D,3,high_rating; company_5+_years,0,established_but_invisible,"checkatrade, mybuilder",2,high,,,companies_house,mybuilder:?/40,sphelectricalservicesnwltd,,08479244
Masterelectrician 247 limited,Kelvin,Bunga,Kelvin Bunga,Director,Manchester and,07367197071,,,,,,,,,,,,,,,9.91,1,,,,,,Small,Yes,Yes,unclear,No,,,,No,No,,"33140, 41201, 41202, 43210",,1,active,1,,Mr Kelvin Bunga,,,,,D,2,high_rating,0,,checkatrade,1,none,,,companies_house,,masterelectrician247limited5920548,,16488385
SPEEDY SPARK,Anthony,,Anthony,,stockport and,07426904946,,,,,,,,,,,,,,,10,1,,,,,,Small,No,Yes,unclear,No,,,,No,No,,,,,,,,,,,,,D,2,high_rating,0,,checkatrade,1,none,,,checkatrade,,speedyspark,,
MA Plastering & Electrical Services Limited,Emily,Annison,Emily Jane Annison,Director,Electrician,07723429872,,,,,,,,,,,,,,,9.83,4,,,,,,Small,Yes,Yes,unclear,No,,,,No,No,,"43210, 43310",,9,active,2,,Emily Jane Annison,2025-01-31,,,,D,3,high_rating; company_5+_years,0,established_but_invisible,checkatrade,1,none,,,companies_house,,maplasteringandelectricalservices,,10553467
Dlec Electrical Solutions Ltd,David,Goddard,David Goddard,Director,Electrician,07883316230,,,,01223782604,01223782604,,,https://www.trustagarage.com/,,,,,,,10,1,,,,,,Small,Yes,Yes,unclear,No,,,,No,No,,"43210, 68100",,5,active,1,,David Goddard,2025-03-31,,,,D,3,high_rating; company_5+_years,1,established_but_invisible,"checkatrade, trustatrader",2,medium,cross_platform,cross_platform,companies_house,"trustatrader:4.9/302, trustatrader:4.9/302, trustatrader:4.9/302, trustatrader:4.9/302, trustatrader:4.9/302, trustatrader:4.9/302, trustatrader:4.9/302, trustatrader:4.9/302, trustatrader:4.9/302, trustatrader:4.9/302, trustatrader:4.9/302, trustatrader:4.9/302",dlecelectricalsolutionsltd,,13216608
Luna Electrical Solutions,Karl,Brayshaw,Karl Brayshaw,,Electrician,07401134294,,,07307292686,,07307292686,,,https://www.trustagarage.com/,,,,,,,10,4,,,,,,Small,No,Yes,unclear,No,,,,No,No,,,,,,,,,,,,,D,2,high_rating,2,,"checkatrade, trustatrader",2,medium,cross_platform,cross_platform,checkatrade,trustatrader:4.98/10,lunaelectricalsolutions,,
PowerGen Electrical Ltd,Dean,Holt,Dean Andrew Holt,Director,Electrician,07367193659,,,,,,,,,,,,,,,9.92,5,,,,,,Small,Yes,Yes,unclear,No,,,,No,No,,43210,,6,active,1,,Mr Dean Andrew Holt,2025-11-30,,,,C,4,has_reviews; high_rating; company_5+_years,0,established_but_invisible,"checkatrade, mybuilder",2,high,,,companies_house,mybuilder:?/48,powergenelectrical991714,,13022573
HJI electrical services Ltd,Harrison,Ingleby,Harrison James Ingleby,Director,Electrician,07307211947,,,07307203857,,07307203857,,,http://www.ths-electrical.co.uk/,,,,,,,9.85,1,,,,,,Small,Yes,Yes,unclear,No,,,,No,No,,43210,,2,active,1,,Harrison James Ingleby,2025-03-31,,,,D,2,high_rating,2,,"checkatrade, trustatrader",2,medium,cross_platform,cross_platform,companies_house,"trustatrader:4.97/209, trustatrader:4.97/209",hjielectricalservicesltd,,15418743
GD Electrical,Grant,,Grant,,Leeds,07367293491,,,,,,,,,,,,,,,9.8,7,,,,,,Small,No,Yes,unclear,No,,,,No,No,,,,,,,,,,,,,D,3,has_reviews; high_rating,0,,"checkatrade, mybuilder",2,high,,,checkatrade,mybuilder:?/55,gdelectrical829820,,
JR Electrical,Jack,,Jack,,Electrician,07307204345,,,,,,,,,,,,,,,10,4,,,,,,Small,No,Yes,unclear,No,,,,No,No,,,,,,,,,,,,,D,2,high_rating,0,,"checkatrade, mybuilder",2,high,,,checkatrade,mybuilder:?/2,jrelectrical558284,,
A.C Electrical,Christian,Martin,Christian Martin,,Electrician,07307212985,,,07307209129,,07307209129,,,http://www.acelectrical.org/,,,,,,,9.93,4,,,,,,Small,No,Yes,unclear,No,,,,No,No,,,,,,,,,,,,,D,3,high_rating; 2+_platforms,2,,"checkatrade, trustatrader, mybuilder",3,high,cross_platform,cross_platform,checkatrade,"trustatrader:4.96/39, mybuilder:?/565",acelectrical1053669,,
Electric Motion Ltd,Tim,Ahad,Tim Zamal Ahad,Director,Electrician,07886074037,,,,,,,,,,,,,,,10,,,,,,,Small,Yes,Yes,unclear,No,,,,No,No,,"33140, 43210, 45190, 74909",,7,active,1,,Mr Tim Zamal Ahad,2025-01-31,,,,D,3,high_rating; company_5+_years,0,established_but_invisible,"checkatrade, myjobquote",2,medium,,,companies_house,"myjobquote:4.68/0, myjobquote:4.68/0, myjobquote:4.68/0, myjobquote:4.68/0, myjobquote:4.68/0, myjobquote:4.68/0, myjobquote:4.68/0, myjobquote:4.68/0",electricmotion,,11769155
Harris Energy,Jack,,Jack,,Yeadon in,07445136200,,,,,,,,,,,,,,,10,4,828837582,,,,,Small,No,Yes,unclear,No,,,,No,No,,,,,,,,,,,,,C,4,invested_in_platform; high_rating,0,,checkatrade,1,none,,,checkatrade,,harrisenergy,,
BM Electrical Services,Ben,Mc,Ben Mc,,Electrician,07577329620,,,07307204918,,07307204918,,,https://www.trustagarage.com/,,,,,,,9.86,5,,,,,,Small,No,Yes,unclear,No,,,,No,No,,,,,,,,,,,,,D,3,has_reviews; high_rating,2,,"checkatrade, trustatrader",2,medium,cross_platform,cross_platform,checkatrade,trustatrader:5.0/17,bmelectricalservices972332,,
Eleck energy ltd,John,Nuttall,John Deason Nuttall,Director,Electrician,07414637832,,,,,,,,,,,,,,,10,1,,,,,,Small,Yes,Yes,unclear,No,,,,No,No,,43210,,3,active,1,,Mr John Deason Nuttall,2025-04-30,,,,D,2,high_rating,0,,checkatrade,1,none,,,companies_house,,eleckenergyltd,,14820274
Finney Electrical Ltd,James,Finney,James Andrew Finney,Director,Electrician,07728407371,,,,,,,,,,,,,,,9.6,8,,,,,,Small,Yes,Yes,unclear,No,,,,No,No,,43210,,10,active,1,,Mr James Andrew Finney,2024-10-31,,,,C,4,has_reviews; high_rating; company_5+_years,0,established_but_invisible,"checkatrade, mybuilder",2,medium,,,companies_house,mybuilder:?/51,finneyelectrical,,10438373
Dp Electrical Specialists Limited,David,Purves,David Jonathan Purves,Director,Electrician,07378966890,,,,,,,,,,,,,,,9.93,3,,,,,,Small,Yes,Yes,unclear,No,,,,No,No,,43210,,14,active,1,,Mr David Purves,2024-06-30,,,,D,3,high_rating; company_5+_years,0,established_but_invisible,"checkatrade, mybuilder",2,medium,,,companies_house,mybuilder:?/55,dpelectricalspecialists876098,,08107818
JB Electrical,Josh,Brittain,Josh Brittain,,Electrician,07307212538,,,,,,,,,,,,,,,9.9,5,,,,,,Small,No,Yes,unclear,No,,,,No,No,,,,,,,,,,,,,D,3,has_reviews; high_rating,0,,"checkatrade, mybuilder",2,high,,,checkatrade,"mybuilder:?/4, mybuilder:?/76",jbelectrical994160,,
Storey electrical ltd,Charlie,Storey,Charlie Carl Storey,Director,Electrician,07453359834,,,,,,,,,,,,,,,9.97,1,,,,,,Small,Yes,Yes,unclear,No,,,,No,No,,43210,,2,active,1,,Mr Charlie Carl Storey,2025-03-31,,,,D,2,high_rating,0,,"checkatrade, mybuilder",2,medium,,,companies_house,mybuilder:?/177,storeyelectricalltd,,15386467
TDM ELECTRICAL SERVICES,Timothy,,Timothy,,Brighouse,07366999624,,,07307203857,,07307203857,,,http://www.ths-electrical.co.uk/,,,,,,,9.88,1,,,,,,Small,No,Yes,unclear,No,,,,No,No,,,,,,,,,,,,,D,2,high_rating,2,,"checkatrade, trustatrader",2,medium,cross_platform,cross_platform,checkatrade,"trustatrader:4.97/209, trustatrader:4.97/209",tdmelectricalservices,,
Manson Electrical Solutions Limited,Richard,Manson,Richard Ronald Manson,Director,Electrician,07307206870,,,07360268908,,07360268908,,,https://www.londonelectricalsolutions.com/,,,,,,,10,5,,,,,,Small,Yes,Yes,unclear,No,,,,No,No,,43210,,8,active,1,,Miss Bethany Jayne Smith,2026-02-28,,,,C,4,has_reviews; high_rating; company_5+_years,2,,"checkatrade, trustatrader",2,medium,cross_platform,cross_platform,companies_house,trustatrader:4.93/537,mansonelectricalsolutions876260,,11210816
Anthony Holladay (electrical Contractor) Limited,Anthony,Holladay,Anthony Holladay,Director,Electrician,07782382488,,,,,,,,,,,,,,,10,1,,,,,,Small,Yes,Yes,unclear,No,,,,No,No,,43210,,23,active,1,,Mr Anthony Holladay,2024-08-31,,,,D,3,high_rating; company_5+_years,0,established_but_invisible,checkatrade,1,none,,,companies_house,,anthonyholladay,,04832092
SJK Electrical Services,Steve,,Steve,,Electrician,07307201108,,,07307204918,,07307204918,,,https://www.trustagarage.com/,,,,,,,9.78,2,,,,,,Small,No,Yes,unclear,No,,,,No,No,,,,,,,,,,,,,D,2,high_rating,2,,"checkatrade, trustatrader",2,medium,cross_platform,cross_platform,checkatrade,trustatrader:5.0/17,sjkelectricalservices,,
Live Circuit Electrical Ltd,Mohammed,Nawaz,Mohammed Haroon Nawaz,Director,Electrician,07378947381,,,,,,,,,,,,,,,9.88,6,,,,,,Small,Yes,Yes,unclear,No,,,,No,No,,"43210, 85310, 85590",,7,active,1,,Mrs Sayma Kausar,2024-12-31,,,,C,4,has_reviews; high_rating; company_5+_years,0,established_but_invisible,checkatrade,1,none,,,companies_house,,livecircuitelectrical,,12381992
SWITCHUP ELECTRICS AND HOME IMPROVEMENTS LTD,Harry,Davies,Harry Martin Davies,Director,Electrician,07476934524,,,,,,,,,,,,,,,10,2,,,,,,Small,Yes,Yes,unclear,No,,,,No,No,,"41100, 43320",,3,active,2,,Mr Harry Martin Davies,2024-12-31,,,,D,2,high_rating,0,,checkatrade,1,none,,,companies_house,,switchupelectricsandhomeimprovementsltd1125275,,15339917
G Williams Electrical,Gary,,Gary,,Electrician,07361586948,,,,,,,,,,,,,,,10,3,,,,,,Small,No,Yes,unclear,No,,,,No,No,,,,,,,,,,,,,D,2,high_rating,0,,"checkatrade, myjobquote",2,medium,,,checkatrade,myjobquote:4.68/0,gwilliamselectrical,,
MKD Electrical Ltd,Micheal,Deegan,Micheal Kenneth Deegan,Director,Electrician,07307200984,,,07307211702,,07307211702,,,http://www.sselectricaleastlondon.co.uk/,,,,,,,9.92,2,,,,,,Small,Yes,Yes,unclear,No,,,,No,No,,43210,,2,active,1,,Mr Micheal Kenneth Deegan,2025-06-30,,,,D,2,high_rating,2,,"checkatrade, trustatrader",2,medium,cross_platform,cross_platform,companies_house,trustatrader:4.95/79,mkdelectricalltd,,15770036
CLT Electrical Contractor,Christopher,,Christopher,,Electrician,07830375680,,,07307209483,,07307209483,,,http://www.tpelectricalcontractor.co.uk/,,,,,,,,3,,,,,,Small,No,Yes,unclear,No,,,,No,No,,,,,,,,,,,,,D,0,,2,,"checkatrade, trustatrader",2,medium,cross_platform,cross_platform,checkatrade,trustatrader:5.0/13,cltelectricalcontractor,,
C J Electrical,Chae,,Chae,,Electrician,07366889124,,,07307211702,,07307211702,,,http://www.sselectricaleastlondon.co.uk/,,,,,,,10,9,369082568,,,,,Small,No,Yes,unclear,No,,,,No,No,,,,,,,,,,,,,C,5,has_reviews; invested_in_platform; high_rating,2,,"checkatrade, trustatrader",2,medium,cross_platform,cross_platform,checkatrade,trustatrader:4.95/79,cjelectrical,,
M Lockyer Electrical Ltd,Mark,Lockyer,Mark John Lockyer,Director,on our,07365188556,,,,,,,,,,,,,,,10,16,,,,,,Small,Yes,Yes,unclear,No,,,,No,No,,43210,,23,active,1,,Mr Mark John Lockyer,2025-03-31,,,,C,4,has_reviews; high_rating; company_5+_years,0,established_but_invisible,checkatrade,1,none,,,companies_house,,mlockyerelectrical,,04858975
South Coast Electrical,Daniel,,Daniel,,Electrician,07897023138,,,,,,,,,,,,,,,9.88,6,436741975,,,,,Small,No,Yes,unclear,No,,,,No,No,,,,,,,,,,,,,C,5,has_reviews; invested_in_platform; high_rating,0,,checkatrade,1,none,,,checkatrade,,southcoastelectrical,,
BH-TECH Electrical Solutions,Anatolij,,Anatolij,,all aspects,07427881078,,,,,,,,,,,,,,,9.86,2,,,,,,Small,No,Yes,unclear,No,,,,No,No,,,,,,,,,,,,,D,2,high_rating,0,,"checkatrade, mybuilder",2,high,,,checkatrade,mybuilder:?/11,bhtechelectricalsolutions1114959,,
JAM Electrical Services Ltd,Arthur,Brien,Arthur Brien,Director,Electrician,07447184188,,,07307203857,,07307203857,,,http://www.ths-electrical.co.uk/,,,,,,,9.94,7,,,,,,Small,Yes,Yes,unclear,No,,,,No,No,,43210,,23,active,1,,Arthur Brien,2024-09-30,,,,C,4,has_reviews; high_rating; company_5+_years,2,,"checkatrade, trustatrader",2,medium,cross_platform,cross_platform,companies_house,"trustatrader:4.97/209, trustatrader:4.97/209",jamelectricalservices,,04880487
Priory Electrical,Martin,,Martin,,Christchurch and,07360276603,,,,,,,,,,,,,,,10,15,155284991,,,,,Small,No,Yes,unclear,No,,,,No,No,,,,,,,,,,,,,C,5,has_reviews; invested_in_platform; high_rating,0,,"checkatrade, mybuilder",2,medium,,,checkatrade,mybuilder:?/51,prioryelectrical,,
EA Electrical,Erli,Perdhiku,Erli Perdhiku,,Electrician,07308501068,,,07307211702,,07307211702,,,http://www.sselectricaleastlondon.co.uk/,,,,,,,9.98,4,,,,,,Small,No,Yes,unclear,No,,,,No,No,,,,,,,,,,,,,D,2,high_rating,2,,"checkatrade, trustatrader",2,medium,cross_platform,cross_platform,checkatrade,trustatrader:4.95/79,eaelectrical1048532,,
Tubbs Electrical,Paul,,Paul,,Wimborne,07463859187,,,07307279101,,07307279101,,,https://www.trustagarage.com/,,,,,,,9.84,14,292054757,,,,,Small,No,Yes,unclear,No,,,,No,No,,,,,,,,,,,,,C,6,has_reviews; invested_in_platform; high_rating; 2+_platforms,2,,"checkatrade, trustatrader, mybuilder",3,medium,cross_platform,cross_platform,checkatrade,"trustatrader:4.99/42, mybuilder:?/3",tubbselectrical,,
Electrician4hire,Les,,Les,,Dorset,07366309796,,,,,,,,,,,,,,,9.97,14,,,,,,Small,No,Yes,unclear,No,,,,No,No,,,,,,,,,,,,,D,3,has_reviews; high_rating,0,,checkatrade,1,none,,,checkatrade,,electrician4hire,,
Master Spark Ltd,Samuel,Fryatt,Samuel William Fryatt,Director,Electrician,07476980038,,,,,,,,,,,,,,,9.96,16,316988068,,,,,Established,Yes,Yes,unclear,No,,,,No,No,,43210,,7,active,1,,Mr Samuel William Fryatt,2025-02-28,,,,C,6,has_reviews; invested_in_platform; high_rating; company_5+_years,0,established_but_invisible,checkatrade,1,none,,,companies_house,,masterspark,,11851640
J D Electrical Bournemouth Ltd,Jeremy,Dimambro,Jeremy Francis Dimambro,Director,Bournemouth,07426981378,,,,,,,,,,,,,,,9.83,9,,,,,,Small,Yes,Yes,unclear,No,,,,No,No,,43210,,11,active,1,,Mrs Irene Dimambro,2025-03-31,,,,C,4,has_reviews; high_rating; company_5+_years,0,established_but_invisible,checkatrade,1,none,,,companies_house,,jdelectricalbournemouthltd,,09604665
M Electrical,Vincent,,Vincent,,Electrician,07454157289,,,07307211702,,07307211702,,,http://www.sselectricaleastlondon.co.uk/,,,,,,,9.91,17,,,,,,Small,No,Yes,unclear,No,,,,No,No,,,,,,,,,,,,,D,3,has_reviews; high_rating,2,,"checkatrade, trustatrader",2,medium,cross_platform,cross_platform,checkatrade,trustatrader:4.95/79,melectrical,,
Proserv Electrical,Jerry,,Jerry,,Electrician,07446949267,,,,,,,,,,,,,,,10,3,,,,,,Small,No,Yes,unclear,No,,,,No,No,,,,,,,,,,,,,D,2,high_rating,0,,checkatrade,1,none,,,checkatrade,,proservelectrical230618,,
Sparks Joy Electrical Ltd,Harrison,Cooper,Harrison Daniel Cooper,Director,Bournemouth offering,07897015539,,,,,,,,,,,,,,,10,,,,,,,Small,Yes,Yes,unclear,No,,,,No,No,,43210,,1,active,1,,Mr Harrison Daniel Cooper,,,,,D,2,high_rating,0,,checkatrade,1,none,,,companies_house,,sparksjoyelectrical,,16469938
J.J Electrical,Joe,,Joe,,Creekmoor,07445107865,,,07307207811,,07307207811,,,http://www.jjelectrical2020.com/,,,,,,,9.75,2,488288622,,,,,Small,No,Yes,unclear,No,,,,No,No,,,,,,,,,,,,,C,5,invested_in_platform; high_rating; 2+_platforms,2,,"checkatrade, trustatrader, myjobquote",3,high,cross_platform,cross_platform,checkatrade,"trustatrader:5.0/7, myjobquote:5/1",jjelectrical1108430,,
Burton Electrical Co.,Dominic,,Dominic,,Electrician,07478063995,,,,,,,,,,,,,,,,12,210417953,,,,,Small,No,Yes,unclear,No,,,,No,No,,,,,,,,,,,,,D,3,has_reviews; invested_in_platform,0,,checkatrade,1,none,,,checkatrade,,burtonelectricalcosouthltd,,
BE1 Property Services Ltd,Shaun,Eldred,Shaun Anthony Eldred,Director,Electrician,07426945590,,,07841403595,,07841403595,,,http://www.jandspropertyservices.co.uk/,,,,,,,9.7,2,,,,,,Small,Yes,Yes,unclear,No,,,,No,No,,81100,,2,active,1,,Mr Michael Barnes,2025-03-31,,,,D,2,high_rating,2,,"checkatrade, trustatrader",2,medium,cross_platform,cross_platform,companies_house,"trustatrader:4.98/273, trustatrader:4.98/273",be1propertyservicesltd,,15540141
Mission Road Electrical Ltd,Robert,Best,Robert Charles Anthony Best,Director,Dorset,07480542694,,,,,,,,,,,,,,,10,2,,,,,,Small,Yes,Yes,unclear,No,,,,No,No,,43210,,6,active,2,,Miss Louise Elizabeth Birchall,2025-03-31,,,,D,3,high_rating; company_5+_years,0,established_but_invisible,"checkatrade, bark",2,high,,,companies_house,,missionroadelectrical593507,,12444007
Wired Electrics,Calum,,Calum,,all aspects,07878753180,,,,,,,,,,,,,,,,1,,,,,,Small,No,Yes,unclear,No,,,,No,No,,,,,,,,,,,,,D,0,,0,,"checkatrade, myjobquote",2,medium,,,checkatrade,"myjobquote:5/3, myjobquote:5/3, myjobquote:5/3, myjobquote:5/3",wiredelectrics,,
Direct & Current Electrical Services Ltd,David,Adams,David George Adams,Director,domestic plus,07307212068,,,,,,,,,,,,,,,,4,,,,,,Small,Yes,Yes,unclear,No,,,,No,No,,43210,,4,active,1,,Mr David George Adams,2025-06-30,,,,D,0,,0,,checkatrade,1,none,,,companies_house,,directcurrentelectricalservicesltd,,14149187
Electricall,Rob,,Rob,,Electrician,07427896511,,,07427818269,,07427818269,,,https://www.trustagarage.com/,,,,,,,10,14,,,,,,Small,No,Yes,unclear,No,,,,No,No,,,,,,,,,,,,,D,3,has_reviews; high_rating,2,,"checkatrade, trustatrader",2,medium,cross_platform,cross_platform,checkatrade,trustatrader:4.97/11,electricall,,
Switch Electrical Group Limited,Amy,Barnes,Amy Louise Barnes,Director,Electrician,07380926751,,,,,,,,,,,,,,,9.95,4,406901415,,,,,Established,Yes,Yes,unclear,No,,,,No,No,,43210,,5,active,2,,Mr Paul Daniel Barnes,2025-05-31,,,,C,5,invested_in_platform; high_rating; company_5+_years,0,established_but_invisible,checkatrade,1,none,,,companies_house,,dmaelectricalcontractors,,13402087
Harbourside Electrical Limited,Paul,Portnoi,Paul Portnoi,Director,Electrician,07883283907,,,,,,,,,,,,,,,9.88,12,183604211,,,,,Established,Yes,Yes,unclear,No,,,,No,No,,43210,,14,active,1,,Mr Paul Portnoi,2024-09-30,,,,C,6,has_reviews; invested_in_platform; high_rating; company_5+_years,0,established_but_invisible,checkatrade,1,none,,,companies_house,,harboursideelectrical,,07913154
JME Energy Ltd,Jim,Evans,Jim Evans,Director,Electrician,07862142952,,,,,,,,,,,,,,,10,2,,,,,,Small,Yes,Yes,unclear,No,,,,No,No,,43210,,3,active,1,,Mr Jim Evans,2025-02-28,,,,D,2,high_rating,0,,"checkatrade, bark",2,high,,,companies_house,,jmeenergyltd,,14685307
Prolectrical Southern Ltd,Sean,Clarke,Sean Clarke,Director,Electrician,07447190653,,,,,,,,,,,,,,,9.94,17,464522100,,,,,Established,Yes,Yes,unclear,No,,,,No,No,,"33140, 43210",,15,active,1,,Mr Sean Clarke,2025-06-30,,,,C,6,has_reviews; invested_in_platform; high_rating; company_5+_years,0,established_but_invisible,checkatrade,1,none,,,companies_house,,prolectricalsouthernltd,,07587708
Arnold Electrical Contractors,Dan,,Dan,,Electrician,07454035484,,,,,,,,,,,,,,,9.8,4,,,,,,Small,No,Yes,unclear,No,,,,No,No,,,,,,,,,,,,,D,2,high_rating,0,,checkatrade,1,none,,,checkatrade,,arnoldelectricalcontractors,,
McKenzie Electrical,Ryan,,Ryan,,plate,07846893419,,,,,,,,,,,,,,,9.78,6,376235776,,,,,Small,No,Yes,unclear,No,,,,No,No,,,,,,,,,,,,,C,5,has_reviews; invested_in_platform; high_rating,0,,checkatrade,1,none,,,checkatrade,,mckenzieelectrical,,
Crest Electrical (NW) LTD,Julian,Mcmanus,Julian Simon Mcmanus,Director,Greater Manchester,07380267908,,,,,,,,,,,,,,,10,1,,,,,,Small,Yes,Yes,unclear,No,,,,No,No,,43210,,6,active,1,,Mr Julian Simon Mcmanus,2024-12-31,,,,D,3,high_rating; company_5+_years,0,established_but_invisible,"checkatrade, mybuilder",2,medium,,,companies_house,mybuilder:?/577,crestelectricalnwltd5915910,,13073508
Mantech Electrical,Jimmy,,Jimmy,,Radcliffe Manchester,07380279004,,,,,,,,,,,,,,,10,1,,,,,,Small,No,Yes,unclear,No,,,,No,No,,,,,,,,,,,,,D,2,high_rating,0,,"checkatrade, mybuilder",2,high,,,checkatrade,mybuilder:?/1,mantechelectrical5914947,,
Amara Electrical Contractors Ltd,Michael,Maccabe,Michael James Maccabe,Director,Electrician,07307209651,,,07360497234,,07360497234,,,https://www.trustagarage.com/,,,,,,,10,4,,,,,,Small,Yes,Yes,unclear,No,,,,No,No,,43210,,19,active,1,,Mr Michael James Maccabe,2025-04-30,,,,D,3,high_rating; company_5+_years,2,,"checkatrade, trustatrader",2,medium,cross_platform,cross_platform,companies_house,trustatrader:4.97/26,amaraelectricalcontractors375704,,06225710
OBD Electrical Ltd,David,O'brien,David Peter O'brien,Director,Woolston Warrington,07588029785,,,07307211702,,07307211702,,,http://www.sselectricaleastlondon.co.uk/,,,,,,,10,1,,,,,,Small,Yes,Yes,unclear,No,,,,No,No,,43210,,10,active,1,,Mr David Peter O'Brien,2025-05-31,,,,D,3,high_rating; company_5+_years,2,,"checkatrade, trustatrader",2,medium,cross_platform,cross_platform,companies_house,trustatrader:4.95/79,obdelectricalltd,,10192834
Adelec,Adam,,Adam,,full or,07378597918,,,07307254962,,07307254962,,,http://www.leelek.com/,,,,,,,10,6,,,,,,Small,No,Yes,unclear,No,,,,No,No,,,,,,,,,,,,,D,3,has_reviews; high_rating,2,,"checkatrade, trustatrader",2,medium,cross_platform,cross_platform,checkatrade,trustatrader:4.93/79,adelecwigan,,
Sab Electrical Ltd,Simon,Banks,Simon Banks,Director,Electrician,07427840505,,,,,,,,,,,,,,,10,4,,,,,,Small,Yes,Yes,unclear,No,,,,No,No,,82990,,7,active,1,,Mr Simon Banks,2024-11-30,,,,D,3,high_rating; company_5+_years,0,established_but_invisible,"checkatrade, mybuilder",2,high,,,companies_house,mybuilder:?/79,sabelectricalltd,,12294493
Ise Electrical Ltd,Ignas,Skrodenis,Ignas Skrodenis,Director,Electrician,07450314946,,,07307211702,,07307211702,,,http://www.sselectricaleastlondon.co.uk/,,,,,,,9.92,3,,,,,,Small,Yes,Yes,unclear,No,,,,No,No,,"41202, 43210, 43290",,4,active,1,,Mr. Ignas Skrodenis,2025-01-31,,,,D,2,high_rating,2,,"checkatrade, trustatrader",2,medium,cross_platform,cross_platform,companies_house,trustatrader:4.95/79,iseelectrical,,13840081
JLJ Electrical,Jack,Leigh,Jack Leigh,,the north,07307208659,,,07307211702,,07307211702,,,http://www.sselectricaleastlondon.co.uk/,,,,,,,9.88,4,,,,,,Small,No,Yes,unclear,No,,,,No,No,,,,,,,,,,,,,D,2,high_rating,2,,"checkatrade, trustatrader",2,medium,cross_platform,cross_platform,checkatrade,trustatrader:4.95/79,jljelectrical1048010,,
Smart Home Engineering Ltd,Krzysztof,Kochanek,Krzysztof Daniel Kochanek,Director,Electrician,07361585993,,,,,,,,,,,,,,,9.83,8,,,,,,Small,Yes,Yes,unclear,No,,,,No,No,,"43210, 43290, 43320, 71129",,8,active,1,,Mrs Beata Kochanek,2025-03-31,,,,C,4,has_reviews; high_rating; company_5+_years,0,established_but_invisible,checkatrade,1,none,,,companies_house,,smarthomeengineeringltd,,11299714
MAC ELECTRICAL,Macauley,,Macauley,,Electrician,07782336002,,,07307210862,,07307210862,,,http://www.mangoelectrical.com/,,,,,,,9.88,1,492728748,,,,,Small,No,Yes,unclear,No,,,,No,No,,,,,,,,,,,,,C,4,invested_in_platform; high_rating,2,,"checkatrade, trustatrader",2,medium,cross_platform,cross_platform,checkatrade,"trustatrader:4.95/142, trustatrader:4.95/142, trustatrader:4.95/142, trustatrader:4.95/142",macelectrical,,
The E-Plug Services Ltd,Perwez,Khan,Perwez Khan,Director,Electrician,07411326449,,,,,,,,,,,,,,,9.48,2,,,,,,Small,Yes,Yes,unclear,No,,,,No,No,,43210,,2,active,1,,Mr Perwez Khan,2025-03-31,,,,D,1,good_rating,0,,"checkatrade, trustatrader",2,medium,,,companies_house,,theeplugservices,,15551698
Ward Electrics,Theo,,Theo,,Electrician,07888865249,,,07307214747,,07307214747,,,http://www.cwr-electrics.com/,,,,,,,9.8,2,,,,,,Small,No,Yes,unclear,No,,,,No,No,,,,,,,,,,,,,D,2,high_rating,2,,"checkatrade, trustatrader",2,medium,cross_platform,cross_platform,checkatrade,trustatrader:5.0/30,wardelectrics,,
Denis Bonnici Electricians Ltd,Denis,Bonnici,Denis Christian Bonnici,Director,for five,07450308956,,,,,,,,,,,,,,,9.89,14,771471816,,,,,Established,Yes,Yes,unclear,No,,,,No,No,,43210,,19,active,2,,Mr Denis Christian Bonnici,2025-03-31,,,,C,6,has_reviews; invested_in_platform; high_rating; company_5+_years,0,established_but_invisible,checkatrade,1,none,,,companies_house,,denisbonnicielectricians,,06191765
BRADBURY ELECTRICAL CONTRACTORS LTD,Alexander,Bradbury,Alexander James Bradbury,Director,Electrician,07862132928,,,,,,,,,,,,,,,9.44,14,191915291,,,,,Established,Yes,Yes,unclear,No,,,,No,No,,43210,,13,active,1,,Bradbury Electrical Holdings Ltd,2024-11-30,,,,C,5,has_reviews; invested_in_platform; good_rating; company_5+_years,0,established_but_invisible,checkatrade,1,none,,,companies_house,,bradburyelectrical,,08765176
M Hughes Electrical Ltd,Martin,Hughes,Martin Hughes,Director,Seaford,07482582239,,,07446937576,,07446937576,,,https://www.mhugheselectrical.co.uk/,,,,,,,9.86,14,,,,,,Small,Yes,Yes,unclear,No,,,,No,No,,43210,,11,active,1,,Mr Martin Hughes,2025-08-31,,,,C,5,has_reviews; high_rating; 2+_platforms; company_5+_years,2,,"checkatrade, trustatrader, mybuilder",3,high,cross_platform,cross_platform,companies_house,"trustatrader:4.97/6, mybuilder:?/29",hugheselectrical,,09729033
MGM Electrical,Matthew,,Matthew,,Electrician,07446982922,,,07307210862,,07307210862,,,http://www.mangoelectrical.com/,,,,,,,9.96,3,,,,,,Small,No,Yes,unclear,No,,,,No,No,,,,,,,,,,,,,D,2,high_rating,2,,"checkatrade, trustatrader",2,medium,cross_platform,cross_platform,checkatrade,"trustatrader:4.95/142, trustatrader:4.95/142, trustatrader:4.95/142, trustatrader:4.95/142",mgmelectrical,,
Perry Plumbers & Electrics,Joshua,,Joshua,,all aspects,07454038468,,,,,,,,,,,,,,,9.95,9,247525592,,,,,Small,No,Yes,unclear,No,,,,No,No,,,,,,,,,,,,,C,5,has_reviews; invested_in_platform; high_rating,0,,checkatrade,1,none,,,checkatrade,,perryplumbersandelectrics322905,,
Ogden & Harris Electrical Services Ltd,Joshua,Harris,Joshua Daniel Harris,Director,East Sussex,07308510603,,,,,,,,,,,,,,,10,15,971176995,,,,,Established,Yes,Yes,unclear,No,,,,No,No,,43210,,7,active,2,,Mr Joshua Daniel Harris,2025-08-31,,,,C,6,has_reviews; invested_in_platform; high_rating; company_5+_years,0,established_but_invisible,checkatrade,1,none,,,companies_house,,ogdenandharriselectricalservicesltd,,12135145
JTS Contractors,Thomas,,Thomas,,Electrician,07361587226,,,07307209051,,07307209051,,,https://kacontractorsltd.co.uk/,,,,,,,9.8,3,,,,,,Small,No,Yes,unclear,No,,,,No,No,,,,,,,,,,,,,D,2,high_rating,2,,"checkatrade, trustatrader",2,medium,cross_platform,cross_platform,checkatrade,"trustatrader:4.99/78, trustatrader:4.99/78, trustatrader:4.99/78",jtscontractors,,
Harry Dee Electrical,Harry,,Harry,,Electrician,07481930729,,,,,,,,,,,,,,,10,1,,,,,,Small,No,Yes,unclear,No,,,,No,No,,,,,,,,,,,,,D,2,high_rating,0,,checkatrade,1,none,,,checkatrade,,harrydeeelectrical,,
Neter Electrical,Laurence,,Laurence,,Electrician,07446942426,,,07414205518,,07414205518,,,https://www.neterelectrical.com/,,,,,,,10,4,,,,,,Small,No,Yes,unclear,No,,,,No,No,,,,,,,,,,,,,D,2,high_rating,2,,"checkatrade, trustatrader",2,high,cross_platform,cross_platform,checkatrade,trustatrader:5.0/5,neterelectrical,,
Blue Bird Electrical Services Ltd,James,Holden,James Holden,Director,Electrician,07446973049,,,,,,,,,,,,,,,9.86,4,344725690,,,,,Established,Yes,Yes,unclear,No,,,,No,No,,43210,,12,active,1,,Mr James Holden,2025-03-31,,,,C,5,invested_in_platform; high_rating; company_5+_years,0,established_but_invisible,checkatrade,1,none,,,companies_house,,bluebirdelectricalservicesltd,,08954347
D C Electrical Solutions Southern Limited,Daniel,White,Daniel Christopher White,Director,Electrician,07380400243,,,,,,,,,,,,,,,10,11,,,,,,Small,Yes,Yes,unclear,No,,,,No,No,,43210,,11,active,1,,Mr Daniel Christopher White,2025-02-28,,,,C,4,has_reviews; high_rating; company_5+_years,0,established_but_invisible,checkatrade,1,none,,,companies_house,,dcelectricalsolutionssouthern,,09476816
Optimus Electrics,,,,,Burgess Hill,07308506861,,,,,,,,,,,,,,,10,7,390631105,,,,,Small,No,Yes,unclear,No,,,,No,No,,,,,,,,,,,,,C,5,has_reviews; invested_in_platform; high_rating,0,,checkatrade,1,none,,,,,optimuselectrics,,
Brighton Electrical,Simon,,Simon,,Electrician,07446943758,,,,,,,,,,,,,,,9.83,6,,,,,,Small,No,Yes,unclear,No,,,,No,No,,,,,,,,,,,,,D,3,has_reviews; high_rating,0,,checkatrade,1,none,,,checkatrade,,brightonelectrical,,
Redmond Electrical,Harry,Redmond,Harry Redmond,,Electrician,07445284621,,,,,,,,,,,,,,,10,4,,,,,,Small,No,Yes,unclear,No,,,,No,No,,,,,,,,,,,,,D,2,high_rating,0,,"checkatrade, mybuilder",2,medium,,,checkatrade,mybuilder:?/6,redmondelectrical,,
Shine Electrics,Matthew,,Matthew,,Electrician,07378299039,,,,,,,,,,,,,,,9.96,2,,,,,,Small,No,Yes,unclear,No,,,,No,No,,,,,,,,,,,,,D,2,high_rating,0,,"checkatrade, myjobquote",2,medium,,,checkatrade,"myjobquote:5/7, myjobquote:5/7",shineelectrics1121943,,
Buzz Electrics Limited,Alan,Williams,Alan Anthony Williams,Director,Electrician,07427896671,,,07360263202,,07360263202,,,https://www.trustagarage.com/,,,,,,,10,2,508922439,,,,,Established,Yes,Yes,unclear,No,,,,No,No,,43210,,25,active,1,,Mr Alan Anthony Williams,2025-03-31,,,,C,5,invested_in_platform; high_rating; company_5+_years,2,,"checkatrade, trustatrader",2,medium,cross_platform,cross_platform,companies_house,trustatrader:4.99/39,buzzelectricslimited,,04189327
Ground Electrical,Jack,,Jack,,Kent involving,07846881321,,,,,,,,,,,,,,,9.85,1,,,,,,Small,No,Yes,unclear,No,,,,No,No,,,,,,,,,,,,,D,2,high_rating,0,,"checkatrade, myjobquote",2,high,,,checkatrade,myjobquote:5/1,groundelectrical,,
Swiftly Electrical Limited,Benjamin,Palmer,Benjamin Thomas Palmer,Director,Sussex and,07367015285,,,,,,,,,,,,,,,9.89,,,,,,,Small,Yes,Yes,unclear,No,,,,No,No,,43210,,1,active,1,,Mr Benjamin Thomas Palmer,,,,,D,2,high_rating,0,,"checkatrade, mybuilder",2,medium,,,companies_house,mybuilder:?/226,swiftlyelectricallimited,,16420367
ART Systems,Adam,,Adam,,all aspects,07846875402,,,,,,,,,,,,,,,10,7,492221262,,,,,Small,No,Yes,unclear,No,,,,No,No,,,,,,,,,,,,,C,5,has_reviews; invested_in_platform; high_rating,0,,checkatrade,1,none,,,checkatrade,,artsystems,,
Acucert Limited,Emma,Rogerson,Emma Rogerson,Director,Great Shelford,07883318262,,,,,,,,,,,,,,,9.45,4,420804335,,,,,Established,Yes,Yes,unclear,No,,,,No,No,,43210,,6,active,2,,Mr Ian Michael Somerfield Smith,2025-09-30,,,,C,4,invested_in_platform; good_rating; company_5+_years,0,established_but_invisible,"checkatrade, myjobquote",2,medium,,,companies_house,"myjobquote:4.68/0, myjobquote:4.68/0, myjobquote:4.68/0",acucertlimited,,12864606
ACS Electrical,Anthony,,Anthony,,Electrician,07307207354,,,07307211702,,07307211702,,,http://www.sselectricaleastlondon.co.uk/,,,,,,,10,24,654306838,,,,,Small,No,Yes,unclear,No,,,,No,No,,,,,,,,,,,,,C,6,decent_profile; invested_in_platform; high_rating,2,,"checkatrade, trustatrader",2,medium,cross_platform,cross_platform,checkatrade,trustatrader:4.95/79,acselectrical,,
Hummingbird Electrics Ltd,Terence,Morgan,Terence Michael Morgan,Director,Electrician,07427134760,,,,,,,,,,,,,,,10,5,,,,,,Small,Yes,Yes,unclear,No,,,,No,No,,43210,,5,active,1,,Mr Terence Michael Morgan,2025-05-31,,,,C,4,has_reviews; high_rating; company_5+_years,0,established_but_invisible,checkatrade,1,none,,,companies_house,,hummingbirdelectrics995301,,13374704
Hughes Electricians,Owen,,Owen,,Electrician,07588389504,,,,,,,,,,,,,,,10,10,,,,,,Small,No,Yes,unclear,No,,,,No,No,,,,,,,,,,,,,D,3,has_reviews; high_rating,0,,checkatrade,1,none,,,checkatrade,,hugheselectricians,,
Protech Electrical Global Limited,Matthew,Den heijer,Matthew Den heijer,Director,Electrician,07456443102,,,,,,,,,,,,,,,9.8,2,,,,,,Small,Yes,Yes,unclear,No,,,,No,No,,43210,,2,active,2,,Mr Sam Haidari,,,,,D,2,high_rating,0,,checkatrade,1,none,,,companies_house,,protechelectricalglobal1123078,,15932334
Resistance Electrical,Tom,,Tom,,Brighton,07723449489,,,,,,,,,,,,,,,10,8,319860479,,,,,Small,No,Yes,unclear,No,,,,No,No,,,,,,,,,,,,,C,5,has_reviews; invested_in_platform; high_rating,0,,checkatrade,1,none,,,checkatrade,,resistanceelectrical,,
MS Electrical,Mark,,Mark,,Electrician,07446291715,,,07307211702,,07307211702,,,http://www.sselectricaleastlondon.co.uk/,,,,,,,10,1,,,,,,Solo,No,No,unclear,No,,,,No,No,,,,,,,,,,,,,D,2,high_rating,2,,"checkatrade, trustatrader",2,medium,cross_platform,cross_platform,checkatrade,trustatrader:4.95/79,mselectrical5907779,,
Courtney Electrical (Surrey) Ltd,Charlotte,Courtney,Charlotte Louise Courtney,Director,Hookwood and,07426986476,,,,,,,,,,,,,,,10,11,313814230,,,,,Established,Yes,Yes,unclear,No,,,,No,No,,43210,,7,active,2,,Mrs Charlotte Louise Courtney,2025-01-31,,,,C,6,has_reviews; invested_in_platform; high_rating; company_5+_years,0,established_but_invisible,checkatrade,1,none,,,companies_house,,courtneyelectrical,,11777228
Michael White Electrical Services Ltd,Kelly,White,Kelly Ann White,Director,Electrician,07450620041,,,,,,,,,,,,,,,9.92,3,,,,,,Small,Yes,Yes,unclear,No,,,,No,No,,43210,,1,active,2,,Mr Michael Gordon White,,,,,D,2,high_rating,0,,checkatrade,1,none,,,companies_house,,michaelwhiteelectricalservices,,16704451
L&V ELECTRICAL LIMITED,Todd,Lednor,Todd Oliver Charles Lednor,Director,residential,07533050596,,,,,,,,,,,,,,,9.67,5,372671580,,,,,Established,Yes,Yes,unclear,No,,,,No,No,,43210,,5,active,2,,Mr Kyle Jaden Alan Vallance,2025-01-31,,,,C,6,has_reviews; invested_in_platform; high_rating; company_5+_years,0,established_but_invisible,"checkatrade, mybuilder",2,high,,,companies_house,mybuilder:?/104,landvelectricallimited985082,,13144150
Alan Brown Electrical Ltd,Alan,Brown,Alan Brown,Director,Electrician,07426916968,,,,,,,,,,,,,,,9.97,6,250943606,,,,,Established,Yes,Yes,unclear,No,,,,No,No,,"33140, 43210",,8,active,1,,Mr Alan Brown,2025-04-30,,,,C,6,has_reviews; invested_in_platform; high_rating; company_5+_years,0,established_but_invisible,"checkatrade, myjobquote",2,medium,,,companies_house,myjobquote:5/2,alanbrownelectrical,,11292658
D A Dray & Sons Ltd,Samuel,Dray,Samuel John Dray,Director,to reduce,07723481619,,,,,,,,,,,,,,,9.8,17,192411966,,,,,Established,Yes,Yes,unclear,No,,,,No,No,,43210,,24,active,1,,Samuel John Dray,2025-09-30,,,,C,6,has_reviews; invested_in_platform; high_rating; company_5+_years,0,established_but_invisible,checkatrade,1,none,,,companies_house,,dadrayandsons,,04448317
Fusilier Electrical Ltd,Adam,Carter,Adam Carter,Director,Electrician,07472011062,,,,,,,,,,,,,,,,13,220142334,,,,,Established,Yes,Yes,unclear,No,,,,No,No,,43210,,48,active,2,,Mrs Rachael Carter,2024-06-30,,,,C,4,has_reviews; invested_in_platform; company_5+_years,0,established_but_invisible,checkatrade,1,none,,,companies_house,,fusilierelectrical,,01368660
Frederick Electrical,James,,James,,Electrician,07426951708,,,,,,,,,,,,,,,9.93,12,,,,,,Small,No,Yes,unclear,No,,,,No,No,,,,,,,,,,,,,D,3,has_reviews; high_rating,0,,checkatrade,1,none,,,checkatrade,,frederickelectrical,,
Evolt Construction and Electrical Services Ltd,Samuel,Clayman,Samuel Armstrong Clayman,Director,Electrician,07846861981,,,,,,,,,,,,,,,10,5,205606633,,,,,Established,Yes,Yes,unclear,No,,,,No,No,,43210,,12,active,2,,Mr Lee Alan Jennings,2025-09-30,,,,C,6,has_reviews; invested_in_platform; high_rating; company_5+_years,0,established_but_invisible,checkatrade,1,none,,,companies_house,,evoltelectrical,,09054865
EOTA Ltd,Peter,Farnham,Peter Thomas Farnham,Director,and ceiling,07463652953,,,,,,,,,,,,,,,9.81,1,,,,,,Small,Yes,Yes,unclear,No,,,,No,No,,"43210, 46520",,3,active,1,,Mrs Louise Barbara Farnham,2025-06-30,,,,D,2,high_rating,0,,checkatrade,1,none,,,companies_house,,eotaltd5913764,,14941560
MPEC Electrical Contractors,Martin,,Martin,,Electrician,07367058382,,,07360266810,,07360266810,,,https://www.electricalsafetyfirst.org.uk/find-an-electrician/,,,,,,,9.97,7,267077087,,,,,Small,No,Yes,unclear,No,,,,No,No,,,,,,,,,,,,,C,6,has_reviews; invested_in_platform; high_rating; 2+_platforms,2,,"checkatrade, trustatrader, mybuilder",3,medium,cross_platform,cross_platform,checkatrade,"trustatrader:4.98/33, mybuilder:?/360",mpecelectricalcontractors,,
JM Electric,Joseph,,Joseph,,Electrician,07455705954,,,07307292616,,07307292616,,,https://mmelectricalservices.uk/,,,,,,,9.95,9,,,,,,Small,No,Yes,unclear,No,,,,No,No,,,,,,,,,,,,,C,5,has_reviews; high_rating; 3+_platforms,2,,"checkatrade, trustatrader, myjobquote, mybuilder",4,medium,cross_platform,cross_platform,checkatrade,"trustatrader:4.76/9, myjobquote:4.68/0, mybuilder:?/122",jmelectric,,
MK Veasey Electrical Limited,Matthew,Veasey,Matthew Kevin Veasey,Director,Electrician,07576750928,,,,,,,,,,,,,,,9.08,15,325205830,,,,,Established,Yes,Yes,unclear,No,,,,No,No,,43210,,11,active,1,,Mr Matthew Kevin Veasey,2024-10-31,,,,C,5,has_reviews; invested_in_platform; good_rating; company_5+_years,0,established_but_invisible,checkatrade,1,none,,,companies_house,,mkveaseyelectrical,,09880798
Vartia Electrics Ltd,Bendip,Vartia,Bendip Vartia,Director,Belvedere,07307252013,,,,,,,,,,,,,,,9.65,3,,,,,,Small,Yes,Yes,unclear,No,,,,No,No,,43210,,4,active,1,,Mr Bendip Vartia,2025-06-30,,,,D,2,high_rating,0,,checkatrade,1,none,,,companies_house,,vartiaelectricsltd,,14166679
Marnzies Electrical Contractors Limited,Beryl,Mahon,Beryl Patricia Mahon,Director,Electrician,07828868713,,,,,,,,,,,,,,,,4,,,,,,Small,Yes,Yes,unclear,No,,,,No,No,,82990,,20,active,2,,Mr Stephen Mahon,2025-02-28,,,,D,1,company_5+_years,0,established_but_invisible,checkatrade,1,none,,,companies_house,,marnzieselectricalcontractorslimited,,05714258
The One Electrician Ltd,Merushe,Dervishi,Merushe Dervishi,Director,Electrician,07475928284,,,07360268919,,07360268919,,,http://tneelectrical.co.uk/,,,,,,,9.91,7,393905561,,,,,Established,Yes,Yes,unclear,No,,,,No,No,,43210,,5,active,2,,Mr Vincenzo Gianluca Vecchio,2025-04-30,,,,C,6,has_reviews; invested_in_platform; high_rating; company_5+_years,2,,"checkatrade, trustatrader",2,medium,cross_platform,cross_platform,companies_house,trustatrader:4.8/77,theoneelectricianltd,,13353816
Same Day Plumbing & Electrics,Katie,,Katie,,Electrician,07426997270,,,,,,,,,,,,,,,9.43,4,,,,,,Small,No,Yes,unclear,No,,,,No,No,,,,,,,,,,,,,D,1,good_rating,0,,checkatrade,1,none,,,checkatrade,,firstcallheatingandplumbingsolutionsltd,,
Aseco Electrical Services,Paul,,Paul,,Electrician,07307273443,,,,,,,,,,,,,,,9.93,6,244231438,,,,,Small,No,Yes,unclear,No,,,,No,No,,,,,,,,,,,,,C,5,has_reviews; invested_in_platform; high_rating,0,,"checkatrade, bark",2,medium,,,checkatrade,,asecoelectricalservices,,
Precise Electrical,Sam,,Sam,,Electrician,07308500954,,,,,,,,,,,,,,,10,7,,,,,,Small,No,Yes,unclear,No,,,,No,No,,,,,,,,,,,,,D,3,has_reviews; high_rating,0,,"checkatrade, myjobquote",2,medium,,,checkatrade,myjobquote:5/1,preciseelectrical,,
Live Line Electrical Contractors Ltd,Grzegorz,Piskozub,Grzegorz Piskozub,Director,up to,07426955683,,,,,,,,,,,,,,,9.76,7,,,,,,Small,Yes,Yes,unclear,No,,,,No,No,,43210,,6,active,1,,Mr Grzegorz Piskozub,2024-11-30,,,,C,4,has_reviews; high_rating; company_5+_years,0,established_but_invisible,checkatrade,1,none,,,companies_house,,livelineelectricalcontractorsltd,,13013512
M J B Electrical,Michael,,Michael,,Electrician,07463958720,,,07307208716,,07307208716,,,https://www.jjb-electrical.com/,,,,,,,9.89,4,,,,,,Small,No,Yes,unclear,No,,,,No,No,,,,,,,,,,,,,D,2,high_rating,2,,"checkatrade, trustatrader",2,medium,cross_platform,cross_platform,checkatrade,trustatrader:4.99/28,mjbelectrical,,
Switchfix Electrical,Craig,,Craig,,all electrical,07427910850,,,,,,,,,,,,,,,9.73,8,,,,,,Small,No,Yes,unclear,No,,,,No,No,,,,,,,,,,,,,D,3,has_reviews; high_rating,0,,"checkatrade, myjobquote",2,high,,,checkatrade,myjobquote:5/19,switchfixelectrical,,
Dragon Electrical Installation,Mark,,Mark,,Electrician,07853309251,,,,,,,,,,,,,,,9.73,1,,,,,,Solo,No,No,unclear,No,,,,No,No,,,,,,,,,,,,,D,2,high_rating,0,,checkatrade,1,none,,,checkatrade,,dragonelectricalinstallation,,
RD Electrical (SW),Riccardo,,Riccardo,,Bristol,07460341394,,,,,,,,,,,,,,,9.83,7,,,,,,Small,No,Yes,unclear,No,,,,No,No,,,,,,,,,,,,,D,3,has_reviews; high_rating,0,,"checkatrade, ratedpeople",2,high,,,checkatrade,"ratedpeople:5/89, ratedpeople:5/89, ratedpeople:5/89, ratedpeople:5/89, ratedpeople:5/89, ratedpeople:5/89",rdelectricalsw,,
Gareth Edwards Electrical (Gee),Gareth,,Gareth,,Electrician,07307294996,,,,,,,,,,,,,,,9.9,7,,,,,,Small,No,Yes,unclear,No,,,,No,No,,,,,,,,,,,,,D,3,has_reviews; high_rating,0,,checkatrade,1,none,,,checkatrade,,garethedwardselectrical,,
Assured Electrical Solutions Limited,Jamie,Parry-williams,Jamie Parry-williams,Director,providing,07723928817,,,,,,,,,,,,,,,10,4,401769603,,,,,Established,Yes,Yes,unclear,No,,,,No,No,,43210,,7,active,1,,Mr Jamie Parry-Williams,2025-04-05,,,,C,5,invested_in_platform; high_rating; company_5+_years,0,established_but_invisible,checkatrade,1,none,,,companies_house,,assuredelectricalsolutionslimited,,11754338
Powered Electrical Contractors Ltd,Ognyan,Mihaylov,Ognyan Ognyanov Mihaylov,Director,Portishead,07403677984,,,,,,,,,,,,,,,,4,,,,,,Small,Yes,Yes,unclear,No,,,,No,No,,82990,,13,active,1,,Mr Ognyan Ogyanov Mihaylov,2024-11-30,,,,D,1,company_5+_years,0,established_but_invisible,checkatrade,1,none,,,companies_house,,poweredelectricalcontractors,,08779969
Kingpin Electrical Ltd,David,Stott,David Stott,Director,Electrician,07575397590,,,07308503286,,07308503286,,,https://www.trustagarage.com/,,,,,,,9.78,8,239269084,,,,,Established,Yes,Yes,unclear,No,,,,No,No,,43210,,11,active,1,,Mr David Stott,2025-03-31,,,,C,6,has_reviews; invested_in_platform; high_rating; company_5+_years,2,,"checkatrade, trustatrader",2,medium,cross_platform,cross_platform,companies_house,trustatrader:4.99/18,kingpinelectricalltd,,09411672
VLV Electrical Ltd,Vincent,Hinton,Vincent Hinton,Director,Chepstow,07450333205,,,07307211702,,07307211702,,,http://www.sselectricaleastlondon.co.uk/,,,,,,,10,1,,,,,,Small,Yes,Yes,unclear,No,,,,No,No,,"33140, 43210",,2,active,1,,Mr Vincent Hinton,2025-01-31,,,,D,2,high_rating,2,,"checkatrade, trustatrader",2,medium,cross_platform,cross_platform,companies_house,trustatrader:4.95/79,vlvelectricalltd,,15403598
Briggs Bray Electrical Services Ltd,Aaron,Bray,Aaron James Bray,Director,Electrician,07723454197,,,,,,,,,,,,,,,9.86,2,462595172,,,,,Established,Yes,Yes,unclear,No,,,,No,No,,43210,,3,active,2,,Mr Lewis James Briggs,2025-08-31,,,,C,4,invested_in_platform; high_rating,0,,checkatrade,1,none,,,companies_house,,briggsbrayelectricalservices,,15086062
HMT Electrical Services Ltd,Huw,Thomas,Huw Morgan Thomas,Director,Porth and,07446475750,,,07307203857,,07307203857,,,http://www.ths-electrical.co.uk/,,,,,,,9.93,1,,,,,,Small,Yes,Yes,unclear,No,,,,No,No,,43210,,4,active,1,,Mr Huw Morgan Thomas,2025-02-28,,,,D,2,high_rating,2,,"checkatrade, trustatrader",2,medium,cross_platform,cross_platform,companies_house,"trustatrader:4.97/209, trustatrader:4.97/209",hmtelectricalservicesltd5906532,,13944856
Rpb Electrical Ltd,Ryan,Bowen,Ryan Bowen,Director,Gloucestershire and,07427906728,,,07307211702,,07307211702,,,http://www.sselectricaleastlondon.co.uk/,,,,,,,9.75,1,,,,,,Small,Yes,Yes,unclear,No,,,,No,No,,43210,,6,active,1,,Mr Ryan Bowen,2024-10-31,,,,D,3,high_rating; company_5+_years,2,,"checkatrade, trustatrader",2,medium,cross_platform,cross_platform,companies_house,trustatrader:4.95/79,rpbelectricalltd937663,,12953884
SCT Electrical Ltd,Wayne,Scott,Wayne Barry Scott,Director,Electrician,07446965270,,,07307211702,,07307211702,,,http://www.sselectricaleastlondon.co.uk/,,,,,,,10,6,,,,,,Small,Yes,Yes,unclear,No,,,,No,No,,43210,,5,active,1,,Mr Wayne Barry Scott,2025-03-31,,,,C,4,has_reviews; high_rating; company_5+_years,2,,"checkatrade, trustatrader",2,medium,cross_platform,cross_platform,companies_house,trustatrader:4.95/79,sctelectricalltd,,13251054
Delta Electrical Cumbria Ltd,Jonathan,Beck,Jonathan Beck,Director,WORKINGTON and,07427548446,,,,,,,,,,,,,,,10,2,,,,,,Small,Yes,Yes,unclear,No,,,,No,No,,43210,,5,active,1,,Mr Jonathan Beck,2025-07-31,,,,D,3,high_rating; company_5+_years,0,established_but_invisible,checkatrade,1,none,,,companies_house,,deltaelectricalcumbrialtd,,13536083
KS Electrical,Kris,,Kris,,Carlisle,07367093787,,,07307211702,,07307211702,,,http://www.sselectricaleastlondon.co.uk/,,,,,,,9.89,6,294132209,,,,,Small,No,Yes,unclear,No,,,,No,No,,,,,,,,,,,,,C,5,has_reviews; invested_in_platform; high_rating,2,,"checkatrade, trustatrader",2,medium,cross_platform,cross_platform,checkatrade,trustatrader:4.95/79,kselectricalcarlisle,,
CG Electrical,Cameron,,Cameron,,Electrician,07413536215,,,07307211702,,07307211702,,,http://www.sselectricaleastlondon.co.uk/,,,,,,,9.82,3,432801717,,,,,Small,No,Yes,unclear,No,,,,No,No,,,,,,,,,,,,,C,4,invested_in_platform; high_rating,2,,"checkatrade, trustatrader",2,medium,cross_platform,cross_platform,checkatrade,trustatrader:4.95/79,cgelectrical1087063,,
Titan Electrical Ltd,Thomas,Knight,Thomas Edward Knight,Director,Electrician,07307206545,,,,,,,,,,,,,,,9.9,4,,,,,,Small,Yes,Yes,unclear,No,,,,No,No,,43210,,7,active,1,,Mr Thomas Edward Knight,2024-06-30,,,,D,3,high_rating; company_5+_years,0,established_but_invisible,"checkatrade, myjobquote",2,medium,,,companies_house,myjobquote:5/1,titanelectrical864122,,11851941
2 X 4 Workshop,Drazen,,Drazen,,Cambridge,07414635585,,,,,,,,,,,,,,,9.89,7,,,,,,Small,No,Yes,unclear,No,,,,No,No,,,,,,,,,,,,,D,3,has_reviews; high_rating,0,,checkatrade,1,none,,,checkatrade,,vulovicelectrics,,
MK4Electrical Services,Mantas,,Mantas,,Electrician,07426475818,,,07307204918,,07307204918,,,https://www.trustagarage.com/,,,,,,,9.94,5,,,,,,Small,No,Yes,unclear,No,,,,No,No,,,,,,,,,,,,,D,3,has_reviews; high_rating,2,,"checkatrade, trustatrader",2,medium,cross_platform,cross_platform,checkatrade,trustatrader:5.0/17,mk4electricalltd878919,,
DH Electrical,Daley,Hibbert,Daley Hibbert,,Electrician,07307204289,,,07307236355,,07307236355,,,https://dhelectrical.co/,,,,,,,9.69,5,319188972,,,,,Small,No,Yes,unclear,No,,,,No,No,,,,,,,,,,,,,C,6,has_reviews; invested_in_platform; high_rating; 2+_platforms,2,,"checkatrade, trustatrader, mybuilder",3,high,cross_platform,cross_platform,checkatrade,"trustatrader:4.95/13, mybuilder:?/11",dhelectrical480494,,
Fastric Electrical Services,Mahbub,,Mahbub,,Electrician,07447191225,,,,,,,,,,,,,,,10,7,,,,,,Small,No,Yes,unclear,No,,,,No,No,,,,,,,,,,,,,D,3,has_reviews; high_rating,0,,checkatrade,1,none,,,checkatrade,,fastricelectricalservices,,
SAFESPARK ELECTRICAL & PLUMBING LTD,Reece,Finch,Reece Mark Finch,Director,Electrician,07426495809,,,,,,,,,,,,,,,9.67,5,,,,,,Small,Yes,Yes,unclear,No,,,,No,No,,43210,,6,active,2,,Mr Leon Anthony Thompson,2025-03-31,,,,C,4,has_reviews; high_rating; company_5+_years,0,established_but_invisible,checkatrade,1,none,,,companies_house,,safesparkelectricalplumbingltd,,12422282
Derren Heath Electrical,Derren,,Derren,,Cambridge and,07380319551,,,,,,,,,,,,,,,10,2,,,,,,Small,No,Yes,unclear,No,,,,No,No,,,,,,,,,,,,,D,2,high_rating,0,,"checkatrade, mybuilder",2,high,,,checkatrade,mybuilder:?/84,derrenheathelectrical,,
Gold Standard Electrical,Jack,,Jack,,Electrician,07400469294,,,,,,,,,,,,,,,9.73,2,,,,,,Small,No,Yes,unclear,No,,,,No,No,,,,,,,,,,,,,D,2,high_rating,0,,checkatrade,1,none,,,checkatrade,,goldstandardelectrical,,
Lighting Electrical Experts LTD,Valandi,Kotorri,Valandi Kotorri,Director,Electrician,07458176614,,,,,,,,,,,,,,,,1,,,,,,Small,Yes,Yes,unclear,No,,,,No,No,,"43210, 43290, 96090",,1,active,1,,Mr Valandi Kotorri,,,,,D,0,,0,,"checkatrade, mybuilder",2,high,,,companies_house,mybuilder:?/54,lightingelectricalexpertsltd5928582,,16318937
MDN Electrical Services,Massimo,Di,Massimo Di,,Electrician,07307207235,,,07307203857,,07307203857,,,http://www.ths-electrical.co.uk/,,,,,,,9.88,5,,,,,,Solo,No,No,unclear,No,,,,No,No,,,,,,,,,,,,,D,3,has_reviews; high_rating,2,,"checkatrade, trustatrader",2,medium,cross_platform,cross_platform,checkatrade,"trustatrader:4.97/209, trustatrader:4.97/209",mdnelectricalservices963359,,
Castleside Electrical Ltd,Edward,Wilson,Edward Wilson,Director,Cambridge,07446446483,,,,,,,,,,,,,,,10,2,416208324,,,,,Established,Yes,Yes,unclear,No,,,,No,No,,"43210, 99999",,11,active,1,,Mrs Laura Wilson,2025-03-31,,,,C,5,invested_in_platform; high_rating; company_5+_years,0,established_but_invisible,checkatrade,1,none,,,companies_house,,castlesideelectricalltd,,09547711
Solon Electrical Limited,Stanley,Gregory,Stanley Alan Gregory,Director,Saffron Walden,07897020308,,,07307292115,,07307292115,,,https://www.lopelectrical.co.uk/,,,,,,,9.97,2,,,,,,Small,Yes,Yes,unclear,No,,,,No,No,,43210,,2,active,2,,Mr Louis Charles Levine,,,,,D,2,high_rating,2,,"checkatrade, trustatrader",2,medium,cross_platform,cross_platform,companies_house,trustatrader:4.97/26,solonelectricallimited,,15937683