company_name,owner_name,trade_type,location,website_url,overall_rating,review_count,phone,verification_status,services,coverage_area,member_since,profile_url,source_platform
JK Building Services,,Garage Conversion,,,5,4,,ID Checked; Public Liability Insurance,,,2000,https://www.myjobquote.co.uk/t/jk-building-services-2,myjobquote
Allan & Sons Renovations Limited,,Garage Conversion,,,5,2,,ID Checked,,,2008,https://www.myjobquote.co.uk/t/allan-sons-renovations-limited,myjobquote
AJD prooperty investment LTD,,Garage Conversion,,,5,3,,ID Checked,,,Jan 2020,https://www.myjobquote.co.uk/t/ajd-prooperty-investment-ltd,myjobquote
Idlcontractors,,Garage Conversion,,,5,2,,ID Checked,,,2017,https://www.myjobquote.co.uk/t/idlcontractors,myjobquote
Issa Services,,Garage Conversion,,,5,33,,ID Checked,,,2016,https://www.myjobquote.co.uk/t/issa-services,myjobquote
L.G building,,Garage Conversion,,,5,2,,ID Checked; Public Liability Insurance,,,2026,https://www.myjobquote.co.uk/t/lg-building-1,myjobquote
Silver Prism Construction Ltd,,Garage Conversion,,,5,4,,ID Checked,,,2023,https://www.myjobquote.co.uk/t/silver-prism-construction-ltd,myjobquote
Building construction and innovation ltd,,Garage Conversion,,,5,1,07418368597,ID Checked,,,2018,https://www.myjobquote.co.uk/t/building-construction-and-innovation-ltd,myjobquote
Dfinal Touch Engineering Ltd,,Garage Conversion,,,5,1,,ID Checked,,,2013,https://www.myjobquote.co.uk/t/dfinal-touch-engineering-ltd,myjobquote
Brentwood bathrooms ltd,,Garage Conversion,,,5,2,,ID Checked,,,2024,https://www.myjobquote.co.uk/t/brentwood-bathrooms-ltd,myjobquote
Komfort builders,,Garage Conversion,,,4,1,,ID Checked; Public Liability Insurance,,,2018,https://www.myjobquote.co.uk/t/komfort-builders,myjobquote
Oresti paving &  construction LTD,,Garage Conversion,,,5,5,,ID Checked,,,2002,https://www.myjobquote.co.uk/t/oresti-paving-construction-ltd,myjobquote
NLD.London,,Garage Conversion,,,5,3,,ID Checked; Public Liability Insurance,,,2015,https://www.myjobquote.co.uk/t/nldlondon,myjobquote
DFLCONSTRUCTIONSERVICES,,Garage Conversion,,,5,1,,ID Checked,,,1990,https://www.myjobquote.co.uk/t/dflconstructionservices,myjobquote
Tuti Builders,,Garage Conversion,,,5,6,07418340400,ID Checked,,,2018,https://www.myjobquote.co.uk/t/tuti-builders,myjobquote
Bob Building,,Garage Conversion,,,5,4,,ID Checked,,,2019,https://www.myjobquote.co.uk/t/bob-building-1,myjobquote
Graeme&#039;s Kitchen & General Building services,,Garage Conversion,,,5,1,,ID Checked; Public Liability Insurance,,,2020,https://www.myjobquote.co.uk/t/graemes-kitchen-general-building-services,myjobquote
EWM Design & Build Ltd,,Garage Conversion,,,5,1,,ID Checked,,,Aug 2025,https://www.myjobquote.co.uk/t/ewm-design-build-ltd,myjobquote
Todor Tosev,,Garage Conversion,,,5,1,,ID Checked,,,2011,https://www.myjobquote.co.uk/t/todor-tosev,myjobquote
Phoenix property solutions,,Garage Conversion,,,5,1,,ID Checked,,,Jul 2025,https://www.myjobquote.co.uk/t/phoenix-property-solutions,myjobquote
Solis Resorces &Co Ltd,,Garage Conversion,,,5,1,,ID Checked,,,,https://www.myjobquote.co.uk/t/solis-resorces-co-ltd,myjobquote
Nrs roofing services,,Garage Conversion,,,5,1,07418317352,ID Checked,,,2012,https://www.myjobquote.co.uk/t/nrs-roofing-services,myjobquote
H G Witcher Carpentry,,Garage Conversion,,,5,1,,ID Checked,,,Aug 2025,https://www.myjobquote.co.uk/t/h-g-witcher-carpentry,myjobquote
JMC Build Ltd,,Garage Conversion,,,5,1,,ID Checked,,,2024,https://www.myjobquote.co.uk/t/jmc-build-ltd,myjobquote
ASVIV LTD,,Garage Conversion,,,5,1,,ID Checked,,,2021,https://www.myjobquote.co.uk/t/asviv-ltd,myjobquote
Mena contractor ltd,,Garage Conversion,,,5,2,,ID Checked,,,2023,https://www.myjobquote.co.uk/t/mena-contractor-ltd,myjobquote
AdrianSobolak,,Garage Conversion,,,5,1,,ID Checked,,,Sep 2025,https://www.myjobquote.co.uk/t/adriansobolak,myjobquote
David general construction LTD,,Garage Conversion,,,5,1,,ID Checked,,,2016,https://www.myjobquote.co.uk/t/david-general-construction-ltd,myjobquote
TSMD Properties Ltd,,Garage Conversion,,,5,1,,ID Checked,,,2021,https://www.myjobquote.co.uk/t/tsmd-properties-ltd,myjobquote
Temple Fortune Construction,,Garage Conversion,,,5,7,,ID Checked,,,Sep 2025,https://www.myjobquote.co.uk/t/temple-fortune-construction,myjobquote
Jack chapman,,Garage Conversion,,,4,2,,ID Checked,,,2024,https://www.myjobquote.co.uk/t/jack-chapman-1,myjobquote
Alberto,,Garage Conversion,,,5,1,,ID Checked,,,Mar 2022,https://www.myjobquote.co.uk/t/alberto-9,myjobquote
Fix It Right,,Garage Conversion,,,5,1,,ID Checked,,,2022,https://www.myjobquote.co.uk/t/fix-it-right-3,myjobquote
Vasilica Adamuta LTD,,Garage Conversion,,,5,1,,ID Checked,,,2018,https://www.myjobquote.co.uk/t/vasilica-adamuta-ltd-1,myjobquote
NILS ON CALL,,Garage Conversion,,,5,14,,ID Checked,,,2025,https://www.myjobquote.co.uk/t/nils-on-call,myjobquote
Noble builders,,Garage Conversion,,,5,4,,ID Checked,,,2014,https://www.myjobquote.co.uk/t/noble-builders,myjobquote
Task plan development ltd,,Garage Conversion,,,5,2,,ID Checked,,,2014,https://www.myjobquote.co.uk/t/task-plan-development-ltd,myjobquote
Azad Randhawa,,Garage Conversion,,,5,5,,ID Checked,,,2019,https://www.myjobquote.co.uk/t/azad-randhawa,myjobquote
Ward Builders,,Garage Conversion,,,5,19,,ID Checked,,,1991,https://www.myjobquote.co.uk/t/ward-builders,myjobquote
Limelight Build LTD,,Garage Conversion,,,5,11,,ID Checked,,,2023,https://www.myjobquote.co.uk/t/limelight-build-ltd,myjobquote
Pro Dryliner Ltd,,Garage Conversion,,,4.9,18,07418369558,ID Checked,,,2020,https://www.myjobquote.co.uk/t/pro-dryliner-ltd,myjobquote
Waldman Construction,,Garage Conversion,,,4.8,5,,ID Checked,,,2021,https://www.myjobquote.co.uk/t/waldman-construction,myjobquote
ISAV LTD,,Garage Conversion,,,5,5,,ID Checked,,,2024,https://www.myjobquote.co.uk/t/isav-ltd,myjobquote
As you like it building services Ltd,,Garage Conversion,,,5,3,,ID Checked; Public Liability Insurance,,,2014,https://www.myjobquote.co.uk/t/as-you-like-it-building-services-ltd,myjobquote
Insight Property Maintenance,,Garage Conversion,,,5,15,,ID Checked,,,2006,https://www.myjobquote.co.uk/t/insight-property-maintenance,myjobquote
MSG Design Ltd,,Garage Conversion,,,5,26,07418374742,ID Checked,,,2018,https://www.myjobquote.co.uk/t/msg-design-ltd,myjobquote
Buckingham & Sons Ltd,,Garage Conversion,,,4.8,5,,ID Checked,,,2008,https://www.myjobquote.co.uk/t/buckingham-sons-ltd,myjobquote
DDN HOLDINGS,,Garage Conversion,,,4.8,2,,ID Checked; Public Liability Insurance,,,2015,https://www.myjobquote.co.uk/t/ddn-holdings,myjobquote
Bespoke Construction,,Garage Conversion,,,5,2,,ID Checked,,,2024,https://www.myjobquote.co.uk/t/bespoke-construction-6,myjobquote
Xpert Builders,,Garage Conversion,,,5,8,,ID Checked,,,Jun 2024,https://www.myjobquote.co.uk/t/xpert-builders,myjobquote
Priority roofing&building design,,Garage Conversion,,,5,2,,ID Checked,,,2025,https://www.myjobquote.co.uk/t/priority-roofingbuilding-design,myjobquote
Refurb and Maintenance,,Garage Conversion,,,5,17,,ID Checked,,,2018,https://www.myjobquote.co.uk/t/refurb-and-maintenance,myjobquote
Clarks property services,,Garage Conversion,,,5,3,,ID Checked,,,Oct 2023,https://www.myjobquote.co.uk/t/clarks-property-services,myjobquote
Winfresh Construction Limited,,Garage Conversion,,,5,1,,ID Checked,,,2024,https://www.myjobquote.co.uk/t/winfresh-construction-limited,myjobquote
TH Decorators & maintenance,,Garage Conversion,,,3,1,,ID Checked,,,1988,https://www.myjobquote.co.uk/t/th-decorators-maintenance,myjobquote
london north south builders,,Garage Conversion,,,1,1,,ID Checked,,,2010,https://www.myjobquote.co.uk/t/london-north-south-builders,myjobquote
Cedar and co construction ltd,,Garage Conversion,,,1,1,,ID Checked,,,2022,https://www.myjobquote.co.uk/t/cedar-and-co-construction-ltd,myjobquote
KLS SERVICES LTD,,Garage Conversion,,,3,1,,ID Checked,,,2006,https://www.myjobquote.co.uk/t/kls-services-ltd,myjobquote
Llllllll,,Garage Conversion,,,1,1,,ID Checked,,,2021,https://www.myjobquote.co.uk/t/llllllll,myjobquote
CJK DELUXE CLEANERS,,Garage Conversion,,,1,1,,ID Checked,,,2020,https://www.myjobquote.co.uk/t/cjk-deluxe-cleaners,myjobquote
Builders Fix Ltd,,Garage Conversion,,,3,1,,ID Checked,,,2018,https://www.myjobquote.co.uk/t/builders-fix-ltd,myjobquote
JAM Contractors Ltd,,Garage Conversion,,,3,1,,ID Checked,,,2018,https://www.myjobquote.co.uk/t/jam-contractors-ltd-2,myjobquote
Ionut Moraru,,Garage Conversion,,,1,1,,ID Checked,,,2018,https://www.myjobquote.co.uk/t/ionut-moraru,myjobquote
ESSEX BUILDING & LANDSCAPIG,,Garage Conversion,,,1,1,,ID Checked,,,2010,https://www.myjobquote.co.uk/t/essex-building-landscapig,myjobquote
AJL BUILDERS LIMITED,,Garage Conversion,,,4.68,0,,ID Checked,,,Jul 2018,https://www.myjobquote.co.uk/t/ajl-builders-limited,myjobquote
AAA Dream construction,,Garage Conversion,,,4.68,0,,ID Checked,,,2022,https://www.myjobquote.co.uk/t/aaa-dream-construction,myjobquote
AAA Dream construction,,Garage Conversion,,,4.68,0,,,,,2023,https://www.myjobquote.co.uk/t/siva-builder-lat,myjobquote
Siva builder lat,,Garage Conversion,,,4.68,0,,,,,Mar 2023,https://www.myjobquote.co.uk/t/east-1-maintenance,myjobquote
Str&dra Ltd,,Garage Conversion,,,4.68,0,,ID Checked; Public Liability Insurance,,,2024,https://www.myjobquote.co.uk/t/strdra-ltd,myjobquote
LDN Construction,,Garage Conversion,,,4.68,0,,ID Checked,,,2024,https://www.myjobquote.co.uk/t/ldn-construction,myjobquote
Thamesside building  services,,Garage Conversion,,,4.68,0,,ID Checked,,,2022,https://www.myjobquote.co.uk/t/thamesside-building-services,myjobquote
Matrix General Builder Ltd,,Garage Conversion,,,4.68,0,,ID Checked,,,2005,https://www.myjobquote.co.uk/t/matrix-general-builder-ltd,myjobquote
TS Traders Ltd,,Garage Conversion,,,4.68,0,,Public Liability Insurance,,,Jul 2023,https://www.myjobquote.co.uk/t/ts-traders-ltd,myjobquote
Gursevakconstrution,,Garage Conversion,,,4.68,0,,Public Liability Insurance,,,Apr 2025,https://www.myjobquote.co.uk/t/gursevakconstrution,myjobquote
Jagbir,,Garage Conversion,,,4.68,0,,ID Checked,,,Feb 2025,https://www.myjobquote.co.uk/t/jagbir,myjobquote
DYMOND BUILDERS,,Garage Conversion,,,4.68,0,,ID Checked,,,2024,https://www.myjobquote.co.uk/t/dymond-builders,myjobquote
Narcyz,,Garage Conversion,,,4.68,0,,ID Checked,,,Jan 2024,https://www.myjobquote.co.uk/t/narcyz,myjobquote
K&B Peter,,Garage Conversion,,,4.68,0,,ID Checked,,,1991,https://www.myjobquote.co.uk/t/kb-peter,myjobquote
newlife engineering,,Garage Conversion,,,4.68,0,,ID Checked,,,2002,https://www.myjobquote.co.uk/t/newlife-engineering,myjobquote
Lee swain brickwork,,Garage Conversion,,,4.68,0,,ID Checked,,,May 2023,https://www.myjobquote.co.uk/t/lee-swain-brickwork,myjobquote
Allidri Builders,,Garage Conversion,,,4.68,0,,,,,1999,https://www.myjobquote.co.uk/t/allidri-builders,myjobquote
Etm loft construction,,Garage Conversion,,,4.68,0,,,,,Nov 2015,https://www.myjobquote.co.uk/t/etm-loft-construction,myjobquote
Etm loft construction,,Garage Conversion,,,4.68,0,,ID Checked,,,Mar 2024,https://www.myjobquote.co.uk/t/builder-ideal,myjobquote
Panorama Builders,,Garage Conversion,,,4.68,0,,ID Checked,,,2024,https://www.myjobquote.co.uk/t/panorama-builders-1,myjobquote
JP Constructions,,Garage Conversion,,,4.68,0,,ID Checked,,,2019,https://www.myjobquote.co.uk/t/jp-constructions-1,myjobquote
Dumiral,,Garage Conversion,,,4.68,0,,ID Checked,,,Sep 2025,https://www.myjobquote.co.uk/t/dumiral,myjobquote
Dumiral,,Garage Conversion,,,4.68,0,,ID Checked,,,2001,https://www.myjobquote.co.uk/t/ga-builders-ltd,myjobquote
HOAM BUILD LTD,,Garage Conversion,,,4.68,0,,ID Checked,,,Jul 2024,https://www.myjobquote.co.uk/t/hoam-build-ltd,myjobquote
Seb Bild,,Garage Conversion,,,4.68,0,,ID Checked,,,2013,https://www.myjobquote.co.uk/t/seb-bild,myjobquote
ACM Group London Ltd,,Garage Conversion,,,4.68,0,,ID Checked,,,2025,https://www.myjobquote.co.uk/t/acm-group-london-ltd,myjobquote
Matteo construction ltd,,Garage Conversion,,,4.68,0,,ID Checked,,,Oct 2025,https://www.myjobquote.co.uk/t/matteo-construction-ltd,myjobquote
Matteo construction ltd,,Garage Conversion,,,4.68,0,,ID Checked,,,2008,https://www.myjobquote.co.uk/t/mihai-pasare,myjobquote
Mirsini Property Development Ltd,,Garage Conversion,,,4.68,0,,ID Checked,,,May 2020,https://www.myjobquote.co.uk/t/mirsini-property-development-ltd,myjobquote
Amy Builders Ltd,,Garage Conversion,,,4.68,0,,ID Checked,,,2014,https://www.myjobquote.co.uk/t/amy-builders-ltd,myjobquote
Westpro,,Garage Conversion,,,4.68,0,,ID Checked,,,Nov 2021,https://www.myjobquote.co.uk/t/westpro,myjobquote
Westpro,,Garage Conversion,,,4.68,0,,ID Checked; Public Liability Insurance,,,2012,https://www.myjobquote.co.uk/t/kr-builder-ltd,myjobquote
Sky dream constructions,,Garage Conversion,,,4.68,0,,ID Checked,,,2014,https://www.myjobquote.co.uk/t/sky-dream-constructions,myjobquote
Y J Builders,,Garage Conversion,,,4.68,0,,ID Checked,,,Aug 2025,https://www.myjobquote.co.uk/t/y-j-builders,myjobquote
Y J Builders,,Garage Conversion,,,4.68,0,,,,,Jan 2022,https://www.myjobquote.co.uk/t/a1london-builders,myjobquote
Rs Geneva Constructions LTD,,Garage Conversion,,,4.68,0,,,,,Aug 2024,https://www.myjobquote.co.uk/t/rs-geneva-constructions-ltd,myjobquote
Girard Joseph,,Garage Conversion,,,5,2,,ID Checked,,,Jan 2025,https://www.myjobquote.co.uk/t/girard-joseph,myjobquote
Supermarioconstraction1984,,Garage Conversion,,,5,9,,ID Checked; Public Liability Insurance,,,2007,https://www.myjobquote.co.uk/t/supermarioconstraction1984,myjobquote
B&R BUILDING SERVICE Ltd,,Garage Conversion,,,5,1,,ID Checked,,,2005,https://www.myjobquote.co.uk/t/br-building-service-ltd,myjobquote
Pristine Property Group,,Garage Conversion,,,5,1,,ID Checked,,,2010,https://www.myjobquote.co.uk/t/pristine-property-group,myjobquote
Brite Constructions Limited,,Garage Conversion,,,4.68,0,,ID Checked,,,Jun 2022,https://www.myjobquote.co.uk/t/brite-constructions-limited,myjobquote
Kondi,,Garage Conversion,,,4.68,0,,ID Checked,,,Aug 2017,https://www.myjobquote.co.uk/t/kondi,myjobquote
Kondi,,Garage Conversion,,,4.68,0,,ID Checked,,,2016,https://www.myjobquote.co.uk/t/prono-ltd,myjobquote
PRONO LTD,,Garage Conversion,,,4.68,0,,ID Checked,,,2010,https://www.myjobquote.co.uk/t/ssk-builders-london,myjobquote
RKY Developments Ltd,,Garage Conversion,,,4.68,0,,ID Checked,,,2022,https://www.myjobquote.co.uk/t/rky-developments-ltd,myjobquote
Golden Hands Carpentry,,Garage Conversion,,,4.68,0,,Public Liability Insurance,,,Jan 2026,https://www.myjobquote.co.uk/t/golden-hands-carpentry,myjobquote
Burtai Refurbishment LTD,,Garage Conversion,,,4.68,0,,ID Checked,,,2012,https://www.myjobquote.co.uk/t/burtai-refurbishment-ltd,myjobquote
AJP COTRACTORS,,Garage Conversion,,,4.68,0,,ID Checked,,,2002,https://www.myjobquote.co.uk/t/ajp-cotractors,myjobquote
T1construction,,Garage Conversion,,,4.68,0,,ID Checked,,,2020,https://www.myjobquote.co.uk/t/t1construction,myjobquote
JM bespoke,,Garage Conversion,,,5,1,,ID Checked,,,Nov 2025,https://www.myjobquote.co.uk/t/jm-bespoke,myjobquote
DD Building Services,,Garage Conversion,,,5,2,,ID Checked,,,2014,https://www.myjobquote.co.uk/t/dd-building-services-2,myjobquote
Arnav construction ltd,,Garage Conversion,,,4.68,0,,,,,Jun 2022,https://www.myjobquote.co.uk/t/arnav-construction-ltd,myjobquote
Arnav construction ltd,,Garage Conversion,,,4.68,0,,,,,Jun 2022,https://www.myjobquote.co.uk/t/sadaat,myjobquote
Sadaat,,Garage Conversion,,,4.68,0,,,,,2005,https://www.myjobquote.co.uk/t/raja-builders-ltd,myjobquote
Raja builders ltd,,Garage Conversion,,,4.68,0,,,,,Mar 2021,https://www.myjobquote.co.uk/t/habibi,myjobquote
Habibi,,Garage Conversion,,,4.68,0,,,,,Aug 2023,https://www.myjobquote.co.uk/t/fahad,myjobquote
Fahad,,Garage Conversion,,,4.68,0,,ID Checked; Public Liability Insurance,,,Sep 2022,https://www.myjobquote.co.uk/t/case-di-lusso-ltd,myjobquote
b85ltd,,Garage Conversion,,,4.68,0,,ID Checked,,,May 2025,https://www.myjobquote.co.uk/t/b85ltd,myjobquote
b85ltd,,Garage Conversion,,,4.68,0,,ID Checked,,,Jan 2024,https://www.myjobquote.co.uk/t/bilder-1,myjobquote
Jakhar General Builders,,Garage Conversion,,,4.68,0,,,,,Oct 2025,https://www.myjobquote.co.uk/t/jakhar-general-builders,myjobquote
ECUABRAL,,Garage Conversion,,,4.68,0,,ID Checked,,,Sep 2022,https://www.myjobquote.co.uk/t/ecuabral-1,myjobquote
Equip builders ltd,,Garage Conversion,,,4.68,0,,ID Checked,,,Apr 2023,https://www.myjobquote.co.uk/t/equip-builders-ltd,myjobquote
Pro Jm Builders,,Garage Conversion,,,4.68,0,,ID Checked,,,2016,https://www.myjobquote.co.uk/t/pro-jm-builders,myjobquote
"Alam,s",,Garage Conversion,,,4.68,0,,ID Checked,,,Mar 2025,https://www.myjobquote.co.uk/t/alams,myjobquote
"Alam,s",,Garage Conversion,,,4.68,0,,ID Checked,,,2012,https://www.myjobquote.co.uk/t/angel-building-services-ltd,myjobquote
Alex&#039;s carpenter,,Garage Conversion,,,4.68,0,,ID Checked,,,Jan 2024,https://www.myjobquote.co.uk/t/alexs-carpenter,myjobquote
Alex&#039;s carpenter,,Garage Conversion,,,4.68,0,,Public Liability Insurance,,,2015,https://www.myjobquote.co.uk/t/amplo-mm-ltd,myjobquote
Good Labourer,,Garage Conversion,,,4.68,0,,,,,May 2020,https://www.myjobquote.co.uk/t/good-labourer,myjobquote
hundal services,,Garage Conversion,,,4.68,0,,ID Checked,,,Apr 2023,https://www.myjobquote.co.uk/t/hundal-services,myjobquote
INS Projects Ltd.,,Garage Conversion,,,4.68,0,,ID Checked; Public Liability Insurance,,,2006,https://www.myjobquote.co.uk/t/ins-projects-ltd,myjobquote
Mr structual ltd,,Garage Conversion,,,4.68,0,,ID Checked,,,,https://www.myjobquote.co.uk/t/mr-structual-ltd,myjobquote
Y J Builders,,Garage Conversion,,,4.68,0,,,,,2018,https://www.myjobquote.co.uk/t/bon-dar-building-solutions,myjobquote
Joni building services,,Garage Conversion,,,4.68,0,,,,,May 2023,https://www.myjobquote.co.uk/t/joni-building-services,myjobquote
Joni building services,,Garage Conversion,,,4.68,0,,,,,Apr 2022,https://www.myjobquote.co.uk/t/marku-guaranteed-builder-uk-ltd,myjobquote
Marku Guaranteed Builder Uk Ltd,,Garage Conversion,,,4.68,0,,ID Checked,,,Dec 2022,https://www.myjobquote.co.uk/t/4cs-building-solution,myjobquote
Mastercraft building,,Garage Conversion,,,4.68,0,,ID Checked,,,2020,https://www.myjobquote.co.uk/t/mastercraft-building,myjobquote
Jamkan Building Services LTD,,Garage Conversion,,,4.68,0,,ID Checked,,,Jul 2025,https://www.myjobquote.co.uk/t/jamkan-building-services-ltd,myjobquote
Jamkan Building Services LTD,,Garage Conversion,,,4.68,0,,ID Checked,,,2015,https://www.myjobquote.co.uk/t/hq-home-improvements,myjobquote
APSKM GROUP LTD,,Garage Conversion,,,4.68,0,,ID Checked,,,Feb 2019,https://www.myjobquote.co.uk/t/apskm-group-ltd,myjobquote
Soares Builders TD,,Garage Conversion,,,4.68,0,,ID Checked,,,Apr 2024,https://www.myjobquote.co.uk/t/soares-builders-td,myjobquote
Soares Builders TD,,Garage Conversion,,,4.68,0,,,,,Jun 2024,https://www.myjobquote.co.uk/t/mjr-builders-ltd,myjobquote
MJR Builders Ltd,,Garage Conversion,,,4.68,0,,ID Checked,,,2010,https://www.myjobquote.co.uk/t/ioan-cioinea-tomoiaga,myjobquote
helix construction ltd,,Garage Conversion,,,4.68,0,,ID Checked,,,Sep 2019,https://www.myjobquote.co.uk/t/helix-construction-ltd,myjobquote
evergreenstructures ltd,,Garage Conversion,,,4.68,0,,,,,Jun 2023,https://www.myjobquote.co.uk/t/evergreenstructures-ltd,myjobquote
Hyusein,,Garage Conversion,,,4.68,0,,ID Checked,,,May 2025,https://www.myjobquote.co.uk/t/hyusein,myjobquote
Hyusein,,Garage Conversion,,,4.68,0,,ID Checked,,,Oct 2023,https://www.myjobquote.co.uk/t/theconsciousbuilder,myjobquote
Kriss,,Garage Conversion,,,4.68,0,,ID Checked,,,Sep 2023,https://www.myjobquote.co.uk/t/kriss-6,myjobquote
Kriss,,Garage Conversion,,,4.68,0,,ID Checked,,,Feb 2024,https://www.myjobquote.co.uk/t/mmbild,myjobquote
Jason,,Garage Conversion,,,4.68,0,,ID Checked,,,2014,https://www.myjobquote.co.uk/t/jason-18,myjobquote
SP Refurbishment and Construction Ltd,,Garage Conversion,,,4.68,0,,ID Checked,,,2012,https://www.myjobquote.co.uk/t/sp-refurbishment-and-construction-ltd,myjobquote
A to z Dream  construction,,Garage Conversion,,,4.68,0,,ID Checked,,,Jan 2019,https://www.myjobquote.co.uk/t/a-to-z-dream-construction,myjobquote
A to z Dream  construction,,Garage Conversion,,,4.68,0,,ID Checked; Public Liability Insurance,,,2014,https://www.myjobquote.co.uk/t/polish-builders-team,myjobquote
Marius,,Garage Conversion,,,4.68,0,,ID Checked,,,Jul 2025,https://www.myjobquote.co.uk/t/marius-89,myjobquote
Marius,,Garage Conversion,,,4.68,0,,ID Checked,,,Feb 2024,https://www.myjobquote.co.uk/t/ihor7,myjobquote
Ihor7,,Garage Conversion,,,4.68,0,,ID Checked,,,2023,https://www.myjobquote.co.uk/t/bcui-builders-ltd,myjobquote
O A Falusi Ltd,,Garage Conversion,,,4.68,0,,ID Checked,,,2016,https://www.myjobquote.co.uk/t/o-a-falusi-ltd,myjobquote
E&M builders,,Garage Conversion,,,4.68,0,,ID Checked,,,2016,https://www.myjobquote.co.uk/t/em-builders,myjobquote
NRN Tokyo Construction,,Garage Conversion,,,4.68,0,,ID Checked,,,2021,https://www.myjobquote.co.uk/t/nrn-tokyo-construction,myjobquote
DDLK Construction Ltd,,Garage Conversion,,,4.68,0,,ID Checked,,,2022,https://www.myjobquote.co.uk/t/ddlk-construction-ltd,myjobquote
London Green Building Services,,Garage Conversion,,,4.68,0,,ID Checked,,,Mar 2022,https://www.myjobquote.co.uk/t/london-green-building-services,myjobquote
Evolvingassets,,Garage Conversion,,,4.68,0,,ID Checked,,,Apr 2024,https://www.myjobquote.co.uk/t/evolvingassets,myjobquote
Sabre Property Services,,Garage Conversion,,,4.68,0,,,,,Dec 2024,https://www.myjobquote.co.uk/t/sabre-property-services,myjobquote
Jb refurbishment,,Garage Conversion,,,4.68,0,,ID Checked,,,2012,https://www.myjobquote.co.uk/t/jb-refurbishment,myjobquote
Wisfix,,Garage Conversion,,,4.68,0,,ID Checked,,,Feb 2022,https://www.myjobquote.co.uk/t/wisfix,myjobquote
Sunny Uk Builder,,Garage Conversion,,,4.68,0,,,,,2020,https://www.myjobquote.co.uk/t/sunny-uk-builder,myjobquote
Kcor services,,Garage Conversion,,,4.68,0,,,,,1983,https://www.myjobquote.co.uk/t/kcor-services,myjobquote
Soima,,Garage Conversion,,,4.68,0,,,,,Nov 2019,https://www.myjobquote.co.uk/t/soima,myjobquote
Soima,,Garage Conversion,,,4.68,0,,ID Checked,,,2009,https://www.myjobquote.co.uk/t/phn-construction-developments,myjobquote
Jede Construction,,Garage Conversion,,,4.68,0,,ID Checked,,,2019,https://www.myjobquote.co.uk/t/jede-construction,myjobquote
Bibis-Fabs Ltd,,Garage Conversion,,,4.68,0,,ID Checked,,,2019,https://www.myjobquote.co.uk/t/bibis-fabs-ltd,myjobquote
MLA Maintenance,,Garage Conversion,,,4.68,0,,ID Checked,,,Nov 2019,https://www.myjobquote.co.uk/t/mla-maintenance,myjobquote
MLA Maintenance,,Garage Conversion,,,4.68,0,,ID Checked,,,Oct 2024,https://www.myjobquote.co.uk/t/s-r-mayfair-projects,myjobquote
CaroLine Builders Ltd,,Garage Conversion,,,4.68,0,,,,,2023,https://www.myjobquote.co.uk/t/caroline-builders-ltd,myjobquote
ABL BUILDING CONSTRUCTION,,Garage Conversion,,,4.68,0,,,,,Nov 2023,https://www.myjobquote.co.uk/t/abl-building-construction,myjobquote
ABL BUILDING CONSTRUCTION,,Garage Conversion,,,4.68,0,,,,,2016,https://www.myjobquote.co.uk/t/kevluck-builders,myjobquote
Valer LTD,,Garage Conversion,,,4.68,0,,ID Checked,,,2022,https://www.myjobquote.co.uk/t/valer-ltd,myjobquote
Smiley Building & Construction LTD,,Garage Conversion,,,4.68,0,,ID Checked,,,2017,https://www.myjobquote.co.uk/t/smiley-building-construction-ltd,myjobquote
ACTIVEMAN CONSTRUCTION LIMITED,,Garage Conversion,,,4.68,0,,,,,Mar 2024,https://www.myjobquote.co.uk/t/activeman-construction-limited,myjobquote
Makaan,,Garage Conversion,,,4.68,0,,ID Checked,,,2007,https://www.myjobquote.co.uk/t/makaan-1,myjobquote
Tj roofing and building,,Garage Conversion,,,5,2,,ID Checked; Public Liability Insurance,,,1997,https://www.myjobquote.co.uk/t/tj-roofing-and-building-1,myjobquote
V & Son’s construction services LTD,,Garage Conversion,,,5,1,,ID Checked,,,2020,https://www.myjobquote.co.uk/t/v-sons-construction-services-ltd,myjobquote
Joshua Oshioke,,Garage Conversion,,,4.68,0,,ID Checked,,,May 2020,https://www.myjobquote.co.uk/t/joshua-oshioke,myjobquote
Joshua Oshioke,,Garage Conversion,,,4.68,0,,ID Checked,,,2023,https://www.myjobquote.co.uk/t/lndn-build-clear,myjobquote
MA Builders UK,,Garage Conversion,,,4.68,0,,ID Checked,,,2021,https://www.myjobquote.co.uk/t/ma-builders-uk,myjobquote
ARG Maintenance Ltd,,Garage Conversion,,,4.68,0,,ID Checked; Public Liability Insurance,,,2024,https://www.myjobquote.co.uk/t/arg-maintenance-ltd,myjobquote
Sam’s Builders LTD,,Garage Conversion,,,4.68,0,,Public Liability Insurance,,,Feb 2026,https://www.myjobquote.co.uk/t/sams-builders-ltd,myjobquote
Manusrl,,Garage Conversion,,,4.68,0,,,,,Feb 2024,https://www.myjobquote.co.uk/t/manusrl,myjobquote
Manusrl,,Garage Conversion,,,4.68,0,,,,,Mar 2026,https://www.myjobquote.co.uk/t/sp-property-management,myjobquote
Sp property management,,Garage Conversion,,,4.68,0,,,,,Jan 2024,https://www.myjobquote.co.uk/t/vasile-63,myjobquote
VNJ Construction,,Garage Conversion,,,5,1,,ID Checked,,,2015,https://www.myjobquote.co.uk/t/vnj-construction,myjobquote
Asap Handy Service,,Garage Conversion,,,4.68,0,,ID Checked,,,2021,https://www.myjobquote.co.uk/t/asap-handy-service,myjobquote
ETBM.,,Garage Conversion,,,5,1,,ID Checked,,,2005,https://www.myjobquote.co.uk/t/etbm,myjobquote
"Brickworth Landscaping, Masonry & Construction",,Garage Conversion,,,5,12,,ID Checked,,,2002,https://www.myjobquote.co.uk/t/brickworth-landscaping-masonry-construction,myjobquote
Alin1,,Garage Conversion,,,5,2,,ID Checked,,,2015,https://www.myjobquote.co.uk/t/alin1-1,myjobquote
Andrea construction ltd,,Garage Conversion,,,5,1,,ID Checked,,,2020,https://www.myjobquote.co.uk/t/andrea-construction-ltd,myjobquote
Bro Paving & Groundworks,,Garage Conversion,,,5,1,,ID Checked,,,2023,https://www.myjobquote.co.uk/t/bro-paving-groundworks,myjobquote
A.M Probuilds,,Garage Conversion,,,4.9,17,,ID Checked,,,2010,https://www.myjobquote.co.uk/t/am-probuilds,myjobquote
The Shortlands Handyman,,Garage Conversion,,,4.68,0,,ID Checked,,,Apr 2021,https://www.myjobquote.co.uk/t/the-shortlands-handyman,myjobquote
The Shortlands Handyman,,Garage Conversion,,,4.68,0,,,,,Jun 2023,https://www.myjobquote.co.uk/t/optimus-recruits,myjobquote
Easy quote limited,,Garage Conversion,,,4.68,0,,ID Checked,,,1990,https://www.myjobquote.co.uk/t/easy-quote-limited,myjobquote
Nicholas James,,Garage Conversion,,,4.68,0,,ID Checked,,,2009,https://www.myjobquote.co.uk/t/nicholas-james,myjobquote
LEED Construction Ltd,,Garage Conversion,,,4.68,0,,ID Checked,,,2024,https://www.myjobquote.co.uk/t/leed-construction-ltd,myjobquote
LEED Construction Ltd,,Garage Conversion,,,4.68,0,,ID Checked,,,Jul 2024,https://www.myjobquote.co.uk/t/bromley-builds,myjobquote
DBS Design and Build ltd,,Garage Conversion,,,4.68,0,,ID Checked,,,1994,https://www.myjobquote.co.uk/t/dbs-design-and-build-ltd,myjobquote
self employed,,Garage Conversion,,,4.68,0,,ID Checked,,,2008,https://www.myjobquote.co.uk/t/self-employed-375,myjobquote
Timberline roofing & building,,Garage Conversion,,,5,2,,ID Checked,,,2018,https://www.myjobquote.co.uk/t/timberline-roofing-building,myjobquote
AFH building services,,Garage Conversion,,,4.68,0,,ID Checked,,,Jan 2024,https://www.myjobquote.co.uk/t/afh-building-services,myjobquote
pthompson,,Garage Conversion,,,4.68,0,,ID Checked,,,2010,https://www.myjobquote.co.uk/t/pthompson,myjobquote
EFT Constructions Ltd,,Garage Conversion,,,4.68,0,,ID Checked,,,2021,https://www.myjobquote.co.uk/t/eft-constructions-ltd,myjobquote
D. Design,,Garage Conversion,,,4.68,0,,ID Checked,,,Jun 2022,https://www.myjobquote.co.uk/t/d-design,myjobquote
Sundridge Homes & Gardens Ltd,,Garage Conversion,,,4.68,0,,,,,Sep 2024,https://www.myjobquote.co.uk/t/sundridge-homes-gardens-ltd,myjobquote
JD SMART BUILDING SERVICES,,Garage Conversion,,,4.68,0,,ID Checked,,,2025,https://www.myjobquote.co.uk/t/jd-smart-building-services,myjobquote
Rutland Building,,Garage Conversion,,,4.68,0,,ID Checked,,,Sep 2020,https://www.myjobquote.co.uk/t/rutland-building,myjobquote
Rutland Building,,Garage Conversion,,,4.68,0,,,,,Mar 2023,https://www.myjobquote.co.uk/t/ab-brickwork-6,myjobquote
EDS ltd,,Garage Conversion,,,4.68,0,,,,,Jun 2025,https://www.myjobquote.co.uk/t/eds-ltd-1,myjobquote
EDS ltd,,Garage Conversion,,,4.68,0,,,,,Aug 2025,https://www.myjobquote.co.uk/t/superior-estate-and-builders-ltd,myjobquote
Superior Estate and Builders Ltd,,Garage Conversion,,,4.68,0,,,,,Mar 2022,https://www.myjobquote.co.uk/t/easy-build-developments-ltd,myjobquote
Easy Build & Developments Ltd,,Garage Conversion,,,4.68,0,,,,,May 2023,https://www.myjobquote.co.uk/t/eraldo,myjobquote
Eraldo,,Garage Conversion,,,4.68,0,,,,,2010,https://www.myjobquote.co.uk/t/the-conversion-company,myjobquote
KD Building Services,,Garage Conversion,,,4.68,0,,,,,Aug 2019,https://www.myjobquote.co.uk/t/kd-building-services-2,myjobquote
C N  Builders,,Garage Conversion,,,4.68,0,,,,,Oct 2022,https://www.myjobquote.co.uk/t/c-n-builders-1,myjobquote
C N  Builders,,Garage Conversion,,,4.68,0,,,,,Feb 2025,https://www.myjobquote.co.uk/t/q-space-renovations,myjobquote
J f plastering &  Home Improvements,,Garage Conversion,,,5,2,07451260904,ID Checked; Public Liability Insurance,,,2012,https://www.myjobquote.co.uk/t/j-f-plastering-home-improvements,myjobquote
ValleyRefurbishmentsltd,,Garage Conversion,,,5,1,,ID Checked,,,2016,https://www.myjobquote.co.uk/t/valleyrefurbishmentsltd,myjobquote
Fox CONTRACTS,,Garage Conversion,,,5,6,07418317065,ID Checked,,,1982,https://www.myjobquote.co.uk/t/fox-contracts,myjobquote
The Handicraftsman,,Garage Conversion,,,5,6,07451260970,ID Checked,,,1997,https://www.myjobquote.co.uk/t/the-handicraftsman,myjobquote
Koala Landscapes and Construction Ltd,,Garage Conversion,,,5,1,,ID Checked,,,2022,https://www.myjobquote.co.uk/t/koala-landscapes-and-construction-ltd,myjobquote
Access Home Improvements,,Garage Conversion,,,5,4,,ID Checked,,,Oct 2022,https://www.myjobquote.co.uk/t/access-home-improvements,myjobquote
Prestige Building & Roofing,,Garage Conversion,,,5,4,,ID Checked,,,2024,https://www.myjobquote.co.uk/t/prestige-building-roofing-2,myjobquote
JKDunbar ltd,,Garage Conversion,,,4,1,,ID Checked; Public Liability Insurance,,,Mar 2025,https://www.myjobquote.co.uk/t/jkdunbar-ltd,myjobquote
Jrlandsons ltd,,Garage Conversion,,,5,3,,ID Checked,,,2024,https://www.myjobquote.co.uk/t/jrlandsons-ltd,myjobquote
K1 builders ltd,,Garage Conversion,,,5,2,,ID Checked,,,2010,https://www.myjobquote.co.uk/t/k1-builders-ltd,myjobquote
Surrey London Builds LTD,,Garage Conversion,,,5,1,,ID Checked,,,2025,https://www.myjobquote.co.uk/t/surrey-london-builds-ltd-1,myjobquote
Mac London Building,,Garage Conversion,,,5,1,,ID Checked,,,2013,https://www.myjobquote.co.uk/t/mac-london-building,myjobquote
G&i  tree specialist,,Garage Conversion,,,5,14,07441449091,ID Checked,,,Dec 2025,https://www.myjobquote.co.uk/t/gi-tree-specialist,myjobquote
H.M Contractors ltd,,Garage Conversion,,,5,1,,ID Checked,,,2014,https://www.myjobquote.co.uk/t/hm-contractors-ltd,myjobquote
J.c.s landscaping & building ltd,,Garage Conversion,,,5,1,,ID Checked,,,2018,https://www.myjobquote.co.uk/t/jcs-landscaping-building-ltd,myjobquote
Interior and Exterior Renovations and Repairs,,Garage Conversion,,,5,1,,ID Checked,,,Jul 2024,https://www.myjobquote.co.uk/t/interior-and-exterior-renovations-and-repairs,myjobquote
FFrey Interiors LDN,,Garage Conversion,,,5,1,,ID Checked,,,2010,https://www.myjobquote.co.uk/t/ffrey-interiors-ldn,myjobquote
Able Renovations Kent,,Garage Conversion,,,5,5,,ID Checked,,,2020,https://www.myjobquote.co.uk/t/able-renovations-kent,myjobquote
Thompson Brickwork and landscaping,,Garage Conversion,,,5,1,,ID Checked,,,2018,https://www.myjobquote.co.uk/t/thompson-brickwork-and-landscaping-1,myjobquote
Kinvek Construction,,Garage Conversion,,,4.9,35,,ID Checked; Public Liability Insurance,,,2005,https://www.myjobquote.co.uk/t/kinvek-construction,myjobquote
Martin leslie,,Garage Conversion,,,4.9,25,,ID Checked,,,1989,https://www.myjobquote.co.uk/t/martin-leslie,myjobquote
iT Building Interiors,,Garage Conversion,,,5,2,,ID Checked; Public Liability Insurance,,,Feb 2021,https://www.myjobquote.co.uk/t/it-building-interiors,myjobquote
Xplore Construction,,Garage Conversion,,,5,1,,ID Checked,,,2018,https://www.myjobquote.co.uk/t/xplore-construction,myjobquote
Munce&sons construction,,Garage Conversion,,,4.8,4,,ID Checked,,,2008,https://www.myjobquote.co.uk/t/muncesons-construction,myjobquote
Dream Conversion,,Garage Conversion,,,5,1,,ID Checked,,,1990,https://www.myjobquote.co.uk/t/dream-conversion,myjobquote
CLBS Construction LTD,,Garage Conversion,,,5,1,,ID Checked,,,2018,https://www.myjobquote.co.uk/t/clbs-construction-ltd,myjobquote
N.K. Carpentry & Construction Ltd,,Garage Conversion,,,5,1,,ID Checked,,,2010,https://www.myjobquote.co.uk/t/nk-carpentry-construction-ltd,myjobquote
Addmorehomeimprovements,,Garage Conversion,,,5,1,,ID Checked; Public Liability Insurance,,,2009,https://www.myjobquote.co.uk/t/addmorehomeimprovements,myjobquote
Bosston Ltd,,Garage Conversion,,,5,3,,ID Checked,,,Mar 2021,https://www.myjobquote.co.uk/t/bosston-ltd,myjobquote
Peakstone Services Ltd,,Garage Conversion,,,5,1,,ID Checked,,,Jul 2016,https://www.myjobquote.co.uk/t/peakstone-services-ltd,myjobquote
Arnoutt and James ltd,,Garage Conversion,,,4.68,0,,ID Checked,,,Mar 2018,https://www.myjobquote.co.uk/t/arnoutt-and-james-ltd,myjobquote
Arnoutt and James ltd,,Garage Conversion,,,4.68,0,,,,,Oct 2025,https://www.myjobquote.co.uk/t/george-204,myjobquote
Akili handyman,,Garage Conversion,,,4.68,0,,ID Checked,,,Feb 2024,https://www.myjobquote.co.uk/t/akili-handyman,myjobquote
MH Property Renovations,,Garage Conversion,,,4.68,0,,ID Checked,,,2023,https://www.myjobquote.co.uk/t/mh-property-renovations,myjobquote
TMG trading ltd,,Garage Conversion,,,4.68,0,,ID Checked,,,May 2020,https://www.myjobquote.co.uk/t/tmg-trading-ltd,myjobquote
TMG trading ltd,,Garage Conversion,,,4.68,0,,ID Checked,,,2014,https://www.myjobquote.co.uk/t/top-marks-london-ltd,myjobquote
SR Maintenance Repairs Ltd,,Garage Conversion,,,4.68,0,,ID Checked,,,2022,https://www.myjobquote.co.uk/t/sr-maintenance-repairs-ltd,myjobquote
Beelinebrickwork,,Garage Conversion,,,4.68,0,,ID Checked,,,Apr 2022,https://www.myjobquote.co.uk/t/beelinebrickwork,myjobquote
Bristol General Builders,,Garage Conversion,,,5,2,07418372060,ID Checked; Public Liability Insurance,,,1999,https://www.myjobquote.co.uk/t/bristol-general-builders,myjobquote
ibuild developments,,Garage Conversion,,,4.68,0,,Public Liability Insurance,,,Jan 2025,https://www.myjobquote.co.uk/t/ibuild-developments,myjobquote
Victoria Building Group,,Garage Conversion,,,5,23,,ID Checked,,,2007,https://www.myjobquote.co.uk/t/victoria-building-group,myjobquote
S.l.n.t. handyman services,,Garage Conversion,,,5,1,,ID Checked,,,2020,https://www.myjobquote.co.uk/t/slnt-handyman-services,myjobquote
Bristol&bath building&roofing,,Garage Conversion,,,5,1,,ID Checked,,,2010,https://www.myjobquote.co.uk/t/bristolbath-buildingroofing,myjobquote
Abacus Builders of Bath,,Garage Conversion,,,5,2,,ID Checked; Public Liability Insurance,,,1985,https://www.myjobquote.co.uk/t/abacus-builders-of-bath,myjobquote
Odd Job John,,Garage Conversion,,,5,27,,ID Checked,,,2024,https://www.myjobquote.co.uk/t/odd-job-john-1,myjobquote
Elevate construction,,Garage Conversion,,,4,2,,ID Checked,,,2022,https://www.myjobquote.co.uk/t/elevate-construction,myjobquote
MSD Building and design,,Garage Conversion,,,5,9,07441440851,ID Checked,,,2019,https://www.myjobquote.co.uk/t/msd-building-and-design,myjobquote
J M Building services sw ltd,,Garage Conversion,,,5,5,,ID Checked; Public Liability Insurance,,,2020,https://www.myjobquote.co.uk/t/j-m-building-services-sw-ltd,myjobquote
Baldwin carpentry,,Garage Conversion,,,5,1,,ID Checked,,,2011,https://www.myjobquote.co.uk/t/baldwin-carpentry,myjobquote
Mister skim,,Garage Conversion,,,5,14,,ID Checked,,,2018,https://www.myjobquote.co.uk/t/mister-skim,myjobquote
LT building works,,Garage Conversion,,,5,2,,ID Checked,,,Jan 2021,https://www.myjobquote.co.uk/t/lt-building-works,myjobquote
JM Building Services,,Garage Conversion,,,5,1,,ID Checked,,,2001,https://www.myjobquote.co.uk/t/jm-building-services,myjobquote
Joseph Hewetson,,Garage Conversion,,,4.68,0,,ID Checked; Public Liability Insurance,,,2015,https://www.myjobquote.co.uk/t/joseph-hewetson,myjobquote
FN great,,Garage Conversion,,,4.68,0,,ID Checked; Public Liability Insurance,,,Nov 2025,https://www.myjobquote.co.uk/t/fn-great,myjobquote
FN great,,Garage Conversion,,,4.68,0,,,,,Oct 2022,https://www.myjobquote.co.uk/t/gill-builders-1,myjobquote
Lindson Building Services,,Garage Conversion,,,4.68,0,,ID Checked,,,1990,https://www.myjobquote.co.uk/t/lindson-building-services,myjobquote
J Mills.build,,Garage Conversion,,,4.68,0,,ID Checked,,,Aug 2024,https://www.myjobquote.co.uk/t/j-millsbuild,myjobquote
Chequers Construction Ltd,,Garage Conversion,,,4.68,0,,ID Checked,,,2022,https://www.myjobquote.co.uk/t/chequers-construction-ltd,myjobquote
Legendary Design,,Garage Conversion,,,4.9,9,,ID Checked; Public Liability Insurance,,,2023,https://www.myjobquote.co.uk/t/legendary-design,myjobquote
Absolute Interior Solutions,,Garage Conversion,,,5,3,,ID Checked; Public Liability Insurance,,,2012,https://www.myjobquote.co.uk/t/absolute-interior-solutions,myjobquote
Qualitas Improvements,,Garage Conversion,,,5,1,,ID Checked,,,2007,https://www.myjobquote.co.uk/t/qualitas-improvements-1,myjobquote
Honesty Builders,,Garage Conversion,,,5,11,,ID Checked,,,2007,https://www.myjobquote.co.uk/t/honesty-builders,myjobquote
AG Services,,Garage Conversion,,,5,4,,ID Checked,,,2017,https://www.myjobquote.co.uk/t/ag-services-4,myjobquote
Husky construction south west,,Garage Conversion,,,5,2,07418374605,ID Checked; Public Liability Insurance,,,2000,https://www.myjobquote.co.uk/t/husky-construction-south-west,myjobquote
Pmac Property Services,,Garage Conversion,,,5,1,,ID Checked; Public Liability Insurance,,,2002,https://www.myjobquote.co.uk/t/pmac-property-services,myjobquote
Kray Building & Roofing specialist,,Garage Conversion,,,5,4,,ID Checked,,,2023,https://www.myjobquote.co.uk/t/kray-building-roofing-specialist,myjobquote
Oliphant Build and Design,,Garage Conversion,,,1,1,,ID Checked,,,2005,https://www.myjobquote.co.uk/t/oliphant-build-and-design,myjobquote
Homestar,,Garage Conversion,,,5,6,,ID Checked; Public Liability Insurance,,,2005,https://www.myjobquote.co.uk/t/homestar,myjobquote
SGBC Ltd,,Garage Conversion,,,5,1,,ID Checked,,,2025,https://www.myjobquote.co.uk/t/sgbc-ltd,myjobquote
My Dream Home Limited,,Garage Conversion,,,5,3,,ID Checked; Public Liability Insurance,,,2022,https://www.myjobquote.co.uk/t/my-dream-home-limited,myjobquote
Clifton Construction (Bristol) Ltd,,Garage Conversion,,,5,1,,ID Checked,,,2023,https://www.myjobquote.co.uk/t/clifton-construction-bristol-ltd,myjobquote
Build Archi Construction,,Garage Conversion,,,5,3,,ID Checked,,,2010,https://www.myjobquote.co.uk/t/build-archi-construction,myjobquote
G S f brickwork & groundwork’s,,Garage Conversion,,,5,1,07441449106,ID Checked,,,2021,https://www.myjobquote.co.uk/t/g-s-f-brickwork-groundworks,myjobquote
A&R Building contractors,,Garage Conversion,,,5,3,,ID Checked,,,2019,https://www.myjobquote.co.uk/t/ar-building-contractors-1,myjobquote
Elite building services,,Garage Conversion,,,4,1,,ID Checked,,,2022,https://www.myjobquote.co.uk/t/elite-building-services-3,myjobquote
Dragonfly  construction,,Garage Conversion,,,4.5,2,,ID Checked,,,1984,https://www.myjobquote.co.uk/t/dragonfly-construction,myjobquote
Wootten Developments,,Garage Conversion,,,4.5,2,,ID Checked,,,2019,https://www.myjobquote.co.uk/t/wootten-developments,myjobquote
Rightbuild construction,,Garage Conversion,,,5,2,,ID Checked,,,2008,https://www.myjobquote.co.uk/t/rightbuild-construction,myjobquote
Trialone,,Garage Conversion,,,4.68,0,,ID Checked,,,Apr 2022,https://www.myjobquote.co.uk/t/trialone,myjobquote
LS Carpentry and Renovations Limited,,Garage Conversion,,,4.68,0,,ID Checked,,,2007,https://www.myjobquote.co.uk/t/ls-carpentry-and-renovations-limited,myjobquote
Mall brickwork ltd,,Garage Conversion,,,4.68,0,,ID Checked,,,Sep 2024,https://www.myjobquote.co.uk/t/mall-brickwork-ltd,myjobquote
HRB CONSTRUCTION,,Garage Conversion,,,4.68,0,,ID Checked,,,2021,https://www.myjobquote.co.uk/t/hrb-construction,myjobquote
Sw building firm,,Garage Conversion,,,4.68,0,,ID Checked,,,Feb 2021,https://www.myjobquote.co.uk/t/sw-building-firm,myjobquote
Towns roofing and building,,Garage Conversion,,,4.68,0,,ID Checked,,,May 2024,https://www.myjobquote.co.uk/t/towns-roofing-and-building,myjobquote
D Osborne roofing & building,,Garage Conversion,,,4.68,0,,ID Checked,,,Nov 2023,https://www.myjobquote.co.uk/t/d-osborne-roofing-building,myjobquote
D Osborne roofing & building,,Garage Conversion,,,4.68,0,,ID Checked,,,2010,https://www.myjobquote.co.uk/t/saxon-developments,myjobquote
Bristol Build,,Garage Conversion,,,4.68,0,,ID Checked,,,2018,https://www.myjobquote.co.uk/t/bristol-build,myjobquote
L.p.s construction Sw ltd,,Garage Conversion,,,4.68,0,,ID Checked,,,2019,https://www.myjobquote.co.uk/t/lps-construction-sw-ltd,myjobquote
Vandy projects limited,,Garage Conversion,,,4.68,0,,ID Checked,,,Apr 2022,https://www.myjobquote.co.uk/t/vandy-projects-limited,myjobquote
Gurt grafters,,Garage Conversion,,,4.68,0,,ID Checked,,,Feb 2026,https://www.myjobquote.co.uk/t/gurt-grafters,myjobquote
Gurt grafters,,Garage Conversion,,,4.68,0,,ID Checked,,,Aug 2024,https://www.myjobquote.co.uk/t/amls-complete-solutions,myjobquote
Gale Build,,Garage Conversion,,,4.68,0,,,,,2018,https://www.myjobquote.co.uk/t/gale-build,myjobquote
JLT SERVICES,,Garage Conversion,,,4.68,0,,ID Checked,,,2017,https://www.myjobquote.co.uk/t/jlt-services,myjobquote
Kieran,,Garage Conversion,,,4.68,0,,ID Checked,,,Oct 2018,https://www.myjobquote.co.uk/t/kieran-133,myjobquote
Kieran,,Garage Conversion,,,4.68,0,,ID Checked,,,2018,https://www.myjobquote.co.uk/t/my-project-group,myjobquote
PCS ES LTD,,Garage Conversion,,,4.68,0,07451260335,ID Checked,,,2018,https://www.myjobquote.co.uk/t/pcs-es-ltd,myjobquote
Builder You Need,,Garage Conversion,,,4.68,0,,ID Checked,,,Mar 2023,https://www.myjobquote.co.uk/t/builder-you-need,myjobquote
A1 Walls & Ceilings ltd,,Garage Conversion,,,4.68,0,,ID Checked,,,2017,https://www.myjobquote.co.uk/t/a1-walls-ceilings-ltd,myjobquote
Evolve Carpentry and Build Ltd,,Garage Conversion,,,4.68,0,,,,,,https://www.myjobquote.co.uk/t/evolve-carpentry-and-build-ltd,myjobquote
Renew & Restore Bristol,,Garage Conversion,,,4.68,0,,ID Checked,,,Nov 2024,https://www.myjobquote.co.uk/t/renew-restore-bristol,myjobquote
L Bishop Building & Maintenance,,Garage Conversion,,,4.68,0,,ID Checked,,,2010,https://www.myjobquote.co.uk/t/l-bishop-building-maintenance,myjobquote
Wall2Wall Renovations,,Garage Conversion,,,4.68,0,,ID Checked,,,2021,https://www.myjobquote.co.uk/t/wall2wall-renovations,myjobquote
Well decide building solutions,,Garage Conversion,,,4.68,0,,ID Checked,,,2021,https://www.myjobquote.co.uk/t/well-decide-building-solutions,myjobquote
Well decide building solutions,,Garage Conversion,,,4.68,0,,,,,Jul 2023,https://www.myjobquote.co.uk/t/stevens-construction,myjobquote
Shahid Malik,,Garage Conversion,,,4.68,0,,ID Checked,,,Jan 2025,https://www.myjobquote.co.uk/t/shahid-malik,myjobquote
Fren Building and Maintenance,,Garage Conversion,,,4.68,0,,ID Checked,,,2024,https://www.myjobquote.co.uk/t/fren-building-and-maintenance,myjobquote
B AND E BUILDERS LIMITED,,Garage Conversion,,,4.68,0,,ID Checked,,,2017,https://www.myjobquote.co.uk/t/b-and-e-builders-limited,myjobquote
NRO construction and renovation,,Garage Conversion,,,4.68,0,,ID Checked,,,2000,https://www.myjobquote.co.uk/t/nro-construction-and-renovation,myjobquote
CLP Bristol Limited,,Garage Conversion,,,4.68,0,,ID Checked; Public Liability Insurance,,,Jun 2022,https://www.myjobquote.co.uk/t/clp-bristol-limited,myjobquote
Clever Conversions,,Garage Conversion,,,4.68,0,,ID Checked,,,2004,https://www.myjobquote.co.uk/t/clever-conversions,myjobquote
BD Building & Maintenance LTD,,Garage Conversion,,,4.68,0,,ID Checked,,,2020,https://www.myjobquote.co.uk/t/bd-building-maintenance-ltd,myjobquote
Map buildings and restoration’s,,Garage Conversion,,,4.68,0,,,,,Feb 2025,https://www.myjobquote.co.uk/t/map-buildings-and-restorations,myjobquote
Map buildings and restoration’s,,Garage Conversion,,,4.68,0,,ID Checked; Public Liability Insurance,,,Feb 2022,https://www.myjobquote.co.uk/t/blackrock-prop-ltd,myjobquote
Blackrock Prop Ltd,,Garage Conversion,,,4.68,0,,ID Checked,,,1985,https://www.myjobquote.co.uk/t/sl-builders-6,myjobquote
Envision Property & Landscaping,,Garage Conversion,,,4.68,0,,ID Checked,,,May 2024,https://www.myjobquote.co.uk/t/envision-property-landscaping,myjobquote
EMKA Building Contractors Ltd,,Garage Conversion,,,4.68,0,07418361884,ID Checked; Public Liability Insurance,,,2008,https://www.myjobquote.co.uk/t/emka-building-contractors-ltd,myjobquote
Parkinson carpentry and building Ltd,,Garage Conversion,,,4.68,0,,ID Checked,,,2017,https://www.myjobquote.co.uk/t/parkinson-carpentry-and-building-ltd,myjobquote
Habib,,Garage Conversion,,,4.68,0,,ID Checked,,,Mar 2017,https://www.myjobquote.co.uk/t/habib-11,myjobquote
Simply home designs Ltd,,Garage Conversion,,,4.68,0,,,,,2005,https://www.myjobquote.co.uk/t/simply-home-designs-ltd,myjobquote
BGS maintenance and home improvements,,Garage Conversion,,,4.68,0,,ID Checked,,,2023,https://www.myjobquote.co.uk/t/bgs-maintenance-and-home-improvements,myjobquote
MD painting and decorating services Ltd,,Garage Conversion,,,4.68,0,,ID Checked,,,Sep 2023,https://www.myjobquote.co.uk/t/md-painting-and-decorating-services-ltd,myjobquote
DJM Masonry & General Building,,Garage Conversion,,,4.68,0,07418362409,ID Checked,,,2016,https://www.myjobquote.co.uk/t/djm-masonry-general-building,myjobquote
Valuto builders limited,,Garage Conversion,,,4.68,0,,ID Checked,,,2019,https://www.myjobquote.co.uk/t/valuto-builders-limited,myjobquote
Kaizen build,,Garage Conversion,,,4.68,0,,ID Checked,,,Mar 2019,https://www.myjobquote.co.uk/t/kaizen-build-1,myjobquote
Dj construction,,Garage Conversion,,,4.68,0,,ID Checked,,,2006,https://www.myjobquote.co.uk/t/dj-construction-3,myjobquote
Chalso Home Improvements,,Garage Conversion,,,4.68,0,,ID Checked,,,Apr 2021,https://www.myjobquote.co.uk/t/chalso-home-improvements,myjobquote
Chalso Home Improvements,,Garage Conversion,,,4.68,0,,ID Checked,,,2022,https://www.myjobquote.co.uk/t/project-house-group-ltd,myjobquote
Ultra Warmroof,,Garage Conversion,,,4.68,0,,ID Checked,,,2019,https://www.myjobquote.co.uk/t/ultra-warmroof,myjobquote
Serbo Limited,,Garage Conversion,,,4.68,0,,ID Checked,,,2017,https://www.myjobquote.co.uk/t/serbo-limited,myjobquote
Albert General Building Ltd,,Garage Conversion,,,4.68,0,,ID Checked,,,2016,https://www.myjobquote.co.uk/t/albert-general-building-ltd,myjobquote
Archway Building Contractors,,Garage Conversion,,,4.68,0,,ID Checked,,,Apr 2018,https://www.myjobquote.co.uk/t/archway-building-contractors,myjobquote
Adept southwest building co,,Garage Conversion,,,4.68,0,,ID Checked,,,2005,https://www.myjobquote.co.uk/t/adept-southwest-building-co-1,myjobquote
Essential Installations,,Garage Conversion,,,4.68,0,,ID Checked,,,2019,https://www.myjobquote.co.uk/t/essential-installations,myjobquote
S.Kendall,,Garage Conversion,,,4.68,0,,ID Checked,,,Jun 2025,https://www.myjobquote.co.uk/t/skendall,myjobquote
Southwest elite bulidingcontractors,,Garage Conversion,,,4.68,0,,,,,Jan 2024,https://www.myjobquote.co.uk/t/southwest-elite-bulidingcontractors,myjobquote
Hanson & Spring LTD,,Garage Conversion,,,4.68,0,,ID Checked,,,2024,https://www.myjobquote.co.uk/t/hanson-spring-ltd,myjobquote
Louis Castles,,Garage Conversion,,,4.68,0,,ID Checked,,,Aug 2024,https://www.myjobquote.co.uk/t/louis-castles,myjobquote
Louis Castles,,Garage Conversion,,,4.68,0,,,,,Sep 2025,https://www.myjobquote.co.uk/t/cannon-construction-1,myjobquote
ALT Joinery & Building,,Garage Conversion,,,4.9,16,07451260557,ID Checked,,,2019,https://www.myjobquote.co.uk/t/alt-joinery-building,myjobquote
24 abc limited,,Garage Conversion,,,4,3,07418370724,ID Checked,,,2019,https://www.myjobquote.co.uk/t/24-abc-limited,myjobquote
IK Building Landscaping,,Garage Conversion,,,5,1,,ID Checked,,,2013,https://www.myjobquote.co.uk/t/ik-building-landscaping,myjobquote
Macpaint,,Garage Conversion,,,5,1,,ID Checked,,,Jul 2025,https://www.myjobquote.co.uk/t/macpaint-1,myjobquote
Azı azi,,Garage Conversion,,,4.68,0,,ID Checked,,,Nov 2025,https://www.myjobquote.co.uk/t/azi-azi,myjobquote
Azı azi,,Garage Conversion,,,4.68,0,,ID Checked,,,2008,https://www.myjobquote.co.uk/t/cbr-maintenance-group,myjobquote
Maximize Building & Renovations LTD,,Garage Conversion,,,4.68,0,,ID Checked,,,2011,https://www.myjobquote.co.uk/t/maximize-building-renovations-ltd,myjobquote
LBSC Limited,,Garage Conversion,,,4.68,0,,ID Checked,,,Oct 2023,https://www.myjobquote.co.uk/t/lbsc-limited,myjobquote
I not have,,Garage Conversion,,,4.68,0,,ID Checked,,,Sep 2024,https://www.myjobquote.co.uk/t/i-not-have-1,myjobquote
I not have,,Garage Conversion,,,4.68,0,,,,,2007,https://www.myjobquote.co.uk/t/ardent-masonry-building-and-landscapes,myjobquote
Renato Home Renovation,,Garage Conversion,,,4.68,0,,ID Checked,,,2026,https://www.myjobquote.co.uk/t/renato-home-renovation,myjobquote
SRS Roofing and building,,Garage Conversion,,,4.68,0,,ID Checked,,,2007,https://www.myjobquote.co.uk/t/srs-roofing-and-building,myjobquote
Aaditya,,Garage Conversion,,,4.68,0,,ID Checked,,,Jan 2022,https://www.myjobquote.co.uk/t/aaditya,myjobquote
Cbarton,,Garage Conversion,,,4.68,0,,,,,Oct 2023,https://www.myjobquote.co.uk/t/cbarton,myjobquote
Cbarton,,Garage Conversion,,,4.3,3,07418349769,ID Checked,,,1998,https://www.myjobquote.co.uk/t/central-scotland-roofing,myjobquote
M&R Joinery,,Garage Conversion,,,5,11,,ID Checked; Public Liability Insurance,,,2024,https://www.myjobquote.co.uk/t/mr-joinery-3,myjobquote
J k contract,,Garage Conversion,,,5,1,,ID Checked,,,Dec 2023,https://www.myjobquote.co.uk/t/j-k-contract,myjobquote
Markitan,,Garage Conversion,,,5,1,,ID Checked,,,2015,https://www.myjobquote.co.uk/t/markitan,myjobquote
Thompson brickwork,,Garage Conversion,,,5,1,,ID Checked,,,1999,https://www.myjobquote.co.uk/t/thompson-brickwork,myjobquote
Miguel Izquierdo Cazorla,,Garage Conversion,,,5,2,,ID Checked,,,Apr 2024,https://www.myjobquote.co.uk/t/miguel-izquierdo-cazorla,myjobquote
Karol Gembiak,,Garage Conversion,,,4.68,0,,,,,Feb 2024,https://www.myjobquote.co.uk/t/karol-gembiak,myjobquote
Karol Gembiak,,Garage Conversion,,,4.68,0,,,,,Feb 2024,https://www.myjobquote.co.uk/t/di-beveridge-construction,myjobquote
Stuart,,Garage Conversion,,,4.68,0,,ID Checked,,,Jan 2024,https://www.myjobquote.co.uk/t/stuart-26,myjobquote
Stuart,,Garage Conversion,,,4.68,0,,ID Checked,,,Jun 2023,https://www.myjobquote.co.uk/t/brandon-brookes,myjobquote
brandon brookes,,Garage Conversion,,,4.68,0,,ID Checked,,,2016,https://www.myjobquote.co.uk/t/jacob-moody,myjobquote
Baran Bulut,,Garage Conversion,,,4.68,0,,ID Checked,,,Feb 2023,https://www.myjobquote.co.uk/t/baran-bulut,myjobquote
Paul lindsay,,Garage Conversion,,,5,3,,ID Checked,,,1996,https://www.myjobquote.co.uk/t/paul-lindsay,myjobquote
R&M builders and landscapers,,Garage Conversion,,,5,12,,ID Checked,,,2021,https://www.myjobquote.co.uk/t/rm-builders-and-landscapers,myjobquote
RMG Electrical/capital interiors,,Garage Conversion,,,5,11,,ID Checked,,,2020,https://www.myjobquote.co.uk/t/rmg-electricalcapital-interiors,myjobquote
Clean Air Energy Ltd,,Garage Conversion,,,5,1,,ID Checked,,,2010,https://www.myjobquote.co.uk/t/clean-air-energy-ltd,myjobquote
Kaded,,Garage Conversion,,,5,2,,ID Checked,,,2022,https://www.myjobquote.co.uk/t/kaded,myjobquote
Wilson’s building and landscaping services,,Garage Conversion,,,4,1,,ID Checked,,,2025,https://www.myjobquote.co.uk/t/wilsons-building-and-landscaping-services,myjobquote
"T,Q,Roofing",,Garage Conversion,,,5,4,,ID Checked,,,2019,https://www.myjobquote.co.uk/t/tqroofing,myjobquote
Mcmanus,,Garage Conversion,,,5,3,,ID Checked,,,2007,https://www.myjobquote.co.uk/t/mcmanus,myjobquote
Kingsknowe Joinery/All Trades,,Garage Conversion,,,4.5,6,,ID Checked,,,1995,https://www.myjobquote.co.uk/t/kingsknowe-joineryall-trades,myjobquote
Challenge Construction,,Garage Conversion,,,5,1,,ID Checked,,,Apr 2023,https://www.myjobquote.co.uk/t/challenge-construction,myjobquote
Peninsula premier construction,,Garage Conversion,,,5,3,,ID Checked,,,Dec 2022,https://www.myjobquote.co.uk/t/peninsula-premier-construction,myjobquote
Hoyt Electrical,,Garage Conversion,,,5,1,,ID Checked,,,2001,https://www.myjobquote.co.uk/t/hoyt-electrical,myjobquote
Kejbuilders,,Garage Conversion,,,5,2,,ID Checked,,,2014,https://www.myjobquote.co.uk/t/kejbuilders,myjobquote
Robert Brydon&#039;s Building Services,,Garage Conversion,,,4.68,0,,ID Checked,,,Aug 2017,https://www.myjobquote.co.uk/t/robert-brydons-building-services,myjobquote
Twana,,Garage Conversion,,,4.68,0,,,,,Jan 2026,https://www.myjobquote.co.uk/t/twana,myjobquote
Twana,,Garage Conversion,,,4.68,0,,,,,Jan 2026,https://www.myjobquote.co.uk/t/donaldson-roofing-services,myjobquote
Verra Decoration,,Garage Conversion,,,4.68,0,,ID Checked,,,2020,https://www.myjobquote.co.uk/t/verra-decoration,myjobquote
Geno Construction,,Garage Conversion,,,4.68,0,,ID Checked,,,Nov 2025,https://www.myjobquote.co.uk/t/geno-construction,myjobquote
Geno Construction,,Garage Conversion,,,4.68,0,,,,,Jan 2024,https://www.myjobquote.co.uk/t/aryan-1,myjobquote
Aryan,,Garage Conversion,,,4.68,0,,ID Checked; Public Liability Insurance,,,2011,https://www.myjobquote.co.uk/t/km-building-system-ltd,myjobquote
Eagle Building Services,,Garage Conversion,,,4.68,0,,ID Checked,,,2016,https://www.myjobquote.co.uk/t/eagle-building-services,myjobquote
Milldown ltd,,Garage Conversion,,,4.68,0,,ID Checked,,,Aug 2023,https://www.myjobquote.co.uk/t/milldown-ltd,myjobquote
OWL AV CONSTRUCTION LIMITED,,Garage Conversion,,,4.68,0,,ID Checked,,,2021,https://www.myjobquote.co.uk/t/owl-av-construction-limited,myjobquote
Capital Crest Construction Ltd,,Garage Conversion,,,4.68,0,,,,,Jun 2024,https://www.myjobquote.co.uk/t/capital-crest-construction-ltd,myjobquote
MBK Joiners,,Garage Conversion,,,4.68,0,,ID Checked,,,Feb 2026,https://www.myjobquote.co.uk/t/mbk-joiners,myjobquote
Edin all trades Ltd,,Garage Conversion,,,4.68,0,,ID Checked,,,Jan 2025,https://www.myjobquote.co.uk/t/edin-all-trades-ltd,myjobquote
Prime home and garden,,Garage Conversion,,,4.68,0,,ID Checked,,,2021,https://www.myjobquote.co.uk/t/prime-home-and-garden,myjobquote
PSG twenty six,,Garage Conversion,,,4.68,0,,ID Checked,,,Mar 2025,https://www.myjobquote.co.uk/t/psg-twenty-six,myjobquote
visions of you,,Garage Conversion,,,4.68,0,,ID Checked,,,Apr 2022,https://www.myjobquote.co.uk/t/visions-of-you,myjobquote
Rw1 Building & landscaping,,Garage Conversion,,,4.68,0,,,,,Feb 2022,https://www.myjobquote.co.uk/t/rw1-building-landscaping,myjobquote
Thistle roofing,,Garage Conversion,,,4.68,0,,ID Checked,,,2002,https://www.myjobquote.co.uk/t/thistle-roofing-1,myjobquote
Home Trades Services,,Garage Conversion,,,4.68,0,,ID Checked,,,1998,https://www.myjobquote.co.uk/t/home-trades-services,myjobquote
A R Parkin building contractors,,Garage Conversion,,,4.68,0,,,,,1990,https://www.myjobquote.co.uk/t/a-r-parkin-building-contractors,myjobquote
Thistlerock Deisgns LTD,,Garage Conversion,,,4.68,0,,ID Checked,,,May 2024,https://www.myjobquote.co.uk/t/thistlerock-deisgns-ltd,myjobquote
Williamnisbetbuilder,,Garage Conversion,,,4.68,0,,,,,,https://www.myjobquote.co.uk/t/williamnisbetbuilder,myjobquote
Mezowo Building Services,,Garage Conversion,,,4.68,0,,ID Checked,,,2025,https://www.myjobquote.co.uk/t/mezowo-building-services,myjobquote
KAD-BUILD,,Garage Conversion,,,4.68,0,,ID Checked,,,Apr 2025,https://www.myjobquote.co.uk/t/kad-build,myjobquote
Rjc builders,,Garage Conversion,,,4.68,0,,ID Checked,,,Mar 2025,https://www.myjobquote.co.uk/t/rjc-builders,myjobquote
Rjc builders,,Garage Conversion,,,4.68,0,,ID Checked,,,2023,https://www.myjobquote.co.uk/t/progression-projects-edinburgh,myjobquote
A&M renovations,,Garage Conversion,,,4.68,0,,ID Checked,,,1998,https://www.myjobquote.co.uk/t/am-renovations,myjobquote
Construction Services Scotland Ltd,,Garage Conversion,,,4.68,0,,ID Checked,,,2023,https://www.myjobquote.co.uk/t/construction-services-scotland-ltd,myjobquote
Carpentry and build solutions,,Garage Conversion,,,4.68,0,,ID Checked,,,Mar 2023,https://www.myjobquote.co.uk/t/carpentry-and-build-solutions,myjobquote
Mykola,,Garage Conversion,,,4.68,0,,ID Checked,,,Oct 2024,https://www.myjobquote.co.uk/t/mykola-12,myjobquote
Mykola,,Garage Conversion,,,4.68,0,,ID Checked,,,Nov 2024,https://www.myjobquote.co.uk/t/edinburgh-city-builders,myjobquote
MVR RIVERMOUNT CONSTRUCTION LTD,,Garage Conversion,,,4.68,0,,ID Checked,,,Feb 2025,https://www.myjobquote.co.uk/t/mvr-rivermount-construction-ltd,myjobquote
Pavstonemasonbuilder,,Garage Conversion,,,4.68,0,,ID Checked,,,Jul 2025,https://www.myjobquote.co.uk/t/pavstonemasonbuilder,myjobquote
Pavstonemasonbuilder,,Garage Conversion,,,4.68,0,,,,,May 2024,https://www.myjobquote.co.uk/t/jr-windows,myjobquote
JR Windows,,Garage Conversion,,,2,1,,,,,2020,https://www.myjobquote.co.uk/t/ns-building-and-lanscaping,myjobquote
Pinnacle Construction,,Garage Conversion,,,4.68,0,,ID Checked,,,2019,https://www.myjobquote.co.uk/t/pinnacle-construction-1,myjobquote
Buildit Haddington LTD,,Garage Conversion,,,4.68,0,,ID Checked,,,Apr 2024,https://www.myjobquote.co.uk/t/buildit-haddington-ltd,myjobquote
C Foster Plant Hire,,Garage Conversion,,,4.68,0,,ID Checked,,,Sep 2022,https://www.myjobquote.co.uk/t/c-foster-plant-hire,myjobquote
The Converters Group,,Garage Conversion,,,4.68,0,,ID Checked,,,2010,https://www.myjobquote.co.uk/t/the-converters-group,myjobquote
City trades Scotland ltd,,Garage Conversion,,,4.68,0,,ID Checked,,,May 2025,https://www.myjobquote.co.uk/t/city-trades-scotland-ltd,myjobquote
RT Services,,Garage Conversion,,,5,2,,ID Checked,,,Mar 2020,https://www.myjobquote.co.uk/t/rt-services-3,myjobquote
cb builders,,Garage Conversion,,,4,1,,ID Checked,,,2007,https://www.myjobquote.co.uk/t/cb-builders-2,myjobquote
Painter,,Garage Conversion,,,4.68,0,,ID Checked,,,Nov 2020,https://www.myjobquote.co.uk/t/painter-422,myjobquote
Painter,,Garage Conversion,,,4.68,0,,ID Checked,,,2018,https://www.myjobquote.co.uk/t/carnan-electrical-services,myjobquote
Besi roofing company ltd,,Garage Conversion,,,4.68,0,,ID Checked,,,2019,https://www.myjobquote.co.uk/t/besi-roofing-company-ltd,myjobquote
Besi roofing company ltd,,Garage Conversion,,,4.68,0,,ID Checked,,,Sep 2023,https://www.myjobquote.co.uk/t/keymasonry-1,myjobquote
Keymasonry,,Garage Conversion,,,4.68,0,,ID Checked,,,Aug 2022,https://www.myjobquote.co.uk/t/pkipp-maintenance,myjobquote
Pkipp maintenance,,Garage Conversion,,,4.68,0,,,,,Mar 2023,https://www.myjobquote.co.uk/t/andre-builder,myjobquote
ANDRE BUILDER,,Garage Conversion,,,4.68,0,,ID Checked,,,Jan 2026,https://www.myjobquote.co.uk/t/lukas-paint-you-life,myjobquote
Lukas Paint you life,,Garage Conversion,,,4.68,0,,ID Checked,,,Jul 2022,https://www.myjobquote.co.uk/t/jb-contracts-scotland-ltd,myjobquote
B.C.W Roofing and Building,,Garage Conversion,,,4.68,0,,,,,Jan 2023,https://www.myjobquote.co.uk/t/bcw-roofing-and-building,myjobquote
B.C.W Roofing and Building,,Garage Conversion,,,4.68,0,,,,,Dec 2022,https://www.myjobquote.co.uk/t/gavin-13,myjobquote
Gavin,,Garage Conversion,,,4.68,0,,,,,May 2023,https://www.myjobquote.co.uk/t/ryan-clark,myjobquote
Ryan Clark,,Garage Conversion,,,4.68,0,,,,,Jan 2024,https://www.myjobquote.co.uk/t/bricklaying-27,myjobquote
MiroS,,Garage Conversion,,,4.68,0,,,,,Apr 2025,https://www.myjobquote.co.uk/t/miros-3,myjobquote
MiroS,,Garage Conversion,,,4.68,0,,,,,Oct 2025,https://www.myjobquote.co.uk/t/builditall,myjobquote
Builder,,Garage Conversion,,,4.68,0,,,,,Mar 2026,https://www.myjobquote.co.uk/t/builder-104,myjobquote
Builder,,Garage Conversion,,,4.68,0,,,,,Apr 2023,https://www.myjobquote.co.uk/t/sks-home-and-garden-improvements,myjobquote
Ankush Singh,,Garage Conversion,,,4.68,0,,,,,Jan 2025,https://www.myjobquote.co.uk/t/ankush-singh,myjobquote
Ankush Singh,,Garage Conversion,,,4.68,0,,,,,May 2025,https://www.myjobquote.co.uk/t/comfortzone-property-solutions-ltd,myjobquote
CYC Joinery and Garage Conversions,,Garage Conversion,,,4.68,0,,,,,Dec 2024,https://www.myjobquote.co.uk/t/cyc-joinery-and-garage-conversions,myjobquote
Woodandstone,,Garage Conversion,,,5,3,,ID Checked; Public Liability Insurance,,,1990,https://www.myjobquote.co.uk/t/woodandstone,myjobquote
Luxe Installations,,Garage Conversion,,,5,1,,ID Checked,,,Sep 2024,https://www.myjobquote.co.uk/t/luxe-installations,myjobquote
Bricks&mortar,,Garage Conversion,,,5,1,,ID Checked; Public Liability Insurance,,,2016,https://www.myjobquote.co.uk/t/bricksmortar-1,myjobquote
CHF Landscaping and Building,,Garage Conversion,,,5,1,,ID Checked,,,1993,https://www.myjobquote.co.uk/t/chf-landscaping-and-building,myjobquote
Woodgate joinery & building Ltd,,Garage Conversion,,,5,2,,ID Checked,,,2023,https://www.myjobquote.co.uk/t/woodgate-joinery-building-ltd,myjobquote
Jimmy,,Garage Conversion,,,4.68,0,,ID Checked,,,Jan 2025,https://www.myjobquote.co.uk/t/jimmy-39,myjobquote
Jimmy,,Garage Conversion,,,4.68,0,,ID Checked,,,2017,https://www.myjobquote.co.uk/t/colak-and-gow,myjobquote
colak and gow,,Garage Conversion,,,4.68,0,,ID Checked,,,Apr 2018,https://www.myjobquote.co.uk/t/blasting-tail,myjobquote
Blasting tail,,Garage Conversion,,,4.68,0,,ID Checked,,,May 2025,https://www.myjobquote.co.uk/t/done-right-projects,myjobquote
SBBA LIMITED,,Garage Conversion,,,4.68,0,,ID Checked,,,2017,https://www.myjobquote.co.uk/t/sbba-limited,myjobquote
Jax design & build ltd,,Garage Conversion,,,4.68,0,,ID Checked,,,Jan 2017,https://www.myjobquote.co.uk/t/jax-design-build-ltd,myjobquote
Jax design & build ltd,,Garage Conversion,,,4.68,0,,ID Checked,,,1997,https://www.myjobquote.co.uk/t/vjl-builders-1,myjobquote
Notch Above Joinery,,Garage Conversion,,,4.68,0,,ID Checked,,,2024,https://www.myjobquote.co.uk/t/notch-above-joinery,myjobquote
Arash,,Garage Conversion,,,4.68,0,,,,,Jan 2025,https://www.myjobquote.co.uk/t/arash-5,myjobquote
Arash,,Garage Conversion,,,5,2,,ID Checked,,,2022,https://www.myjobquote.co.uk/t/porter-homes-property-builder-ltd,myjobquote
RXB Building and Landscapes ltd,,Garage Conversion,,,5,1,,ID Checked,,,2025,https://www.myjobquote.co.uk/t/rxb-building-and-landscapes-ltd,myjobquote
Building Solutions,,Garage Conversion,,,4.68,0,,ID Checked,,,Feb 2025,https://www.myjobquote.co.uk/t/building-solutions-10,myjobquote
Weatherface Ltd,,Garage Conversion,,,4.68,0,,ID Checked,,,2015,https://www.myjobquote.co.uk/t/weatherface-ltd,myjobquote
Briggs Building,,Garage Conversion,,,4.68,0,,ID Checked,,,2010,https://www.myjobquote.co.uk/t/briggs-building,myjobquote
Andrews Builders,,Garage Conversion,,,4.68,0,,ID Checked,,,Nov 2024,https://www.myjobquote.co.uk/t/andrews-builders,myjobquote
Gla building,,Garage Conversion,,,4.68,0,,,,,Jun 2023,https://www.myjobquote.co.uk/t/gla-building-1,myjobquote
Gla building,,Garage Conversion,,,4.68,0,,ID Checked,,,Dec 2024,https://www.myjobquote.co.uk/t/sky-company,myjobquote
Sky company,,Garage Conversion,,,4.68,0,,ID Checked,,,Mar 2026,https://www.myjobquote.co.uk/t/jackk-4,myjobquote
Jackk,,Garage Conversion,,,4.68,0,,ID Checked,,,2014,https://www.myjobquote.co.uk/t/bk-building,myjobquote
DORRy BUILDER LTD,,Garage Conversion,,,4.68,0,,ID Checked,,,2011,https://www.myjobquote.co.uk/t/dorry-builder-ltd,myjobquote
Rnsplastering,,Garage Conversion,,,4.68,0,,ID Checked,,,2010,https://www.myjobquote.co.uk/t/rnsplastering,myjobquote
HandyHelp,,Garage Conversion,,,4.68,0,,ID Checked,,,Jan 2023,https://www.myjobquote.co.uk/t/handyhelp,myjobquote
HandyHelp,,Garage Conversion,,,4.68,0,,ID Checked,,,Jan 2025,https://www.myjobquote.co.uk/t/dynamite-building,myjobquote
Tommy,,Garage Conversion,,,4.68,0,,ID Checked,,,Dec 2025,https://www.myjobquote.co.uk/t/tommy-38,myjobquote
Tommy,,Garage Conversion,,,4.68,0,,ID Checked,,,2012,https://www.myjobquote.co.uk/t/highwood-developments-ltd,myjobquote
Sdriveways and landscape,,Garage Conversion,,,5,1,,ID Checked,,,Nov 2024,https://www.myjobquote.co.uk/t/sdriveways-and-landscape,myjobquote
Arcus refurbishment,,Garage Conversion,,,5,1,,ID Checked,,,2017,https://www.myjobquote.co.uk/t/arcus-refurbishment,myjobquote
SJ Specialist Interior Solutions Limited,,Garage Conversion,,,5,1,,ID Checked,,,Jan 2023,https://www.myjobquote.co.uk/t/sj-specialist-interior-solutions-limited-1,myjobquote
jcconstruction,,Garage Conversion,,,4,1,,ID Checked,,,Jul 2023,https://www.myjobquote.co.uk/t/jcconstruction,myjobquote
Alafendi,,Garage Conversion,,,4.68,0,,ID Checked,,,2022,https://www.myjobquote.co.uk/t/alafendi,myjobquote
Madjid Lmt,,Garage Conversion,,,4.68,0,,,,,Sep 2023,https://www.myjobquote.co.uk/t/madjid-lmt,myjobquote
Matt smith,,Garage Conversion,,,4.68,0,,ID Checked,,,Feb 2022,https://www.myjobquote.co.uk/t/matt-smith,myjobquote
Matt smith,,Garage Conversion,,,4.68,0,,ID Checked,,,Feb 2022,https://www.myjobquote.co.uk/t/cristidima,myjobquote
Buildscape Projects,,Garage Conversion,,,4.68,0,,ID Checked,,,2023,https://www.myjobquote.co.uk/t/buildscape-projects,myjobquote
naqeebullah,,Garage Conversion,,,4.68,0,,ID Checked,,,Mar 2023,https://www.myjobquote.co.uk/t/naqeebullah,myjobquote
naqeebullah,,Garage Conversion,,,4.68,0,,,,,Jul 2024,https://www.myjobquote.co.uk/t/saity,myjobquote
SaitY,,Garage Conversion,,,4.68,0,,,,,Nov 2024,https://www.myjobquote.co.uk/t/thomson-trades,myjobquote
Thomson trades,,Garage Conversion,,,4.68,0,,,,,May 2023,https://www.myjobquote.co.uk/t/nu-am-compniei,myjobquote
Nu am compniei,,Garage Conversion,,,4.68,0,,,,,Nov 2024,https://www.myjobquote.co.uk/t/monsaf,myjobquote
Monsaf,,Garage Conversion,,,4.68,0,,,,,Oct 2024,https://www.myjobquote.co.uk/t/as-brothers-construction,myjobquote
As Brothers Construction,,Garage Conversion,,,4.68,0,,,Ground work,,Jan 2026,https://www.myjobquote.co.uk/t/blumbergs,myjobquote
Blumbergs,,Garage Conversion,,,4.68,0,,,,,Mar 2026,https://www.myjobquote.co.uk/t/finegan,myjobquote
Finegan,,Garage Conversion,,,4.68,0,,,,,Jan 2022,https://www.myjobquote.co.uk/t/manny,myjobquote
Manny,,Garage Conversion,,,4.68,0,,,,,May 2023,https://www.myjobquote.co.uk/t/royal-bam-group,myjobquote
Royal Bam group,,Garage Conversion,,,4.68,0,,,,,Apr 2025,https://www.myjobquote.co.uk/t/macd-builder,myjobquote
Macd builder,,Garage Conversion,,,4.68,0,,,,,1985,https://www.myjobquote.co.uk/t/e-farren-contracts,myjobquote
Garrow ltd,,Garage Conversion,,,4.68,0,,ID Checked,,,2012,https://www.myjobquote.co.uk/t/garrow-ltd,myjobquote
Garrow ltd,,Garage Conversion,,,4.68,0,,ID Checked,,,Feb 2024,https://www.myjobquote.co.uk/t/colin-rodgers,myjobquote
Colin Rodgers,,Garage Conversion,,,4.68,0,,,,,Feb 2025,https://www.myjobquote.co.uk/t/huzaifa,myjobquote
Liam Henry,,Garage Conversion,,,4.68,0,,,,,Jun 2023,https://www.myjobquote.co.uk/t/liam-henry,myjobquote
C Carson joinery,,Garage Conversion,,,5,1,,ID Checked; Public Liability Insurance,,,2015,https://www.myjobquote.co.uk/t/c-carson-joinery,myjobquote
Talented Tradesmen,,Garage Conversion,,,5,7,,ID Checked,,,2017,https://www.myjobquote.co.uk/t/talented-tradesmen,myjobquote
Jhs roofing and building,,Garage Conversion,,,5,2,,ID Checked,,,1900,https://www.myjobquote.co.uk/t/jhs-roofing-and-building-1,myjobquote
Brick’s n Bob’s,,Garage Conversion,,,5,1,,ID Checked,,,May 2025,https://www.myjobquote.co.uk/t/bricks-n-bobs,myjobquote
AMC Roofing and Building Ltd,,Garage Conversion,,,5,3,,ID Checked,,,2025,https://www.myjobquote.co.uk/t/amc-roofing-and-building-ltd,myjobquote
MR Construction,,Garage Conversion,,,5,1,,ID Checked,,,2018,https://www.myjobquote.co.uk/t/mr-construction-8,myjobquote
WD Joinery and Building Services,,Garage Conversion,,,5,1,,ID Checked,,,2004,https://www.myjobquote.co.uk/t/wd-joinery-and-building-services,myjobquote
LDA Contracts Ltd,,Garage Conversion,,,5,4,,ID Checked,,,2023,https://www.myjobquote.co.uk/t/lda-contracts-ltd,myjobquote
Barry,,Garage Conversion,,,5,5,,ID Checked,,,2008,https://www.myjobquote.co.uk/t/barry-34,myjobquote
Thistle Property Services,,Garage Conversion,,,4.9,19,,ID Checked,,,2020,https://www.myjobquote.co.uk/t/thistle-property-services,myjobquote
Mateusz,,Garage Conversion,,,5,3,,ID Checked,,,Sep 2023,https://www.myjobquote.co.uk/t/mateusz-22,myjobquote
Mrcc renavations and refreshments,,Garage Conversion,,,5,6,,ID Checked,,,2023,https://www.myjobquote.co.uk/t/mrcc-renavations-and-refreshments,myjobquote
Myson maintainance / construction,,Garage Conversion,,,5,1,,ID Checked,,,1990,https://www.myjobquote.co.uk/t/myson-maintainance-construction,myjobquote
RJM construction,,Garage Conversion,,,5,1,,ID Checked,,,Jun 2020,https://www.myjobquote.co.uk/t/rjm-construction,myjobquote
Glasgow Building & Construction Group Ltd,,Garage Conversion,,,5,1,,ID Checked,,,2011,https://www.myjobquote.co.uk/t/glasgow-building-construction-group-ltd,myjobquote
JJR joinery,,Garage Conversion,,,5,2,,ID Checked,,,2018,https://www.myjobquote.co.uk/t/jjr-joinery,myjobquote
JCM bricklaying & construction,,Garage Conversion,,,5,1,,ID Checked,,,2022,https://www.myjobquote.co.uk/t/jcm-bricklaying-construction,myjobquote
Jamie Choi Joinery and Building,,Garage Conversion,,,4,3,,ID Checked,,,2019,https://www.myjobquote.co.uk/t/jamie-choi-joinery-and-building,myjobquote
Custom Edge Projects,,Garage Conversion,,,4.5,4,,ID Checked,,,2020,https://www.myjobquote.co.uk/t/custom-edge-projects,myjobquote
Prestige properties,,Garage Conversion,,,4.2,10,,,,,2019,https://www.myjobquote.co.uk/t/prestige-properties,myjobquote
P.meechan Brickwork & stonework,,Garage Conversion,,,4.2,1,,,,,2021,https://www.myjobquote.co.uk/t/pmeechan-brickwork-stonework,myjobquote
E.P.M Emerie Property Maintenance,,Garage Conversion,,,5,3,,,,,2020,https://www.myjobquote.co.uk/t/epm-emerie-property-maintenance,myjobquote
WPG All Jobs,,Garage Conversion,,,4.7,3,,ID Checked,,,2020,https://www.myjobquote.co.uk/t/wpg-all-jobs,myjobquote
Kamil Leszczynski,,Garage Conversion,,,4.8,6,,ID Checked,,,2017,https://www.myjobquote.co.uk/t/kamil-leszczynski,myjobquote
RolandKeszeg,,Garage Conversion,,,4.8,2,,ID Checked,,,2020,https://www.myjobquote.co.uk/t/rolandkeszeg,myjobquote
Superior Garden Offices Scotland,,Garage Conversion,,,4,1,,ID Checked,,,2009,https://www.myjobquote.co.uk/t/superior-garden-offices-scotland,myjobquote
I was delivery Rider,,Garage Conversion,,,4.68,0,,ID Checked,,,Jan 2020,https://www.myjobquote.co.uk/t/i-was-delivery-rider,myjobquote
I was delivery Rider,,Garage Conversion,,,4.68,0,,,,,Feb 2026,https://www.myjobquote.co.uk/t/tl-projects,myjobquote
TL Projects,,Garage Conversion,,,4.68,0,,ID Checked,,,2016,https://www.myjobquote.co.uk/t/karol-repairs-renovations,myjobquote
mykola,,Garage Conversion,,,4.68,0,,ID Checked,,,Sep 2025,https://www.myjobquote.co.uk/t/mykola-20,myjobquote
mykola,,Garage Conversion,,,4.68,0,,ID Checked,,,Feb 2026,https://www.myjobquote.co.uk/t/robert-frew,myjobquote
Robert Frew,,Garage Conversion,,,4.68,0,,ID Checked,,,Jan 2024,https://www.myjobquote.co.uk/t/al-joinery,myjobquote
Jd contracts,,Garage Conversion,,,4.68,0,,ID Checked,,,2001,https://www.myjobquote.co.uk/t/jd-contracts,myjobquote
DS JOINERS,,Garage Conversion,,,4.68,0,,ID Checked,,,2022,https://www.myjobquote.co.uk/t/ds-joiners,myjobquote
CCC Roofing & Building Maintenance,,Garage Conversion,,,4.68,0,,ID Checked,,,1990,https://www.myjobquote.co.uk/t/ccc-roofing-building-maintenance,myjobquote
Aurel sr,,Garage Conversion,,,4.68,0,,ID Checked,,,Jan 2026,https://www.myjobquote.co.uk/t/aurel-sr,myjobquote
Aurel sr,,Garage Conversion,,,4.68,0,,ID Checked,,,Jul 2025,https://www.myjobquote.co.uk/t/gg-brothers-ltd,myjobquote
GG brothers ltd,,Garage Conversion,,,4.68,0,,ID Checked,,,2003,https://www.myjobquote.co.uk/t/gregory-general-builder,myjobquote
Athena Garage Conversions And Home Improvements,,Garage Conversion,,,4.68,0,,ID Checked,,,Nov 2022,https://www.myjobquote.co.uk/t/athena-garage-conversions-and-home-improvements,myjobquote
MacDonald worx,,Garage Conversion,,,5,2,,ID Checked,,,2010,https://www.myjobquote.co.uk/t/macdonald-worx,myjobquote
A W JOINERS LIMITED,,Garage Conversion,,,4.68,0,,ID Checked,,,2018,https://www.myjobquote.co.uk/t/a-w-joiners-limited,myjobquote
Zechariah,,Garage Conversion,,,4.68,0,,ID Checked,,,Jan 2018,https://www.myjobquote.co.uk/t/zechariah,myjobquote
Varsity Joiners Ltd,,Garage Conversion,,,4.68,0,,ID Checked,,,2018,https://www.myjobquote.co.uk/t/varsity-joiners-ltd,myjobquote
JM maintainence,,Garage Conversion,,,4.68,0,,ID Checked,,,2009,https://www.myjobquote.co.uk/t/jm-maintainence,myjobquote
JM maintainence,,Garage Conversion,,,4.68,0,,ID Checked,,,2023,https://www.myjobquote.co.uk/t/pro-glaze-group-scotland-limited,myjobquote
Charlie Stewart,,Garage Conversion,,,4.68,0,,ID Checked,,,Feb 2025,https://www.myjobquote.co.uk/t/charlie-stewart-1,myjobquote
Alastair buchanan,,Garage Conversion,,,4.68,0,,,,,Jun 2023,https://www.myjobquote.co.uk/t/alastair-buchanan,myjobquote
KD property group,,Garage Conversion,,,4.68,0,,,,,Apr 2023,https://www.myjobquote.co.uk/t/kd-property-group,myjobquote
Livingstone builders,,Garage Conversion,,,4.68,0,,ID Checked,,,2001,https://www.myjobquote.co.uk/t/livingstone-builders,myjobquote
Steven Wilson Joinery,,Garage Conversion,,,4.68,0,,Public Liability Insurance,,,Sep 2023,https://www.myjobquote.co.uk/t/steven-wilson-joinery,myjobquote
R.M Joinery Building Services LTD,,Garage Conversion,,,4.68,0,,ID Checked,,,Jun 2025,https://www.myjobquote.co.uk/t/rm-joinery-building-services-ltd,myjobquote
Craig,,Garage Conversion,,,4.68,0,,ID Checked,,,Aug 2024,https://www.myjobquote.co.uk/t/craig-100,myjobquote
Craig,,Garage Conversion,,,4.68,0,,ID Checked,,,Feb 2026,https://www.myjobquote.co.uk/t/harpreet-singh-9,myjobquote
Harpreet singh,,Garage Conversion,,,4.68,0,,ID Checked,,,2020,https://www.myjobquote.co.uk/t/laister-construction,myjobquote
Wardlaw construction,,Garage Conversion,,,4.68,0,,ID Checked,,,Jun 2025,https://www.myjobquote.co.uk/t/wardlaw-construction,myjobquote
Wardlaw construction,,Garage Conversion,,,4.68,0,,ID Checked,,,Sep 2024,https://www.myjobquote.co.uk/t/central-property-care-1,myjobquote
Adamsol synergy ltd,,Garage Conversion,,,4.68,0,,,,,Feb 2026,https://www.myjobquote.co.uk/t/adamsol-synergy-ltd,myjobquote
Adamsol synergy ltd,,Garage Conversion,,,4.68,0,,ID Checked,,,2022,https://www.myjobquote.co.uk/t/rcj-build,myjobquote
Kelpie construction Ltd,,Garage Conversion,,,4.68,0,,ID Checked,,,Sep 2023,https://www.myjobquote.co.uk/t/kelpie-construction-ltd,myjobquote
"Robert Painting , Decorating and Joinery",,Garage Conversion,,,4.68,0,,ID Checked,,,2023,https://www.myjobquote.co.uk/t/robert-painting-decorating-and-joinery,myjobquote
SES Renovations Ltd,,Garage Conversion,,,4.68,0,,ID Checked,,,2020,https://www.myjobquote.co.uk/t/ses-renovations-ltd,myjobquote
Freedon joinery and building contractor,,Garage Conversion,,,4.68,0,,ID Checked,,,Sep 2022,https://www.myjobquote.co.uk/t/freedon-joinery-and-building-contractor,myjobquote
Pat Building Service LTD,,Garage Conversion,,,4.68,0,,ID Checked,,,2019,https://www.myjobquote.co.uk/t/pat-building-service-ltd,myjobquote
DarioMarian LTD,,Garage Conversion,,,4.68,0,,ID Checked,,,Jan 2023,https://www.myjobquote.co.uk/t/dariomarian-ltd,myjobquote
HandyHelp,,Garage Conversion,,,4.68,0,,,,,Jan 2025,https://www.myjobquote.co.uk/t/aleksejs,myjobquote
KManston Carpentry,,Garage Conversion,,,4.68,0,,,,,2001,https://www.myjobquote.co.uk/t/kmanston-carpentry,myjobquote
Clyde construction and joinery Ltd,,Garage Conversion,,,4.68,0,,,,,2011,https://www.myjobquote.co.uk/t/clyde-construction-and-joinery-ltd,myjobquote
CPR Restorations,,Garage Conversion,,,4.68,0,,ID Checked,,,Nov 2024,https://www.myjobquote.co.uk/t/cpr-restorations,myjobquote
CPR Restorations,,Garage Conversion,,,4.68,0,,ID Checked,,,2014,https://www.myjobquote.co.uk/t/singhconstructionglasgow-at-gmailcom,myjobquote
nonononono,,Garage Conversion,,,4.68,0,,ID Checked,,,Jun 2023,https://www.myjobquote.co.uk/t/nonononono,myjobquote
nonononono,,Garage Conversion,,,4.68,0,,ID Checked,,,Jun 2024,https://www.myjobquote.co.uk/t/assured-building-contractors-scotland-ltd,myjobquote
Project3 Homes LTD,,Garage Conversion,,,4.68,0,,ID Checked,,,Dec 2023,https://www.myjobquote.co.uk/t/project3-homes-ltd,myjobquote
Scott Cramb Construction Ltd,,Garage Conversion,,,4.68,0,,ID Checked,,,Feb 2026,https://www.myjobquote.co.uk/t/scott-cramb-construction-ltd,myjobquote
Scott Cramb Construction Ltd,,Garage Conversion,,,4.68,0,,ID Checked,,,Jul 2023,https://www.myjobquote.co.uk/t/rikki-paving,myjobquote
R&m roofing and roughcasting contractors,,Garage Conversion,,,4.68,0,,ID Checked,,,Mar 2025,https://www.myjobquote.co.uk/t/rm-roofing-and-roughcasting-contractors,myjobquote
R&m roofing and roughcasting contractors,,Garage Conversion,,,4.68,0,,,,,Apr 2024,https://www.myjobquote.co.uk/t/alexander-mcgill,myjobquote
buildbuzz creation,,Garage Conversion,,,4.68,0,,ID Checked,,,2017,https://www.myjobquote.co.uk/t/buildbuzz-creation,myjobquote
JS Projects Scotland Ltd,,Garage Conversion,,,4.68,0,,ID Checked,,,2008,https://www.myjobquote.co.uk/t/js-projects-scotland-ltd,myjobquote
Sky company,,Garage Conversion,,,4.68,0,,ID Checked,,,1992,https://www.myjobquote.co.uk/t/scott-macinnes,myjobquote
L&L building contractors,,Garage Conversion,,,4.68,0,,ID Checked,,,2008,https://www.myjobquote.co.uk/t/ll-building-contractors,myjobquote
Henryk Zakrzewski,,Garage Conversion,,,5,3,,ID Checked,,,2016,https://www.myjobquote.co.uk/t/henryk-zakrzewski,myjobquote
Rohan,,Garage Conversion,,,4.68,0,,ID Checked,,,Jan 2019,https://www.myjobquote.co.uk/t/rohan-6,myjobquote
Rohan,,Garage Conversion,,,4.68,0,,Public Liability Insurance,,,Nov 2024,https://www.myjobquote.co.uk/t/jm-joiners-1,myjobquote
CLB&M Builders,,Garage Conversion,,,4.68,0,,Public Liability Insurance,,,Mar 2023,https://www.myjobquote.co.uk/t/clbm-builders,myjobquote
K&D Joiners,,Garage Conversion,,,4.68,0,,,,,Jun 2023,https://www.myjobquote.co.uk/t/kd-joiners,myjobquote
Heryy,,Garage Conversion,,,4.68,0,,,,,Feb 2024,https://www.myjobquote.co.uk/t/heryy,myjobquote
Heryy,,Garage Conversion,,,4.68,0,,,,,Mar 2023,https://www.myjobquote.co.uk/t/signet-group-scotland-limited,myjobquote
Krisztian Elekes,,Garage Conversion,,,4.68,0,,,,,Feb 2026,https://www.myjobquote.co.uk/t/krisztian-elekes,myjobquote
WOZ Contracts,,Garage Conversion,,,4.68,0,,ID Checked,,,Oct 2025,https://www.myjobquote.co.uk/t/woz-contracts,myjobquote
WOZ Contracts,,Garage Conversion,,,4.68,0,,ID Checked,,,Feb 2024,https://www.myjobquote.co.uk/t/caiden-2,myjobquote
Caiden,,Garage Conversion,,,4.68,0,,,,,Oct 2023,https://www.myjobquote.co.uk/t/joseph-98,myjobquote
joseph,,Garage Conversion,,,4.68,0,,,,,Nov 2024,https://www.myjobquote.co.uk/t/timber-sheild,myjobquote
Clark and watters,,Garage Conversion,,,4.68,0,,,,,Jan 2026,https://www.myjobquote.co.uk/t/clark-and-watters,myjobquote
Craig,,Garage Conversion,,,4.68,0,,,,,Sep 2025,https://www.myjobquote.co.uk/t/craig-17,myjobquote
Craig,,Garage Conversion,,,4.68,0,,,,,Feb 2023,https://www.myjobquote.co.uk/t/the-caledonia-group,myjobquote
The Caledonia Group,,Garage Conversion,,,4.68,0,,,,,Aug 2024,https://www.myjobquote.co.uk/t/deep1234,myjobquote
Deep1234,,Garage Conversion,,,4.68,0,,,,,Oct 2023,https://www.myjobquote.co.uk/t/pawel-56,myjobquote
Pawel,,Garage Conversion,,,4.68,0,,,,,Mar 2025,https://www.myjobquote.co.uk/t/liam-baillie,myjobquote
Manny,,Garage Conversion,,,4.68,0,,,,,May 2023,https://www.myjobquote.co.uk/t/scott-saunders-1,myjobquote
Jimmy,,Garage Conversion,,,4.68,0,,ID Checked,,,Jul 2025,https://www.myjobquote.co.uk/t/premier-garage-conversions,myjobquote
As Brothers Construction,,Garage Conversion,,,4.68,0,,ID Checked,,,2012,https://www.myjobquote.co.uk/t/gd-building-services-1,myjobquote
KGjoinery,,Garage Conversion,,,5,1,,ID Checked,,,Dec 2025,https://www.myjobquote.co.uk/t/kgjoinery,myjobquote
Renovation roofing and building,,Garage Conversion,,,5,1,,ID Checked,,,Dec 2023,https://www.myjobquote.co.uk/t/renovation-roofing-and-building,myjobquote
Bright Worx Scotland,,Garage Conversion,,,5,7,,ID Checked,,,2017,https://www.myjobquote.co.uk/t/bright-worx-scotland,myjobquote
A team roofing,,Garage Conversion,,,5,9,,ID Checked,,,2001,https://www.myjobquote.co.uk/t/a-team-roofing-1,myjobquote
R Hunter Joinery Services,,Garage Conversion,,,5,14,,ID Checked; Public Liability Insurance,,,2010,https://www.myjobquote.co.uk/t/r-hunter-joinery-services,myjobquote
S.I. Building Services,,Garage Conversion,,,5,2,,ID Checked,,,May 2024,https://www.myjobquote.co.uk/t/si-building-services,myjobquote
Precision Joinery and Building Service,,Garage Conversion,,,5,4,,ID Checked,,,2014,https://www.myjobquote.co.uk/t/precision-joinery-and-building-service,myjobquote
BR Home Solutions,,Garage Conversion,,,4.68,0,,ID Checked,,,Jan 2019,https://www.myjobquote.co.uk/t/br-home-solutions,myjobquote
Saltire property maintenance,,Garage Conversion,,,4.68,0,,,,,Feb 2025,https://www.myjobquote.co.uk/t/saltire-property-maintenance,myjobquote
Mr joiner,,Garage Conversion,,,5,15,,ID Checked,,,2023,https://www.myjobquote.co.uk/t/mr-joiner,myjobquote
DLD contractors,,Garage Conversion,,,5,11,,ID Checked,,,2021,https://www.myjobquote.co.uk/t/dld-contractors,myjobquote
MacDonald contracts,,Garage Conversion,,,3.7,3,,ID Checked,,,2008,https://www.myjobquote.co.uk/t/macdonald-contracts,myjobquote
Elite plumbing and joinery ltd,,Garage Conversion,,,5,3,,ID Checked,,,2010,https://www.myjobquote.co.uk/t/elite-plumbing-and-joinery-ltd,myjobquote
Bradley,,Garage Conversion,,,5,4,,ID Checked,,,2012,https://www.myjobquote.co.uk/t/bradley-102,myjobquote
M&M Building Solutions,,Garage Conversion,,,5,9,,,,,2013,https://www.myjobquote.co.uk/t/mm-building-solutions,myjobquote
T.POTTER & SONS BUILDERS LTD.,,Garage Conversion,,,5,3,,ID Checked,,,1974,https://www.myjobquote.co.uk/t/tpotter-sons-builders-ltd,myjobquote
M R CONTRACTORS,,Garage Conversion,,,4.68,0,,ID Checked,,,Apr 2021,https://www.myjobquote.co.uk/t/m-r-contractors,myjobquote
Eleganza Kitchens and Bathrooms Limited,,Garage Conversion,,,4.68,0,,ID Checked,,,Sep 2023,https://www.myjobquote.co.uk/t/eleganza-kitchens-and-bathrooms-limited,myjobquote
CUBE REtreat,,Garage Conversion,,,4.68,0,,ID Checked,,,May 2025,https://www.myjobquote.co.uk/t/cube-retreat,myjobquote
Holdfast construction ltd,,Garage Conversion,,,4.68,0,,ID Checked,,,2023,https://www.myjobquote.co.uk/t/holdfast-construction-ltd,myjobquote
CPR Restorations,,Garage Conversion,,,4.68,0,,ID Checked,,,2024,https://www.myjobquote.co.uk/t/aj-build-manage-ltd,myjobquote
SL Group,,Garage Conversion,,,4.68,0,,ID Checked,,,Jan 2024,https://www.myjobquote.co.uk/t/sl-group,myjobquote
DontStop,,Garage Conversion,,,4.68,0,,,,,Feb 2024,https://www.myjobquote.co.uk/t/dontstop,myjobquote
Karen,,Garage Conversion,,,4.68,0,,ID Checked,,,Jan 2023,https://www.myjobquote.co.uk/t/karen-11,myjobquote
Egan contracts ltd,,Garage Conversion,,,4.68,0,,ID Checked,,,Feb 2025,https://www.myjobquote.co.uk/t/egan-contracts-ltd,myjobquote
Blasting tail,,Garage Conversion,,,4.68,0,,,,,May 2025,https://www.myjobquote.co.uk/t/s2s-contractors,myjobquote
Thistle Home Renovations,,Garage Conversion,,,4.68,0,,ID Checked,,,2019,https://www.myjobquote.co.uk/t/thistle-home-renovations,myjobquote
Elder ltd,,Garage Conversion,,,4.68,0,,ID Checked,,,Jan 2019,https://www.myjobquote.co.uk/t/elder-ltd,myjobquote
Hillside building and renovation,,Garage Conversion,,,5,5,,ID Checked,,,2018,https://www.myjobquote.co.uk/t/hillside-building-and-renovation,myjobquote
Pro Spec Interiors Ltd,,Garage Conversion,,,4.68,0,,ID Checked,,,Aug 2020,https://www.myjobquote.co.uk/t/pro-spec-interiors-ltd,myjobquote
Pro Spec Interiors Ltd,,Garage Conversion,,,4.68,0,,,,,Mar 2026,https://www.myjobquote.co.uk/t/littlemans-building-and-maintenance,myjobquote
Littlemans building and maintenance,,Garage Conversion,,,4.68,0,,ID Checked,,,2021,https://www.myjobquote.co.uk/t/ac-building-landscaping-ltd,myjobquote
J&M Roofing and Landscaping,,Garage Conversion,,,5,1,,ID Checked,,,Mar 2022,https://www.myjobquote.co.uk/t/jm-roofing-and-landscaping,myjobquote
3 Dragon Landscaping & Property Maintenance,,Garage Conversion,,,5,2,,ID Checked,,,2025,https://www.myjobquote.co.uk/t/3-dragon-landscaping-property-maintenance,myjobquote
JFR building & bespoke refurbishment ltd,,Garage Conversion,,,5,10,,ID Checked,,,2020,https://www.myjobquote.co.uk/t/jfr-building-bespoke-refurbishment-ltd,myjobquote
Ty Powell,,Garage Conversion,,,5,4,,ID Checked,,,Jan 2024,https://www.myjobquote.co.uk/t/ty-powell,myjobquote
Lanes landscapes,,Garage Conversion,,,5,5,,ID Checked,,,2023,https://www.myjobquote.co.uk/t/lanes-landscapes,myjobquote
Antonios,,Garage Conversion,,,4.68,0,,ID Checked,,,Jan 2022,https://www.myjobquote.co.uk/t/antonios,myjobquote
Antonios,,Garage Conversion,,,4.68,0,,ID Checked,,,May 2023,https://www.myjobquote.co.uk/t/callum-copp-2,myjobquote
J.t.walsh contracting,,Garage Conversion,,,1,1,,ID Checked,,,2010,https://www.myjobquote.co.uk/t/jtwalsh-contracting,myjobquote
Building4you,,Garage Conversion,,,4.68,0,,ID Checked,,,Jul 2016,https://www.myjobquote.co.uk/t/building4you-1,myjobquote
Building4you,,Garage Conversion,,,4.68,0,,,,,May 2023,https://www.myjobquote.co.uk/t/ellisroofingconstruction,myjobquote
Ellisroofing&construction,,Garage Conversion,,,4.68,0,,ID Checked,,,2023,https://www.myjobquote.co.uk/t/no-limit-construction,myjobquote
OC Patio + Fencing,,Garage Conversion,,,4.68,0,,ID Checked,,,2021,https://www.myjobquote.co.uk/t/oc-patio-fencing,myjobquote
Elder & James Building Contractors,,Garage Conversion,,,5,1,,ID Checked,,,Apr 2023,https://www.myjobquote.co.uk/t/elder-james-building-contractors,myjobquote
Guste ltd,,Garage Conversion,,,5,10,,ID Checked,,,2014,https://www.myjobquote.co.uk/t/guste-ltd,myjobquote
JWL home improvements,,Garage Conversion,,,4.9,1,,ID Checked,,,2022,https://www.myjobquote.co.uk/t/jwl-home-improvements,myjobquote
budget builder,,Garage Conversion,,,5,2,,ID Checked,,,2018,https://www.myjobquote.co.uk/t/budget-builder,myjobquote
Karina Lane Construction Limited.,,Garage Conversion,,,5,1,,ID Checked,,,2019,https://www.myjobquote.co.uk/t/karina-lane-construction-limited,myjobquote
X-Treme Concept Ltd,,Garage Conversion,,,4.8,6,,ID Checked,,,2016,https://www.myjobquote.co.uk/t/x-treme-concept-ltd,myjobquote
CJ’s Property Maintenance & Handyman.,,Garage Conversion,,,5,2,,ID Checked,,,2022,https://www.myjobquote.co.uk/t/cjs-property-maintenance-handyman,myjobquote
D&J Roofing and building and NJC painting & decorating,,Garage Conversion,,,5,1,,ID Checked,,,2000,https://www.myjobquote.co.uk/t/dj-roofing-and-building-and-njc-painting-decorating,myjobquote
DCW Ltd,,Garage Conversion,,,4,4,,ID Checked,,,Aug 2023,https://www.myjobquote.co.uk/t/dcw-ltd,myjobquote
Danvo limited,,Garage Conversion,,,4.68,0,,ID Checked,,,Feb 2023,https://www.myjobquote.co.uk/t/danvo-limited,myjobquote
Tp plastering and building,,Garage Conversion,,,4.68,0,,ID Checked,,,Sep 2022,https://www.myjobquote.co.uk/t/tp-plastering-and-building,myjobquote
Tp plastering and building,,Garage Conversion,,,4.68,0,,,,,Nov 2022,https://www.myjobquote.co.uk/t/shaqado,myjobquote
Shaqado,,Garage Conversion,,,4.68,0,,,,,Aug 2025,https://www.myjobquote.co.uk/t/tally-ho,myjobquote
Tally ho,,Garage Conversion,,,4.68,0,,ID Checked,,,2015,https://www.myjobquote.co.uk/t/miracle-paintconstruction,myjobquote
Construction and maintenance,,Garage Conversion,,,4.68,0,,ID Checked,,,Oct 2022,https://www.myjobquote.co.uk/t/construction-and-maintenance,myjobquote
PLM carpentry and building,,Garage Conversion,,,4.68,0,,ID Checked,,,Apr 2024,https://www.myjobquote.co.uk/t/plm-carpentry-and-building,myjobquote
Warwick Plaster,,Garage Conversion,,,4.68,0,,ID Checked,,,Nov 2025,https://www.myjobquote.co.uk/t/warwick-plaster,myjobquote
Beavanbuilders LTD,,Garage Conversion,,,4.68,0,,ID Checked,,,2022,https://www.myjobquote.co.uk/t/beavanbuilders-ltd,myjobquote
T Evans Landscapes and Building,,Garage Conversion,,,4.68,0,,ID Checked,,,Aug 2023,https://www.myjobquote.co.uk/t/t-evans-landscapes-and-building,myjobquote
Bamfordsbuilding&landscaping,,Garage Conversion,,,4.68,0,,ID Checked,,,2012,https://www.myjobquote.co.uk/t/bamfordsbuildinglandscaping,myjobquote
CPS Construction Ltd,,Garage Conversion,,,4.68,0,,ID Checked,,,2021,https://www.myjobquote.co.uk/t/cps-construction-ltd,myjobquote
C mcnally,,Garage Conversion,,,4.68,0,,,,,Feb 2014,https://www.myjobquote.co.uk/t/c-mcnally,myjobquote
C mcnally,,Garage Conversion,,,4.68,0,,ID Checked,,,Dec 2024,https://www.myjobquote.co.uk/t/norbert-5,myjobquote
Norbert,,Garage Conversion,,,4.68,0,,ID Checked,,,Jan 2024,https://www.myjobquote.co.uk/t/frost-plastering-and-building,myjobquote
Dex-Renovations Group LTD,,Garage Conversion,,,4.68,0,,,,,2019,https://www.myjobquote.co.uk/t/dex-renovations-group-ltd,myjobquote
DAG construction ltd,,Garage Conversion,,,4.68,0,07441471291,ID Checked,,,1963,https://www.myjobquote.co.uk/t/dag-construction-ltd,myjobquote
Harlko Solutions,,Garage Conversion,,,4.68,0,,ID Checked,,,Jan 2026,https://www.myjobquote.co.uk/t/harlko-solutions,myjobquote
L.P.S,,Garage Conversion,,,4.68,0,,ID Checked,,,Jul 2025,https://www.myjobquote.co.uk/t/lps-2,myjobquote
L.P.S,,Garage Conversion,,,4.68,0,,,,,Nov 2023,https://www.myjobquote.co.uk/t/at-carpentry-timber-frame,myjobquote
Graham A Jones,,Garage Conversion,,,4.68,0,,ID Checked,,,1982,https://www.myjobquote.co.uk/t/graham-a-jones,myjobquote
HANDYMAN-24H LTD,,Garage Conversion,,,4.68,0,,ID Checked,,,2014,https://www.myjobquote.co.uk/t/handyman-24h-ltd,myjobquote
Lewis Rowden,,Garage Conversion,,,4.68,0,,ID Checked,,,2001,https://www.myjobquote.co.uk/t/lewis-rowden,myjobquote
Your building expert,,Garage Conversion,,,5,1,,ID Checked,,,2009,https://www.myjobquote.co.uk/t/your-building-expert,myjobquote
Tywi Valley paving,,Garage Conversion,,,4.68,0,,ID Checked,,,May 2021,https://www.myjobquote.co.uk/t/tywi-valley-paving,myjobquote
Tywi Valley paving,,Garage Conversion,,,4.68,0,,ID Checked,,,Oct 2023,https://www.myjobquote.co.uk/t/darius-34,myjobquote
DARIUS,,Garage Conversion,,,4.68,0,,ID Checked,,,Jan 2026,https://www.myjobquote.co.uk/t/ceilings2floors,myjobquote
Bielkonconstruction,,Garage Conversion,,,4.68,0,,ID Checked,,,Sep 2023,https://www.myjobquote.co.uk/t/bielkonconstruction,myjobquote
Signature homes,,Garage Conversion,,,4.68,0,,ID Checked,,,Jul 2023,https://www.myjobquote.co.uk/t/signature-homes,myjobquote
Lds building and electrical,,Garage Conversion,,,4.68,0,,ID Checked,,,Aug 2023,https://www.myjobquote.co.uk/t/lds-building-and-electrical,myjobquote
south wales building and landscaping,,Garage Conversion,,,4.68,0,,ID Checked,,,Mar 2025,https://www.myjobquote.co.uk/t/south-wales-building-and-landscaping,myjobquote
Alex Marias,,Garage Conversion,,,4.68,0,,,,,Jan 2015,https://www.myjobquote.co.uk/t/alex-marias,myjobquote
Alex Marias,,Garage Conversion,,,4.68,0,,ID Checked,,,1988,https://www.myjobquote.co.uk/t/pcd,myjobquote
P.c.d.,,Garage Conversion,,,4.68,0,,ID Checked,,,Jan 2014,https://www.myjobquote.co.uk/t/mike-martyn-refurbishment,myjobquote
Lja property constrution,,Garage Conversion,,,4.68,0,,ID Checked,,,Dec 2023,https://www.myjobquote.co.uk/t/lja-property-constrution,myjobquote
A&G Renovations,,Garage Conversion,,,5,7,,ID Checked,,,2000,https://www.myjobquote.co.uk/t/ag-renovations,myjobquote
SH Bespoke,,Garage Conversion,,,5,1,,ID Checked,,,Jan 2026,https://www.myjobquote.co.uk/t/sh-bespoke,myjobquote
Plastamast,,Garage Conversion,,,5,142,,ID Checked; Public Liability Insurance,,,2017,https://www.myjobquote.co.uk/t/plastamast,myjobquote
Capewell’s home improvements & son’s,,Garage Conversion,,,5,4,,ID Checked,,,2022,https://www.myjobquote.co.uk/t/capewells-home-improvements-sons,myjobquote
JD Signature builds,,Garage Conversion,,,5,2,07418344783,ID Checked; Public Liability Insurance,,,2020,https://www.myjobquote.co.uk/t/jd-signature-builds,myjobquote
All In One Construction,,Garage Conversion,,,5,7,,ID Checked; Public Liability Insurance,,,2023,https://www.myjobquote.co.uk/t/all-in-one-construction-1,myjobquote
J/n plumbing &building,,Garage Conversion,,,5,7,,ID Checked,,,1985,https://www.myjobquote.co.uk/t/jn-plumbing-building,myjobquote
TPR PROPERTY MAINTENANCE LTD,,Garage Conversion,,,5,32,,ID Checked,,,2017,https://www.myjobquote.co.uk/t/tpr-property-maintenance-ltd,myjobquote
Forge stone work ltd,,Garage Conversion,,,5,2,,ID Checked,,,2001,https://www.myjobquote.co.uk/t/forge-stone-work-ltd,myjobquote
M.G building and landscaping ltd,,Garage Conversion,,,5,3,,ID Checked,,,2021,https://www.myjobquote.co.uk/t/mg-building-and-landscaping-ltd,myjobquote
Builder,,Garage Conversion,,,5,1,,ID Checked,,,2019,https://www.myjobquote.co.uk/t/builder-291,myjobquote
Garage Conversions Wales,,Garage Conversion,,,5,1,,ID Checked,,,1999,https://www.myjobquote.co.uk/t/garage-conversions-wales,myjobquote
Dragon property services,,Garage Conversion,,,5,2,,ID Checked,,,2002,https://www.myjobquote.co.uk/t/dragon-property-services-2,myjobquote
Renovation king and landscaping,,Garage Conversion,,,4.7,7,,ID Checked,,,2023,https://www.myjobquote.co.uk/t/renovation-king-and-landscaping,myjobquote
A.L.A,,Garage Conversion,,,4.7,5,,ID Checked,,,2019,https://www.myjobquote.co.uk/t/ala-1,myjobquote
Prestige roofing and damp specialist,,Garage Conversion,,,4.8,1,,ID Checked,,,2016,https://www.myjobquote.co.uk/t/prestige-roofing-and-damp-specialist,myjobquote
KCK Carpentry & Building,,Garage Conversion,,,5,1,,ID Checked,,,2020,https://www.myjobquote.co.uk/t/kck-carpentry-building,myjobquote
Scott Daniel Carpentry,,Garage Conversion,,,4,1,,ID Checked,,,Nov 2020,https://www.myjobquote.co.uk/t/scott-daniel-carpentry,myjobquote
Apex Carpentry,,Garage Conversion,,,4.68,0,,ID Checked,,,Jan 2020,https://www.myjobquote.co.uk/t/apex-carpentry-6,myjobquote
Apex Carpentry,,Garage Conversion,,,4.68,0,,,,,Jun 2024,https://www.myjobquote.co.uk/t/c-j-building-plastering,myjobquote
Westy Brickwork,,Garage Conversion,,,4.68,0,,ID Checked,,,2022,https://www.myjobquote.co.uk/t/westy-brickwork,myjobquote
SZCONSTRUCTION,,Garage Conversion,,,4.68,0,,ID Checked,,,Dec 2024,https://www.myjobquote.co.uk/t/szconstruction,myjobquote
SZCONSTRUCTION,,Garage Conversion,,,4.68,0,,ID Checked,,,Dec 2024,https://www.myjobquote.co.uk/t/ganleys-landscapes,myjobquote
Ganleys Landscapes,,Garage Conversion,,,4.68,0,,ID Checked,,,2013,https://www.myjobquote.co.uk/t/atw-plastering-and-building,myjobquote
Gower Craftworks Carpentry & Home Maintenance,,Garage Conversion,,,4.68,0,,ID Checked,,,Dec 2023,https://www.myjobquote.co.uk/t/gower-craftworks-carpentry-home-maintenance,myjobquote
Dial carpentry ltd,,Garage Conversion,,,4.68,0,,,,,2006,https://www.myjobquote.co.uk/t/dial-carpentry-ltd,myjobquote
Ball brothers builders,,Garage Conversion,,,4.68,0,,,,,Jun 2024,https://www.myjobquote.co.uk/t/ball-brothers-builders,myjobquote
Harrison Reynolds Building,,Garage Conversion,,,4.68,0,,ID Checked,,,1995,https://www.myjobquote.co.uk/t/harrison-reynolds-building,myjobquote
Dunamis builders,,Garage Conversion,,,4.68,0,,ID Checked,,,Jul 2017,https://www.myjobquote.co.uk/t/dunamis-builders,myjobquote
Cai Eastman carpentry and construction,,Garage Conversion,,,4.68,0,,ID Checked,,,Dec 2025,https://www.myjobquote.co.uk/t/cai-eastman-carpentry-and-construction,myjobquote
Prestige Home Improvements,,Garage Conversion,,,4.68,0,,,,,2006,https://www.myjobquote.co.uk/t/prestige-home-improvements-14,myjobquote
Ashdark carpentry & construction,,Garage Conversion,,,4.68,0,,ID Checked,,,Jun 2025,https://www.myjobquote.co.uk/t/ashdark-carpentry-construction,myjobquote
Dawson Building & Plastering,,Garage Conversion,,,4.68,0,,ID Checked,,,1996,https://www.myjobquote.co.uk/t/dawson-building-plastering,myjobquote
Greencore Limited,,Garage Conversion,,,4.68,0,,ID Checked,,,Nov 2016,https://www.myjobquote.co.uk/t/greencore-limited,myjobquote
E&L Building & Roofing,,Garage Conversion,,,4.68,0,,ID Checked,,,Mar 2025,https://www.myjobquote.co.uk/t/el-building-roofing,myjobquote
H.H Building,,Garage Conversion,,,4.68,0,,ID Checked,,,2024,https://www.myjobquote.co.uk/t/hh-building,myjobquote
GM building solutions,,Garage Conversion,,,4.68,0,,ID Checked,,,2018,https://www.myjobquote.co.uk/t/gm-building-solutions,myjobquote
M&J Monolith Construction Ltd,,Garage Conversion,,,4.68,0,,ID Checked,,,Feb 2020,https://www.myjobquote.co.uk/t/mj-monolith-construction-ltd,myjobquote
WTJ Carpentry & Maintenance,,Garage Conversion,,,4.68,0,,ID Checked,,,2023,https://www.myjobquote.co.uk/t/wtj-carpentry-maintenance-1,myjobquote
Tailor made building services,,Garage Conversion,,,4.68,0,,ID Checked,,,Jun 2023,https://www.myjobquote.co.uk/t/tailor-made-building-services,myjobquote
Apex damp proofing,,Garage Conversion,,,5,2,,ID Checked; Public Liability Insurance,,,2008,https://www.myjobquote.co.uk/t/apex-damp-proofing,myjobquote
REX Construction,,Garage Conversion,,,5,4,,ID Checked,,,2015,https://www.myjobquote.co.uk/t/rex-construction,myjobquote
WBuild,,Garage Conversion,,,5,4,,ID Checked,,,2015,https://www.myjobquote.co.uk/t/wbuild,myjobquote
JN Building Services & Property Development Limited,,Garage Conversion,,,5,1,,ID Checked; Public Liability Insurance,,,2025,https://www.myjobquote.co.uk/t/jn-building-services-property-development-limited,myjobquote
M j ceretti builders,,Garage Conversion,,,5,1,,ID Checked,,,2004,https://www.myjobquote.co.uk/t/m-j-ceretti-builders,myjobquote
LARH Construction,,Garage Conversion,,,5,4,,ID Checked,,,1999,https://www.myjobquote.co.uk/t/larh-construction,myjobquote
Rayan Haris Builders,,Garage Conversion,,,5,2,,ID Checked,,,2018,https://www.myjobquote.co.uk/t/rayan-haris-builders,myjobquote
Tanvir,,Garage Conversion,,,4.68,0,,ID Checked,,,Jan 2021,https://www.myjobquote.co.uk/t/tanvir-2,myjobquote
Tanvir,,Garage Conversion,,,4.68,0,,ID Checked,,,Dec 2022,https://www.myjobquote.co.uk/t/ariea,myjobquote
Ariea,,Garage Conversion,,,4.68,0,,ID Checked,,,2020,https://www.myjobquote.co.uk/t/imperial-buildinglandscaping,myjobquote
Humble growth,,Garage Conversion,,,4.68,0,,ID Checked,,,2008,https://www.myjobquote.co.uk/t/humble-growth,myjobquote
Capital Construction SW LTD,,Garage Conversion,,,4.68,0,,ID Checked,,,Mar 2019,https://www.myjobquote.co.uk/t/capital-construction-sw-ltd,myjobquote
Tradeprice developments,,Garage Conversion,,,4.68,0,,ID Checked,,,Feb 2017,https://www.myjobquote.co.uk/t/tradeprice-developments,myjobquote
Tradeprice developments,,Garage Conversion,,,4.68,0,,ID Checked,,,Sep 2024,https://www.myjobquote.co.uk/t/fixxed-2,myjobquote
Fixxed,,Garage Conversion,,,4.68,0,,ID Checked,,,2023,https://www.myjobquote.co.uk/t/casa-construction-2,myjobquote
jonathan connor,,Garage Conversion,,,4.68,0,,ID Checked,,,2023,https://www.myjobquote.co.uk/t/jonathan-connor,myjobquote
KP contractors,,Garage Conversion,,,5,1,,ID Checked,,,Jun 2024,https://www.myjobquote.co.uk/t/kp-contractors,myjobquote
Amj tiling,,Garage Conversion,,,5,1,,ID Checked,,,2018,https://www.myjobquote.co.uk/t/amj-tiling,myjobquote
STN Brickwork Solutions,,Garage Conversion,,,4.68,0,,ID Checked,,,Feb 2021,https://www.myjobquote.co.uk/t/stn-brickwork-solutions,myjobquote
IG Stores Ltd,,Garage Conversion,,,4.68,0,,,,,Dec 2024,https://www.myjobquote.co.uk/t/ig-stores-ltd,myjobquote
IG Stores Ltd,,Garage Conversion,,,4.68,0,,ID Checked,,,2020,https://www.myjobquote.co.uk/t/star-home-improvements-ltd,myjobquote
Szot Construction Ltd,,Garage Conversion,,,4.68,0,,ID Checked,,,2019,https://www.myjobquote.co.uk/t/szot-construction-ltd,myjobquote
Szot Construction Ltd,,Garage Conversion,,,4.68,0,,ID Checked,,,Jan 2025,https://www.myjobquote.co.uk/t/billa-2,myjobquote
billa,,Garage Conversion,,,4.68,0,,ID Checked,,,2021,https://www.myjobquote.co.uk/t/ellsworth-maintenance,myjobquote
IP Industrial Services Ltd,,Garage Conversion,,,4.68,0,,ID Checked,,,Jan 2022,https://www.myjobquote.co.uk/t/ip-industrial-services-ltd,myjobquote
IP Industrial Services Ltd,,Garage Conversion,,,4.68,0,,,,,Oct 2024,https://www.myjobquote.co.uk/t/sd-handyman-ltd,myjobquote
Martin Builder,,Garage Conversion,,,4.68,0,,ID Checked,,,2024,https://www.myjobquote.co.uk/t/martin-builder,myjobquote
R d landscaping,,Garage Conversion,,,4.68,0,,ID Checked,,,Dec 2023,https://www.myjobquote.co.uk/t/r-d-landscaping,myjobquote
R d landscaping,,Garage Conversion,,,4.68,0,,ID Checked,,,2014,https://www.myjobquote.co.uk/t/operate-excavate-ltd-1,myjobquote
Adam Edmonds,,Garage Conversion,,,4.68,0,,ID Checked,,,Feb 2023,https://www.myjobquote.co.uk/t/adam-edmonds,myjobquote
Wright Renovations,,Garage Conversion,,,4.68,0,,ID Checked,,,2012,https://www.myjobquote.co.uk/t/wright-renovations-2,myjobquote
Rennco ltd,,Garage Conversion,,,4.68,0,,ID Checked,,,Apr 2025,https://www.myjobquote.co.uk/t/rennco-ltd,myjobquote
Astons Home Improvements,,Garage Conversion,,,4.68,0,,ID Checked,,,2010,https://www.myjobquote.co.uk/t/astons-home-improvements-1,myjobquote
RDF BUILDING &construction,,Garage Conversion,,,4.68,0,,ID Checked,,,Apr 2024,https://www.myjobquote.co.uk/t/rdf-building-construction,myjobquote
Ellis Building & Sons,,Garage Conversion,,,4.68,0,,ID Checked,,,Feb 2026,https://www.myjobquote.co.uk/t/ellis-building-sons,myjobquote
Apex Home Solutions Ltd,,Garage Conversion,,,4.68,0,,ID Checked,,,2006,https://www.myjobquote.co.uk/t/apex-home-solutions-ltd,myjobquote
AH carpentry @ plastering,,Garage Conversion,,,4.68,0,,ID Checked,,,2023,https://www.myjobquote.co.uk/t/ah-carpentry-at-plastering,myjobquote
ESB Building & Maintenance,,Garage Conversion,,,4.68,0,,ID Checked,,,2015,https://www.myjobquote.co.uk/t/esb-building-maintenance,myjobquote
RAB Construction,,Garage Conversion,,,4.68,0,,ID Checked,,,Nov 2025,https://www.myjobquote.co.uk/t/rab-construction,myjobquote
JPR Carpentry and Building Services Ltd,,Garage Conversion,,,4.68,0,,ID Checked,,,2016,https://www.myjobquote.co.uk/t/jpr-carpentry-and-building-services-ltd,myjobquote
Llewellyn Developments Ltd,,Garage Conversion,,,4.68,0,,ID Checked,,,2020,https://www.myjobquote.co.uk/t/llewellyn-developments-ltd,myjobquote
MCS Construction & Developments,,Garage Conversion,,,4.68,0,,ID Checked,,,2012,https://www.myjobquote.co.uk/t/mcs-construction-developments,myjobquote
Watman developments ltd,,Garage Conversion,,,4.68,0,,ID Checked,,,2024,https://www.myjobquote.co.uk/t/watman-developments-ltd,myjobquote
TCB Construction Cardiff,,Garage Conversion,,,4.68,0,,ID Checked,,,Sep 2024,https://www.myjobquote.co.uk/t/tcb-construction-cardiff,myjobquote
Andy Davies,,Garage Conversion,,,4.68,0,,ID Checked; Public Liability Insurance,,,1985,https://www.myjobquote.co.uk/t/andy-davies,myjobquote
A D W builders,,Garage Conversion,,,4.68,0,,ID Checked,,,Jan 2020,https://www.myjobquote.co.uk/t/a-d-w-builders,myjobquote
T&O construction ltd,,Garage Conversion,,,4.68,0,,ID Checked,,,2021,https://www.myjobquote.co.uk/t/to-construction-ltd,myjobquote
churchfield construction,,Garage Conversion,,,4.68,0,,ID Checked,,,Oct 2023,https://www.myjobquote.co.uk/t/churchfield-construction,myjobquote
G P Jones Builders (Wales),,Garage Conversion,,,4.68,0,,,,,2016,https://www.myjobquote.co.uk/t/g-p-jones-builders-wales,myjobquote
DotLen Construction,,Garage Conversion,,,4.68,0,,ID Checked,,,2024,https://www.myjobquote.co.uk/t/dotlen-construction,myjobquote
S J Clarke Building,,Garage Conversion,,,5,2,,ID Checked,,,Feb 2025,https://www.myjobquote.co.uk/t/s-j-clarke-building,myjobquote
RITESTONE CONSTUCTION Ltd,,Garage Conversion,,,5,4,,ID Checked,,,Oct 2024,https://www.myjobquote.co.uk/t/ritestone-constuction-ltd,myjobquote
Able Property Services,,Garage Conversion,,,5,1,,ID Checked,,,1990,https://www.myjobquote.co.uk/t/able-property-services,myjobquote
Mf and sons,,Garage Conversion,,,4.68,0,,ID Checked,,,May 2022,https://www.myjobquote.co.uk/t/mf-and-sons,myjobquote
JB plumbing,,Garage Conversion,,,4.68,0,,ID Checked; Public Liability Insurance,,,Oct 2022,https://www.myjobquote.co.uk/t/jb-plumbing-9,myjobquote
JB plumbing,,Garage Conversion,,,4.68,0,,,,,Nov 2023,https://www.myjobquote.co.uk/t/tomos-hewitt-construction,myjobquote
Tomos Hewitt Construction,,Garage Conversion,,,4.68,0,,,,,Sep 2024,https://www.myjobquote.co.uk/t/johnconibeer,myjobquote
Robert,,Garage Conversion,,,4.68,0,,,,,2007,https://www.myjobquote.co.uk/t/robert-217,myjobquote
S and roofing  building and fencing,,Garage Conversion,,,4.68,0,,,,,Jun 2025,https://www.myjobquote.co.uk/t/s-and-roofing-building-and-fencing,myjobquote
Gethin baber,,Garage Conversion,,,4.68,0,,,,,Jan 2025,https://www.myjobquote.co.uk/t/gethin-baber,myjobquote
SRG - Limited,,Garage Conversion,,,4.68,0,,,,,Feb 2023,https://www.myjobquote.co.uk/t/srg-limited,myjobquote
SRG - Limited,,Garage Conversion,,,4.68,0,,,,,Jul 2024,https://www.myjobquote.co.uk/t/dsj-ltd-1,myjobquote
DSJ LTD,,Garage Conversion,,,4.68,0,,,,,Aug 2023,https://www.myjobquote.co.uk/t/chris-edwards-1,myjobquote
Chris Edwards,,Garage Conversion,,,4.68,0,,,,,Feb 2026,https://www.myjobquote.co.uk/t/cityskim,myjobquote
Cityskim,,Garage Conversion,,,4.68,0,,,,,Sep 2023,https://www.myjobquote.co.uk/t/c-horlor-builder,myjobquote
C horlor  builder,,Garage Conversion,,,4.68,0,,ID Checked,,,Sep 2025,https://www.myjobquote.co.uk/t/build-buddies,myjobquote
EnBee Construction Ltd,,Garage Conversion,,,4.68,0,,ID Checked,,,2017,https://www.myjobquote.co.uk/t/enbee-construction-ltd,myjobquote
EnBee Construction Ltd,,Garage Conversion,,,4.68,0,,ID Checked,,,Apr 2023,https://www.myjobquote.co.uk/t/x1-group-w,myjobquote
Home vision,,Garage Conversion,,,4.68,0,,,,,Nov 2023,https://www.myjobquote.co.uk/t/home-vision-1,myjobquote
Forty builders ltd,,Garage Conversion,,,4.68,0,,ID Checked,,,2015,https://www.myjobquote.co.uk/t/forty-builders-ltd,myjobquote
Impressions builders Cardiff,,Garage Conversion,,,4.68,0,,ID Checked,,,Jan 2025,https://www.myjobquote.co.uk/t/impressions-builders-cardiff,myjobquote
RENNconstructuction,,Garage Conversion,,,5,1,,ID Checked,,,Apr 2017,https://www.myjobquote.co.uk/t/rennconstructuction,myjobquote
Webuild Cymru,,Garage Conversion,,,5,1,,ID Checked,,,1994,https://www.myjobquote.co.uk/t/webuild-cymru-1,myjobquote
Richwoodwindowdesigns,,Garage Conversion,,,5,6,07418369559,ID Checked,,,2004,https://www.myjobquote.co.uk/t/richwoodwindowdesigns,myjobquote
GN Electric & Renovation,,Garage Conversion,,,5,3,,ID Checked,,,2021,https://www.myjobquote.co.uk/t/gn-electric-renovation,myjobquote
"Spgbrickwork,building and landscaping",,Garage Conversion,,,5,1,,ID Checked,,,2018,https://www.myjobquote.co.uk/t/spgbrickworkbuilding-and-landscaping,myjobquote
TLC brickwork ltd,,Garage Conversion,,,5,1,,ID Checked,,,2024,https://www.myjobquote.co.uk/t/tlc-brickwork-ltd,myjobquote
Bc Renovations,,Garage Conversion,,,5,8,,ID Checked; Public Liability Insurance,,,2009,https://www.myjobquote.co.uk/t/bc-renovations,myjobquote
D.R Jones,,Garage Conversion,,,5,1,,ID Checked,,,2020,https://www.myjobquote.co.uk/t/dr-jones,myjobquote
JP Ground and Developments,,Garage Conversion,,,5,1,,ID Checked,,,Aug 2025,https://www.myjobquote.co.uk/t/jp-ground-and-developments,myjobquote
Design & Renew Ltd,,Garage Conversion,,,5,1,,ID Checked,,,2024,https://www.myjobquote.co.uk/t/design-renew-ltd,myjobquote
Mastercraft Builders Ltd,,Garage Conversion,,,4,13,,ID Checked,,,Jan 2024,https://www.myjobquote.co.uk/t/mastercraft-builders-ltd,myjobquote
Newport Building And Home Improvements,,Garage Conversion,,,5,12,,ID Checked,,,2012,https://www.myjobquote.co.uk/t/newport-building-and-home-improvements,myjobquote
j h wright & son building & roofing contractor,,Garage Conversion,,,5,1,,ID Checked,,,Sep 2021,https://www.myjobquote.co.uk/t/j-h-wright-son-building-roofing-contractor,myjobquote
KMDM BUILDING SERVICES,,Garage Conversion,,,5,2,07451278987,ID Checked; Public Liability Insurance,,,2012,https://www.myjobquote.co.uk/t/kmdm-building-services,myjobquote
WOW Builder Last construction,,Garage Conversion,,,5,1,,ID Checked; Public Liability Insurance,,,Nov 2017,https://www.myjobquote.co.uk/t/wow-builder-last-construction,myjobquote
Cll Contracting,,Garage Conversion,,,4.8,35,,ID Checked,,,2002,https://www.myjobquote.co.uk/t/cll-contracting,myjobquote
Sudalb Construction,,Garage Conversion,,,5,1,,ID Checked,,,2019,https://www.myjobquote.co.uk/t/sudalb-construction,myjobquote
AJ joinery,,Garage Conversion,,,5,2,,ID Checked,,,2020,https://www.myjobquote.co.uk/t/aj-joinery-6,myjobquote
Forsi LTD,,Garage Conversion,,,4.68,0,,ID Checked,,,Jan 2024,https://www.myjobquote.co.uk/t/forsi-ltd,myjobquote
Beestons Property Services,,Garage Conversion,,,5,4,,ID Checked; Public Liability Insurance,,,1996,https://www.myjobquote.co.uk/t/beestons-property-services,myjobquote
JSET Roofing and Construction,,Garage Conversion,,,5,26,,ID Checked,,,1990,https://www.myjobquote.co.uk/t/jset-roofing-and-construction,myjobquote
Lj developments,,Garage Conversion,,,5,1,,ID Checked,,,2015,https://www.myjobquote.co.uk/t/lj-developments,myjobquote
Wrexham Building & Joinery Ltd,,Garage Conversion,,,4.68,0,,ID Checked,,,Nov 2025,https://www.myjobquote.co.uk/t/wrexham-building-joinery-ltd-1,myjobquote
CIAN builders,,Garage Conversion,,,4.68,0,,,,,Aug 2022,https://www.myjobquote.co.uk/t/cian-builders,myjobquote
CIAN builders,,Garage Conversion,,,4.68,0,,,,,May 2022,https://www.myjobquote.co.uk/t/honeycomb-construction,myjobquote
Philly construction,,Garage Conversion,,,4.68,0,,ID Checked; Public Liability Insurance,,,2007,https://www.myjobquote.co.uk/t/philly-construction,myjobquote
A&dprobuild,,Garage Conversion,,,4.68,0,,Public Liability Insurance,,,Dec 2025,https://www.myjobquote.co.uk/t/adprobuild,myjobquote
elite contractors limited,,Garage Conversion,,,4.68,0,,ID Checked,,,2020,https://www.myjobquote.co.uk/t/elite-contractors-limited,myjobquote
Bill and son paving specialists,,Garage Conversion,,,4.68,0,,ID Checked,,,Dec 2025,https://www.myjobquote.co.uk/t/bill-and-son-paving-specialists,myjobquote
N.M brickwork,,Garage Conversion,,,4.68,0,,ID Checked,,,Sep 2023,https://www.myjobquote.co.uk/t/nm-brickwork,myjobquote
N.M brickwork,,Garage Conversion,,,4.68,0,,ID Checked,,,Nov 2024,https://www.myjobquote.co.uk/t/gavin-wiggins-paving-building,myjobquote
Bulkowski74,,Garage Conversion,,,4.68,0,,,,,Jan 2022,https://www.myjobquote.co.uk/t/bulkowski74,myjobquote
Bulkowski74,,Garage Conversion,,,4.68,0,,,,,2023,https://www.myjobquote.co.uk/t/p-r-builders,myjobquote
P r builders,,Garage Conversion,,,4.68,0,,,,,Feb 2023,https://www.myjobquote.co.uk/t/raven-developments,myjobquote
Raven Developments,,Garage Conversion,,,5,2,,ID Checked,,,2025,https://www.myjobquote.co.uk/t/paul-builder-groundwork,myjobquote
TSS Building Services,,Garage Conversion,,,5,1,,ID Checked,,,1990,https://www.myjobquote.co.uk/t/tss-building-services,myjobquote
Jayden&#039;s Property Services,,Garage Conversion,,,5,3,,ID Checked,,,2025,https://www.myjobquote.co.uk/t/jaydens-property-services,myjobquote
jd & sons,,Garage Conversion,,,4.68,0,,,,,1994,https://www.myjobquote.co.uk/t/jd-sons-1,myjobquote
Omari Carpentry,,Garage Conversion,,,4.68,0,,ID Checked,,,May 2024,https://www.myjobquote.co.uk/t/omari-carpentry,myjobquote
Db plastering.com,,Garage Conversion,,,4.68,0,,ID Checked,,,Feb 2025,https://www.myjobquote.co.uk/t/db-plasteringcom,myjobquote
Db plastering.com,,Garage Conversion,,,4.68,0,,ID Checked,,,2016,https://www.myjobquote.co.uk/t/hsm-builders-ltd,myjobquote
J.W.Pearce. Building & Plastering,,Garage Conversion,,,4.68,0,,ID Checked,,,2010,https://www.myjobquote.co.uk/t/jwpearce-building-plastering,myjobquote
C B construction,,Garage Conversion,,,4.68,0,,ID Checked,,,Jul 2017,https://www.myjobquote.co.uk/t/c-b-construction-1,myjobquote
C B construction,,Garage Conversion,,,4.68,0,,ID Checked,,,Feb 2024,https://www.myjobquote.co.uk/t/dn-joinery-2,myjobquote
A&D Probuild,,Garage Conversion,,,4.68,0,,ID Checked,,,2021,https://www.myjobquote.co.uk/t/ad-probuild,myjobquote
DMS Building Services,,Garage Conversion,,,4.68,0,,ID Checked,,,Jul 2024,https://www.myjobquote.co.uk/t/dms-building-services,myjobquote
DMS Building Services,,Garage Conversion,,,4.68,0,,ID Checked,,,2023,https://www.myjobquote.co.uk/t/visionary-roofing-and-groundworks,myjobquote
Willow,,Garage Conversion,,,4.68,0,,ID Checked,,,Jan 2025,https://www.myjobquote.co.uk/t/willow-1,myjobquote
TWEC DEvelopments Ltd,,Garage Conversion,,,4.68,0,,ID Checked,,,2010,https://www.myjobquote.co.uk/t/twec-developments-ltd,myjobquote
TWEC DEvelopments Ltd,,Garage Conversion,,,4.68,0,,ID Checked,,,2020,https://www.myjobquote.co.uk/t/dave-edwards,myjobquote
Evri Construction ltd,,Garage Conversion,,,4.68,0,,ID Checked,,,2012,https://www.myjobquote.co.uk/t/evri-construction-ltd,myjobquote
S jones building and roofing,,Garage Conversion,,,3,2,,ID Checked,,,1980,https://www.myjobquote.co.uk/t/s-jones-building-and-roofing,myjobquote
Mike griffiths builders,,Garage Conversion,,,4.68,0,,ID Checked,,,Sep 2022,https://www.myjobquote.co.uk/t/mike-griffiths-builders,myjobquote
JJJ BRICKWORK LIMITED,,Garage Conversion,,,4.68,0,,,,,Jun 2023,https://www.myjobquote.co.uk/t/jjj-brickwork-limited,myjobquote
JJJ BRICKWORK LIMITED,,Garage Conversion,,,4.68,0,,ID Checked,,,Mar 2024,https://www.myjobquote.co.uk/t/k-f-brickworks-nw-ltd,myjobquote
Sarlm Mcone,,Garage Conversion,,,4.68,0,,ID Checked,,,Apr 2022,https://www.myjobquote.co.uk/t/sarlm-mcone,myjobquote
Cascade building solutions ltd,,Garage Conversion,,,5,1,07418362483,ID Checked; Public Liability Insurance,,,2024,https://www.myjobquote.co.uk/t/cascade-building-solutions-ltd-1,myjobquote
Barry Giff,,Garage Conversion,,,5,1,,ID Checked; Public Liability Insurance,,,,https://www.myjobquote.co.uk/t/barry-giff,myjobquote
Brickwork Direct,,Garage Conversion,,,5,1,,ID Checked,,,1989,https://www.myjobquote.co.uk/t/brickwork-direct,myjobquote
Sealey Roofing&Building,,Garage Conversion,,,5,1,,ID Checked,,,2017,https://www.myjobquote.co.uk/t/sealey-roofingbuilding,myjobquote
David murtagh,,Garage Conversion,,,5,5,,ID Checked,,,2000,https://www.myjobquote.co.uk/t/david-murtagh,myjobquote
Masterplan Developments,,Garage Conversion,,,5,1,,ID Checked,,,2012,https://www.myjobquote.co.uk/t/masterplan-developments,myjobquote
AE QUALITYBUILD LTD,,Garage Conversion,,,5,2,,ID Checked; Public Liability Insurance,,,Jan 2026,https://www.myjobquote.co.uk/t/ae-qualitybuild-ltd,myjobquote
Birchy builders,,Garage Conversion,,,5,1,,ID Checked,,,2005,https://www.myjobquote.co.uk/t/birchy-builders,myjobquote
AW Plastering Solutions,,Garage Conversion,,,5,74,,ID Checked,,,2013,https://www.myjobquote.co.uk/t/aw-plastering-solutions,myjobquote
Build and Brick,,Garage Conversion,,,5,13,,ID Checked,,,2015,https://www.myjobquote.co.uk/t/build-and-brick,myjobquote
RE Joinery and Roofing,,Garage Conversion,,,5,33,,ID Checked,,,2012,https://www.myjobquote.co.uk/t/re-joinery-and-roofing,myjobquote
Aspire,,Garage Conversion,,,5,25,,ID Checked,,,2020,https://www.myjobquote.co.uk/t/aspire-1,myjobquote
Victoria builders,,Garage Conversion,,,5,1,,ID Checked,,,Mar 2024,https://www.myjobquote.co.uk/t/victoria-builders-1,myjobquote
FPS Renovations Ltd,,Garage Conversion,,,5,1,,ID Checked,,,2019,https://www.myjobquote.co.uk/t/fps-renovations-ltd,myjobquote
Jacks Building and Garden services,,Garage Conversion,,,5,2,,ID Checked,,,2023,https://www.myjobquote.co.uk/t/jacks-building-and-garden-services,myjobquote
BG BUILDER,,Garage Conversion,,,5,1,,ID Checked,,,2025,https://www.myjobquote.co.uk/t/bg-builder,myjobquote
SimplexMD,,Garage Conversion,,,5,2,,ID Checked,,,2018,https://www.myjobquote.co.uk/t/simplexmd,myjobquote
AKL Electrical Services,,Garage Conversion,,,5,7,,ID Checked; Public Liability Insurance,,,2016,https://www.myjobquote.co.uk/t/akl-electrical-services,myjobquote
Property bro’s pointing and property maintenance,,Garage Conversion,,,5,1,,ID Checked,,,Aug 2023,https://www.myjobquote.co.uk/t/property-bros-pointing-and-property-maintenance,myjobquote
Buildstreet Ltd,,Garage Conversion,,,5,3,,ID Checked,,,2005,https://www.myjobquote.co.uk/t/buildstreet-ltd,myjobquote
Evolution Bricklaying & General Building Services,,Garage Conversion,,,5,2,,ID Checked,,,2024,https://www.myjobquote.co.uk/t/evolution-bricklaying-general-building-services,myjobquote
Noori Builders Ltd,,Garage Conversion,,,4.8,10,,ID Checked; Public Liability Insurance,,,2007,https://www.myjobquote.co.uk/t/noori-builders-ltd,myjobquote
R M Temple Handyman Services,,Garage Conversion,,,5,8,,ID Checked,,,1984,https://www.myjobquote.co.uk/t/r-m-temple-handyman-services,myjobquote
K Hill Brickwork and General Building Contractor,,Garage Conversion,,,4,5,,ID Checked,,,1983,https://www.myjobquote.co.uk/t/k-hill-brickwork-and-general-building-contractor-1,myjobquote
S. J. Brickwork/handyman jobs,,Garage Conversion,,,5,40,07441447179,ID Checked,,,2005,https://www.myjobquote.co.uk/t/s-j-brickworkhandyman-jobs,myjobquote
Marks Garden Improvements,,Garage Conversion,,,5,14,,ID Checked,,,Aug 2022,https://www.myjobquote.co.uk/t/marks-garden-improvements,myjobquote
Hallows Construction,,Garage Conversion,,,5,1,,ID Checked,,,2008,https://www.myjobquote.co.uk/t/hallows-construction,myjobquote
The flooring company,,Garage Conversion,,,5,2,,ID Checked,,,Dec 2024,https://www.myjobquote.co.uk/t/the-flooring-company-1,myjobquote
Cheshire Plastering and Building Services,,Garage Conversion,,,4.6,44,,ID Checked,,,Jun 2024,https://www.myjobquote.co.uk/t/cheshire-plastering-and-building-services,myjobquote
BuildscapeUk,,Garage Conversion,,,4.6,1,,ID Checked,,,2000,https://www.myjobquote.co.uk/t/buildscapeuk,myjobquote
SD Building Services,,Garage Conversion,,,5,2,,ID Checked,,,2024,https://www.myjobquote.co.uk/t/sd-building-services-3,myjobquote
LJ groundwork’s & landscaping,,Garage Conversion,,,4.5,2,,ID Checked,,,2020,https://www.myjobquote.co.uk/t/lj-groundworks-landscaping,myjobquote
Reyno,,Garage Conversion,,,5,2,,ID Checked,,,Feb 2023,https://www.myjobquote.co.uk/t/reyno,myjobquote
ThornBuild,,Garage Conversion,,,5,14,,ID Checked,,,2001,https://www.myjobquote.co.uk/t/thornbuild,myjobquote
Bespoke Build (NW) Ltd,,Garage Conversion,,,5,1,,ID Checked,,,2023,https://www.myjobquote.co.uk/t/bespoke-build-nw-ltd,myjobquote
Dnl homemaintenance,,Garage Conversion,,,5,1,,ID Checked,,,2010,https://www.myjobquote.co.uk/t/dnl-homemaintenance,myjobquote
Graham Daltrey,,Garage Conversion,,,5,4,,ID Checked,,,1989,https://www.myjobquote.co.uk/t/graham-daltrey,myjobquote
Kkh groundworks and civils,,Garage Conversion,,,4.68,0,,ID Checked,,,2020,https://www.myjobquote.co.uk/t/kkh-groundworks-and-civils,myjobquote
SWJ Brickwork,,Garage Conversion,,,4.68,0,,,,,Nov 2025,https://www.myjobquote.co.uk/t/swj-brickwork,myjobquote
SWJ Brickwork,,Garage Conversion,,,4.68,0,,ID Checked,,,2025,https://www.myjobquote.co.uk/t/resilientroofing,myjobquote
AB brickwork,,Garage Conversion,,,4.68,0,,ID Checked,,,Oct 2025,https://www.myjobquote.co.uk/t/ab-brickwork-1,myjobquote
T&K Groundworks & Garden Transformations,,Garage Conversion,,,4.68,0,,ID Checked,,,2021,https://www.myjobquote.co.uk/t/tk-groundworks-garden-transformations,myjobquote
Acorn landscaping contractors ltd,,Garage Conversion,,,4.68,0,,ID Checked; Public Liability Insurance,,,2000,https://www.myjobquote.co.uk/t/acorn-landscaping-contractors-ltd,myjobquote
C b plastering,,Garage Conversion,,,4.68,0,,ID Checked,,,2007,https://www.myjobquote.co.uk/t/c-b-plastering-1,myjobquote
Hughes environmental,,Garage Conversion,,,4.68,0,,ID Checked,,,Nov 2023,https://www.myjobquote.co.uk/t/hughes-environmental,myjobquote
A W Builders Oswestry,,Garage Conversion,,,4.68,0,,,,,Aug 2024,https://www.myjobquote.co.uk/t/a-w-builders-oswestry,myjobquote
Jr joinery & construction,,Garage Conversion,,,4.68,0,,ID Checked,,,Mar 2023,https://www.myjobquote.co.uk/t/jr-joinery-construction,myjobquote
Amber Oswstry limited,,Garage Conversion,,,4.68,0,,ID Checked,,,1985,https://www.myjobquote.co.uk/t/amber-oswstry-limited,myjobquote
Williams,,Garage Conversion,,,4.68,0,,ID Checked,,,Jun 2023,https://www.myjobquote.co.uk/t/williams-13,myjobquote
Williams,,Garage Conversion,,,4.68,0,,ID Checked,,,2006,https://www.myjobquote.co.uk/t/a-to-z-property-maintenance-and-roofer-in-pairs,myjobquote
Quirks Property Maintenance Ltd,,Garage Conversion,,,4.68,0,,Public Liability Insurance,,,2010,https://www.myjobquote.co.uk/t/quirks-property-maintenance-ltd-1,myjobquote
Nezajrenovation,,Garage Conversion,,,4.68,0,,Public Liability Insurance,,,Sep 2025,https://www.myjobquote.co.uk/t/nezajrenovation,myjobquote
Nezajrenovation,,Garage Conversion,,,4.68,0,,ID Checked,,,2018,https://www.myjobquote.co.uk/t/willow-design-build-ltd,myjobquote
Bespoke oak,,Garage Conversion,,,4.68,0,,ID Checked; Public Liability Insurance,,,Jan 2020,https://www.myjobquote.co.uk/t/bespoke-oak,myjobquote
Gurber group ltd,,Garage Conversion,,,4.68,0,,ID Checked,,,Sep 2024,https://www.myjobquote.co.uk/t/gurber-group-ltd,myjobquote
highgrove construction,,Garage Conversion,,,4.68,0,,ID Checked,,,Dec 2023,https://www.myjobquote.co.uk/t/highgrove-construction,myjobquote
DC Building and Maintenance,,Garage Conversion,,,4.68,0,,ID Checked,,,Jan 2026,https://www.myjobquote.co.uk/t/dc-building-and-maintenance,myjobquote
DC Building and Maintenance,,Garage Conversion,,,4.68,0,,ID Checked,,,2010,https://www.myjobquote.co.uk/t/lonsdale-building-services,myjobquote
Dobrush.Ltd.Constraction,,Garage Conversion,,,4.68,0,,ID Checked,,,Aug 2021,https://www.myjobquote.co.uk/t/dobrushltdconstraction,myjobquote
Dobrush.Ltd.Constraction,,Garage Conversion,,,4.68,0,,,,,Nov 2024,https://www.myjobquote.co.uk/t/nicu-ltd,myjobquote
K v services,,Garage Conversion,,,4.68,0,,,,,Jan 2024,https://www.myjobquote.co.uk/t/k-v-services,myjobquote