company_name,owner_name,trade_type,location,website_url,overall_rating,review_count,phone,verification_status,services,coverage_area,member_since,profile_url,source_platform
Issa Services,,Internal Renovation,,,4.9,33,,ID Checked,,,2016,https://www.myjobquote.co.uk/t/issa-services,myjobquote
Silver Prism Construction Ltd,,Internal Renovation,,,5,4,,ID Checked,,,2023,https://www.myjobquote.co.uk/t/silver-prism-construction-ltd,myjobquote
Dfinal Touch Engineering Ltd,,Internal Renovation,,,5,1,,ID Checked,,,2013,https://www.myjobquote.co.uk/t/dfinal-touch-engineering-ltd,myjobquote
Oresti paving &  construction LTD,,Internal Renovation,,,5,5,,ID Checked,,,2002,https://www.myjobquote.co.uk/t/oresti-paving-construction-ltd,myjobquote
JK Building Services,,Internal Renovation,,,5,4,,ID Checked; Public Liability Insurance,,,2000,https://www.myjobquote.co.uk/t/jk-building-services-2,myjobquote
Bob Building,,Internal Renovation,,,5,4,,ID Checked,,,2019,https://www.myjobquote.co.uk/t/bob-building-1,myjobquote
Supermarioconstraction1984,,Internal Renovation,,,5,9,,ID Checked; Public Liability Insurance,,,2007,https://www.myjobquote.co.uk/t/supermarioconstraction1984,myjobquote
Ashton & Cole Building & Electrical Services,,Internal Renovation,,,5,7,,ID Checked; Public Liability Insurance,,,2024,https://www.myjobquote.co.uk/t/ashton-cole-building-electrical-services,myjobquote
L.G building,,Internal Renovation,,,5,2,,ID Checked; Public Liability Insurance,,,2026,https://www.myjobquote.co.uk/t/lg-building-1,myjobquote
We fix houses ltd,,Internal Renovation,,,5,19,,ID Checked,,,2017,https://www.myjobquote.co.uk/t/we-fix-houses-ltd,myjobquote
Building construction and innovation ltd,,Internal Renovation,,,5,1,07418368597,ID Checked,,,2018,https://www.myjobquote.co.uk/t/building-construction-and-innovation-ltd,myjobquote
"Brickworth Landscaping, Masonry & Construction",,Internal Renovation,,,5,12,,ID Checked,,,2002,https://www.myjobquote.co.uk/t/brickworth-landscaping-masonry-construction,myjobquote
Surrey London Builds LTD,,Internal Renovation,,,5,1,,ID Checked,,,2025,https://www.myjobquote.co.uk/t/surrey-london-builds-ltd-1,myjobquote
NLD.London,,Internal Renovation,,,5,3,,ID Checked; Public Liability Insurance,,,2015,https://www.myjobquote.co.uk/t/nldlondon,myjobquote
"Donnelly Design, Property Refurbishments & Renovation",,Internal Renovation,,,5,2,07418362046,ID Checked; Public Liability Insurance,,,1998,https://www.myjobquote.co.uk/t/donnelly-design-property-refurbishments-renovation,myjobquote
Allan & Sons Renovations Limited,,Internal Renovation,,,5,2,,ID Checked,,,2008,https://www.myjobquote.co.uk/t/allan-sons-renovations-limited,myjobquote
David general construction LTD,,Internal Renovation,,,5,1,,ID Checked,,,2016,https://www.myjobquote.co.uk/t/david-general-construction-ltd,myjobquote
DFLCONSTRUCTIONSERVICES,,Internal Renovation,,,5,1,,ID Checked,,,1990,https://www.myjobquote.co.uk/t/dflconstructionservices,myjobquote
Tuti Builders,,Internal Renovation,,,5,6,07418340400,ID Checked,,,2018,https://www.myjobquote.co.uk/t/tuti-builders,myjobquote
EWM Design & Build Ltd,,Internal Renovation,,,5,1,,ID Checked,,,Jul 2025,https://www.myjobquote.co.uk/t/ewm-design-build-ltd,myjobquote
M4 construction,,Internal Renovation,,,5,1,,ID Checked,,,,https://www.myjobquote.co.uk/t/m4-construction,myjobquote
Building Blueprints,,Internal Renovation,,,5,2,,ID Checked,,,2010,https://www.myjobquote.co.uk/t/building-blueprints,myjobquote
H G Witcher Carpentry,,Internal Renovation,,,5,1,,ID Checked,,,Oct 2020,https://www.myjobquote.co.uk/t/h-g-witcher-carpentry,myjobquote
Solis Resorces &Co Ltd,,Internal Renovation,,,5,1,,ID Checked,,,Apr 2025,https://www.myjobquote.co.uk/t/solis-resorces-co-ltd,myjobquote
Nrs roofing services,,Internal Renovation,,,5,1,07418317352,ID Checked,,,2012,https://www.myjobquote.co.uk/t/nrs-roofing-services,myjobquote
JMC Build Ltd,,Internal Renovation,,,5,1,,ID Checked,,,2024,https://www.myjobquote.co.uk/t/jmc-build-ltd,myjobquote
Richmond Bespoke Builders,,Internal Renovation,,,5,1,,ID Checked,,,2020,https://www.myjobquote.co.uk/t/richmond-bespoke-builders,myjobquote
ASVIV LTD,,Internal Renovation,,,5,1,,ID Checked,,,2021,https://www.myjobquote.co.uk/t/asviv-ltd,myjobquote
Mena contractor ltd,,Internal Renovation,,,5,2,,ID Checked,,,2023,https://www.myjobquote.co.uk/t/mena-contractor-ltd,myjobquote
Eduard,,Internal Renovation,,,5,1,07418318147,ID Checked,,,Sep 2025,https://www.myjobquote.co.uk/t/eduard-10,myjobquote
TSMD Properties Ltd,,Internal Renovation,,,5,1,,ID Checked,,,2021,https://www.myjobquote.co.uk/t/tsmd-properties-ltd,myjobquote
AdrianSobolak,,Internal Renovation,,,5,1,,ID Checked,,,Sep 2025,https://www.myjobquote.co.uk/t/adriansobolak,myjobquote
Temple Fortune Construction,,Internal Renovation,,,5,7,,ID Checked,,,Mar 2025,https://www.myjobquote.co.uk/t/temple-fortune-construction,myjobquote
Graeme&#039;s Kitchen & General Building services,,Internal Renovation,,,4,1,,ID Checked; Public Liability Insurance,,,2020,https://www.myjobquote.co.uk/t/graemes-kitchen-general-building-services,myjobquote
Vasilica Adamuta LTD,,Internal Renovation,,,5,1,,ID Checked,,,2018,https://www.myjobquote.co.uk/t/vasilica-adamuta-ltd-1,myjobquote
Alberto,,Internal Renovation,,,5,1,,ID Checked,,,Sep 2025,https://www.myjobquote.co.uk/t/alberto-9,myjobquote
NILS ON CALL,,Internal Renovation,,,5,14,,ID Checked,,,2025,https://www.myjobquote.co.uk/t/nils-on-call,myjobquote
Noble builders,,Internal Renovation,,,5,4,,ID Checked,,,2014,https://www.myjobquote.co.uk/t/noble-builders,myjobquote
Task plan development ltd,,Internal Renovation,,,5,2,,ID Checked,,,2014,https://www.myjobquote.co.uk/t/task-plan-development-ltd,myjobquote
Azad Randhawa,,Internal Renovation,,,5,5,,ID Checked,,,2019,https://www.myjobquote.co.uk/t/azad-randhawa,myjobquote
GWS Multi Trade Builders,,Internal Renovation,,,5,4,,ID Checked; Public Liability Insurance,,,1980,https://www.myjobquote.co.uk/t/gws-multi-trade-builders,myjobquote
Ward Builders,,Internal Renovation,,,5,19,,ID Checked,,,1991,https://www.myjobquote.co.uk/t/ward-builders,myjobquote
Limelight Build LTD,,Internal Renovation,,,5,11,,ID Checked,,,2023,https://www.myjobquote.co.uk/t/limelight-build-ltd,myjobquote
Pro Dryliner Ltd,,Internal Renovation,,,4.9,18,07418369558,ID Checked,,,2020,https://www.myjobquote.co.uk/t/pro-dryliner-ltd,myjobquote
Waldman Construction,,Internal Renovation,,,4.8,5,,ID Checked,,,2021,https://www.myjobquote.co.uk/t/waldman-construction,myjobquote
ISAV LTD,,Internal Renovation,,,5,5,,ID Checked,,,2024,https://www.myjobquote.co.uk/t/isav-ltd,myjobquote
As you like it building services Ltd,,Internal Renovation,,,5,3,,ID Checked; Public Liability Insurance,,,2014,https://www.myjobquote.co.uk/t/as-you-like-it-building-services-ltd,myjobquote
Insight Property Maintenance,,Internal Renovation,,,5,15,,ID Checked,,,2006,https://www.myjobquote.co.uk/t/insight-property-maintenance,myjobquote
MSG Design Ltd,,Internal Renovation,,,5,26,07418374742,ID Checked,,,2018,https://www.myjobquote.co.uk/t/msg-design-ltd,myjobquote
Buckingham & Sons Ltd,,Internal Renovation,,,4.8,5,,ID Checked,,,2008,https://www.myjobquote.co.uk/t/buckingham-sons-ltd,myjobquote
DDN HOLDINGS,,Internal Renovation,,,4.8,2,,ID Checked; Public Liability Insurance,,,2015,https://www.myjobquote.co.uk/t/ddn-holdings,myjobquote
Bespoke Construction,,Internal Renovation,,,5,2,,ID Checked,,,2024,https://www.myjobquote.co.uk/t/bespoke-construction-6,myjobquote
Priority roofing&building design,,Internal Renovation,,,5,2,,ID Checked,,,2025,https://www.myjobquote.co.uk/t/priority-roofingbuilding-design,myjobquote
Refurb and Maintenance,,Internal Renovation,,,5,17,,ID Checked,,,2018,https://www.myjobquote.co.uk/t/refurb-and-maintenance,myjobquote
Clarks property services,,Internal Renovation,,,5,3,,ID Checked,,,Oct 2023,https://www.myjobquote.co.uk/t/clarks-property-services,myjobquote
ESSEX BUILDING & LANDSCAPIG,,Internal Renovation,,,5,1,,ID Checked,,,2010,https://www.myjobquote.co.uk/t/essex-building-landscapig,myjobquote
TH Decorators & maintenance,,Internal Renovation,,,3,1,,ID Checked,,,1988,https://www.myjobquote.co.uk/t/th-decorators-maintenance,myjobquote
CJK DELUXE CLEANERS,,Internal Renovation,,,1,1,,ID Checked,,,2020,https://www.myjobquote.co.uk/t/cjk-deluxe-cleaners,myjobquote
Cedar and co construction ltd,,Internal Renovation,,,1,1,,ID Checked,,,2022,https://www.myjobquote.co.uk/t/cedar-and-co-construction-ltd,myjobquote
Ionut Moraru,,Internal Renovation,,,1,1,,ID Checked,,,2018,https://www.myjobquote.co.uk/t/ionut-moraru,myjobquote
KLS SERVICES LTD,,Internal Renovation,,,1,1,,ID Checked,,,2006,https://www.myjobquote.co.uk/t/kls-services-ltd,myjobquote
Builders Fix Ltd,,Internal Renovation,,,3,1,,ID Checked,,,2018,https://www.myjobquote.co.uk/t/builders-fix-ltd,myjobquote
Winfresh Construction Limited,,Internal Renovation,,,1,1,,ID Checked,,,2024,https://www.myjobquote.co.uk/t/winfresh-construction-limited,myjobquote
JAM Contractors Ltd,,Internal Renovation,,,3,1,,ID Checked,,,2018,https://www.myjobquote.co.uk/t/jam-contractors-ltd-2,myjobquote
General Refurbishment bv Ltd,,Internal Renovation,,,4.68,0,,ID Checked,,,Feb 2020,https://www.myjobquote.co.uk/t/general-refurbishment-bv-ltd,myjobquote
Ken Healy,,Internal Renovation,,,4.68,0,,,,,Feb 2016,https://www.myjobquote.co.uk/t/ken-healy,myjobquote
Ken Healy,,Internal Renovation,,,4.68,0,,,,,Feb 2025,https://www.myjobquote.co.uk/t/alpha-home-improvements-property-maintenance,myjobquote
Tyaan,,Internal Renovation,,,4.68,0,,,,,Mar 2024,https://www.myjobquote.co.uk/t/tyaan,myjobquote
Pat builders solution ltd,,Internal Renovation,,,4.68,0,,,,,Aug 2025,https://www.myjobquote.co.uk/t/pat-builders-solution-ltd,myjobquote
cp brickwork,,Internal Renovation,,,4.68,0,,,,,2010,https://www.myjobquote.co.uk/t/cp-brickwork,myjobquote
ROKDAN CONSTRUCTION LTD,,Internal Renovation,,,4.68,0,,ID Checked,,,2006,https://www.myjobquote.co.uk/t/rokdan-construction-ltd,myjobquote
Zobsha limited,,Internal Renovation,,,4.68,0,,ID Checked,,,Feb 2021,https://www.myjobquote.co.uk/t/zobsha-limited,myjobquote
HandyR.A.C,,Internal Renovation,,,4.68,0,,ID Checked,,,Mar 2024,https://www.myjobquote.co.uk/t/handyrac,myjobquote
HandyR.A.C,,Internal Renovation,,,4.68,0,,ID Checked,,,2014,https://www.myjobquote.co.uk/t/jason-18,myjobquote
Emirjan,,Internal Renovation,,,4.68,0,,ID Checked,,,2018,https://www.myjobquote.co.uk/t/emirjan,myjobquote
Rssm Builders ltd,,Internal Renovation,,,4.68,0,,ID Checked,,,2009,https://www.myjobquote.co.uk/t/rssm-builders-ltd,myjobquote
M. B Echo build Ltd,,Internal Renovation,,,4.68,0,,ID Checked,,,Dec 2020,https://www.myjobquote.co.uk/t/m-b-echo-build-ltd,myjobquote
REM Supreme Construction Ltd.,,Internal Renovation,,,4.68,0,,,,,Aug 2022,https://www.myjobquote.co.uk/t/rem-supreme-construction-ltd,myjobquote
R Pira building services,,Internal Renovation,,,4.68,0,,ID Checked,,,2014,https://www.myjobquote.co.uk/t/r-pira-building-services,myjobquote
Radisdecor,,Internal Renovation,,,4.68,0,,ID Checked,,,Oct 2024,https://www.myjobquote.co.uk/t/radisdecor,myjobquote
Radisdecor,,Internal Renovation,,,4.68,0,,ID Checked,,,2020,https://www.myjobquote.co.uk/t/cfjs-renovation,myjobquote
Danyko Property Development,,Internal Renovation,,,4.68,0,,ID Checked,,,Mar 2020,https://www.myjobquote.co.uk/t/danyko-property-development,myjobquote
A&S pro,,Internal Renovation,,,4.68,0,,ID Checked,,,Mar 2026,https://www.myjobquote.co.uk/t/as-pro,myjobquote
A&S pro,,Internal Renovation,,,4.68,0,,ID Checked,,,Oct 2023,https://www.myjobquote.co.uk/t/gd-design-build,myjobquote
B²Brothers,,Internal Renovation,,,4.68,0,,ID Checked,,,Sep 2024,https://www.myjobquote.co.uk/t/b2brothers,myjobquote
Hilltop,,Internal Renovation,,,4.68,0,,,,,Apr 2024,https://www.myjobquote.co.uk/t/hilltop,myjobquote
Hilltop,,Internal Renovation,,,4.68,0,,,,,Nov 2023,https://www.myjobquote.co.uk/t/theconsciousbuilder,myjobquote
Ark.london build,,Internal Renovation,,,4.68,0,,ID Checked,,,Sep 2023,https://www.myjobquote.co.uk/t/arklondon-build,myjobquote
In to build solution limited,,Internal Renovation,,,4.68,0,,,,,2001,https://www.myjobquote.co.uk/t/in-to-build-solution-limited,myjobquote
Sea&skye construction Ltd,,Internal Renovation,,,4.68,0,,ID Checked,,,2021,https://www.myjobquote.co.uk/t/seaskye-construction-ltd,myjobquote
S&M Building Services,,Internal Renovation,,,4.68,0,,ID Checked,,,Apr 2024,https://www.myjobquote.co.uk/t/sm-building-services-4,myjobquote
HGF Projects Ltd,,Internal Renovation,,,4.68,0,,ID Checked,,,Mar 2024,https://www.myjobquote.co.uk/t/hgf-projects-ltd-1,myjobquote
R and D workforce solutions.ltd,,Internal Renovation,,,4.68,0,,ID Checked,,,2014,https://www.myjobquote.co.uk/t/r-and-d-workforce-solutionsltd,myjobquote
Girard Joseph,,Internal Renovation,,,5,2,,ID Checked,,,Jul 2025,https://www.myjobquote.co.uk/t/girard-joseph,myjobquote
Idlcontractors,,Internal Renovation,,,5,2,,ID Checked,,,2017,https://www.myjobquote.co.uk/t/idlcontractors,myjobquote
Phoenix property solutions,,Internal Renovation,,,5,1,,ID Checked,,,Jan 2025,https://www.myjobquote.co.uk/t/phoenix-property-solutions,myjobquote
B&R BUILDING SERVICE Ltd,,Internal Renovation,,,5,1,,ID Checked,,,2005,https://www.myjobquote.co.uk/t/br-building-service-ltd,myjobquote
Pristine Property Group,,Internal Renovation,,,5,1,,ID Checked,,,2010,https://www.myjobquote.co.uk/t/pristine-property-group,myjobquote
Brite Constructions Limited,,Internal Renovation,,,4.68,0,,ID Checked,,,Jun 2022,https://www.myjobquote.co.uk/t/brite-constructions-limited,myjobquote
Kondi,,Internal Renovation,,,4.68,0,,ID Checked,,,Aug 2017,https://www.myjobquote.co.uk/t/kondi,myjobquote
Kondi,,Internal Renovation,,,4.68,0,,ID Checked,,,2016,https://www.myjobquote.co.uk/t/prono-ltd,myjobquote
PRONO LTD,,Internal Renovation,,,4.68,0,,ID Checked,,,2010,https://www.myjobquote.co.uk/t/ssk-builders-london,myjobquote
RKY Developments Ltd,,Internal Renovation,,,4.68,0,,ID Checked,,,2022,https://www.myjobquote.co.uk/t/rky-developments-ltd,myjobquote
Golden Hands Carpentry,,Internal Renovation,,,4.68,0,,Public Liability Insurance,,,Jan 2026,https://www.myjobquote.co.uk/t/golden-hands-carpentry,myjobquote
Burtai Refurbishment LTD,,Internal Renovation,,,4.68,0,,ID Checked,,,2012,https://www.myjobquote.co.uk/t/burtai-refurbishment-ltd,myjobquote
AJP COTRACTORS,,Internal Renovation,,,4.68,0,,ID Checked,,,2002,https://www.myjobquote.co.uk/t/ajp-cotractors,myjobquote
T1construction,,Internal Renovation,,,4.68,0,,ID Checked,,,2020,https://www.myjobquote.co.uk/t/t1construction,myjobquote
Equa Solutions,,Internal Renovation,,,4.5,4,,ID Checked; Public Liability Insurance,,,2010,https://www.myjobquote.co.uk/t/equa-solutions,myjobquote
C&V Building Works Ltd,,Internal Renovation,,,5,1,,ID Checked,,,2021,https://www.myjobquote.co.uk/t/cv-building-works-ltd-1,myjobquote
A1 Build London,,Internal Renovation,,,5,1,,ID Checked,,,2019,https://www.myjobquote.co.uk/t/a1-build-london,myjobquote
builder CAI,,Internal Renovation,,,4.68,0,,ID Checked,,,Dec 2019,https://www.myjobquote.co.uk/t/builder-cai,myjobquote
builder CAI,,Internal Renovation,,,4.68,0,,,,,Sep 2022,https://www.myjobquote.co.uk/t/arnav-construction-ltd,myjobquote
Arnav construction ltd,,Internal Renovation,,,4.68,0,,,,,Jun 2022,https://www.myjobquote.co.uk/t/sadaat,myjobquote
Sadaat,,Internal Renovation,,,4.68,0,,,,,2005,https://www.myjobquote.co.uk/t/raja-builders-ltd,myjobquote
Raja builders ltd,,Internal Renovation,,,4.68,0,,,,,Mar 2021,https://www.myjobquote.co.uk/t/habibi,myjobquote
Habibi,,Internal Renovation,,,4.68,0,,,,,Aug 2023,https://www.myjobquote.co.uk/t/fahad,myjobquote
Fahad,,Internal Renovation,,,4.68,0,,ID Checked; Public Liability Insurance,,,Sep 2022,https://www.myjobquote.co.uk/t/case-di-lusso-ltd,myjobquote
Bilder,,Internal Renovation,,,4.68,0,,Public Liability Insurance,,,May 2025,https://www.myjobquote.co.uk/t/bilder-1,myjobquote
Bilder,,Internal Renovation,,,4.68,0,,ID Checked,,,Feb 2022,https://www.myjobquote.co.uk/t/b85ltd,myjobquote
b85ltd,,Internal Renovation,,,4.68,0,,ID Checked,,,Jan 2024,https://www.myjobquote.co.uk/t/narcyz,myjobquote
Jakhar General Builders,,Internal Renovation,,,4.68,0,,,,,Oct 2025,https://www.myjobquote.co.uk/t/jakhar-general-builders,myjobquote
ECUABRAL,,Internal Renovation,,,4.68,0,,ID Checked,,,Sep 2022,https://www.myjobquote.co.uk/t/ecuabral-1,myjobquote
"Alam,s",,Internal Renovation,,,4.68,0,,ID Checked,,,Apr 2023,https://www.myjobquote.co.uk/t/alams,myjobquote
"Alam,s",,Internal Renovation,,,4.68,0,,ID Checked,,,Aug 2022,https://www.myjobquote.co.uk/t/equip-builders-ltd,myjobquote
Angel building services Ltd,,Internal Renovation,,,4.68,0,,ID Checked,,,2012,https://www.myjobquote.co.uk/t/angel-building-services-ltd,myjobquote
Alex&#039;s carpenter,,Internal Renovation,,,4.68,0,,ID Checked,,,Jan 2024,https://www.myjobquote.co.uk/t/alexs-carpenter,myjobquote
Alex&#039;s carpenter,,Internal Renovation,,,4.68,0,,ID Checked,,,2016,https://www.myjobquote.co.uk/t/pro-jm-builders,myjobquote
AMPLO MM LTD,,Internal Renovation,,,4.68,0,,Public Liability Insurance,,,2015,https://www.myjobquote.co.uk/t/amplo-mm-ltd,myjobquote
Good Labourer,,Internal Renovation,,,4.68,0,,,,,May 2020,https://www.myjobquote.co.uk/t/good-labourer,myjobquote
hundal services,,Internal Renovation,,,4.68,0,,ID Checked,,,Apr 2023,https://www.myjobquote.co.uk/t/hundal-services,myjobquote
Y J Builders,,Internal Renovation,,,4.68,0,,ID Checked,,,Jan 2026,https://www.myjobquote.co.uk/t/y-j-builders,myjobquote
Y J Builders,,Internal Renovation,,,4.68,0,,,,,2018,https://www.myjobquote.co.uk/t/bon-dar-building-solutions,myjobquote
Joni building services,,Internal Renovation,,,4.68,0,,,,,May 2023,https://www.myjobquote.co.uk/t/joni-building-services,myjobquote
Joni building services,,Internal Renovation,,,4.68,0,,ID Checked,,,Apr 2022,https://www.myjobquote.co.uk/t/4cs-building-solution,myjobquote
Marku Guaranteed Builder Uk Ltd,,Internal Renovation,,,4.68,0,,ID Checked,,,Mar 2024,https://www.myjobquote.co.uk/t/marku-guaranteed-builder-uk-ltd,myjobquote
Marku Guaranteed Builder Uk Ltd,,Internal Renovation,,,4.68,0,,ID Checked,,,2020,https://www.myjobquote.co.uk/t/mastercraft-building,myjobquote
Jamkan Building Services LTD,,Internal Renovation,,,4.68,0,,ID Checked,,,Jul 2025,https://www.myjobquote.co.uk/t/jamkan-building-services-ltd,myjobquote
Jamkan Building Services LTD,,Internal Renovation,,,4.68,0,,ID Checked,,,2015,https://www.myjobquote.co.uk/t/hq-home-improvements,myjobquote
APSKM GROUP LTD,,Internal Renovation,,,4.68,0,,ID Checked,,,Feb 2019,https://www.myjobquote.co.uk/t/apskm-group-ltd,myjobquote
Soares Builders TD,,Internal Renovation,,,4.68,0,,ID Checked,,,Apr 2024,https://www.myjobquote.co.uk/t/soares-builders-td,myjobquote
Soares Builders TD,,Internal Renovation,,,4.68,0,,,,,Jun 2024,https://www.myjobquote.co.uk/t/mjr-builders-ltd,myjobquote
MJR Builders Ltd,,Internal Renovation,,,4.68,0,,ID Checked,,,2010,https://www.myjobquote.co.uk/t/ioan-cioinea-tomoiaga,myjobquote
helix construction ltd,,Internal Renovation,,,4.68,0,,ID Checked,,,Sep 2019,https://www.myjobquote.co.uk/t/helix-construction-ltd,myjobquote
evergreenstructures ltd,,Internal Renovation,,,4.68,0,,,,,Jun 2023,https://www.myjobquote.co.uk/t/evergreenstructures-ltd,myjobquote
Hyusein,,Internal Renovation,,,4.68,0,,ID Checked,,,May 2025,https://www.myjobquote.co.uk/t/hyusein,myjobquote
Kriss,,Internal Renovation,,,4.68,0,,ID Checked,,,Sep 2023,https://www.myjobquote.co.uk/t/kriss-6,myjobquote
MMBILD,,Internal Renovation,,,4.68,0,,,,,Jul 2025,https://www.myjobquote.co.uk/t/mmbild,myjobquote
SP Refurbishment and Construction Ltd,,Internal Renovation,,,4.68,0,,ID Checked,,,2012,https://www.myjobquote.co.uk/t/sp-refurbishment-and-construction-ltd,myjobquote
A to z Dream  construction,,Internal Renovation,,,4.68,0,,ID Checked,,,Jan 2019,https://www.myjobquote.co.uk/t/a-to-z-dream-construction,myjobquote
A to z Dream  construction,,Internal Renovation,,,4.68,0,,ID Checked; Public Liability Insurance,,,2014,https://www.myjobquote.co.uk/t/polish-builders-team,myjobquote
Marius,,Internal Renovation,,,4.68,0,,ID Checked,,,Jul 2025,https://www.myjobquote.co.uk/t/marius-89,myjobquote
Marius,,Internal Renovation,,,4.68,0,,ID Checked,,,Feb 2024,https://www.myjobquote.co.uk/t/ihor7,myjobquote
Ihor7,,Internal Renovation,,,4.68,0,,ID Checked,,,2023,https://www.myjobquote.co.uk/t/bcui-builders-ltd,myjobquote
O A Falusi Ltd,,Internal Renovation,,,4.68,0,,ID Checked,,,2016,https://www.myjobquote.co.uk/t/o-a-falusi-ltd,myjobquote
E&M builders,,Internal Renovation,,,4.68,0,,ID Checked,,,2016,https://www.myjobquote.co.uk/t/em-builders,myjobquote
NRN Tokyo Construction,,Internal Renovation,,,4.68,0,,ID Checked,,,2021,https://www.myjobquote.co.uk/t/nrn-tokyo-construction,myjobquote
DDLK Construction Ltd,,Internal Renovation,,,4.68,0,,ID Checked,,,2022,https://www.myjobquote.co.uk/t/ddlk-construction-ltd,myjobquote
London Green Building Services,,Internal Renovation,,,4.68,0,,ID Checked,,,Mar 2022,https://www.myjobquote.co.uk/t/london-green-building-services,myjobquote
Sabre Property Services,,Internal Renovation,,,4.68,0,,ID Checked,,,Apr 2024,https://www.myjobquote.co.uk/t/sabre-property-services,myjobquote
Evolvingassets,,Internal Renovation,,,4.68,0,,,,,Jan 2025,https://www.myjobquote.co.uk/t/evolvingassets,myjobquote
Jb refurbishment,,Internal Renovation,,,4.68,0,,ID Checked,,,2012,https://www.myjobquote.co.uk/t/jb-refurbishment,myjobquote
Wisfix,,Internal Renovation,,,4.68,0,,ID Checked,,,Feb 2022,https://www.myjobquote.co.uk/t/wisfix,myjobquote
Kcor services,,Internal Renovation,,,4.68,0,,,,,1983,https://www.myjobquote.co.uk/t/kcor-services,myjobquote
Sunny Uk Builder,,Internal Renovation,,,4.68,0,,,,,2020,https://www.myjobquote.co.uk/t/sunny-uk-builder,myjobquote
Phn construction & developments,,Internal Renovation,,,4.68,0,,ID Checked,,,2009,https://www.myjobquote.co.uk/t/phn-construction-developments,myjobquote
Soima,,Internal Renovation,,,4.68,0,,,,,Jun 2024,https://www.myjobquote.co.uk/t/soima,myjobquote
Soima,,Internal Renovation,,,4.68,0,,ID Checked,,,2019,https://www.myjobquote.co.uk/t/jede-construction,myjobquote
Bibis-Fabs Ltd,,Internal Renovation,,,4.68,0,,ID Checked,,,2019,https://www.myjobquote.co.uk/t/bibis-fabs-ltd,myjobquote
MLA Maintenance,,Internal Renovation,,,4.68,0,,ID Checked,,,Nov 2019,https://www.myjobquote.co.uk/t/mla-maintenance,myjobquote
MLA Maintenance,,Internal Renovation,,,4.68,0,,ID Checked,,,Oct 2024,https://www.myjobquote.co.uk/t/s-r-mayfair-projects,myjobquote
CaroLine Builders Ltd,,Internal Renovation,,,4.68,0,,,,,2023,https://www.myjobquote.co.uk/t/caroline-builders-ltd,myjobquote
ABL BUILDING CONSTRUCTION,,Internal Renovation,,,4.68,0,,,,,Nov 2023,https://www.myjobquote.co.uk/t/abl-building-construction,myjobquote
ABL BUILDING CONSTRUCTION,,Internal Renovation,,,4.68,0,,,,,2016,https://www.myjobquote.co.uk/t/kevluck-builders,myjobquote
Smiley Building & Construction LTD,,Internal Renovation,,,4.68,0,,,,,2017,https://www.myjobquote.co.uk/t/smiley-building-construction-ltd,myjobquote
ACTIVEMAN CONSTRUCTION LIMITED,,Internal Renovation,,,4.68,0,,,,,Mar 2024,https://www.myjobquote.co.uk/t/activeman-construction-limited,myjobquote
Makaan,,Internal Renovation,,,4.68,0,,ID Checked,,,2007,https://www.myjobquote.co.uk/t/makaan-1,myjobquote
Builders Register Limited,,Internal Renovation,,,4.9,7,,ID Checked; Public Liability Insurance,,,2017,https://www.myjobquote.co.uk/t/builders-register-limited,myjobquote
Xpert Builders,,Internal Renovation,,,5,8,,ID Checked,,,Apr 2024,https://www.myjobquote.co.uk/t/xpert-builders,myjobquote
Tj roofing and building,,Internal Renovation,,,5,2,,ID Checked; Public Liability Insurance,,,1997,https://www.myjobquote.co.uk/t/tj-roofing-and-building-1,myjobquote
V & Son’s construction services LTD,,Internal Renovation,,,5,1,,ID Checked,,,2020,https://www.myjobquote.co.uk/t/v-sons-construction-services-ltd,myjobquote
Joshua Oshioke,,Internal Renovation,,,4.68,0,,ID Checked,,,May 2020,https://www.myjobquote.co.uk/t/joshua-oshioke,myjobquote
Joshua Oshioke,,Internal Renovation,,,4.68,0,,ID Checked,,,2021,https://www.myjobquote.co.uk/t/ma-builders-uk,myjobquote
LNDN Build & Clear,,Internal Renovation,,,4.68,0,,ID Checked,,,2023,https://www.myjobquote.co.uk/t/lndn-build-clear,myjobquote
ARG Maintenance Ltd,,Internal Renovation,,,4.68,0,,ID Checked; Public Liability Insurance,,,2024,https://www.myjobquote.co.uk/t/arg-maintenance-ltd,myjobquote
Sam’s Builders LTD,,Internal Renovation,,,4.68,0,,Public Liability Insurance,,,Feb 2026,https://www.myjobquote.co.uk/t/sams-builders-ltd,myjobquote
VNJ Construction,,Internal Renovation,,,5,1,,ID Checked,,,2015,https://www.myjobquote.co.uk/t/vnj-construction,myjobquote
Asap Handy Service,,Internal Renovation,,,4.68,0,,ID Checked,,,2021,https://www.myjobquote.co.uk/t/asap-handy-service,myjobquote
The Handicraftsman,,Internal Renovation,,,5,6,07451260970,ID Checked,,,1997,https://www.myjobquote.co.uk/t/the-handicraftsman,myjobquote
ETBM.,,Internal Renovation,,,5,1,,ID Checked,,,2005,https://www.myjobquote.co.uk/t/etbm,myjobquote
Alin1,,Internal Renovation,,,5,2,,ID Checked,,,2015,https://www.myjobquote.co.uk/t/alin1-1,myjobquote
Andrea construction ltd,,Internal Renovation,,,5,1,,ID Checked,,,2020,https://www.myjobquote.co.uk/t/andrea-construction-ltd,myjobquote
Bro Paving & Groundworks,,Internal Renovation,,,5,1,,ID Checked,,,2023,https://www.myjobquote.co.uk/t/bro-paving-groundworks,myjobquote
Crafty Buck Building,,Internal Renovation,,,5,1,,ID Checked,,,Oct 2024,https://www.myjobquote.co.uk/t/crafty-buck-building,myjobquote
A.M Probuilds,,Internal Renovation,,,4.9,17,,ID Checked,,,2010,https://www.myjobquote.co.uk/t/am-probuilds,myjobquote
The Shortlands Handyman,,Internal Renovation,,,4.68,0,,ID Checked,,,Apr 2021,https://www.myjobquote.co.uk/t/the-shortlands-handyman,myjobquote
Cichocki builder,,Internal Renovation,,,4.68,0,,,,,,https://www.myjobquote.co.uk/t/cichocki-builder,myjobquote
Eagle Hills Global,,Internal Renovation,,,4.68,0,,ID Checked,,,2019,https://www.myjobquote.co.uk/t/eagle-hills-global,myjobquote
Neve Construction,,Internal Renovation,,,4.68,0,,ID Checked,,,Nov 2021,https://www.myjobquote.co.uk/t/neve-construction-1,myjobquote
Neve Construction,,Internal Renovation,,,4.68,0,,ID Checked,,,2017,https://www.myjobquote.co.uk/t/rdm-rh,myjobquote
John builder,,Internal Renovation,,,4.68,0,,ID Checked,,,2015,https://www.myjobquote.co.uk/t/john-builder,myjobquote
self employed,,Internal Renovation,,,4.68,0,,ID Checked,,,2008,https://www.myjobquote.co.uk/t/self-employed-375,myjobquote
DBS Design and Build ltd,,Internal Renovation,,,4.68,0,,ID Checked,,,1994,https://www.myjobquote.co.uk/t/dbs-design-and-build-ltd,myjobquote
Timberline roofing & building,,Internal Renovation,,,5,2,,ID Checked,,,2018,https://www.myjobquote.co.uk/t/timberline-roofing-building,myjobquote
AFH building services,,Internal Renovation,,,4.68,0,,ID Checked,,,Jan 2024,https://www.myjobquote.co.uk/t/afh-building-services,myjobquote
pthompson,,Internal Renovation,,,4.68,0,,ID Checked,,,2010,https://www.myjobquote.co.uk/t/pthompson,myjobquote
EFT Constructions Ltd,,Internal Renovation,,,4.68,0,,ID Checked,,,2021,https://www.myjobquote.co.uk/t/eft-constructions-ltd,myjobquote
D. Design,,Internal Renovation,,,4.68,0,,ID Checked,,,Jun 2022,https://www.myjobquote.co.uk/t/d-design,myjobquote
Sundridge Homes & Gardens Ltd,,Internal Renovation,,,4.68,0,,,,,Sep 2024,https://www.myjobquote.co.uk/t/sundridge-homes-gardens-ltd,myjobquote
JD SMART BUILDING SERVICES,,Internal Renovation,,,4.68,0,,ID Checked,,,2025,https://www.myjobquote.co.uk/t/jd-smart-building-services,myjobquote
Rutland Building,,Internal Renovation,,,4.68,0,,ID Checked,,,Sep 2020,https://www.myjobquote.co.uk/t/rutland-building,myjobquote
Rutland Building,,Internal Renovation,,,4.68,0,,,,,Mar 2023,https://www.myjobquote.co.uk/t/ab-brickwork-6,myjobquote
EDS ltd,,Internal Renovation,,,4.68,0,,,,,Aug 2025,https://www.myjobquote.co.uk/t/eds-ltd-1,myjobquote
EDS ltd,,Internal Renovation,,,4.68,0,,,,,Aug 2025,https://www.myjobquote.co.uk/t/superior-estate-and-builders-ltd,myjobquote
Superior Estate and Builders Ltd,,Internal Renovation,,,4.68,0,,,,,Mar 2022,https://www.myjobquote.co.uk/t/easy-build-developments-ltd,myjobquote
Easy Build & Developments Ltd,,Internal Renovation,,,4.68,0,,,,,May 2023,https://www.myjobquote.co.uk/t/eraldo,myjobquote
Eraldo,,Internal Renovation,,,4.68,0,,,,,2010,https://www.myjobquote.co.uk/t/the-conversion-company,myjobquote
KD Building Services,,Internal Renovation,,,4.68,0,,,,,Aug 2019,https://www.myjobquote.co.uk/t/kd-building-services-2,myjobquote
C N  Builders,,Internal Renovation,,,4.68,0,,,,,Oct 2022,https://www.myjobquote.co.uk/t/c-n-builders-1,myjobquote
C N  Builders,,Internal Renovation,,,4.68,0,,,,,Feb 2025,https://www.myjobquote.co.uk/t/q-space-renovations,myjobquote
J f plastering &  Home Improvements,,Internal Renovation,,,5,2,07451260904,ID Checked; Public Liability Insurance,,,2012,https://www.myjobquote.co.uk/t/j-f-plastering-home-improvements,myjobquote
Roof2Roof,,Internal Renovation,,,5,21,,ID Checked,,,2001,https://www.myjobquote.co.uk/t/roof2roof-2,myjobquote
ValleyRefurbishmentsltd,,Internal Renovation,,,5,1,,ID Checked,,,2016,https://www.myjobquote.co.uk/t/valleyrefurbishmentsltd,myjobquote
Fox CONTRACTS,,Internal Renovation,,,5,6,07418317065,ID Checked,,,1982,https://www.myjobquote.co.uk/t/fox-contracts,myjobquote
DD Building Services,,Internal Renovation,,,5,2,,ID Checked,,,2014,https://www.myjobquote.co.uk/t/dd-building-services-2,myjobquote
Koala Landscapes and Construction Ltd,,Internal Renovation,,,5,1,,ID Checked,,,2022,https://www.myjobquote.co.uk/t/koala-landscapes-and-construction-ltd,myjobquote
Access Home Improvements,,Internal Renovation,,,5,4,,ID Checked,,,Nov 2024,https://www.myjobquote.co.uk/t/access-home-improvements,myjobquote
Prestige Building & Roofing,,Internal Renovation,,,5,4,,ID Checked,,,2024,https://www.myjobquote.co.uk/t/prestige-building-roofing-2,myjobquote
Mitchell Construction,,Internal Renovation,,,5,1,,ID Checked,,,2014,https://www.myjobquote.co.uk/t/mitchell-construction-2,myjobquote
JKDunbar ltd,,Internal Renovation,,,5,1,,ID Checked; Public Liability Insurance,,,Apr 2024,https://www.myjobquote.co.uk/t/jkdunbar-ltd,myjobquote
Jrlandsons ltd,,Internal Renovation,,,5,3,,ID Checked,,,2024,https://www.myjobquote.co.uk/t/jrlandsons-ltd,myjobquote
K1 builders ltd,,Internal Renovation,,,5,2,,ID Checked,,,2010,https://www.myjobquote.co.uk/t/k1-builders-ltd,myjobquote
Koli&#039;s Construction Limited,,Internal Renovation,,,5,12,,ID Checked,,,2018,https://www.myjobquote.co.uk/t/kolis-construction-limited,myjobquote
Mac London Building,,Internal Renovation,,,5,1,,ID Checked,,,2013,https://www.myjobquote.co.uk/t/mac-london-building,myjobquote
Able Renovations Kent,,Internal Renovation,,,5,5,,ID Checked,,,2020,https://www.myjobquote.co.uk/t/able-renovations-kent,myjobquote
G&i  tree specialist,,Internal Renovation,,,5,14,07441449091,ID Checked,,,Dec 2025,https://www.myjobquote.co.uk/t/gi-tree-specialist,myjobquote
J S K construction and landscaping,,Internal Renovation,,,5,1,,ID Checked,,,2024,https://www.myjobquote.co.uk/t/j-s-k-construction-and-landscaping,myjobquote
J.c.s landscaping & building ltd,,Internal Renovation,,,5,1,,ID Checked,,,2018,https://www.myjobquote.co.uk/t/jcs-landscaping-building-ltd,myjobquote
AJD prooperty investment LTD,,Internal Renovation,,,5,3,,ID Checked,,,Sep 2025,https://www.myjobquote.co.uk/t/ajd-prooperty-investment-ltd,myjobquote
Paramount plastering & building,,Internal Renovation,,,5,1,,ID Checked,,,2025,https://www.myjobquote.co.uk/t/paramount-plastering-building,myjobquote
Fix It Right,,Internal Renovation,,,4,1,,ID Checked,,,2022,https://www.myjobquote.co.uk/t/fix-it-right-3,myjobquote
Todor Tosev,,Internal Renovation,,,5,1,,ID Checked,,,2011,https://www.myjobquote.co.uk/t/todor-tosev,myjobquote
Brentwood bathrooms ltd,,Internal Renovation,,,5,2,,ID Checked,,,2024,https://www.myjobquote.co.uk/t/brentwood-bathrooms-ltd,myjobquote
Interior and Exterior Renovations and Repairs,,Internal Renovation,,,5,1,,ID Checked,,,Jul 2024,https://www.myjobquote.co.uk/t/interior-and-exterior-renovations-and-repairs,myjobquote
FFrey Interiors LDN,,Internal Renovation,,,5,1,,ID Checked,,,2010,https://www.myjobquote.co.uk/t/ffrey-interiors-ldn,myjobquote
M&B Construction,,Internal Renovation,,,5,25,,ID Checked,,,2016,https://www.myjobquote.co.uk/t/mb-construction-9,myjobquote
Inside Property Group,,Internal Renovation,,,5,3,,ID Checked; Public Liability Insurance,,,2005,https://www.myjobquote.co.uk/t/inside-property-group,myjobquote
Thompson Brickwork and landscaping,,Internal Renovation,,,5,1,,ID Checked,,,2018,https://www.myjobquote.co.uk/t/thompson-brickwork-and-landscaping-1,myjobquote
Kinvek Construction,,Internal Renovation,,,4.9,35,,ID Checked; Public Liability Insurance,,,2005,https://www.myjobquote.co.uk/t/kinvek-construction,myjobquote
Martin leslie,,Internal Renovation,,,4.9,25,,ID Checked,,,1989,https://www.myjobquote.co.uk/t/martin-leslie,myjobquote
Taimaz,,Internal Renovation,,,5,2,,ID Checked,,,2005,https://www.myjobquote.co.uk/t/taimaz,myjobquote
iT Building Interiors,,Internal Renovation,,,5,2,,ID Checked; Public Liability Insurance,,,Dec 2023,https://www.myjobquote.co.uk/t/it-building-interiors,myjobquote
Xplore Construction,,Internal Renovation,,,5,1,,ID Checked,,,2018,https://www.myjobquote.co.uk/t/xplore-construction,myjobquote
Munce&sons construction,,Internal Renovation,,,4.8,4,,ID Checked,,,2008,https://www.myjobquote.co.uk/t/muncesons-construction,myjobquote
Dream Conversion,,Internal Renovation,,,5,1,,ID Checked,,,1990,https://www.myjobquote.co.uk/t/dream-conversion,myjobquote
CLBS Construction LTD,,Internal Renovation,,,5,1,,ID Checked,,,2018,https://www.myjobquote.co.uk/t/clbs-construction-ltd,myjobquote
Abacus Builders of Bath,,Internal Renovation,,,5,2,,ID Checked; Public Liability Insurance,,,1985,https://www.myjobquote.co.uk/t/abacus-builders-of-bath,myjobquote
ibuild developments,,Internal Renovation,,,4.68,0,,Public Liability Insurance,,,Mar 2025,https://www.myjobquote.co.uk/t/ibuild-developments,myjobquote
Victoria Building Group,,Internal Renovation,,,5,23,,ID Checked,,,2007,https://www.myjobquote.co.uk/t/victoria-building-group,myjobquote
S.l.n.t. handyman services,,Internal Renovation,,,5,1,,ID Checked,,,2020,https://www.myjobquote.co.uk/t/slnt-handyman-services,myjobquote
R&B Building,,Internal Renovation,,,5,1,,ID Checked,,,2009,https://www.myjobquote.co.uk/t/rb-building-4,myjobquote
REX Construction,,Internal Renovation,,,5,4,,ID Checked,,,2015,https://www.myjobquote.co.uk/t/rex-construction,myjobquote
Apex damp proofing,,Internal Renovation,,,5,2,,ID Checked; Public Liability Insurance,,,2008,https://www.myjobquote.co.uk/t/apex-damp-proofing,myjobquote
Bristol&bath building&roofing,,Internal Renovation,,,5,1,,ID Checked,,,2010,https://www.myjobquote.co.uk/t/bristolbath-buildingroofing,myjobquote
Bristol General Builders,,Internal Renovation,,,5,2,07418372060,ID Checked; Public Liability Insurance,,,1999,https://www.myjobquote.co.uk/t/bristol-general-builders,myjobquote
LARH Construction,,Internal Renovation,,,5,4,,ID Checked,,,1999,https://www.myjobquote.co.uk/t/larh-construction,myjobquote
Legendary Design,,Internal Renovation,,,5,9,,ID Checked; Public Liability Insurance,,,2023,https://www.myjobquote.co.uk/t/legendary-design,myjobquote
Absolute Interior Solutions,,Internal Renovation,,,5,3,,ID Checked; Public Liability Insurance,,,2012,https://www.myjobquote.co.uk/t/absolute-interior-solutions,myjobquote
Odd Job John,,Internal Renovation,,,5,27,,ID Checked,,,2024,https://www.myjobquote.co.uk/t/odd-job-john-1,myjobquote
Honesty Builders,,Internal Renovation,,,4,11,,ID Checked,,,2007,https://www.myjobquote.co.uk/t/honesty-builders,myjobquote
Elevate construction,,Internal Renovation,,,5,2,,ID Checked,,,2022,https://www.myjobquote.co.uk/t/elevate-construction,myjobquote
MSD Building and design,,Internal Renovation,,,5,9,07441440851,ID Checked,,,2019,https://www.myjobquote.co.uk/t/msd-building-and-design,myjobquote
J M Building services sw ltd,,Internal Renovation,,,5,5,,ID Checked; Public Liability Insurance,,,2020,https://www.myjobquote.co.uk/t/j-m-building-services-sw-ltd,myjobquote
Baldwin carpentry,,Internal Renovation,,,5,1,,ID Checked,,,2011,https://www.myjobquote.co.uk/t/baldwin-carpentry,myjobquote
Mister skim,,Internal Renovation,,,5,14,,ID Checked,,,2018,https://www.myjobquote.co.uk/t/mister-skim,myjobquote
LT building works,,Internal Renovation,,,5,2,,ID Checked,,,Jan 2021,https://www.myjobquote.co.uk/t/lt-building-works,myjobquote
Gcj groundworks and garden rooms,,Internal Renovation,,,4.7,3,,ID Checked,,,2017,https://www.myjobquote.co.uk/t/gcj-groundworks-and-garden-rooms,myjobquote
The Wiltshire Tree & Gardening Company,,Internal Renovation,,,4,20,07418364936,ID Checked,,,2017,https://www.myjobquote.co.uk/t/the-wiltshire-tree-gardening-company-1,myjobquote
AG Services,,Internal Renovation,,,5,4,,ID Checked,,,2017,https://www.myjobquote.co.uk/t/ag-services-4,myjobquote
Husky construction south west,,Internal Renovation,,,5,2,07418374605,ID Checked; Public Liability Insurance,,,2000,https://www.myjobquote.co.uk/t/husky-construction-south-west,myjobquote
Pmac Property Services,,Internal Renovation,,,5,1,,ID Checked; Public Liability Insurance,,,2002,https://www.myjobquote.co.uk/t/pmac-property-services,myjobquote
CD construction,,Internal Renovation,,,5,13,,Public Liability Insurance,,,2016,https://www.myjobquote.co.uk/t/cd-construction-4,myjobquote
Bc Renovations,,Internal Renovation,,,5,8,,ID Checked; Public Liability Insurance,,,2009,https://www.myjobquote.co.uk/t/bc-renovations,myjobquote
Kray Building & Roofing specialist,,Internal Renovation,,,5,4,,ID Checked,,,2023,https://www.myjobquote.co.uk/t/kray-building-roofing-specialist,myjobquote
Oliphant Build and Design,,Internal Renovation,,,1,1,,ID Checked,,,2005,https://www.myjobquote.co.uk/t/oliphant-build-and-design,myjobquote
Homestar,,Internal Renovation,,,5,6,,ID Checked; Public Liability Insurance,,,2005,https://www.myjobquote.co.uk/t/homestar,myjobquote
SGBC Ltd,,Internal Renovation,,,5,1,,ID Checked,,,2025,https://www.myjobquote.co.uk/t/sgbc-ltd,myjobquote
Clifton Construction (Bristol) Ltd,,Internal Renovation,,,5,1,,ID Checked,,,2023,https://www.myjobquote.co.uk/t/clifton-construction-bristol-ltd,myjobquote
Build Archi Construction,,Internal Renovation,,,5,3,,ID Checked,,,2010,https://www.myjobquote.co.uk/t/build-archi-construction,myjobquote
"CJM Build Building, Plastering & Landscaping",,Internal Renovation,,,5,9,,ID Checked; Public Liability Insurance,,,2022,https://www.myjobquote.co.uk/t/cjm-build-building-plastering-landscaping,myjobquote
G S f brickwork & groundwork’s,,Internal Renovation,,,5,1,07441449106,ID Checked,,,2021,https://www.myjobquote.co.uk/t/g-s-f-brickwork-groundworks,myjobquote
A&R Building contractors,,Internal Renovation,,,5,3,,ID Checked,,,2019,https://www.myjobquote.co.uk/t/ar-building-contractors-1,myjobquote
Elite building services,,Internal Renovation,,,4,1,,ID Checked,,,2022,https://www.myjobquote.co.uk/t/elite-building-services-3,myjobquote
Dragonfly  construction,,Internal Renovation,,,4.5,2,,ID Checked,,,1984,https://www.myjobquote.co.uk/t/dragonfly-construction,myjobquote
Wootten Developments,,Internal Renovation,,,4.5,2,,ID Checked,,,2019,https://www.myjobquote.co.uk/t/wootten-developments,myjobquote
Rightbuild construction,,Internal Renovation,,,5,2,,ID Checked,,,2008,https://www.myjobquote.co.uk/t/rightbuild-construction,myjobquote
Trialone,,Internal Renovation,,,4.68,0,,ID Checked,,,Apr 2022,https://www.myjobquote.co.uk/t/trialone,myjobquote
LS Carpentry and Renovations Limited,,Internal Renovation,,,4.68,0,,ID Checked,,,2007,https://www.myjobquote.co.uk/t/ls-carpentry-and-renovations-limited,myjobquote
Mall brickwork ltd,,Internal Renovation,,,4.68,0,,ID Checked,,,Sep 2024,https://www.myjobquote.co.uk/t/mall-brickwork-ltd,myjobquote
Sw building firm,,Internal Renovation,,,4.68,0,,,,,Dec 2022,https://www.myjobquote.co.uk/t/sw-building-firm,myjobquote
Towns roofing and building,,Internal Renovation,,,4.68,0,,ID Checked,,,May 2024,https://www.myjobquote.co.uk/t/towns-roofing-and-building,myjobquote
D Osborne roofing & building,,Internal Renovation,,,4.68,0,,ID Checked,,,Nov 2023,https://www.myjobquote.co.uk/t/d-osborne-roofing-building,myjobquote
D Osborne roofing & building,,Internal Renovation,,,4.68,0,,ID Checked,,,2010,https://www.myjobquote.co.uk/t/saxon-developments,myjobquote
Bristol Build,,Internal Renovation,,,4.68,0,,ID Checked,,,2018,https://www.myjobquote.co.uk/t/bristol-build,myjobquote
L.p.s construction Sw ltd,,Internal Renovation,,,4.68,0,,ID Checked,,,2019,https://www.myjobquote.co.uk/t/lps-construction-sw-ltd,myjobquote
Vandy projects limited,,Internal Renovation,,,4.68,0,,ID Checked,,,Apr 2022,https://www.myjobquote.co.uk/t/vandy-projects-limited,myjobquote
Gurt grafters,,Internal Renovation,,,4.68,0,,ID Checked,,,Feb 2026,https://www.myjobquote.co.uk/t/gurt-grafters,myjobquote
Gurt grafters,,Internal Renovation,,,4.68,0,,ID Checked,,,Aug 2024,https://www.myjobquote.co.uk/t/amls-complete-solutions,myjobquote
Gale Build,,Internal Renovation,,,4.68,0,,,,,2018,https://www.myjobquote.co.uk/t/gale-build,myjobquote
JLT SERVICES,,Internal Renovation,,,4.68,0,,ID Checked,,,2017,https://www.myjobquote.co.uk/t/jlt-services,myjobquote
Kieran,,Internal Renovation,,,4.68,0,,ID Checked,,,Oct 2018,https://www.myjobquote.co.uk/t/kieran-133,myjobquote
Kieran,,Internal Renovation,,,4.68,0,,ID Checked,,,2018,https://www.myjobquote.co.uk/t/my-project-group,myjobquote
PCS ES LTD,,Internal Renovation,,,4.68,0,07451260335,ID Checked,,,2018,https://www.myjobquote.co.uk/t/pcs-es-ltd,myjobquote
Builder You Need,,Internal Renovation,,,4.68,0,,ID Checked,,,Mar 2023,https://www.myjobquote.co.uk/t/builder-you-need,myjobquote
A1 Walls & Ceilings ltd,,Internal Renovation,,,4.68,0,,ID Checked,,,2017,https://www.myjobquote.co.uk/t/a1-walls-ceilings-ltd,myjobquote
Evolve Carpentry and Build Ltd,,Internal Renovation,,,4.68,0,,ID Checked,,,Aug 2023,https://www.myjobquote.co.uk/t/evolve-carpentry-and-build-ltd,myjobquote
Renew & Restore Bristol,,Internal Renovation,,,4.68,0,,ID Checked,,,,https://www.myjobquote.co.uk/t/renew-restore-bristol,myjobquote
L Bishop Building & Maintenance,,Internal Renovation,,,4.68,0,,ID Checked,,,2010,https://www.myjobquote.co.uk/t/l-bishop-building-maintenance,myjobquote
Wall2Wall Renovations,,Internal Renovation,,,4.68,0,,ID Checked,,,2021,https://www.myjobquote.co.uk/t/wall2wall-renovations,myjobquote
Well decide building solutions,,Internal Renovation,,,4.68,0,,ID Checked,,,2021,https://www.myjobquote.co.uk/t/well-decide-building-solutions,myjobquote
Well decide building solutions,,Internal Renovation,,,4.68,0,,,,,Jul 2023,https://www.myjobquote.co.uk/t/stevens-construction,myjobquote
Fire and Flood Property Restoration Ltd,,Internal Renovation,,,4.68,0,,ID Checked,,,2023,https://www.myjobquote.co.uk/t/fire-and-flood-property-restoration-ltd,myjobquote
Shahid Malik,,Internal Renovation,,,4.68,0,,ID Checked,,,Feb 2026,https://www.myjobquote.co.uk/t/shahid-malik,myjobquote
Fren Building and Maintenance,,Internal Renovation,,,4.68,0,,ID Checked,,,2024,https://www.myjobquote.co.uk/t/fren-building-and-maintenance,myjobquote
B AND E BUILDERS LIMITED,,Internal Renovation,,,4.68,0,,ID Checked,,,2017,https://www.myjobquote.co.uk/t/b-and-e-builders-limited,myjobquote
NRO construction and renovation,,Internal Renovation,,,4.68,0,,ID Checked,,,2000,https://www.myjobquote.co.uk/t/nro-construction-and-renovation,myjobquote
CLP Bristol Limited,,Internal Renovation,,,4.68,0,,ID Checked; Public Liability Insurance,,,Jun 2022,https://www.myjobquote.co.uk/t/clp-bristol-limited,myjobquote
Clever Conversions,,Internal Renovation,,,4.68,0,,ID Checked,,,2004,https://www.myjobquote.co.uk/t/clever-conversions,myjobquote
BD Building & Maintenance LTD,,Internal Renovation,,,4.68,0,,ID Checked,,,2020,https://www.myjobquote.co.uk/t/bd-building-maintenance-ltd,myjobquote
Map buildings and restoration’s,,Internal Renovation,,,4.68,0,,,,,Feb 2025,https://www.myjobquote.co.uk/t/map-buildings-and-restorations,myjobquote
Map buildings and restoration’s,,Internal Renovation,,,4.68,0,,ID Checked,,,1985,https://www.myjobquote.co.uk/t/sl-builders-6,myjobquote
Envision Property & Landscaping,,Internal Renovation,,,4.68,0,,ID Checked,,,May 2024,https://www.myjobquote.co.uk/t/envision-property-landscaping,myjobquote
EMKA Building Contractors Ltd,,Internal Renovation,,,4.68,0,07418361884,ID Checked; Public Liability Insurance,,,2008,https://www.myjobquote.co.uk/t/emka-building-contractors-ltd,myjobquote
Parkinson carpentry and building Ltd,,Internal Renovation,,,4.68,0,,ID Checked,,,2017,https://www.myjobquote.co.uk/t/parkinson-carpentry-and-building-ltd,myjobquote
Habib,,Internal Renovation,,,4.68,0,,ID Checked,,,Mar 2017,https://www.myjobquote.co.uk/t/habib-11,myjobquote
Habib,,Internal Renovation,,,4.68,0,,,,,2005,https://www.myjobquote.co.uk/t/simply-home-designs-ltd,myjobquote
BGS maintenance and home improvements,,Internal Renovation,,,4.68,0,,ID Checked,,,2023,https://www.myjobquote.co.uk/t/bgs-maintenance-and-home-improvements,myjobquote
MD painting and decorating services Ltd,,Internal Renovation,,,4.68,0,,ID Checked,,,Sep 2023,https://www.myjobquote.co.uk/t/md-painting-and-decorating-services-ltd,myjobquote
DJM Masonry & General Building,,Internal Renovation,,,4.68,0,07418362409,ID Checked,,,2016,https://www.myjobquote.co.uk/t/djm-masonry-general-building,myjobquote
Kaizen build,,Internal Renovation,,,4.68,0,,ID Checked,,,Jan 2023,https://www.myjobquote.co.uk/t/kaizen-build-1,myjobquote
Valuto builders limited,,Internal Renovation,,,4.68,0,,ID Checked,,,2019,https://www.myjobquote.co.uk/t/valuto-builders-limited,myjobquote
Dj construction,,Internal Renovation,,,4.68,0,,ID Checked,,,2006,https://www.myjobquote.co.uk/t/dj-construction-3,myjobquote
Chalso Home Improvements,,Internal Renovation,,,4.68,0,,ID Checked,,,Apr 2021,https://www.myjobquote.co.uk/t/chalso-home-improvements,myjobquote
Chalso Home Improvements,,Internal Renovation,,,4.68,0,,ID Checked,,,2022,https://www.myjobquote.co.uk/t/project-house-group-ltd,myjobquote
Serbo Limited,,Internal Renovation,,,4.68,0,,ID Checked,,,2017,https://www.myjobquote.co.uk/t/serbo-limited,myjobquote
Archway Building Contractors,,Internal Renovation,,,4.68,0,,ID Checked,,,Nov 2017,https://www.myjobquote.co.uk/t/archway-building-contractors,myjobquote
Adept southwest building co,,Internal Renovation,,,4.68,0,,ID Checked,,,2005,https://www.myjobquote.co.uk/t/adept-southwest-building-co-1,myjobquote
Essential Installations,,Internal Renovation,,,4.68,0,,ID Checked,,,2019,https://www.myjobquote.co.uk/t/essential-installations,myjobquote
S.Kendall,,Internal Renovation,,,4.68,0,,ID Checked,,,Jun 2025,https://www.myjobquote.co.uk/t/skendall,myjobquote
Southwest elite bulidingcontractors,,Internal Renovation,,,4.68,0,,,,,Jan 2024,https://www.myjobquote.co.uk/t/southwest-elite-bulidingcontractors,myjobquote
Hanson & Spring LTD,,Internal Renovation,,,4.68,0,,ID Checked,,,2024,https://www.myjobquote.co.uk/t/hanson-spring-ltd,myjobquote
Louis Castles,,Internal Renovation,,,4.68,0,,ID Checked,,,Aug 2024,https://www.myjobquote.co.uk/t/louis-castles,myjobquote
Louis Castles,,Internal Renovation,,,4.68,0,,,,,Sep 2025,https://www.myjobquote.co.uk/t/cannon-construction-1,myjobquote
THOR UK CONSTRUCTION,,Internal Renovation,,,4.68,0,,,,,2005,https://www.myjobquote.co.uk/t/thor-uk-construction,myjobquote
Advanced design and construction,,Internal Renovation,,,4.68,0,,,,,2023,https://www.myjobquote.co.uk/t/advanced-design-and-construction,myjobquote
A m building,,Internal Renovation,,,4.68,0,,ID Checked,,,2010,https://www.myjobquote.co.uk/t/a-m-building,myjobquote
ALT Joinery & Building,,Internal Renovation,,,4.9,16,07451260557,ID Checked,,,2019,https://www.myjobquote.co.uk/t/alt-joinery-building,myjobquote
IK Building Landscaping,,Internal Renovation,,,4,1,,ID Checked,,,2013,https://www.myjobquote.co.uk/t/ik-building-landscaping,myjobquote
Macpaint,,Internal Renovation,,,5,1,,ID Checked,,,Jul 2025,https://www.myjobquote.co.uk/t/macpaint-1,myjobquote
Azı azi,,Internal Renovation,,,4.68,0,,ID Checked,,,Nov 2025,https://www.myjobquote.co.uk/t/azi-azi,myjobquote
Azı azi,,Internal Renovation,,,4.68,0,,ID Checked,,,2008,https://www.myjobquote.co.uk/t/cbr-maintenance-group,myjobquote
Maximize Building & Renovations LTD,,Internal Renovation,,,4.68,0,,ID Checked,,,2011,https://www.myjobquote.co.uk/t/maximize-building-renovations-ltd,myjobquote
LBSC Limited,,Internal Renovation,,,4.68,0,,ID Checked,,,Oct 2023,https://www.myjobquote.co.uk/t/lbsc-limited,myjobquote
I not have,,Internal Renovation,,,4.68,0,,ID Checked,,,Sep 2024,https://www.myjobquote.co.uk/t/i-not-have-1,myjobquote
I not have,,Internal Renovation,,,4.68,0,,,,,2007,https://www.myjobquote.co.uk/t/ardent-masonry-building-and-landscapes,myjobquote
Renato Home Renovation,,Internal Renovation,,,4.68,0,,ID Checked,,,2026,https://www.myjobquote.co.uk/t/renato-home-renovation,myjobquote
Aaditya,,Internal Renovation,,,4.68,0,,ID Checked,,,Mar 2026,https://www.myjobquote.co.uk/t/aaditya,myjobquote
Cbarton,,Internal Renovation,,,4.68,0,,,,,Oct 2023,https://www.myjobquote.co.uk/t/cbarton,myjobquote
Cbarton,,Internal Renovation,,,4.3,3,07418349769,ID Checked,,,1998,https://www.myjobquote.co.uk/t/central-scotland-roofing,myjobquote
24 abc limited,,Internal Renovation,,,5,3,07418370724,ID Checked,,,2019,https://www.myjobquote.co.uk/t/24-abc-limited,myjobquote
M&R Joinery,,Internal Renovation,,,5,11,,ID Checked; Public Liability Insurance,,,2024,https://www.myjobquote.co.uk/t/mr-joinery-3,myjobquote
J k contract,,Internal Renovation,,,5,1,,ID Checked,,,Dec 2023,https://www.myjobquote.co.uk/t/j-k-contract,myjobquote
IC plastering & building,,Internal Renovation,,,5,38,,ID Checked,,,2012,https://www.myjobquote.co.uk/t/ic-plastering-building,myjobquote
Markitan,,Internal Renovation,,,5,1,,ID Checked,,,2015,https://www.myjobquote.co.uk/t/markitan,myjobquote
Thompson brickwork,,Internal Renovation,,,5,1,,ID Checked,,,1999,https://www.myjobquote.co.uk/t/thompson-brickwork,myjobquote
Miguel Izquierdo Cazorla,,Internal Renovation,,,5,2,,ID Checked,,,Apr 2024,https://www.myjobquote.co.uk/t/miguel-izquierdo-cazorla,myjobquote
di beveridge construction,,Internal Renovation,,,4.68,0,,,,,Jan 2024,https://www.myjobquote.co.uk/t/di-beveridge-construction,myjobquote
Stuart,,Internal Renovation,,,4.68,0,,ID Checked,,,Jan 2024,https://www.myjobquote.co.uk/t/stuart-26,myjobquote
Stuart,,Internal Renovation,,,4.68,0,,ID Checked,,,Jun 2023,https://www.myjobquote.co.uk/t/brandon-brookes,myjobquote
brandon brookes,,Internal Renovation,,,4.68,0,,ID Checked,,,2016,https://www.myjobquote.co.uk/t/jacob-moody,myjobquote
Baran Bulut,,Internal Renovation,,,4.68,0,,ID Checked,,,Feb 2023,https://www.myjobquote.co.uk/t/baran-bulut,myjobquote
Paul lindsay,,Internal Renovation,,,5,3,,ID Checked,,,1996,https://www.myjobquote.co.uk/t/paul-lindsay,myjobquote
R&M builders and landscapers,,Internal Renovation,,,5,12,,ID Checked,,,2021,https://www.myjobquote.co.uk/t/rm-builders-and-landscapers,myjobquote
RMG Electrical/capital interiors,,Internal Renovation,,,5,11,,ID Checked,,,2020,https://www.myjobquote.co.uk/t/rmg-electricalcapital-interiors,myjobquote
Clean Air Energy Ltd,,Internal Renovation,,,5,1,,ID Checked,,,2010,https://www.myjobquote.co.uk/t/clean-air-energy-ltd,myjobquote
Kaded,,Internal Renovation,,,5,2,,ID Checked,,,2022,https://www.myjobquote.co.uk/t/kaded,myjobquote
Wilson’s building and landscaping services,,Internal Renovation,,,4,1,,ID Checked,,,2025,https://www.myjobquote.co.uk/t/wilsons-building-and-landscaping-services,myjobquote
"T,Q,Roofing",,Internal Renovation,,,5,4,,ID Checked,,,2019,https://www.myjobquote.co.uk/t/tqroofing,myjobquote
Mcmanus,,Internal Renovation,,,5,3,,ID Checked,,,2007,https://www.myjobquote.co.uk/t/mcmanus,myjobquote
Kingsknowe Joinery/All Trades,,Internal Renovation,,,4.5,6,,ID Checked,,,1995,https://www.myjobquote.co.uk/t/kingsknowe-joineryall-trades,myjobquote
Challenge Construction,,Internal Renovation,,,5,1,,ID Checked,,,Apr 2023,https://www.myjobquote.co.uk/t/challenge-construction,myjobquote
Peninsula premier construction,,Internal Renovation,,,5,3,,ID Checked,,,Dec 2022,https://www.myjobquote.co.uk/t/peninsula-premier-construction,myjobquote
Hoyt Electrical,,Internal Renovation,,,5,1,,ID Checked,,,2001,https://www.myjobquote.co.uk/t/hoyt-electrical,myjobquote
Kejbuilders,,Internal Renovation,,,5,2,,ID Checked,,,2014,https://www.myjobquote.co.uk/t/kejbuilders,myjobquote
Robert Brydon&#039;s Building Services,,Internal Renovation,,,4.68,0,,ID Checked,,,Aug 2017,https://www.myjobquote.co.uk/t/robert-brydons-building-services,myjobquote
Twana,,Internal Renovation,,,4.68,0,,ID Checked,,,Jan 2024,https://www.myjobquote.co.uk/t/twana,myjobquote
Donaldson roofing services,,Internal Renovation,,,4.68,0,,,,,,https://www.myjobquote.co.uk/t/donaldson-roofing-services,myjobquote
Verra Decoration,,Internal Renovation,,,4.68,0,,ID Checked,,,2020,https://www.myjobquote.co.uk/t/verra-decoration,myjobquote
Geno Construction,,Internal Renovation,,,4.68,0,,ID Checked,,,Nov 2025,https://www.myjobquote.co.uk/t/geno-construction,myjobquote
Geno Construction,,Internal Renovation,,,4.68,0,,,,,Jan 2024,https://www.myjobquote.co.uk/t/aryan-1,myjobquote
Aryan,,Internal Renovation,,,4.68,0,,ID Checked; Public Liability Insurance,,,2011,https://www.myjobquote.co.uk/t/km-building-system-ltd,myjobquote
Eagle Building Services,,Internal Renovation,,,4.68,0,,ID Checked,,,2016,https://www.myjobquote.co.uk/t/eagle-building-services,myjobquote
Milldown ltd,,Internal Renovation,,,4.68,0,,ID Checked,,,Aug 2023,https://www.myjobquote.co.uk/t/milldown-ltd,myjobquote
OWL AV CONSTRUCTION LIMITED,,Internal Renovation,,,4.68,0,,ID Checked,,,2021,https://www.myjobquote.co.uk/t/owl-av-construction-limited,myjobquote
Capital Crest Construction Ltd,,Internal Renovation,,,4.68,0,,,,,Jun 2024,https://www.myjobquote.co.uk/t/capital-crest-construction-ltd,myjobquote
MBK Joiners,,Internal Renovation,,,4.68,0,,ID Checked,,,Feb 2026,https://www.myjobquote.co.uk/t/mbk-joiners,myjobquote
Edin all trades Ltd,,Internal Renovation,,,4.68,0,,ID Checked,,,Jan 2025,https://www.myjobquote.co.uk/t/edin-all-trades-ltd,myjobquote
Prime home and garden,,Internal Renovation,,,4.68,0,,ID Checked,,,2021,https://www.myjobquote.co.uk/t/prime-home-and-garden,myjobquote
PSG twenty six,,Internal Renovation,,,4.68,0,,ID Checked,,,Mar 2025,https://www.myjobquote.co.uk/t/psg-twenty-six,myjobquote
visions of you,,Internal Renovation,,,4.68,0,,ID Checked,,,Apr 2022,https://www.myjobquote.co.uk/t/visions-of-you,myjobquote
Rw1 Building & landscaping,,Internal Renovation,,,4.68,0,,,,,Feb 2022,https://www.myjobquote.co.uk/t/rw1-building-landscaping,myjobquote
Thistle roofing,,Internal Renovation,,,4.68,0,,ID Checked,,,2002,https://www.myjobquote.co.uk/t/thistle-roofing-1,myjobquote
Home Trades Services,,Internal Renovation,,,4.68,0,,ID Checked,,,1998,https://www.myjobquote.co.uk/t/home-trades-services,myjobquote
A R Parkin building contractors,,Internal Renovation,,,4.68,0,,,,,1990,https://www.myjobquote.co.uk/t/a-r-parkin-building-contractors,myjobquote
Thistlerock Deisgns LTD,,Internal Renovation,,,4.68,0,,ID Checked,,,May 2024,https://www.myjobquote.co.uk/t/thistlerock-deisgns-ltd,myjobquote
Williamnisbetbuilder,,Internal Renovation,,,4.68,0,,ID Checked,,,Aug 2025,https://www.myjobquote.co.uk/t/williamnisbetbuilder,myjobquote
Mezowo Building Services,,Internal Renovation,,,4.68,0,,ID Checked,,,2025,https://www.myjobquote.co.uk/t/mezowo-building-services,myjobquote
KAD-BUILD,,Internal Renovation,,,4.68,0,,ID Checked,,,Apr 2025,https://www.myjobquote.co.uk/t/kad-build,myjobquote
Rjc builders,,Internal Renovation,,,4.68,0,,ID Checked,,,Mar 2025,https://www.myjobquote.co.uk/t/rjc-builders,myjobquote
Rjc builders,,Internal Renovation,,,4.68,0,,ID Checked,,,2023,https://www.myjobquote.co.uk/t/progression-projects-edinburgh,myjobquote
A&M renovations,,Internal Renovation,,,4.68,0,,ID Checked,,,1998,https://www.myjobquote.co.uk/t/am-renovations,myjobquote
Construction Services Scotland Ltd,,Internal Renovation,,,4.68,0,,ID Checked,,,2023,https://www.myjobquote.co.uk/t/construction-services-scotland-ltd,myjobquote
Carpentry and build solutions,,Internal Renovation,,,4.68,0,,ID Checked,,,Mar 2023,https://www.myjobquote.co.uk/t/carpentry-and-build-solutions,myjobquote
Mykola,,Internal Renovation,,,4.68,0,,ID Checked,,,Oct 2024,https://www.myjobquote.co.uk/t/mykola-12,myjobquote
Mykola,,Internal Renovation,,,4.68,0,,ID Checked,,,Nov 2024,https://www.myjobquote.co.uk/t/edinburgh-city-builders,myjobquote
MVR RIVERMOUNT CONSTRUCTION LTD,,Internal Renovation,,,4.68,0,,ID Checked,,,Feb 2025,https://www.myjobquote.co.uk/t/mvr-rivermount-construction-ltd,myjobquote
Pavstonemasonbuilder,,Internal Renovation,,,4.68,0,,ID Checked,,,Jul 2025,https://www.myjobquote.co.uk/t/pavstonemasonbuilder,myjobquote
Pavstonemasonbuilder,,Internal Renovation,,,4.68,0,,,,,May 2024,https://www.myjobquote.co.uk/t/jr-windows,myjobquote
JR Windows,,Internal Renovation,,,2,1,,,,,2020,https://www.myjobquote.co.uk/t/ns-building-and-lanscaping,myjobquote
Pinnacle Construction,,Internal Renovation,,,4.68,0,,ID Checked,,,2019,https://www.myjobquote.co.uk/t/pinnacle-construction-1,myjobquote
Buildit Haddington LTD,,Internal Renovation,,,4.68,0,,ID Checked,,,Apr 2024,https://www.myjobquote.co.uk/t/buildit-haddington-ltd,myjobquote
City trades Scotland ltd,,Internal Renovation,,,4.68,0,,ID Checked,,,Sep 2022,https://www.myjobquote.co.uk/t/city-trades-scotland-ltd,myjobquote
RT Services,,Internal Renovation,,,5,2,,ID Checked,,,Mar 2020,https://www.myjobquote.co.uk/t/rt-services-3,myjobquote
cb builders,,Internal Renovation,,,5,1,,ID Checked,,,2007,https://www.myjobquote.co.uk/t/cb-builders-2,myjobquote
Painter,,Internal Renovation,,,4.68,0,,ID Checked,,,Nov 2020,https://www.myjobquote.co.uk/t/painter-422,myjobquote
Painter,,Internal Renovation,,,4.68,0,,ID Checked,,,2018,https://www.myjobquote.co.uk/t/carnan-electrical-services,myjobquote
Besi roofing company ltd,,Internal Renovation,,,4.68,0,,,,,2019,https://www.myjobquote.co.uk/t/besi-roofing-company-ltd,myjobquote
Besi roofing company ltd,,Internal Renovation,,,4.68,0,,ID Checked,,,Sep 2023,https://www.myjobquote.co.uk/t/keymasonry-1,myjobquote
Keymasonry,,Internal Renovation,,,4.68,0,,ID Checked,,,Aug 2022,https://www.myjobquote.co.uk/t/pkipp-maintenance,myjobquote
Pkipp maintenance,,Internal Renovation,,,4.68,0,,,,,Mar 2023,https://www.myjobquote.co.uk/t/andre-builder,myjobquote
ANDRE BUILDER,,Internal Renovation,,,4.68,0,,ID Checked,,,Jan 2026,https://www.myjobquote.co.uk/t/lukas-paint-you-life,myjobquote
Lukas Paint you life,,Internal Renovation,,,4.68,0,,ID Checked,,,Jul 2022,https://www.myjobquote.co.uk/t/jb-contracts-scotland-ltd,myjobquote
B.C.W Roofing and Building,,Internal Renovation,,,4.68,0,,,,,Jan 2023,https://www.myjobquote.co.uk/t/bcw-roofing-and-building,myjobquote
B.C.W Roofing and Building,,Internal Renovation,,,4.68,0,,,,,Dec 2022,https://www.myjobquote.co.uk/t/gavin-13,myjobquote
Gavin,,Internal Renovation,,,4.68,0,,,,,May 2023,https://www.myjobquote.co.uk/t/ryan-clark,myjobquote
Ryan Clark,,Internal Renovation,,,4.68,0,,,,,Jan 2024,https://www.myjobquote.co.uk/t/bricklaying-27,myjobquote
MiroS,,Internal Renovation,,,4.68,0,,,,,Apr 2025,https://www.myjobquote.co.uk/t/miros-3,myjobquote
MiroS,,Internal Renovation,,,4.68,0,,,,,Oct 2025,https://www.myjobquote.co.uk/t/builditall,myjobquote
Builder,,Internal Renovation,,,4.68,0,,,,,Mar 2026,https://www.myjobquote.co.uk/t/builder-104,myjobquote
Builder,,Internal Renovation,,,4.68,0,,,,,Apr 2023,https://www.myjobquote.co.uk/t/sks-home-and-garden-improvements,myjobquote
Ankush Singh,,Internal Renovation,,,4.68,0,,,,,Jan 2025,https://www.myjobquote.co.uk/t/ankush-singh,myjobquote
Ankush Singh,,Internal Renovation,,,4.68,0,,,,,May 2025,https://www.myjobquote.co.uk/t/comfortzone-property-solutions-ltd,myjobquote
CYC Joinery and Garage Conversions,,Internal Renovation,,,4.68,0,,,,,Dec 2024,https://www.myjobquote.co.uk/t/cyc-joinery-and-garage-conversions,myjobquote
Ctec Design and Build Ltd,,Internal Renovation,,,4.68,0,,ID Checked,,,2016,https://www.myjobquote.co.uk/t/ctec-design-and-build-ltd,myjobquote
Reminem,,Internal Renovation,,,4.68,0,,ID Checked,,,Mar 2023,https://www.myjobquote.co.uk/t/reminem,myjobquote
Reminem,,Internal Renovation,,,4.68,0,,ID Checked,,,Mar 2023,https://www.myjobquote.co.uk/t/ats-building-and-renovations,myjobquote
Woodandstone,,Internal Renovation,,,5,3,,ID Checked; Public Liability Insurance,,,1990,https://www.myjobquote.co.uk/t/woodandstone,myjobquote
Luxe Installations,,Internal Renovation,,,5,1,,ID Checked,,,Sep 2024,https://www.myjobquote.co.uk/t/luxe-installations,myjobquote
Bricks&mortar,,Internal Renovation,,,5,1,,ID Checked; Public Liability Insurance,,,2016,https://www.myjobquote.co.uk/t/bricksmortar-1,myjobquote
CHF Landscaping and Building,,Internal Renovation,,,5,1,,ID Checked,,,1993,https://www.myjobquote.co.uk/t/chf-landscaping-and-building,myjobquote
Woodgate joinery & building Ltd,,Internal Renovation,,,5,2,,ID Checked,,,2023,https://www.myjobquote.co.uk/t/woodgate-joinery-building-ltd,myjobquote
Jimmy,,Internal Renovation,,,4.68,0,,ID Checked,,,Jan 2025,https://www.myjobquote.co.uk/t/jimmy-39,myjobquote
Jimmy,,Internal Renovation,,,4.68,0,,ID Checked,,,2017,https://www.myjobquote.co.uk/t/colak-and-gow,myjobquote
colak and gow,,Internal Renovation,,,4.68,0,,ID Checked,,,Apr 2018,https://www.myjobquote.co.uk/t/blasting-tail,myjobquote
Blasting tail,,Internal Renovation,,,4.68,0,,ID Checked,,,May 2025,https://www.myjobquote.co.uk/t/done-right-projects,myjobquote
SBBA LIMITED,,Internal Renovation,,,4.68,0,,ID Checked,,,2017,https://www.myjobquote.co.uk/t/sbba-limited,myjobquote
Jax design & build ltd,,Internal Renovation,,,4.68,0,,ID Checked,,,Jan 2017,https://www.myjobquote.co.uk/t/jax-design-build-ltd,myjobquote
Jax design & build ltd,,Internal Renovation,,,4.68,0,,ID Checked,,,1997,https://www.myjobquote.co.uk/t/vjl-builders-1,myjobquote
Notch Above Joinery,,Internal Renovation,,,4.68,0,,ID Checked,,,2024,https://www.myjobquote.co.uk/t/notch-above-joinery,myjobquote
Arash,,Internal Renovation,,,4.68,0,,,,,Jan 2025,https://www.myjobquote.co.uk/t/arash-5,myjobquote
Arash,,Internal Renovation,,,5,2,,ID Checked,,,2022,https://www.myjobquote.co.uk/t/porter-homes-property-builder-ltd,myjobquote
Mackenzie building solutions ltd,,Internal Renovation,,,5,20,,ID Checked,,,2004,https://www.myjobquote.co.uk/t/mackenzie-building-solutions-ltd,myjobquote
RXB Building and Landscapes ltd,,Internal Renovation,,,5,1,,ID Checked,,,2025,https://www.myjobquote.co.uk/t/rxb-building-and-landscapes-ltd,myjobquote
A plus Design and construction,,Internal Renovation,,,4.68,0,,,,,Dec 2025,https://www.myjobquote.co.uk/t/a-plus-design-and-construction,myjobquote
A plus Design and construction,,Internal Renovation,,,4.68,0,,ID Checked,,,Dec 2025,https://www.myjobquote.co.uk/t/building-solutions-10,myjobquote
Weatherface Ltd,,Internal Renovation,,,4.68,0,,ID Checked,,,2015,https://www.myjobquote.co.uk/t/weatherface-ltd,myjobquote
Briggs Building,,Internal Renovation,,,4.68,0,,ID Checked,,,2010,https://www.myjobquote.co.uk/t/briggs-building,myjobquote
Andrews Builders,,Internal Renovation,,,4.68,0,,ID Checked,,,Nov 2024,https://www.myjobquote.co.uk/t/andrews-builders,myjobquote
Gla building,,Internal Renovation,,,4.68,0,,,,,Jun 2023,https://www.myjobquote.co.uk/t/gla-building-1,myjobquote
Gla building,,Internal Renovation,,,4.68,0,,ID Checked,,,Dec 2024,https://www.myjobquote.co.uk/t/sky-company,myjobquote
Sky company,,Internal Renovation,,,4.68,0,,ID Checked,,,Mar 2026,https://www.myjobquote.co.uk/t/jackk-4,myjobquote
Jackk,,Internal Renovation,,,4.68,0,,ID Checked,,,2014,https://www.myjobquote.co.uk/t/bk-building,myjobquote
DORRy BUILDER LTD,,Internal Renovation,,,4.68,0,,ID Checked,,,2011,https://www.myjobquote.co.uk/t/dorry-builder-ltd,myjobquote
Rnsplastering,,Internal Renovation,,,4.68,0,,ID Checked,,,2010,https://www.myjobquote.co.uk/t/rnsplastering,myjobquote
HandyHelp,,Internal Renovation,,,4.68,0,,ID Checked,,,Jan 2023,https://www.myjobquote.co.uk/t/handyhelp,myjobquote
HandyHelp,,Internal Renovation,,,4.68,0,,ID Checked,,,Jan 2025,https://www.myjobquote.co.uk/t/dynamite-building,myjobquote
Tommy,,Internal Renovation,,,4.68,0,,ID Checked,,,Dec 2025,https://www.myjobquote.co.uk/t/tommy-38,myjobquote
Tommy,,Internal Renovation,,,4.68,0,,ID Checked,,,2012,https://www.myjobquote.co.uk/t/highwood-developments-ltd,myjobquote
Sdriveways and landscape,,Internal Renovation,,,5,1,,ID Checked,,,Nov 2024,https://www.myjobquote.co.uk/t/sdriveways-and-landscape,myjobquote
Arcus refurbishment,,Internal Renovation,,,5,1,,ID Checked,,,2017,https://www.myjobquote.co.uk/t/arcus-refurbishment,myjobquote
SJ Specialist Interior Solutions Limited,,Internal Renovation,,,5,1,,ID Checked,,,Jan 2023,https://www.myjobquote.co.uk/t/sj-specialist-interior-solutions-limited-1,myjobquote
jcconstruction,,Internal Renovation,,,4,1,,ID Checked,,,Jul 2023,https://www.myjobquote.co.uk/t/jcconstruction,myjobquote
Alafendi,,Internal Renovation,,,4.68,0,,ID Checked,,,2022,https://www.myjobquote.co.uk/t/alafendi,myjobquote
Madjid Lmt,,Internal Renovation,,,4.68,0,,,,,May 2025,https://www.myjobquote.co.uk/t/madjid-lmt,myjobquote
Madjid Lmt,,Internal Renovation,,,4.68,0,,ID Checked,,,May 2025,https://www.myjobquote.co.uk/t/matt-smith,myjobquote
Matt smith,,Internal Renovation,,,4.68,0,,ID Checked,,,Feb 2022,https://www.myjobquote.co.uk/t/cristidima,myjobquote
Buildscape Projects,,Internal Renovation,,,4.68,0,,ID Checked,,,2023,https://www.myjobquote.co.uk/t/buildscape-projects,myjobquote
naqeebullah,,Internal Renovation,,,4.68,0,,ID Checked,,,Mar 2023,https://www.myjobquote.co.uk/t/naqeebullah,myjobquote
naqeebullah,,Internal Renovation,,,4.68,0,,,,,Jul 2024,https://www.myjobquote.co.uk/t/saity,myjobquote
SaitY,,Internal Renovation,,,4.68,0,,,,,Nov 2024,https://www.myjobquote.co.uk/t/thomson-trades,myjobquote
Thomson trades,,Internal Renovation,,,4.68,0,,,,,May 2023,https://www.myjobquote.co.uk/t/nu-am-compniei,myjobquote
Nu am compniei,,Internal Renovation,,,4.68,0,,,,,Nov 2024,https://www.myjobquote.co.uk/t/monsaf,myjobquote
Monsaf,,Internal Renovation,,,4.68,0,,,Ground work,,Oct 2024,https://www.myjobquote.co.uk/t/blumbergs,myjobquote
Blumbergs,,Internal Renovation,,,4.68,0,,,,,Mar 2026,https://www.myjobquote.co.uk/t/as-brothers-construction,myjobquote
As Brothers Construction,,Internal Renovation,,,4.68,0,,,,,Jan 2026,https://www.myjobquote.co.uk/t/finegan,myjobquote
Finegan,,Internal Renovation,,,4.68,0,,,,,Jan 2022,https://www.myjobquote.co.uk/t/manny,myjobquote
Manny,,Internal Renovation,,,4.68,0,,,,,May 2023,https://www.myjobquote.co.uk/t/royal-bam-group,myjobquote
Royal Bam group,,Internal Renovation,,,4.68,0,,,,,Apr 2025,https://www.myjobquote.co.uk/t/macd-builder,myjobquote
Macd builder,,Internal Renovation,,,4.68,0,,,,,1985,https://www.myjobquote.co.uk/t/e-farren-contracts,myjobquote
Garrow ltd,,Internal Renovation,,,4.68,0,,ID Checked,,,2012,https://www.myjobquote.co.uk/t/garrow-ltd,myjobquote
Garrow ltd,,Internal Renovation,,,4.68,0,,ID Checked,,,Feb 2024,https://www.myjobquote.co.uk/t/colin-rodgers,myjobquote
Colin Rodgers,,Internal Renovation,,,4.68,0,,,,,Feb 2025,https://www.myjobquote.co.uk/t/huzaifa,myjobquote
Liam Henry,,Internal Renovation,,,4.68,0,,,,,Jun 2023,https://www.myjobquote.co.uk/t/liam-henry,myjobquote
C Carson joinery,,Internal Renovation,,,5,1,,ID Checked; Public Liability Insurance,,,2015,https://www.myjobquote.co.uk/t/c-carson-joinery,myjobquote
Talented Tradesmen,,Internal Renovation,,,5,7,,ID Checked,,,2017,https://www.myjobquote.co.uk/t/talented-tradesmen,myjobquote
External Maintenance Solutions,,Internal Renovation,,,5,9,,ID Checked,,,2024,https://www.myjobquote.co.uk/t/external-maintenance-solutions,myjobquote
Jhs roofing and building,,Internal Renovation,,,5,2,,ID Checked,,,1900,https://www.myjobquote.co.uk/t/jhs-roofing-and-building-1,myjobquote
AMC Roofing and Building Ltd,,Internal Renovation,,,5,3,,ID Checked,,,2025,https://www.myjobquote.co.uk/t/amc-roofing-and-building-ltd,myjobquote
MR Construction,,Internal Renovation,,,5,1,,ID Checked,,,2018,https://www.myjobquote.co.uk/t/mr-construction-8,myjobquote
WD Joinery and Building Services,,Internal Renovation,,,5,1,,ID Checked,,,2004,https://www.myjobquote.co.uk/t/wd-joinery-and-building-services,myjobquote
LDA Contracts Ltd,,Internal Renovation,,,5,4,,ID Checked,,,2023,https://www.myjobquote.co.uk/t/lda-contracts-ltd,myjobquote
Barry,,Internal Renovation,,,5,5,,ID Checked,,,2008,https://www.myjobquote.co.uk/t/barry-34,myjobquote
Thistle Property Services,,Internal Renovation,,,4.9,19,,ID Checked,,,2020,https://www.myjobquote.co.uk/t/thistle-property-services,myjobquote
Mateusz,,Internal Renovation,,,5,3,,ID Checked,,,Sep 2023,https://www.myjobquote.co.uk/t/mateusz-22,myjobquote
Mrcc renavations and refreshments,,Internal Renovation,,,5,6,,ID Checked,,,2023,https://www.myjobquote.co.uk/t/mrcc-renavations-and-refreshments,myjobquote
Myson maintainance / construction,,Internal Renovation,,,5,1,,ID Checked,,,1990,https://www.myjobquote.co.uk/t/myson-maintainance-construction,myjobquote
RJM construction,,Internal Renovation,,,5,1,,ID Checked,,,Jun 2020,https://www.myjobquote.co.uk/t/rjm-construction,myjobquote
Glasgow Building & Construction Group Ltd,,Internal Renovation,,,5,1,,ID Checked,,,2011,https://www.myjobquote.co.uk/t/glasgow-building-construction-group-ltd,myjobquote
JJR joinery,,Internal Renovation,,,5,2,,ID Checked,,,2018,https://www.myjobquote.co.uk/t/jjr-joinery,myjobquote
Gordons Home Improvements,,Internal Renovation,,,4.4,17,,ID Checked,,,2011,https://www.myjobquote.co.uk/t/gordons-home-improvements,myjobquote
JCM bricklaying & construction,,Internal Renovation,,,5,1,,ID Checked,,,2022,https://www.myjobquote.co.uk/t/jcm-bricklaying-construction,myjobquote
Jamie Choi Joinery and Building,,Internal Renovation,,,4,3,,ID Checked,,,2019,https://www.myjobquote.co.uk/t/jamie-choi-joinery-and-building,myjobquote
Prestige properties,,Internal Renovation,,,4.2,10,,ID Checked,,,2019,https://www.myjobquote.co.uk/t/prestige-properties,myjobquote
P.meechan Brickwork & stonework,,Internal Renovation,,,4.2,1,,,,,2021,https://www.myjobquote.co.uk/t/pmeechan-brickwork-stonework,myjobquote
Custom Edge Projects,,Internal Renovation,,,4.5,4,,ID Checked,,,2020,https://www.myjobquote.co.uk/t/custom-edge-projects,myjobquote
E.P.M Emerie Property Maintenance,,Internal Renovation,,,5,3,,ID Checked,,,2020,https://www.myjobquote.co.uk/t/epm-emerie-property-maintenance,myjobquote
GK.Builders Limited,,Internal Renovation,,,5,2,,ID Checked,,,2004,https://www.myjobquote.co.uk/t/gkbuilders-limited,myjobquote
WPG All Jobs,,Internal Renovation,,,4.7,3,,ID Checked,,,2020,https://www.myjobquote.co.uk/t/wpg-all-jobs,myjobquote
Kamil Leszczynski,,Internal Renovation,,,4.8,6,,ID Checked,,,2017,https://www.myjobquote.co.uk/t/kamil-leszczynski,myjobquote
RolandKeszeg,,Internal Renovation,,,4.8,2,,ID Checked,,,2020,https://www.myjobquote.co.uk/t/rolandkeszeg,myjobquote
Superior Garden Offices Scotland,,Internal Renovation,,,4,1,,ID Checked,,,2009,https://www.myjobquote.co.uk/t/superior-garden-offices-scotland,myjobquote
I was delivery Rider,,Internal Renovation,,,4.68,0,,ID Checked,,,Jan 2020,https://www.myjobquote.co.uk/t/i-was-delivery-rider,myjobquote
I was delivery Rider,,Internal Renovation,,,4.68,0,,,,,Feb 2026,https://www.myjobquote.co.uk/t/tl-projects,myjobquote
TL Projects,,Internal Renovation,,,4.68,0,,ID Checked,,,2016,https://www.myjobquote.co.uk/t/karol-repairs-renovations,myjobquote
mykola,,Internal Renovation,,,4.68,0,,ID Checked,,,Sep 2025,https://www.myjobquote.co.uk/t/mykola-20,myjobquote
mykola,,Internal Renovation,,,4.68,0,,,,,Feb 2026,https://www.myjobquote.co.uk/t/al-joinery,myjobquote
DS JOINERS,,Internal Renovation,,,4.68,0,,,,,2022,https://www.myjobquote.co.uk/t/ds-joiners,myjobquote
CCC Roofing & Building Maintenance,,Internal Renovation,,,4.68,0,,ID Checked,,,1990,https://www.myjobquote.co.uk/t/ccc-roofing-building-maintenance,myjobquote
Aurel sr,,Internal Renovation,,,4.68,0,,ID Checked,,,Jan 2026,https://www.myjobquote.co.uk/t/aurel-sr,myjobquote
Aurel sr,,Internal Renovation,,,4.68,0,,ID Checked,,,Jul 2025,https://www.myjobquote.co.uk/t/ers-exterior-rendering-solutions-ltd,myjobquote
GG brothers ltd,,Internal Renovation,,,4.68,0,,ID Checked,,,Jan 2023,https://www.myjobquote.co.uk/t/gg-brothers-ltd,myjobquote
MacDonald worx,,Internal Renovation,,,5,2,,ID Checked,,,2010,https://www.myjobquote.co.uk/t/macdonald-worx,myjobquote
A W JOINERS LIMITED,,Internal Renovation,,,4.68,0,,ID Checked,,,2018,https://www.myjobquote.co.uk/t/a-w-joiners-limited,myjobquote
Zechariah,,Internal Renovation,,,4.68,0,,ID Checked,,,Jan 2018,https://www.myjobquote.co.uk/t/zechariah,myjobquote
R.M.J MONTEITH,,Internal Renovation,,,4.68,0,,,,,May 2024,https://www.myjobquote.co.uk/t/rmj-monteith,myjobquote
Varsity Joiners Ltd,,Internal Renovation,,,4.68,0,,ID Checked,,,2018,https://www.myjobquote.co.uk/t/varsity-joiners-ltd,myjobquote
JM maintainence,,Internal Renovation,,,4.68,0,,ID Checked,,,2009,https://www.myjobquote.co.uk/t/jm-maintainence,myjobquote
JM maintainence,,Internal Renovation,,,4.68,0,,ID Checked,,,Nov 2024,https://www.myjobquote.co.uk/t/home-project-management,myjobquote
Charlie Stewart,,Internal Renovation,,,4.68,0,,ID Checked,,,Aug 2025,https://www.myjobquote.co.uk/t/charlie-stewart-1,myjobquote
Alastair buchanan,,Internal Renovation,,,4.68,0,,,,,Jun 2023,https://www.myjobquote.co.uk/t/alastair-buchanan,myjobquote
KD property group,,Internal Renovation,,,4.68,0,,,,,Apr 2023,https://www.myjobquote.co.uk/t/kd-property-group,myjobquote
Bradley,,Internal Renovation,,,5,4,,ID Checked,,,2012,https://www.myjobquote.co.uk/t/bradley-102,myjobquote
SM Construction,,Internal Renovation,,,5,1,,ID Checked,,,2009,https://www.myjobquote.co.uk/t/sm-construction-1,myjobquote
CL Joinery,,Internal Renovation,,,4.68,0,,ID Checked,,,May 2020,https://www.myjobquote.co.uk/t/cl-joinery-2,myjobquote
Livingstone builders,,Internal Renovation,,,4.68,0,,ID Checked,,,2001,https://www.myjobquote.co.uk/t/livingstone-builders,myjobquote
Steven Wilson Joinery,,Internal Renovation,,,4.68,0,,Public Liability Insurance,,,Sep 2023,https://www.myjobquote.co.uk/t/steven-wilson-joinery,myjobquote
R.M Joinery Building Services LTD,,Internal Renovation,,,4.68,0,,ID Checked,,,Jun 2025,https://www.myjobquote.co.uk/t/rm-joinery-building-services-ltd,myjobquote
Craig,,Internal Renovation,,,4.68,0,,ID Checked,,,Aug 2024,https://www.myjobquote.co.uk/t/craig-100,myjobquote
Craig,,Internal Renovation,,,4.68,0,,ID Checked,,,Feb 2026,https://www.myjobquote.co.uk/t/harpreet-singh-9,myjobquote
Harpreet singh,,Internal Renovation,,,4.68,0,,ID Checked,,,2020,https://www.myjobquote.co.uk/t/laister-construction,myjobquote
Wardlaw construction,,Internal Renovation,,,4.68,0,,ID Checked,,,Jun 2025,https://www.myjobquote.co.uk/t/wardlaw-construction,myjobquote
Wardlaw construction,,Internal Renovation,,,4.68,0,,ID Checked,,,Sep 2024,https://www.myjobquote.co.uk/t/central-property-care-1,myjobquote
Adamsol synergy ltd,,Internal Renovation,,,4.68,0,,,,,Feb 2026,https://www.myjobquote.co.uk/t/adamsol-synergy-ltd,myjobquote
Adamsol synergy ltd,,Internal Renovation,,,4.68,0,,ID Checked,,,2022,https://www.myjobquote.co.uk/t/rcj-build,myjobquote
Kelpie construction Ltd,,Internal Renovation,,,4.68,0,,ID Checked,,,Sep 2023,https://www.myjobquote.co.uk/t/kelpie-construction-ltd,myjobquote
"Robert Painting , Decorating and Joinery",,Internal Renovation,,,4.68,0,,ID Checked,,,2023,https://www.myjobquote.co.uk/t/robert-painting-decorating-and-joinery,myjobquote
SES Renovations Ltd,,Internal Renovation,,,4.68,0,,ID Checked,,,2020,https://www.myjobquote.co.uk/t/ses-renovations-ltd,myjobquote
Freedon joinery and building contractor,,Internal Renovation,,,4.68,0,,ID Checked,,,Sep 2022,https://www.myjobquote.co.uk/t/freedon-joinery-and-building-contractor,myjobquote
Pat Building Service LTD,,Internal Renovation,,,4.68,0,,ID Checked,,,2019,https://www.myjobquote.co.uk/t/pat-building-service-ltd,myjobquote
DarioMarian LTD,,Internal Renovation,,,4.68,0,,ID Checked,,,Jan 2023,https://www.myjobquote.co.uk/t/dariomarian-ltd,myjobquote
Aleksejs,,Internal Renovation,,,4.68,0,,,,,,https://www.myjobquote.co.uk/t/aleksejs,myjobquote
KManston Carpentry,,Internal Renovation,,,4.68,0,,,,,2001,https://www.myjobquote.co.uk/t/kmanston-carpentry,myjobquote
Clyde construction and joinery Ltd,,Internal Renovation,,,4.68,0,,,,,2011,https://www.myjobquote.co.uk/t/clyde-construction-and-joinery-ltd,myjobquote
CPR Restorations,,Internal Renovation,,,4.68,0,,ID Checked,,,Nov 2024,https://www.myjobquote.co.uk/t/cpr-restorations,myjobquote
CPR Restorations,,Internal Renovation,,,4.68,0,,ID Checked,,,2014,https://www.myjobquote.co.uk/t/singhconstructionglasgow-at-gmailcom,myjobquote
nonononono,,Internal Renovation,,,4.68,0,,ID Checked,,,Jun 2023,https://www.myjobquote.co.uk/t/nonononono,myjobquote
nonononono,,Internal Renovation,,,4.68,0,,ID Checked,,,Jun 2024,https://www.myjobquote.co.uk/t/assured-building-contractors-scotland-ltd,myjobquote
Project3 Homes LTD,,Internal Renovation,,,4.68,0,,ID Checked,,,Dec 2023,https://www.myjobquote.co.uk/t/project3-homes-ltd,myjobquote
Scott Cramb Construction Ltd,,Internal Renovation,,,4.68,0,,ID Checked,,,Feb 2026,https://www.myjobquote.co.uk/t/scott-cramb-construction-ltd,myjobquote
Scott Cramb Construction Ltd,,Internal Renovation,,,4.68,0,,ID Checked,,,Jul 2023,https://www.myjobquote.co.uk/t/rikki-paving,myjobquote
R&m roofing and roughcasting contractors,,Internal Renovation,,,4.68,0,,ID Checked,,,Mar 2025,https://www.myjobquote.co.uk/t/rm-roofing-and-roughcasting-contractors,myjobquote
R&m roofing and roughcasting contractors,,Internal Renovation,,,4.68,0,,,,,Apr 2024,https://www.myjobquote.co.uk/t/alexander-mcgill,myjobquote
buildbuzz creation,,Internal Renovation,,,4.68,0,,ID Checked,,,2017,https://www.myjobquote.co.uk/t/buildbuzz-creation,myjobquote
JS Projects Scotland Ltd,,Internal Renovation,,,4.68,0,,ID Checked,,,2008,https://www.myjobquote.co.uk/t/js-projects-scotland-ltd,myjobquote
Sky company,,Internal Renovation,,,4.68,0,,ID Checked,,,1992,https://www.myjobquote.co.uk/t/scott-macinnes,myjobquote
L&L building contractors,,Internal Renovation,,,4.68,0,,ID Checked,,,2008,https://www.myjobquote.co.uk/t/ll-building-contractors,myjobquote
Henryk Zakrzewski,,Internal Renovation,,,5,3,,ID Checked,,,2016,https://www.myjobquote.co.uk/t/henryk-zakrzewski,myjobquote
Rohan,,Internal Renovation,,,4.68,0,,ID Checked,,,Jan 2019,https://www.myjobquote.co.uk/t/rohan-6,myjobquote
Rohan,,Internal Renovation,,,4.68,0,,Public Liability Insurance,,,Nov 2024,https://www.myjobquote.co.uk/t/jm-joiners-1,myjobquote
CLB&M Builders,,Internal Renovation,,,4.68,0,,Public Liability Insurance,,,Mar 2023,https://www.myjobquote.co.uk/t/clbm-builders,myjobquote
ethan taylor builders,,Internal Renovation,,,4.68,0,,ID Checked,,,Jun 2023,https://www.myjobquote.co.uk/t/ethan-taylor-builders,myjobquote
ethan taylor builders,,Internal Renovation,,,4.68,0,,ID Checked,,,Oct 2024,https://www.myjobquote.co.uk/t/kd-joiners,myjobquote
Heryy,,Internal Renovation,,,4.68,0,,,,,Feb 2024,https://www.myjobquote.co.uk/t/heryy,myjobquote
Heryy,,Internal Renovation,,,4.68,0,,,,,Mar 2023,https://www.myjobquote.co.uk/t/signet-group-scotland-limited,myjobquote
Krisztian Elekes,,Internal Renovation,,,4.68,0,,,,,Feb 2026,https://www.myjobquote.co.uk/t/krisztian-elekes,myjobquote
WOZ Contracts,,Internal Renovation,,,4.68,0,,ID Checked,,,Oct 2025,https://www.myjobquote.co.uk/t/woz-contracts,myjobquote
WOZ Contracts,,Internal Renovation,,,4.68,0,,ID Checked,,,Feb 2024,https://www.myjobquote.co.uk/t/caiden-2,myjobquote
Caiden,,Internal Renovation,,,4.68,0,,,,,Oct 2023,https://www.myjobquote.co.uk/t/joseph-98,myjobquote
joseph,,Internal Renovation,,,4.68,0,,,,,Nov 2024,https://www.myjobquote.co.uk/t/timber-sheild,myjobquote
Clark and watters,,Internal Renovation,,,4.68,0,,,,,Jan 2026,https://www.myjobquote.co.uk/t/clark-and-watters,myjobquote
Craig,,Internal Renovation,,,4.68,0,,,,,Sep 2025,https://www.myjobquote.co.uk/t/craig-17,myjobquote
Craig,,Internal Renovation,,,4.68,0,,,,,Feb 2023,https://www.myjobquote.co.uk/t/the-caledonia-group,myjobquote
Deep1234,,Internal Renovation,,,4.68,0,,,,,Oct 2023,https://www.myjobquote.co.uk/t/deep1234,myjobquote
Deep1234,,Internal Renovation,,,4.68,0,,,,,Oct 2023,https://www.myjobquote.co.uk/t/pawel-56,myjobquote
Pawel,,Internal Renovation,,,4.68,0,,,,,Mar 2025,https://www.myjobquote.co.uk/t/liam-baillie,myjobquote
Manny,,Internal Renovation,,,4.68,0,,,,,May 2023,https://www.myjobquote.co.uk/t/scott-saunders-1,myjobquote
Jimmy,,Internal Renovation,,,4.68,0,,ID Checked,,,Jul 2025,https://www.myjobquote.co.uk/t/premier-garage-conversions,myjobquote
As Brothers Construction,,Internal Renovation,,,4.68,0,,ID Checked,,,2012,https://www.myjobquote.co.uk/t/gd-building-services-1,myjobquote
KGjoinery,,Internal Renovation,,,5,1,,ID Checked,,,Dec 2025,https://www.myjobquote.co.uk/t/kgjoinery,myjobquote
Renovation roofing and building,,Internal Renovation,,,5,1,,ID Checked,,,Dec 2023,https://www.myjobquote.co.uk/t/renovation-roofing-and-building,myjobquote
Bright Worx Scotland,,Internal Renovation,,,5,7,,ID Checked,,,2017,https://www.myjobquote.co.uk/t/bright-worx-scotland,myjobquote
A team roofing,,Internal Renovation,,,5,9,,ID Checked,,,2001,https://www.myjobquote.co.uk/t/a-team-roofing-1,myjobquote
R Hunter Joinery Services,,Internal Renovation,,,5,14,,ID Checked; Public Liability Insurance,,,2010,https://www.myjobquote.co.uk/t/r-hunter-joinery-services,myjobquote
BR Home Solutions,,Internal Renovation,,,4.68,0,,ID Checked,,,Jan 2019,https://www.myjobquote.co.uk/t/br-home-solutions,myjobquote
Saltire property maintenance,,Internal Renovation,,,4.68,0,,,,,Feb 2025,https://www.myjobquote.co.uk/t/saltire-property-maintenance,myjobquote
Eco Roofing and Building Ltd,,Internal Renovation,,,5,8,,ID Checked,,,2022,https://www.myjobquote.co.uk/t/eco-roofing-and-building-ltd-1,myjobquote
DLD contractors,,Internal Renovation,,,5,11,,ID Checked,,,2021,https://www.myjobquote.co.uk/t/dld-contractors,myjobquote
MacDonald contracts,,Internal Renovation,,,3.7,3,,ID Checked,,,2008,https://www.myjobquote.co.uk/t/macdonald-contracts,myjobquote
T.POTTER & SONS BUILDERS LTD.,,Internal Renovation,,,5,3,,ID Checked,,,1974,https://www.myjobquote.co.uk/t/tpotter-sons-builders-ltd,myjobquote
M R CONTRACTORS,,Internal Renovation,,,4.68,0,,ID Checked,,,Apr 2021,https://www.myjobquote.co.uk/t/m-r-contractors,myjobquote
Eleganza Kitchens and Bathrooms Limited,,Internal Renovation,,,4.68,0,,ID Checked,,,Sep 2023,https://www.myjobquote.co.uk/t/eleganza-kitchens-and-bathrooms-limited,myjobquote
NSR Construction,,Internal Renovation,,,4.68,0,,ID Checked,,,2020,https://www.myjobquote.co.uk/t/nsr-construction,myjobquote
CUBE REtreat,,Internal Renovation,,,4.68,0,,ID Checked,,,Feb 2020,https://www.myjobquote.co.uk/t/cube-retreat,myjobquote
Holdfast construction ltd,,Internal Renovation,,,4.68,0,,ID Checked,,,2023,https://www.myjobquote.co.uk/t/holdfast-construction-ltd,myjobquote
AJ Build & Manage LTD,,Internal Renovation,,,4.68,0,,ID Checked,,,2024,https://www.myjobquote.co.uk/t/aj-build-manage-ltd,myjobquote
SL Group,,Internal Renovation,,,4.68,0,,ID Checked,,,Jan 2024,https://www.myjobquote.co.uk/t/sl-group,myjobquote
DontStop,,Internal Renovation,,,4.68,0,,,,,Feb 2024,https://www.myjobquote.co.uk/t/dontstop,myjobquote
Karen,,Internal Renovation,,,4.68,0,,ID Checked,,,Nov 2024,https://www.myjobquote.co.uk/t/karen-11,myjobquote
Egan contracts ltd,,Internal Renovation,,,4.68,0,,ID Checked,,,Feb 2025,https://www.myjobquote.co.uk/t/egan-contracts-ltd,myjobquote
Blasting tail,,Internal Renovation,,,4.68,0,,,,,May 2025,https://www.myjobquote.co.uk/t/s2s-contractors,myjobquote
Thistle Home Renovations,,Internal Renovation,,,4.68,0,,ID Checked,,,2019,https://www.myjobquote.co.uk/t/thistle-home-renovations,myjobquote
Elder ltd,,Internal Renovation,,,4.68,0,,ID Checked,,,Jan 2019,https://www.myjobquote.co.uk/t/elder-ltd,myjobquote
JD Signature builds,,Internal Renovation,,,5,2,07418344783,ID Checked; Public Liability Insurance,,,2020,https://www.myjobquote.co.uk/t/jd-signature-builds,myjobquote
WBuild,,Internal Renovation,,,5,4,,ID Checked,,,2015,https://www.myjobquote.co.uk/t/wbuild,myjobquote
JN Building Services & Property Development Limited,,Internal Renovation,,,5,1,,ID Checked; Public Liability Insurance,,,2025,https://www.myjobquote.co.uk/t/jn-building-services-property-development-limited,myjobquote
M j ceretti builders,,Internal Renovation,,,5,1,,ID Checked,,,2004,https://www.myjobquote.co.uk/t/m-j-ceretti-builders,myjobquote
Rayan Haris Builders,,Internal Renovation,,,5,2,,ID Checked,,,2018,https://www.myjobquote.co.uk/t/rayan-haris-builders,myjobquote
Tanvir,,Internal Renovation,,,4.68,0,,ID Checked,,,Jan 2021,https://www.myjobquote.co.uk/t/tanvir-2,myjobquote
Tanvir,,Internal Renovation,,,4.68,0,,ID Checked,,,Dec 2022,https://www.myjobquote.co.uk/t/ariea,myjobquote
Ariea,,Internal Renovation,,,4.68,0,,ID Checked,,,2020,https://www.myjobquote.co.uk/t/imperial-buildinglandscaping,myjobquote
Humble growth,,Internal Renovation,,,4.68,0,,ID Checked,,,2008,https://www.myjobquote.co.uk/t/humble-growth,myjobquote
Capital Construction SW LTD,,Internal Renovation,,,4.68,0,,ID Checked,,,Mar 2019,https://www.myjobquote.co.uk/t/capital-construction-sw-ltd,myjobquote
Tradeprice developments,,Internal Renovation,,,4.68,0,,ID Checked,,,Feb 2017,https://www.myjobquote.co.uk/t/tradeprice-developments,myjobquote
Plastamast,,Internal Renovation,,,4.7,142,,ID Checked; Public Liability Insurance,,,2017,https://www.myjobquote.co.uk/t/plastamast,myjobquote
Nj building maintenance,,Internal Renovation,,,5,2,,ID Checked,,,2010,https://www.myjobquote.co.uk/t/nj-building-maintenance,myjobquote
JP and Sons Ground and Developments,,Internal Renovation,,,4.4,5,,ID Checked,,,2011,https://www.myjobquote.co.uk/t/jp-and-sons-ground-and-developments,myjobquote
Amj tiling,,Internal Renovation,,,5,1,,ID Checked,,,2018,https://www.myjobquote.co.uk/t/amj-tiling,myjobquote
STN Brickwork Solutions,,Internal Renovation,,,4.68,0,,ID Checked,,,Feb 2021,https://www.myjobquote.co.uk/t/stn-brickwork-solutions,myjobquote
IG Stores Ltd,,Internal Renovation,,,4.68,0,,,,,Dec 2024,https://www.myjobquote.co.uk/t/ig-stores-ltd,myjobquote
IG Stores Ltd,,Internal Renovation,,,4.68,0,,ID Checked,,,2020,https://www.myjobquote.co.uk/t/star-home-improvements-ltd,myjobquote
Szot Construction Ltd,,Internal Renovation,,,4.68,0,,ID Checked,,,2019,https://www.myjobquote.co.uk/t/szot-construction-ltd,myjobquote
Szot Construction Ltd,,Internal Renovation,,,4.68,0,,ID Checked,,,Jan 2025,https://www.myjobquote.co.uk/t/billa-2,myjobquote
billa,,Internal Renovation,,,4.68,0,,ID Checked,,,2021,https://www.myjobquote.co.uk/t/ellsworth-maintenance,myjobquote
IP Industrial Services Ltd,,Internal Renovation,,,4.68,0,,ID Checked,,,Jan 2022,https://www.myjobquote.co.uk/t/ip-industrial-services-ltd,myjobquote
IP Industrial Services Ltd,,Internal Renovation,,,4.68,0,,,,,Oct 2024,https://www.myjobquote.co.uk/t/sd-handyman-ltd,myjobquote
Martin Builder,,Internal Renovation,,,4.68,0,,ID Checked,,,2024,https://www.myjobquote.co.uk/t/martin-builder,myjobquote
R d landscaping,,Internal Renovation,,,4.68,0,,ID Checked,,,Dec 2023,https://www.myjobquote.co.uk/t/r-d-landscaping,myjobquote
R d landscaping,,Internal Renovation,,,4.68,0,,ID Checked,,,2014,https://www.myjobquote.co.uk/t/operate-excavate-ltd-1,myjobquote
Adam Edmonds,,Internal Renovation,,,4.68,0,,ID Checked,,,Feb 2023,https://www.myjobquote.co.uk/t/adam-edmonds,myjobquote
Wright Renovations,,Internal Renovation,,,4.68,0,,ID Checked,,,2012,https://www.myjobquote.co.uk/t/wright-renovations-2,myjobquote
Rennco ltd,,Internal Renovation,,,4.68,0,,ID Checked,,,Apr 2025,https://www.myjobquote.co.uk/t/rennco-ltd,myjobquote
Astons Home Improvements,,Internal Renovation,,,4.68,0,,ID Checked,,,2010,https://www.myjobquote.co.uk/t/astons-home-improvements-1,myjobquote
RDF BUILDING &construction,,Internal Renovation,,,4.68,0,,ID Checked,,,Apr 2024,https://www.myjobquote.co.uk/t/rdf-building-construction,myjobquote
Ellis Building & Sons,,Internal Renovation,,,4.68,0,,ID Checked,,,,https://www.myjobquote.co.uk/t/ellis-building-sons,myjobquote
Apex Home Solutions Ltd,,Internal Renovation,,,4.68,0,,ID Checked,,,2006,https://www.myjobquote.co.uk/t/apex-home-solutions-ltd,myjobquote
AH carpentry @ plastering,,Internal Renovation,,,4.68,0,,ID Checked,,,2023,https://www.myjobquote.co.uk/t/ah-carpentry-at-plastering,myjobquote
ESB Building & Maintenance,,Internal Renovation,,,4.68,0,,ID Checked,,,2015,https://www.myjobquote.co.uk/t/esb-building-maintenance,myjobquote
RAB Construction,,Internal Renovation,,,4.68,0,,ID Checked,,,Nov 2025,https://www.myjobquote.co.uk/t/rab-construction,myjobquote
JPR Carpentry and Building Services Ltd,,Internal Renovation,,,4.68,0,,ID Checked,,,2016,https://www.myjobquote.co.uk/t/jpr-carpentry-and-building-services-ltd,myjobquote
Llewellyn Developments Ltd,,Internal Renovation,,,4.68,0,,ID Checked,,,2020,https://www.myjobquote.co.uk/t/llewellyn-developments-ltd,myjobquote
MCS Construction & Developments,,Internal Renovation,,,4.68,0,,ID Checked,,,2012,https://www.myjobquote.co.uk/t/mcs-construction-developments,myjobquote
Watman developments ltd,,Internal Renovation,,,4.68,0,,ID Checked,,,2024,https://www.myjobquote.co.uk/t/watman-developments-ltd,myjobquote
TCB Construction Cardiff,,Internal Renovation,,,4.68,0,,ID Checked,,,Sep 2024,https://www.myjobquote.co.uk/t/tcb-construction-cardiff,myjobquote
Andy Davies,,Internal Renovation,,,4.68,0,,ID Checked; Public Liability Insurance,,,1985,https://www.myjobquote.co.uk/t/andy-davies,myjobquote
A D W builders,,Internal Renovation,,,4.68,0,,ID Checked,,,Jan 2020,https://www.myjobquote.co.uk/t/a-d-w-builders,myjobquote
T&O construction ltd,,Internal Renovation,,,4.68,0,,ID Checked,,,2021,https://www.myjobquote.co.uk/t/to-construction-ltd,myjobquote
churchfield construction,,Internal Renovation,,,4.68,0,,ID Checked,,,Oct 2023,https://www.myjobquote.co.uk/t/churchfield-construction,myjobquote
G P Jones Builders (Wales),,Internal Renovation,,,4.68,0,,,,,2016,https://www.myjobquote.co.uk/t/g-p-jones-builders-wales,myjobquote
DotLen Construction,,Internal Renovation,,,4.68,0,,ID Checked,,,2024,https://www.myjobquote.co.uk/t/dotlen-construction,myjobquote
S J Clarke Building,,Internal Renovation,,,5,2,,ID Checked,,,Feb 2025,https://www.myjobquote.co.uk/t/s-j-clarke-building,myjobquote
RITESTONE CONSTUCTION Ltd,,Internal Renovation,,,5,4,,ID Checked,,,Oct 2024,https://www.myjobquote.co.uk/t/ritestone-constuction-ltd,myjobquote
Able Property Services,,Internal Renovation,,,5,1,,ID Checked,,,1990,https://www.myjobquote.co.uk/t/able-property-services,myjobquote
Mf and sons,,Internal Renovation,,,4.68,0,,ID Checked,,,May 2022,https://www.myjobquote.co.uk/t/mf-and-sons,myjobquote
JB plumbing,,Internal Renovation,,,4.68,0,,,,,Nov 2023,https://www.myjobquote.co.uk/t/jb-plumbing-9,myjobquote
JB plumbing,,Internal Renovation,,,4.68,0,,,,,Nov 2023,https://www.myjobquote.co.uk/t/tomos-hewitt-construction,myjobquote
Tomos Hewitt Construction,,Internal Renovation,,,4.68,0,,,,,Sep 2024,https://www.myjobquote.co.uk/t/johnconibeer,myjobquote
JohnConibeer,,Internal Renovation,,,4.68,0,,,,,2007,https://www.myjobquote.co.uk/t/robert-217,myjobquote
S and roofing  building and fencing,,Internal Renovation,,,4.68,0,,,,,Jun 2025,https://www.myjobquote.co.uk/t/s-and-roofing-building-and-fencing,myjobquote
Gethin baber,,Internal Renovation,,,4.68,0,,,,,Jan 2025,https://www.myjobquote.co.uk/t/gethin-baber,myjobquote
SRG - Limited,,Internal Renovation,,,4.68,0,,,,,Feb 2023,https://www.myjobquote.co.uk/t/srg-limited,myjobquote
SRG - Limited,,Internal Renovation,,,4.68,0,,,,,Jul 2024,https://www.myjobquote.co.uk/t/dsj-ltd-1,myjobquote
DSJ LTD,,Internal Renovation,,,4.68,0,,,,,Aug 2023,https://www.myjobquote.co.uk/t/chris-edwards-1,myjobquote
Chris Edwards,,Internal Renovation,,,4.68,0,,,,,Feb 2026,https://www.myjobquote.co.uk/t/cityskim,myjobquote
Cityskim,,Internal Renovation,,,4.68,0,,,,,Sep 2023,https://www.myjobquote.co.uk/t/c-horlor-builder,myjobquote
C horlor  builder,,Internal Renovation,,,4.68,0,,ID Checked,,,Sep 2025,https://www.myjobquote.co.uk/t/build-buddies,myjobquote
EnBee Construction Ltd,,Internal Renovation,,,4.68,0,,ID Checked,,,2017,https://www.myjobquote.co.uk/t/enbee-construction-ltd,myjobquote
EnBee Construction Ltd,,Internal Renovation,,,4.68,0,,ID Checked,,,Apr 2023,https://www.myjobquote.co.uk/t/x1-group-w,myjobquote
Home vision,,Internal Renovation,,,4.68,0,,,,,Nov 2023,https://www.myjobquote.co.uk/t/home-vision-1,myjobquote
Forty builders ltd,,Internal Renovation,,,4.68,0,,ID Checked,,,2015,https://www.myjobquote.co.uk/t/forty-builders-ltd,myjobquote
Impressions builders Cardiff,,Internal Renovation,,,4.68,0,,ID Checked,,,Jan 2025,https://www.myjobquote.co.uk/t/impressions-builders-cardiff,myjobquote
RENNconstructuction,,Internal Renovation,,,5,1,,ID Checked,,,Apr 2017,https://www.myjobquote.co.uk/t/rennconstructuction,myjobquote
Webuild Cymru,,Internal Renovation,,,5,1,,ID Checked,,,1994,https://www.myjobquote.co.uk/t/webuild-cymru-1,myjobquote
Capewell’s home improvements & son’s,,Internal Renovation,,,5,4,,ID Checked,,,2022,https://www.myjobquote.co.uk/t/capewells-home-improvements-sons,myjobquote
GN Electric & Renovation,,Internal Renovation,,,5,3,,ID Checked,,,2021,https://www.myjobquote.co.uk/t/gn-electric-renovation,myjobquote
"Spgbrickwork,building and landscaping",,Internal Renovation,,,5,1,,ID Checked,,,2018,https://www.myjobquote.co.uk/t/spgbrickworkbuilding-and-landscaping,myjobquote
TLC brickwork ltd,,Internal Renovation,,,5,1,,ID Checked,,,2024,https://www.myjobquote.co.uk/t/tlc-brickwork-ltd,myjobquote
D.R Jones,,Internal Renovation,,,5,1,,ID Checked,,,2020,https://www.myjobquote.co.uk/t/dr-jones,myjobquote
JP Ground and Developments,,Internal Renovation,,,5,1,,ID Checked,,,Aug 2025,https://www.myjobquote.co.uk/t/jp-ground-and-developments,myjobquote
Design & Renew Ltd,,Internal Renovation,,,5,1,,ID Checked,,,2024,https://www.myjobquote.co.uk/t/design-renew-ltd,myjobquote
Mastercraft Builders Ltd,,Internal Renovation,,,4,13,,ID Checked,,,Jan 2024,https://www.myjobquote.co.uk/t/mastercraft-builders-ltd,myjobquote
J/n plumbing &building,,Internal Renovation,,,5,7,,ID Checked,,,1985,https://www.myjobquote.co.uk/t/jn-plumbing-building,myjobquote
Newport Building And Home Improvements,,Internal Renovation,,,5,12,,ID Checked,,,2012,https://www.myjobquote.co.uk/t/newport-building-and-home-improvements,myjobquote
j h wright & son building & roofing contractor,,Internal Renovation,,,5,1,,ID Checked,,,Sep 2021,https://www.myjobquote.co.uk/t/j-h-wright-son-building-roofing-contractor,myjobquote
KMDM BUILDING SERVICES,,Internal Renovation,,,5,2,07451278987,ID Checked; Public Liability Insurance,,,2012,https://www.myjobquote.co.uk/t/kmdm-building-services,myjobquote
WOW Builder Last construction,,Internal Renovation,,,5,1,,ID Checked; Public Liability Insurance,,,Nov 2017,https://www.myjobquote.co.uk/t/wow-builder-last-construction,myjobquote
Cll Contracting,,Internal Renovation,,,4.8,35,,ID Checked,,,2002,https://www.myjobquote.co.uk/t/cll-contracting,myjobquote
Sudalb Construction,,Internal Renovation,,,5,1,,ID Checked,,,2019,https://www.myjobquote.co.uk/t/sudalb-construction,myjobquote
AJ joinery,,Internal Renovation,,,5,2,,ID Checked,,,2020,https://www.myjobquote.co.uk/t/aj-joinery-6,myjobquote
Beestons Property Services,,Internal Renovation,,,5,4,,ID Checked; Public Liability Insurance,,,1996,https://www.myjobquote.co.uk/t/beestons-property-services,myjobquote
Forsi LTD,,Internal Renovation,,,4.68,0,,ID Checked,,,Dec 2025,https://www.myjobquote.co.uk/t/forsi-ltd,myjobquote
Paul builder & groundwork,,Internal Renovation,,,5,2,,ID Checked,,,2025,https://www.myjobquote.co.uk/t/paul-builder-groundwork,myjobquote
Jayden&#039;s Property Services,,Internal Renovation,,,5,3,,ID Checked,,,2025,https://www.myjobquote.co.uk/t/jaydens-property-services,myjobquote
A grainger.building &landscaping,,Internal Renovation,,,5,1,,ID Checked,,,1997,https://www.myjobquote.co.uk/t/a-graingerbuilding-landscaping,myjobquote
Wrekin & Salopia Home Improvements,,Internal Renovation,,,5,2,,ID Checked; Public Liability Insurance,,,Aug 2024,https://www.myjobquote.co.uk/t/wrekin-salopia-home-improvements,myjobquote
Lowe builders,,Internal Renovation,,,5,4,,ID Checked,,,Apr 2025,https://www.myjobquote.co.uk/t/lowe-builders-1,myjobquote
AGRATECH,,Internal Renovation,,,5,5,,ID Checked; Public Liability Insurance,,,2016,https://www.myjobquote.co.uk/t/agratech,myjobquote
JSET Roofing and Construction,,Internal Renovation,,,5,26,,ID Checked,,,1990,https://www.myjobquote.co.uk/t/jset-roofing-and-construction,myjobquote
CB Building & Landscaping,,Internal Renovation,,,5,1,,ID Checked; Public Liability Insurance,,,2006,https://www.myjobquote.co.uk/t/cb-building-landscaping,myjobquote
Lj developments,,Internal Renovation,,,5,1,,ID Checked,,,2015,https://www.myjobquote.co.uk/t/lj-developments,myjobquote
Naj Building Services,,Internal Renovation,,,5,7,,ID Checked,,,2000,https://www.myjobquote.co.uk/t/naj-building-services,myjobquote
SHIRECONSTRUCTION,,Internal Renovation,,,5,4,,ID Checked,,,2016,https://www.myjobquote.co.uk/t/shireconstruction,myjobquote
Wrexham Building & Joinery Ltd,,Internal Renovation,,,4.68,0,,ID Checked,,,Oct 2022,https://www.myjobquote.co.uk/t/wrexham-building-joinery-ltd-1,myjobquote
CIAN builders,,Internal Renovation,,,4.68,0,,,,,Aug 2022,https://www.myjobquote.co.uk/t/cian-builders,myjobquote
CIAN builders,,Internal Renovation,,,4.68,0,,,,,May 2022,https://www.myjobquote.co.uk/t/honeycomb-construction,myjobquote
Philly construction,,Internal Renovation,,,4.68,0,,ID Checked; Public Liability Insurance,,,2007,https://www.myjobquote.co.uk/t/philly-construction,myjobquote
A&dprobuild,,Internal Renovation,,,4.68,0,,Public Liability Insurance,,,Dec 2025,https://www.myjobquote.co.uk/t/adprobuild,myjobquote
elite contractors limited,,Internal Renovation,,,4.68,0,,ID Checked,,,2020,https://www.myjobquote.co.uk/t/elite-contractors-limited,myjobquote
M&s construction Wrexham,,Internal Renovation,,,5,9,,ID Checked,,,2022,https://www.myjobquote.co.uk/t/ms-construction-wrexham,myjobquote
A & L Roofing and groundworks,,Internal Renovation,,,5,1,,ID Checked,,,Dec 2022,https://www.myjobquote.co.uk/t/a-l-roofing-and-groundworks,myjobquote
Pw contracting,,Internal Renovation,,,4.68,0,,Public Liability Insurance,,,May 2023,https://www.myjobquote.co.uk/t/pw-contracting,myjobquote
Pw contracting,,Internal Renovation,,,4.68,0,,Public Liability Insurance,,,Mar 2025,https://www.myjobquote.co.uk/t/karl-jones-2,myjobquote
Karl Jones,,Internal Renovation,,,4.68,0,,ID Checked,,,2004,https://www.myjobquote.co.uk/t/cj-roofing-9,myjobquote
CJ roofing,,Internal Renovation,,,4.68,0,,ID Checked,,,2018,https://www.myjobquote.co.uk/t/elite-brickwork-1,myjobquote
jd & sons,,Internal Renovation,,,4.68,0,,ID Checked,,,1994,https://www.myjobquote.co.uk/t/jd-sons-1,myjobquote
Omari Carpentry,,Internal Renovation,,,4.68,0,,ID Checked,,,May 2024,https://www.myjobquote.co.uk/t/omari-carpentry,myjobquote
Db plastering.com,,Internal Renovation,,,4.68,0,,ID Checked,,,Feb 2025,https://www.myjobquote.co.uk/t/db-plasteringcom,myjobquote
Db plastering.com,,Internal Renovation,,,4.68,0,,ID Checked,,,2016,https://www.myjobquote.co.uk/t/hsm-builders-ltd,myjobquote
J.W.Pearce. Building & Plastering,,Internal Renovation,,,4.68,0,,ID Checked,,,2010,https://www.myjobquote.co.uk/t/jwpearce-building-plastering,myjobquote
C B construction,,Internal Renovation,,,4.68,0,,ID Checked,,,Jul 2017,https://www.myjobquote.co.uk/t/c-b-construction-1,myjobquote
C B construction,,Internal Renovation,,,4.68,0,,ID Checked,,,Feb 2024,https://www.myjobquote.co.uk/t/dn-joinery-2,myjobquote
Bear Surfacing Limited,,Internal Renovation,,,4.68,0,,ID Checked,,,2023,https://www.myjobquote.co.uk/t/bear-surfacing-limited,myjobquote
A&D Probuild,,Internal Renovation,,,4.68,0,,ID Checked,,,2021,https://www.myjobquote.co.uk/t/ad-probuild,myjobquote
DMS Building Services,,Internal Renovation,,,4.68,0,,ID Checked,,,Jul 2024,https://www.myjobquote.co.uk/t/dms-building-services,myjobquote
DMS Building Services,,Internal Renovation,,,4.68,0,,ID Checked,,,Feb 2023,https://www.myjobquote.co.uk/t/willow-1,myjobquote
TWEC DEvelopments Ltd,,Internal Renovation,,,4.68,0,,ID Checked,,,2010,https://www.myjobquote.co.uk/t/twec-developments-ltd,myjobquote
TWEC DEvelopments Ltd,,Internal Renovation,,,4.68,0,,ID Checked,,,2020,https://www.myjobquote.co.uk/t/dave-edwards,myjobquote
Evri Construction ltd,,Internal Renovation,,,4.68,0,,ID Checked,,,2012,https://www.myjobquote.co.uk/t/evri-construction-ltd,myjobquote
S jones building and roofing,,Internal Renovation,,,3,2,,ID Checked,,,1980,https://www.myjobquote.co.uk/t/s-jones-building-and-roofing,myjobquote
Mike griffiths builders,,Internal Renovation,,,4.68,0,,ID Checked,,,Sep 2022,https://www.myjobquote.co.uk/t/mike-griffiths-builders,myjobquote
JJJ BRICKWORK LIMITED,,Internal Renovation,,,4.68,0,,,,,Jun 2023,https://www.myjobquote.co.uk/t/jjj-brickwork-limited,myjobquote
JJJ BRICKWORK LIMITED,,Internal Renovation,,,4.68,0,,ID Checked,,,Mar 2024,https://www.myjobquote.co.uk/t/k-f-brickworks-nw-ltd,myjobquote
Sarlm Mcone,,Internal Renovation,,,4.68,0,,ID Checked,,,Apr 2022,https://www.myjobquote.co.uk/t/sarlm-mcone,myjobquote
Cascade building solutions ltd,,Internal Renovation,,,5,1,07418362483,ID Checked; Public Liability Insurance,,,2024,https://www.myjobquote.co.uk/t/cascade-building-solutions-ltd-1,myjobquote
Barry Giff,,Internal Renovation,,,5,1,,ID Checked; Public Liability Insurance,,,Feb 2026,https://www.myjobquote.co.uk/t/barry-giff,myjobquote
JW Carpentry,,Internal Renovation,,,5,5,,ID Checked,,,2005,https://www.myjobquote.co.uk/t/jw-carpentry-7,myjobquote
Sealey Roofing&Building,,Internal Renovation,,,5,1,,ID Checked,,,2017,https://www.myjobquote.co.uk/t/sealey-roofingbuilding,myjobquote
Masterplan Developments,,Internal Renovation,,,5,1,,ID Checked,,,2012,https://www.myjobquote.co.uk/t/masterplan-developments,myjobquote
Birchy builders,,Internal Renovation,,,5,1,,ID Checked,,,2005,https://www.myjobquote.co.uk/t/birchy-builders,myjobquote
Aspire,,Internal Renovation,,,5,25,,ID Checked,,,2020,https://www.myjobquote.co.uk/t/aspire-1,myjobquote
Victoria builders,,Internal Renovation,,,5,1,,ID Checked,,,Mar 2024,https://www.myjobquote.co.uk/t/victoria-builders-1,myjobquote
FPS Renovations Ltd,,Internal Renovation,,,5,1,,ID Checked,,,2019,https://www.myjobquote.co.uk/t/fps-renovations-ltd,myjobquote
Jacks Building and Garden services,,Internal Renovation,,,5,2,,ID Checked,,,2023,https://www.myjobquote.co.uk/t/jacks-building-and-garden-services,myjobquote
BG BUILDER,,Internal Renovation,,,5,1,,ID Checked,,,2025,https://www.myjobquote.co.uk/t/bg-builder,myjobquote
AKL Electrical Services,,Internal Renovation,,,5,7,,ID Checked; Public Liability Insurance,,,2016,https://www.myjobquote.co.uk/t/akl-electrical-services,myjobquote
Property bro’s pointing and property maintenance,,Internal Renovation,,,5,1,,ID Checked,,,Aug 2023,https://www.myjobquote.co.uk/t/property-bros-pointing-and-property-maintenance,myjobquote
Buildstreet Ltd,,Internal Renovation,,,5,3,,ID Checked,,,2005,https://www.myjobquote.co.uk/t/buildstreet-ltd,myjobquote
Evolution Bricklaying & General Building Services,,Internal Renovation,,,5,2,,ID Checked,,,2024,https://www.myjobquote.co.uk/t/evolution-bricklaying-general-building-services,myjobquote
Noori Builders Ltd,,Internal Renovation,,,4.8,10,,ID Checked; Public Liability Insurance,,,2007,https://www.myjobquote.co.uk/t/noori-builders-ltd,myjobquote
R M Temple Handyman Services,,Internal Renovation,,,5,8,,ID Checked,,,1984,https://www.myjobquote.co.uk/t/r-m-temple-handyman-services,myjobquote
K Hill Brickwork and General Building Contractor,,Internal Renovation,,,4,5,,ID Checked,,,1983,https://www.myjobquote.co.uk/t/k-hill-brickwork-and-general-building-contractor-1,myjobquote
S. J. Brickwork/handyman jobs,,Internal Renovation,,,5,40,07441447179,ID Checked,,,2005,https://www.myjobquote.co.uk/t/s-j-brickworkhandyman-jobs,myjobquote
Marks Garden Improvements,,Internal Renovation,,,5,14,,ID Checked,,,Aug 2022,https://www.myjobquote.co.uk/t/marks-garden-improvements,myjobquote
Hallows Construction,,Internal Renovation,,,5,1,,ID Checked,,,2008,https://www.myjobquote.co.uk/t/hallows-construction,myjobquote
The flooring company,,Internal Renovation,,,5,2,,ID Checked,,,Dec 2024,https://www.myjobquote.co.uk/t/the-flooring-company-1,myjobquote
Cheshire Plastering and Building Services,,Internal Renovation,,,4.6,44,,ID Checked,,,Jun 2024,https://www.myjobquote.co.uk/t/cheshire-plastering-and-building-services,myjobquote
BuildscapeUk,,Internal Renovation,,,4.6,1,,ID Checked,,,2000,https://www.myjobquote.co.uk/t/buildscapeuk,myjobquote
SD Building Services,,Internal Renovation,,,5,2,,ID Checked,,,2024,https://www.myjobquote.co.uk/t/sd-building-services-3,myjobquote
Reyno,,Internal Renovation,,,5,2,,ID Checked,,,Jan 2024,https://www.myjobquote.co.uk/t/reyno,myjobquote
ThornBuild,,Internal Renovation,,,5,14,,ID Checked,,,2001,https://www.myjobquote.co.uk/t/thornbuild,myjobquote
RE Joinery and Roofing,,Internal Renovation,,,4.7,33,,ID Checked,,,2012,https://www.myjobquote.co.uk/t/re-joinery-and-roofing,myjobquote
Bespoke Build (NW) Ltd,,Internal Renovation,,,5,1,,ID Checked,,,2023,https://www.myjobquote.co.uk/t/bespoke-build-nw-ltd,myjobquote
Dnl homemaintenance,,Internal Renovation,,,5,1,,ID Checked,,,2010,https://www.myjobquote.co.uk/t/dnl-homemaintenance,myjobquote
Graham Daltrey,,Internal Renovation,,,5,4,,ID Checked,,,1989,https://www.myjobquote.co.uk/t/graham-daltrey,myjobquote
SWJ Brickwork,,Internal Renovation,,,4.68,0,,ID Checked,,,Sep 2022,https://www.myjobquote.co.uk/t/swj-brickwork,myjobquote
SWJ Brickwork,,Internal Renovation,,,4.68,0,,ID Checked,,,Feb 2025,https://www.myjobquote.co.uk/t/ab-brickwork-1,myjobquote
AB brickwork,,Internal Renovation,,,4.68,0,,ID Checked,,,2007,https://www.myjobquote.co.uk/t/c-b-plastering-1,myjobquote
Hughes environmental,,Internal Renovation,,,4.68,0,,ID Checked,,,Nov 2023,https://www.myjobquote.co.uk/t/hughes-environmental,myjobquote
A W Builders Oswestry,,Internal Renovation,,,4.68,0,,,,,,https://www.myjobquote.co.uk/t/a-w-builders-oswestry,myjobquote
Jr joinery & construction,,Internal Renovation,,,4.68,0,,ID Checked,,,Mar 2023,https://www.myjobquote.co.uk/t/jr-joinery-construction,myjobquote
Amber Oswstry limited,,Internal Renovation,,,4.68,0,,ID Checked,,,1985,https://www.myjobquote.co.uk/t/amber-oswstry-limited,myjobquote
Williams,,Internal Renovation,,,4.68,0,,ID Checked,,,Jun 2023,https://www.myjobquote.co.uk/t/williams-13,myjobquote
Williams,,Internal Renovation,,,4.68,0,,ID Checked,,,2006,https://www.myjobquote.co.uk/t/a-to-z-property-maintenance-and-roofer-in-pairs,myjobquote
Sanna Saidy Construction,,Internal Renovation,,,4.68,0,,ID Checked,,,2021,https://www.myjobquote.co.uk/t/sanna-saidy-construction,myjobquote
TRL Home Improvements Ltd,,Internal Renovation,,,4.68,0,,ID Checked,,,Jan 2024,https://www.myjobquote.co.uk/t/trl-home-improvements-ltd,myjobquote
Quirks Property Maintenance Ltd,,Internal Renovation,,,4.68,0,,Public Liability Insurance,,,2010,https://www.myjobquote.co.uk/t/quirks-property-maintenance-ltd-1,myjobquote
Nezajrenovation,,Internal Renovation,,,4.68,0,,Public Liability Insurance,,,Sep 2025,https://www.myjobquote.co.uk/t/nezajrenovation,myjobquote
Nezajrenovation,,Internal Renovation,,,4.68,0,,ID Checked,,,2018,https://www.myjobquote.co.uk/t/willow-design-build-ltd,myjobquote
Gurber group ltd,,Internal Renovation,,,4.68,0,,ID Checked,,,Jan 2020,https://www.myjobquote.co.uk/t/gurber-group-ltd,myjobquote
highgrove construction,,Internal Renovation,,,4.68,0,,ID Checked,,,Dec 2023,https://www.myjobquote.co.uk/t/highgrove-construction,myjobquote
Cowley Construction Ltd,,Internal Renovation,,,4.68,0,,ID Checked,,,2023,https://www.myjobquote.co.uk/t/cowley-construction-ltd,myjobquote
DC Building and Maintenance,,Internal Renovation,,,4.68,0,,ID Checked,,,Nov 2023,https://www.myjobquote.co.uk/t/dc-building-and-maintenance,myjobquote
DC Building and Maintenance,,Internal Renovation,,,4.68,0,,ID Checked,,,2010,https://www.myjobquote.co.uk/t/lonsdale-building-services,myjobquote
Dobrush.Ltd.Constraction,,Internal Renovation,,,4.68,0,,ID Checked,,,Aug 2021,https://www.myjobquote.co.uk/t/dobrushltdconstraction,myjobquote
Dobrush.Ltd.Constraction,,Internal Renovation,,,4.68,0,,,,,Nov 2024,https://www.myjobquote.co.uk/t/nicu-ltd,myjobquote
K v services,,Internal Renovation,,,4.68,0,,,,,Jan 2024,https://www.myjobquote.co.uk/t/k-v-services,myjobquote
K v services,,Internal Renovation,,,4.68,0,,,,,Sep 2025,https://www.myjobquote.co.uk/t/musheg,myjobquote
Musheg,,Internal Renovation,,,4.68,0,,,,,Dec 2022,https://www.myjobquote.co.uk/t/crrforyou2024-at-gmailcom,myjobquote