company_name,owner_name,trade_type,location,website_url,overall_rating,review_count,phone,verification_status,services,coverage_area,member_since,profile_url,source_platform
Dooley Heating Plumbing Gas,,Power Showers Pump,,,5,39,,ID Checked,,,2017,https://www.myjobquote.co.uk/t/dooley-heating-plumbing-gas,myjobquote
Super Plumb Ltd,,Power Showers Pump,,,5,81,07418318018,ID Checked,,,2017,https://www.myjobquote.co.uk/t/super-plumb-ltd,myjobquote
Royal Flush Plumbing,,Power Showers Pump,,,5,7,,ID Checked,,,2020,https://www.myjobquote.co.uk/t/royal-flush-plumbing,myjobquote
J K Love property maintenance,,Power Showers Pump,,,5,89,,ID Checked; Public Liability Insurance,,,2023,https://www.myjobquote.co.uk/t/j-k-love-property-maintenance,myjobquote
KP Plumbing,,Power Showers Pump,,,5,82,,ID Checked,,,2017,https://www.myjobquote.co.uk/t/kp-plumbing,myjobquote
Fully Active Building Services Limited,,Power Showers Pump,,,5,63,,ID Checked,,,Jul 2018,https://www.myjobquote.co.uk/t/fully-active-building-services-limited,myjobquote
JP Plumbing & Construction Limited,,Power Showers Pump,,,5,45,07418317515,ID Checked,,,2003,https://www.myjobquote.co.uk/t/jp-plumbing-construction-limited,myjobquote
We fix houses ltd,,Power Showers Pump,,,5,19,,ID Checked,,,2017,https://www.myjobquote.co.uk/t/we-fix-houses-ltd,myjobquote
Kirk&#039;s Plumbing Services,,Power Showers Pump,,,5,11,,ID Checked,,,Nov 2024,https://www.myjobquote.co.uk/t/kirks-plumbing-services,myjobquote
PD PlumbinG.,,Power Showers Pump,,,5,11,,ID Checked; Public Liability Insurance,,,2023,https://www.myjobquote.co.uk/t/pd-plumbing,myjobquote
Elite Plan Builders,,Power Showers Pump,,,5,11,,ID Checked,,,2011,https://www.myjobquote.co.uk/t/elite-plan-builders,myjobquote
Proximus Plumbing and Heating LTD,,Power Showers Pump,,,5,10,,ID Checked,,,2024,https://www.myjobquote.co.uk/t/proximus-plumbing-and-heating-ltd,myjobquote
Grochowalski,,Power Showers Pump,,,5,9,,ID Checked,,,2007,https://www.myjobquote.co.uk/t/grochowalski,myjobquote
Eclipse Heating Ltd,,Power Showers Pump,,,5,9,,ID Checked,,,2020,https://www.myjobquote.co.uk/t/eclipse-heating-ltd,myjobquote
R&R maintenance &plumbing,,Power Showers Pump,,,4,5,,ID Checked,,,2023,https://www.myjobquote.co.uk/t/rr-maintenance-plumbing,myjobquote
RPD Plumbing & Heating Services,,Power Showers Pump,,,5,5,,ID Checked,,,Jul 2024,https://www.myjobquote.co.uk/t/rpd-plumbing-heating-services,myjobquote
Julian plumbing,,Power Showers Pump,,,5,4,,ID Checked; Public Liability Insurance,,,2015,https://www.myjobquote.co.uk/t/julian-plumbing-1,myjobquote
PPbodyshop,,Power Showers Pump,,,5,4,,ID Checked,,,2015,https://www.myjobquote.co.uk/t/ppbodyshop,myjobquote
Plumbing HQ,,Power Showers Pump,,,4,4,,ID Checked,,,2019,https://www.myjobquote.co.uk/t/plumbing-hq,myjobquote
C Jones Plumbing Services,,Power Showers Pump,,,5,2,,ID Checked,,,2007,https://www.myjobquote.co.uk/t/c-jones-plumbing-services,myjobquote
Gabriel Construction limited,,Power Showers Pump,,,5,10,,ID Checked,,,2012,https://www.myjobquote.co.uk/t/gabriel-construction-limited,myjobquote
Nick Taylor Mechanical Limited,,Power Showers Pump,,,5,9,,ID Checked,,,2015,https://www.myjobquote.co.uk/t/nick-taylor-mechanical-limited,myjobquote
Plumb Right,,Power Showers Pump,,,5,8,,ID Checked,,,2020,https://www.myjobquote.co.uk/t/plumb-right-1,myjobquote
plumbcentral,,Power Showers Pump,,,5,8,,ID Checked,,,2024,https://www.myjobquote.co.uk/t/plumbcentral,myjobquote
MW Building services,,Power Showers Pump,,,5,5,,ID Checked,,,2021,https://www.myjobquote.co.uk/t/mw-building-services-3,myjobquote
Tapped In Plumbing,,Power Showers Pump,,,4,4,,ID Checked,,,2019,https://www.myjobquote.co.uk/t/tapped-in-plumbing,myjobquote
Rent a Bloke,,Power Showers Pump,,,5,4,07418361272,ID Checked,,,2014,https://www.myjobquote.co.uk/t/rent-a-bloke,myjobquote
Prime Fix Group,,Power Showers Pump,,,5,1,,ID Checked,,,1995,https://www.myjobquote.co.uk/t/prime-fix-group,myjobquote
Providence Plumbing and Heating Ltd,,Power Showers Pump,,,5,17,,ID Checked,,,Sep 2025,https://www.myjobquote.co.uk/t/providence-plumbing-and-heating-ltd,myjobquote
We Fix Leaks 24/7 Ltd,,Power Showers Pump,,,5,14,,ID Checked; Public Liability Insurance,,,2018,https://www.myjobquote.co.uk/t/we-fix-leaks-247-ltd,myjobquote
Pioneer Plumbers,,Power Showers Pump,,,5,10,,ID Checked,,,2020,https://www.myjobquote.co.uk/t/pioneer-plumbers,myjobquote
BE4 construction ltd,,Power Showers Pump,,,5,6,,ID Checked; Public Liability Insurance,,,Jan 2025,https://www.myjobquote.co.uk/t/be4-construction-ltd,myjobquote
kead plumbing services,,Power Showers Pump,,,4,5,,ID Checked,,,Jun 2022,https://www.myjobquote.co.uk/t/kead-plumbing-services,myjobquote
Network Trades Services Limited,,Power Showers Pump,,,5,4,,ID Checked,,,1996,https://www.myjobquote.co.uk/t/network-trades-services-limited,myjobquote
Eaziflo plumbing ltd,,Power Showers Pump,,,5,4,,ID Checked; Public Liability Insurance,,,2012,https://www.myjobquote.co.uk/t/eaziflo-plumbing-ltd,myjobquote
Metro Home services,,Power Showers Pump,,,5,3,,ID Checked,,,2018,https://www.myjobquote.co.uk/t/metro-home-services,myjobquote
MG Elite Maintenance,,Power Showers Pump,,,5,1,,ID Checked,,,2018,https://www.myjobquote.co.uk/t/mg-elite-maintenance,myjobquote
ANTONIOGALLUCCIO,,Power Showers Pump,,,5,25,,ID Checked,,,2019,https://www.myjobquote.co.uk/t/antoniogalluccio,myjobquote
Powerflow Plumbing and Heating,,Power Showers Pump,,,5,7,,ID Checked,,,2024,https://www.myjobquote.co.uk/t/powerflow-plumbing-and-heating,myjobquote
LJplumbingandheatingserivces,,Power Showers Pump,,,5,3,,ID Checked,,,2017,https://www.myjobquote.co.uk/t/ljplumbingandheatingserivces,myjobquote
Osborne Plumbing,,Power Showers Pump,,,5,2,,ID Checked,,,2010,https://www.myjobquote.co.uk/t/osborne-plumbing,myjobquote
Marian&#039;s Plumbing Services,,Power Showers Pump,,,5,1,,ID Checked,,,2014,https://www.myjobquote.co.uk/t/marians-plumbing-services,myjobquote
Simion Valentin,,Power Showers Pump,,,5,1,,ID Checked,,,2000,https://www.myjobquote.co.uk/t/simion-valentin,myjobquote
Mohamed sgaier,,Power Showers Pump,,,5,21,,ID Checked; Public Liability Insurance,,,2024,https://www.myjobquote.co.uk/t/mohamed-sgaier,myjobquote
Bradley Dowell,,Power Showers Pump,,,5,16,,ID Checked,,,May 2023,https://www.myjobquote.co.uk/t/bradley-dowell,myjobquote
Asset Plumbing and Heating Ltd,,Power Showers Pump,,,5,8,,ID Checked,,,Nov 2024,https://www.myjobquote.co.uk/t/asset-plumbing-and-heating-ltd,myjobquote
Plumbfitex limited,,Power Showers Pump,,,5,6,07418319800,ID Checked,,,2012,https://www.myjobquote.co.uk/t/plumbfitex-limited,myjobquote
Ryan Plumber,,Power Showers Pump,,,5,3,,ID Checked,,,1979,https://www.myjobquote.co.uk/t/ryan-plumber,myjobquote
Alexe Plumbing Ltd,,Power Showers Pump,,,5,3,,ID Checked,,,Jan 2024,https://www.myjobquote.co.uk/t/alexe-plumbing-ltd,myjobquote
Arms Construction and Maintenance,,Power Showers Pump,,,5,2,,ID Checked,,,2012,https://www.myjobquote.co.uk/t/arms-construction-and-maintenance,myjobquote
Aesltd,,Power Showers Pump,,,4,1,,ID Checked,,,2019,https://www.myjobquote.co.uk/t/aesltd,myjobquote
Repair - Assemble Plumbing and Heating,,Power Showers Pump,,,5,36,,ID Checked,,,2009,https://www.myjobquote.co.uk/t/repair-assemble-plumbing-and-heating,myjobquote
JD Plumber Services,,Power Showers Pump,,,5,33,,ID Checked,,,2023,https://www.myjobquote.co.uk/t/jd-plumber-services,myjobquote
DP Plumbing & Drainage Ltd,,Power Showers Pump,,,5,7,,ID Checked,,,2022,https://www.myjobquote.co.uk/t/dp-plumbing-drainage-ltd,myjobquote
D&D Interiors,,Power Showers Pump,,,4.8,13,,ID Checked,,,2002,https://www.myjobquote.co.uk/t/dd-interiors,myjobquote
Maintenance Solu,,Power Showers Pump,,,4,10,,ID Checked,,,Feb 2021,https://www.myjobquote.co.uk/t/maintenance-solu,myjobquote
E’A Plumbing & Heating Services,,Power Showers Pump,,,5,4,,ID Checked,,,2024,https://www.myjobquote.co.uk/t/ea-plumbing-heating-services,myjobquote
AK PLUMBING & ELECTRICAL,,Power Showers Pump,,,5,20,,ID Checked,,,2004,https://www.myjobquote.co.uk/t/ak-plumbing-electrical,myjobquote
A k plumbing services ltd,,Power Showers Pump,,,5,12,,ID Checked; Public Liability Insurance,,,2020,https://www.myjobquote.co.uk/t/a-k-plumbing-services-ltd,myjobquote
SB Plumbing and Handyman Services,,Power Showers Pump,,,5,1,,ID Checked,,,,https://www.myjobquote.co.uk/t/sb-plumbing-and-handyman-services,myjobquote
Isaiah,,Power Showers Pump,,,5,1,,ID Checked,,,1990,https://www.myjobquote.co.uk/t/isaiah-5,myjobquote
Fix It Handyman Services,,Power Showers Pump,,,4,38,,ID Checked,,,Oct 2025,https://www.myjobquote.co.uk/t/fix-it-handyman-services,myjobquote
SuperSaints ltd,,Power Showers Pump,,,4.7,92,,ID Checked,,,2020,https://www.myjobquote.co.uk/t/supersaints-ltd,myjobquote
Koldashi Construction LND,,Power Showers Pump,,,5,50,,ID Checked; Public Liability Insurance,,,2017,https://www.myjobquote.co.uk/t/koldashi-construction-lnd,myjobquote
Tap & Torch Plumbing Ltd,,Power Showers Pump,,,4,46,07418349188,ID Checked,,,2020,https://www.myjobquote.co.uk/t/tap-torch-plumbing-ltd,myjobquote
Skart Maintenance,,Power Showers Pump,,,5,37,,ID Checked,,,2016,https://www.myjobquote.co.uk/t/skart-maintenance,myjobquote
Clark Gas Services,,Power Showers Pump,,,5,36,,ID Checked,,,2019,https://www.myjobquote.co.uk/t/clark-gas-services,myjobquote
Gheorghii,,Power Showers Pump,,,5,29,,ID Checked,,,2012,https://www.myjobquote.co.uk/t/gheorghii-1,myjobquote
GFL Electrical,,Power Showers Pump,,,5,20,,ID Checked; Public Liability Insurance,,,2023,https://www.myjobquote.co.uk/t/gfl-electrical,myjobquote
Prostar Plumbing Services,,Power Showers Pump,,,5,20,07451260949,ID Checked,,,2024,https://www.myjobquote.co.uk/t/prostar-plumbing-services,myjobquote
Ayoubi&#039;s Dream Bathroom,,Power Showers Pump,,,5,17,,ID Checked,,,2000,https://www.myjobquote.co.uk/t/ayoubis-dream-bathroom,myjobquote
LG Heating and plumbing,,Power Showers Pump,,,5,15,,ID Checked,,,2014,https://www.myjobquote.co.uk/t/lg-heating-and-plumbing,myjobquote
Zak’s Plumbing Systems,,Power Showers Pump,,,5,12,,ID Checked,,,2014,https://www.myjobquote.co.uk/t/zaks-plumbing-systems,myjobquote
MJN Plumbing,,Power Showers Pump,,,5,12,07418317471,ID Checked,,,2023,https://www.myjobquote.co.uk/t/mjn-plumbing,myjobquote
Heat+,,Power Showers Pump,,,5,11,07451260899,ID Checked,,,2013,https://www.myjobquote.co.uk/t/heat,myjobquote
SJB PLUMBING & ELECTRICS,,Power Showers Pump,,,5,10,,ID Checked; Public Liability Insurance,,,2019,https://www.myjobquote.co.uk/t/sjb-plumbing-electrics,myjobquote
The House Doctor UK,,Power Showers Pump,,,5,9,,ID Checked,,,2019,https://www.myjobquote.co.uk/t/the-house-doctor-uk,myjobquote
Teva Nova,,Power Showers Pump,,,5,8,,ID Checked,,,2020,https://www.myjobquote.co.uk/t/teva-nova,myjobquote
HPlumbingandGas,,Power Showers Pump,,,5,7,,ID Checked,,,Jun 2020,https://www.myjobquote.co.uk/t/hplumbingandgas,myjobquote
inFinnerty Gas Limited,,Power Showers Pump,,,5,6,,ID Checked; Public Liability Insurance,,,2026,https://www.myjobquote.co.uk/t/infinnerty-gas-limited,myjobquote
Flow right,,Power Showers Pump,,,5,3,07451261274,ID Checked,,,Jan 2026,https://www.myjobquote.co.uk/t/flow-right-2,myjobquote
BHS Contractors,,Power Showers Pump,,,5,3,,ID Checked,,,2016,https://www.myjobquote.co.uk/t/bhs-contractors,myjobquote
Rapid flow heating and plumbing,,Power Showers Pump,,,5,2,,ID Checked; Public Liability Insurance,,,Feb 2026,https://www.myjobquote.co.uk/t/rapid-flow-heating-and-plumbing,myjobquote
Big Boss Property services ltd,,Power Showers Pump,,,5,2,,ID Checked; Public Liability Insurance,,,Feb 2026,https://www.myjobquote.co.uk/t/big-boss-property-services-ltd,myjobquote
24/7 Kensington drains Ltd,,Power Showers Pump,,,4,2,,ID Checked,,,Feb 2026,https://www.myjobquote.co.uk/t/247-kensington-drains-ltd,myjobquote
Platinum Gas Solutions Ltd,,Power Showers Pump,,,4,2,,ID Checked; Public Liability Insurance,,,Jan 2026,https://www.myjobquote.co.uk/t/platinum-gas-solutions-ltd,myjobquote
C & C Plumbing  & Heating,,Power Showers Pump,,,5,2,,ID Checked,,,1986,https://www.myjobquote.co.uk/t/c-c-plumbing-heating,myjobquote
Plumbfix365 Plumbing & Heating,,Power Showers Pump,,,5,1,,ID Checked; Public Liability Insurance,,,2009,https://www.myjobquote.co.uk/t/plumbfix365-plumbing-heating,myjobquote
TIM3D,,Power Showers Pump,,,5,1,,ID Checked,,,2019,https://www.myjobquote.co.uk/t/tim3d,myjobquote
Norchitech ltd,,Power Showers Pump,,,5,1,,ID Checked; Public Liability Insurance,,,2018,https://www.myjobquote.co.uk/t/norchitech-ltd,myjobquote
Princefix Solutions LTD,,Power Showers Pump,,,5,38,,ID Checked; Public Liability Insurance,,,2024,https://www.myjobquote.co.uk/t/princefix-solutions-ltd,myjobquote
Spot On Handyman,,Power Showers Pump,,,5,19,,ID Checked; Public Liability Insurance,,,2016,https://www.myjobquote.co.uk/t/spot-on-handyman,myjobquote
Plumbing Technical Services Ltd,,Power Showers Pump,,,5,15,,ID Checked,,,2005,https://www.myjobquote.co.uk/t/plumbing-technical-services-ltd,myjobquote
Eraldo,,Power Showers Pump,,,5,7,,ID Checked,,,2007,https://www.myjobquote.co.uk/t/eraldo-2,myjobquote
Brit x plumber,,Power Showers Pump,,,5,6,,ID Checked,,,Sep 2025,https://www.myjobquote.co.uk/t/brit-x-plumber,myjobquote
Austin Ehibochie,,Power Showers Pump,,,5,6,,ID Checked,,,Jul 2023,https://www.myjobquote.co.uk/t/austin-ehibochie,myjobquote
24hr plumbing,,Power Showers Pump,,,5,6,,ID Checked,,,Jan 2026,https://www.myjobquote.co.uk/t/24hr-plumbing-1,myjobquote
Amphibious Heating,,Power Showers Pump,,,5,3,,ID Checked,,,2020,https://www.myjobquote.co.uk/t/amphibious-heating,myjobquote
Nestcrafts,,Power Showers Pump,,,5,3,,Public Liability Insurance,,,1999,https://www.myjobquote.co.uk/t/nestcrafts-1,myjobquote
Barai Heating And Plumbing,,Power Showers Pump,,,5,3,,ID Checked,,,,https://www.myjobquote.co.uk/t/barai-heating-and-plumbing,myjobquote
Alpha plumbers,,Power Showers Pump,,,5,2,,ID Checked,,,2020,https://www.myjobquote.co.uk/t/alpha-plumbers,myjobquote
Leak-enders,,Power Showers Pump,,,5,38,,ID Checked,,,2022,https://www.myjobquote.co.uk/t/leak-enders-1,myjobquote
Will Flow - Plumbing & Heating,,Power Showers Pump,,,5,11,,ID Checked,,,2022,https://www.myjobquote.co.uk/t/will-flow-plumbing-heating,myjobquote
JKs Plastering & Building Services,,Power Showers Pump,,,5,18,,ID Checked,,,2001,https://www.myjobquote.co.uk/t/jks-plastering-building-services,myjobquote
Stefan Grosu,,Power Showers Pump,,,4,1,,ID Checked,,,Oct 2025,https://www.myjobquote.co.uk/t/stefan-grosu,myjobquote
Ceylan plumbing,,Power Showers Pump,,,4.68,0,,ID Checked,,,2022,https://www.myjobquote.co.uk/t/ceylan-plumbing,myjobquote
Pressure Point P&H,,Power Showers Pump,,,5,14,,ID Checked,,,2023,https://www.myjobquote.co.uk/t/pressure-point-ph,myjobquote
Nova Flow Plumbing & Heating,,Power Showers Pump,,,4,1,,ID Checked,,,2025,https://www.myjobquote.co.uk/t/nova-flow-plumbing-heating,myjobquote
Pinnacle plumber LTD,,Power Showers Pump,,,5,4,,ID Checked,,,2025,https://www.myjobquote.co.uk/t/pinnacle-plumber-ltd,myjobquote
Instafix London Ltd TA Service Team,,Power Showers Pump,,,5,3,,ID Checked,,,2009,https://www.myjobquote.co.uk/t/instafix-london-ltd-ta-service-team,myjobquote
Azz plumbing and heating,,Power Showers Pump,,,5,1,,ID Checked,,,Sep 2019,https://www.myjobquote.co.uk/t/azz-plumbing-and-heating,myjobquote
Falcon Building Services,,Power Showers Pump,,,5,2,,ID Checked,,,May 2023,https://www.myjobquote.co.uk/t/falcon-building-services,myjobquote
serhii,,Power Showers Pump,,,5,1,,ID Checked,,,2018,https://www.myjobquote.co.uk/t/serhii-17,myjobquote
Miljusevic,,Power Showers Pump,,,5,20,,ID Checked,,,2019,https://www.myjobquote.co.uk/t/miljusevic,myjobquote
PGS Plumbing,,Power Showers Pump,,,5,1,,ID Checked; Public Liability Insurance,,,Apr 2019,https://www.myjobquote.co.uk/t/pgs-plumbing,myjobquote
General building services,,Power Showers Pump,,,5,2,,ID Checked,,,2001,https://www.myjobquote.co.uk/t/general-building-services-7,myjobquote
Dyrrahu ltd,,Power Showers Pump,,,5,2,,ID Checked,,,2008,https://www.myjobquote.co.uk/t/dyrrahu-ltd,myjobquote
We Do It All Property Services LTD,,Power Showers Pump,,,5,5,,ID Checked,,,2019,https://www.myjobquote.co.uk/t/we-do-it-all-property-services-ltd,myjobquote
Determined Maintenance,,Power Showers Pump,,,4,17,,ID Checked,,,2018,https://www.myjobquote.co.uk/t/determined-maintenance-1,myjobquote
P&G heating and plumbing,,Power Showers Pump,,,5,6,,ID Checked; Public Liability Insurance,,,2012,https://www.myjobquote.co.uk/t/pg-heating-and-plumbing,myjobquote
RGP MAINTENANCE,,Power Showers Pump,,,5,2,,ID Checked; Public Liability Insurance,,,1990,https://www.myjobquote.co.uk/t/rgp-maintenance,myjobquote
Gsafe Plumbing&Heating Exclusive Limited,,Power Showers Pump,,,5,20,,ID Checked,,,2024,https://www.myjobquote.co.uk/t/gsafe-plumbingheating-exclusive-limited,myjobquote
Gre8t plumbing and drainage services.,,Power Showers Pump,,,4.5,2,,ID Checked,,,Jul 2024,https://www.myjobquote.co.uk/t/gre8t-plumbing-and-drainage-services,myjobquote
South London Refurbishments,,Power Showers Pump,,,4.5,2,,ID Checked,,,2007,https://www.myjobquote.co.uk/t/south-london-refurbishments,myjobquote
SG Renova Ltd,,Power Showers Pump,,,5,12,,ID Checked,,,2019,https://www.myjobquote.co.uk/t/sg-renova-ltd,myjobquote
Nuel Plumbing Services,,Power Showers Pump,,,5,1,,ID Checked,,,2020,https://www.myjobquote.co.uk/t/nuel-plumbing-services,myjobquote
Haze Plumbing,,Power Showers Pump,,,4.8,18,,ID Checked,,,2017,https://www.myjobquote.co.uk/t/haze-plumbing,myjobquote
Mighty Plumb Ltd,,Power Showers Pump,,,4.5,4,,ID Checked,,,2021,https://www.myjobquote.co.uk/t/mighty-plumb-ltd,myjobquote
PSP & Gas Engineering,,Power Showers Pump,,,5,1,,ID Checked,,,2014,https://www.myjobquote.co.uk/t/psp-gas-engineering,myjobquote
Zeroun Heating Ltd,,Power Showers Pump,,,4.9,17,,ID Checked,,,May 2019,https://www.myjobquote.co.uk/t/zeroun-heating-ltd,myjobquote
Plumber4life,,Power Showers Pump,,,5,2,,ID Checked,,,2019,https://www.myjobquote.co.uk/t/plumber4life,myjobquote
Adam Bihal,,Power Showers Pump,,,4.68,0,,ID Checked,,,Apr 2020,https://www.myjobquote.co.uk/t/adam-bihal,myjobquote
Cwwbetty,,Power Showers Pump,,,4.68,0,,,,,Jan 2024,https://www.myjobquote.co.uk/t/cwwbetty,myjobquote
Cwwbetty,,Power Showers Pump,,,4.68,0,,,,,Jan 2022,https://www.myjobquote.co.uk/t/karls-1,myjobquote
Karls,,Power Showers Pump,,,4.68,0,,ID Checked,,,2018,https://www.myjobquote.co.uk/t/bbs-maintenace-and-repair-services,myjobquote
TaskRabbit,,Power Showers Pump,,,4.68,0,,ID Checked,,,Jun 2020,https://www.myjobquote.co.uk/t/taskrabbit-1,myjobquote
Kgb property care services,,Power Showers Pump,,,4.68,0,,,,,Mar 2025,https://www.myjobquote.co.uk/t/kgb-property-care-services,myjobquote
Fabien,,Power Showers Pump,,,4.68,0,,,,,,https://www.myjobquote.co.uk/t/fabien,myjobquote
Pro Flow,,Power Showers Pump,,,4.68,0,,ID Checked,,,Mar 2025,https://www.myjobquote.co.uk/t/pro-flow-2,myjobquote
F & M Plumbers,,Power Showers Pump,,,4.68,0,,ID Checked,,,2019,https://www.myjobquote.co.uk/t/f-m-plumbers,myjobquote
AdGasUk Ltd,,Power Showers Pump,,,4.68,0,,,,,Sep 2019,https://www.myjobquote.co.uk/t/adgasuk-ltd,myjobquote
NTC Plumbing,,Power Showers Pump,,,4.68,0,,ID Checked,,,Nov 2025,https://www.myjobquote.co.uk/t/ntc-plumbing,myjobquote
NTC Plumbing,,Power Showers Pump,,,4.68,0,,ID Checked,,,2023,https://www.myjobquote.co.uk/t/just-js-plumbing,myjobquote
Boscom,,Power Showers Pump,,,4.68,0,,ID Checked,,,2012,https://www.myjobquote.co.uk/t/boscom,myjobquote
Plumbfitexxc,,Power Showers Pump,,,4.68,0,,ID Checked,,,Mar 2020,https://www.myjobquote.co.uk/t/plumbfitexxc,myjobquote
Hst design,,Power Showers Pump,,,4.68,0,,ID Checked,,,2018,https://www.myjobquote.co.uk/t/hst-design,myjobquote
James Plumbing Services,,Power Showers Pump,,,4.68,0,,ID Checked,,,Oct 2024,https://www.myjobquote.co.uk/t/james-plumbing-services,myjobquote
Morning Star plumbing,,Power Showers Pump,,,4.68,0,,ID Checked,,,2018,https://www.myjobquote.co.uk/t/morning-star-plumbing,myjobquote
DMC services uk,,Power Showers Pump,,,4.68,0,,ID Checked,,,2020,https://www.myjobquote.co.uk/t/dmc-services-uk,myjobquote
A&V Plumbing and heating Ltd,,Power Showers Pump,,,4.68,0,,ID Checked,,,2021,https://www.myjobquote.co.uk/t/av-plumbing-and-heating-ltd,myjobquote
A&V Plumbing and heating Ltd,,Power Showers Pump,,,4.68,0,,,,,Oct 2019,https://www.myjobquote.co.uk/t/quick-response-plumber,myjobquote
Plumbing,,Power Showers Pump,,,4.68,0,,ID Checked,,,Sep 2024,https://www.myjobquote.co.uk/t/plumbing-85,myjobquote
Plumbing,,Power Showers Pump,,,4.68,0,,ID Checked,,,Dec 2024,https://www.myjobquote.co.uk/t/stephen-building-services,myjobquote
Stephen Building services,,Power Showers Pump,,,4.68,0,,ID Checked,,,Sep 2025,https://www.myjobquote.co.uk/t/rjlb-builders,myjobquote
RJLB Builders,,Power Showers Pump,,,4.68,0,,ID Checked,,,2020,https://www.myjobquote.co.uk/t/clementsplumbandheat,myjobquote
EE Plumbing,,Power Showers Pump,,,4.68,0,,ID Checked,,,2021,https://www.myjobquote.co.uk/t/ee-plumbing,myjobquote
Bug flame little flame,,Power Showers Pump,,,4.68,0,,ID Checked,,,May 2021,https://www.myjobquote.co.uk/t/bug-flame-little-flame,myjobquote
Dean Cunningham,,Power Showers Pump,,,4.68,0,,,,,,https://www.myjobquote.co.uk/t/dean-cunningham,myjobquote
Maolad plumbing and heating,,Power Showers Pump,,,4.68,0,,ID Checked,,,Jan 2022,https://www.myjobquote.co.uk/t/maolad-plumbing-and-heating,myjobquote
Plumbtech,,Power Showers Pump,,,4.68,0,,ID Checked,,,Jul 2024,https://www.myjobquote.co.uk/t/plumbtech-4,myjobquote
Felix Ticu,,Power Showers Pump,,,4.68,0,,,,,May 2025,https://www.myjobquote.co.uk/t/felix-ticu,myjobquote
Felix Ticu,,Power Showers Pump,,,4.9,19,,ID Checked,,,Nov 2023,https://www.myjobquote.co.uk/t/bc-plumbing-3,myjobquote
economicalplumbing1@gmail.com,,Power Showers Pump,,,5,1,,ID Checked,,,Mar 2025,https://www.myjobquote.co.uk/t/economicalplumbing1-at-gmailcom,myjobquote
Glen Fairbairn,,Power Showers Pump,,,4,13,,ID Checked,,,Jul 2023,https://www.myjobquote.co.uk/t/glen-fairbairn,myjobquote
Handy Paws,,Power Showers Pump,,,4,2,,ID Checked,,,Feb 2021,https://www.myjobquote.co.uk/t/handy-paws,myjobquote
vanshdeepsingh,,Power Showers Pump,,,4,4,,,,,2019,https://www.myjobquote.co.uk/t/vanshdeepsingh,myjobquote
Barnes Services,,Power Showers Pump,,,4,24,,ID Checked,,,1997,https://www.myjobquote.co.uk/t/barnes-services,myjobquote
BB Engineering Works,,Power Showers Pump,,,4.68,0,,ID Checked,,,May 2018,https://www.myjobquote.co.uk/t/bb-engineering-works,myjobquote
BB Engineering Works,,Power Showers Pump,,,4.68,0,,ID Checked,,,2023,https://www.myjobquote.co.uk/t/jhservices,myjobquote
Ryan george,,Power Showers Pump,,,4.68,0,,ID Checked,,,Sep 2023,https://www.myjobquote.co.uk/t/ryan-george,myjobquote
Ryan george,,Power Showers Pump,,,4.68,0,,,,,Feb 2022,https://www.myjobquote.co.uk/t/plumber-51,myjobquote
Plumber,,Power Showers Pump,,,4.68,0,,,,,Feb 2023,https://www.myjobquote.co.uk/t/holland-devine-prestigous-painters,myjobquote
Jordan,,Power Showers Pump,,,4.68,0,,,,,Nov 2022,https://www.myjobquote.co.uk/t/jordan-155,myjobquote
Jordan,,Power Showers Pump,,,4.68,0,,,,,Mar 2026,https://www.myjobquote.co.uk/t/sugaaplumbingltd,myjobquote
SugaaPlumbingLtd,,Power Showers Pump,,,4.68,0,,,,,Feb 2022,https://www.myjobquote.co.uk/t/liam-plumbing,myjobquote
TPSolutions,,Power Showers Pump,,,4.68,0,,ID Checked,,,Jan 2026,https://www.myjobquote.co.uk/t/tpsolutions,myjobquote
Eddy s,,Power Showers Pump,,,5,14,07418347672,ID Checked,,,2013,https://www.myjobquote.co.uk/t/eddy-s,myjobquote
Leak3Lee,,Power Showers Pump,,,4.68,0,,ID Checked,,,1995,https://www.myjobquote.co.uk/t/leak3lee,myjobquote
Lance O’Doherty,,Power Showers Pump,,,4.68,0,,ID Checked; Public Liability Insurance,,,Jan 2023,https://www.myjobquote.co.uk/t/lance-odoherty,myjobquote
Wright building services,,Power Showers Pump,,,5,1,,ID Checked,,,2022,https://www.myjobquote.co.uk/t/wright-building-services,myjobquote
GK Plumbing & Heating,,Power Showers Pump,,,5,40,,ID Checked,,,2001,https://www.myjobquote.co.uk/t/gk-plumbing-heating,myjobquote
Plumbing hub,,Power Showers Pump,,,4.9,14,07451287807,ID Checked,,,1983,https://www.myjobquote.co.uk/t/plumbing-hub,myjobquote
Arnoutt and James ltd,,Power Showers Pump,,,4.68,0,,ID Checked,,,Mar 2016,https://www.myjobquote.co.uk/t/arnoutt-and-james-ltd,myjobquote
Arnoutt and James ltd,,Power Showers Pump,,,4.68,0,,,,,Oct 2025,https://www.myjobquote.co.uk/t/waterplumb,myjobquote
Waterplumb,,Power Showers Pump,,,4.68,0,,,,,Jul 2023,https://www.myjobquote.co.uk/t/shenel-evlat,myjobquote
Shenel Evlat,,Power Showers Pump,,,4.68,0,,ID Checked,,,Nov 2023,https://www.myjobquote.co.uk/t/james-23,myjobquote
James,,Power Showers Pump,,,4.68,0,,ID Checked,,,Feb 2022,https://www.myjobquote.co.uk/t/london24plumbon-ltd,myjobquote
Golden Keys,,Power Showers Pump,,,4.68,0,,ID Checked,,,Mar 2026,https://www.myjobquote.co.uk/t/golden-keys,myjobquote
Golden Keys,,Power Showers Pump,,,4.68,0,,ID Checked,,,2016,https://www.myjobquote.co.uk/t/bilel,myjobquote
property response group ltd,,Power Showers Pump,,,4.68,0,,ID Checked,,,2020,https://www.myjobquote.co.uk/t/property-response-group-ltd,myjobquote
Delta 9 plumbing & heating,,Power Showers Pump,,,4.68,0,,ID Checked; Public Liability Insurance,,,2023,https://www.myjobquote.co.uk/t/delta-9-plumbing-heating,myjobquote
Mark Liptrott,,Power Showers Pump,,,4.68,0,,Public Liability Insurance,,,1997,https://www.myjobquote.co.uk/t/mark-liptrott,myjobquote
Parkgate Plumbing & Heating,,Power Showers Pump,,,4.68,0,,ID Checked,"Gas safe certificate for over 15 years. 
Sole trader for 15 plus years.",,May 2018,https://www.myjobquote.co.uk/t/parkgate-plumbing-heating,myjobquote
Dhesi heating and plumbing,,Power Showers Pump,,,4.68,0,,ID Checked; Public Liability Insurance,,,1990,https://www.myjobquote.co.uk/t/dhesi-heating-and-plumbing,myjobquote
ashley@clarity.engineering,,Power Showers Pump,,,4.68,0,,ID Checked; Public Liability Insurance,,,Aug 2023,https://www.myjobquote.co.uk/t/ashley-at-clarityengineering,myjobquote
Javier,,Power Showers Pump,,,4.68,0,,,,,Feb 2022,https://www.myjobquote.co.uk/t/javier-4,myjobquote
Javier,,Power Showers Pump,,,4.68,0,,,,,May 2024,https://www.myjobquote.co.uk/t/dharnee,myjobquote
Emergencyplumbing,,Power Showers Pump,,,4.68,0,,,,,Jun 2024,https://www.myjobquote.co.uk/t/emergencyplumbing,myjobquote
Emergencyplumbing,,Power Showers Pump,,,4.68,0,,,,,Sep 2024,https://www.myjobquote.co.uk/t/lkbplumbing,myjobquote
LKBplumbing,,Power Showers Pump,,,4.68,0,,ID Checked,,,Jan 2015,https://www.myjobquote.co.uk/t/james-aherne,myjobquote
Tmechanicalltd,,Power Showers Pump,,,4.68,0,,ID Checked,,,Mar 2026,https://www.myjobquote.co.uk/t/tmechanicalltd,myjobquote
Tmechanicalltd,,Power Showers Pump,,,4.68,0,,,,,Sep 2025,https://www.myjobquote.co.uk/t/marlon-7,myjobquote
LMMR LIMITED,,Power Showers Pump,,,5,2,,ID Checked; Public Liability Insurance,,,2021,https://www.myjobquote.co.uk/t/lmmr-limited,myjobquote
Elmwood Plumbing Services,,Power Showers Pump,,,5,3,,ID Checked,,,2025,https://www.myjobquote.co.uk/t/elmwood-plumbing-services,myjobquote
Arun&#039;s Handyman & Electrical Services,,Power Showers Pump,,,5,2,,ID Checked,,,2025,https://www.myjobquote.co.uk/t/aruns-handyman-electrical-services,myjobquote
Next generation plumbing and heating,,Power Showers Pump,,,5,16,,ID Checked,,,1990,https://www.myjobquote.co.uk/t/next-generation-plumbing-and-heating,myjobquote
SD Property Maintenance,,Power Showers Pump,,,5,4,,ID Checked,,,2013,https://www.myjobquote.co.uk/t/sd-property-maintenance-4,myjobquote
Kinetic Plumbing,,Power Showers Pump,,,5,57,,ID Checked,,,2020,https://www.myjobquote.co.uk/t/kinetic-plumbing,myjobquote
Alin Reutz,,Power Showers Pump,,,5,54,,ID Checked,,,2022,https://www.myjobquote.co.uk/t/alin-reutz,myjobquote
Dashfield plumbing and heating,,Power Showers Pump,,,5,1,,ID Checked; Public Liability Insurance,,,2014,https://www.myjobquote.co.uk/t/dashfield-plumbing-and-heating,myjobquote
Lukes Plumbing and Bathroom Services,,Power Showers Pump,,,5,1,,ID Checked; Public Liability Insurance,,,Aug 2025,https://www.myjobquote.co.uk/t/lukes-plumbing-and-bathroom-services,myjobquote
JSR Handyman Services,,Power Showers Pump,,,5,9,,ID Checked,,,2021,https://www.myjobquote.co.uk/t/jsr-handyman-services,myjobquote
Beachy Plumbing,,Power Showers Pump,,,5,8,,ID Checked,,,2020,https://www.myjobquote.co.uk/t/beachy-plumbing,myjobquote
f andronache,,Power Showers Pump,,,5,1,,ID Checked,,,2021,https://www.myjobquote.co.uk/t/f-andronache,myjobquote
Bert&#039;s Build & Plumbing Co.,,Power Showers Pump,,,5,3,,ID Checked; Public Liability Insurance,,,2020,https://www.myjobquote.co.uk/t/berts-build-plumbing-co,myjobquote
Apremends Services,,Power Showers Pump,,,5,21,,ID Checked,,,2022,https://www.myjobquote.co.uk/t/apremends-services,myjobquote
Aurelian,,Power Showers Pump,,,5,15,,ID Checked,,,2007,https://www.myjobquote.co.uk/t/aurelian-2,myjobquote
Highfields Plumbing,,Power Showers Pump,,,5,21,,ID Checked,,,2015,https://www.myjobquote.co.uk/t/highfields-plumbing,myjobquote
A JONES PLUMBING AND HEATING,,Power Showers Pump,,,5,23,,ID Checked,,,1981,https://www.myjobquote.co.uk/t/a-jones-plumbing-and-heating,myjobquote
KF Solutions,,Power Showers Pump,,,5,5,,ID Checked,,,2024,https://www.myjobquote.co.uk/t/kf-solutions,myjobquote
Handyman Zach,,Power Showers Pump,,,5,42,,ID Checked,,,2019,https://www.myjobquote.co.uk/t/handyman-zach,myjobquote
SM Home Maintenance,,Power Showers Pump,,,5,4,,ID Checked,,,2019,https://www.myjobquote.co.uk/t/sm-home-maintenance-1,myjobquote
Lloyd,,Power Showers Pump,,,5,8,,ID Checked,,,2024,https://www.myjobquote.co.uk/t/lloyd-14,myjobquote
J J Plumbing and Heating,,Power Showers Pump,,,5,20,,ID Checked,,,2015,https://www.myjobquote.co.uk/t/j-j-plumbing-and-heating,myjobquote
JustFixIt,,Power Showers Pump,,,5,39,,ID Checked; Public Liability Insurance,,,1998,https://www.myjobquote.co.uk/t/justfixit,myjobquote
DD Home Improvements,,Power Showers Pump,,,5,21,,ID Checked,,,1981,https://www.myjobquote.co.uk/t/dd-home-improvements-3,myjobquote
K&B Plumbing and Heating Ltd,,Power Showers Pump,,,5,39,,ID Checked,,,2016,https://www.myjobquote.co.uk/t/kb-plumbing-and-heating-ltd,myjobquote
Noory Plumbing,,Power Showers Pump,,,5,40,,ID Checked,,,Apr 2020,https://www.myjobquote.co.uk/t/noory-plumbing,myjobquote
Alpha plumbing & Multitrade services,,Power Showers Pump,,,5,2,,ID Checked; Public Liability Insurance,,,2019,https://www.myjobquote.co.uk/t/alpha-plumbing-multitrade-services,myjobquote
A&K Contractor Services Ltd,,Power Showers Pump,,,5,11,07418371942,ID Checked; Public Liability Insurance,,,2007,https://www.myjobquote.co.uk/t/ak-contractor-services-ltd,myjobquote
South west Household Plumbing Services,,Power Showers Pump,,,5,1,,ID Checked,,,2024,https://www.myjobquote.co.uk/t/south-west-household-plumbing-services,myjobquote
Jack Davis Construction,,Power Showers Pump,,,5,46,,ID Checked,,,2025,https://www.myjobquote.co.uk/t/jack-davis-construction,myjobquote
Jlewis plumbing and maintenance,,Power Showers Pump,,,5,2,,ID Checked,,,Sep 2025,https://www.myjobquote.co.uk/t/jlewis-plumbing-and-maintenance,myjobquote
Proudfoot Plumbing,,Power Showers Pump,,,5,9,,ID Checked; Public Liability Insurance,,,2015,https://www.myjobquote.co.uk/t/proudfoot-plumbing,myjobquote
"ACR Bristol: Heating, Plumbing & Refrigeration",,Power Showers Pump,,,5,29,,ID Checked,,,1996,https://www.myjobquote.co.uk/t/acr-bristol-heating-plumbing-refrigeration,myjobquote
JAW Building Services,,Power Showers Pump,,,5,1,,ID Checked,,,May 2024,https://www.myjobquote.co.uk/t/jaw-building-services,myjobquote
JST Plumbing Solutions,,Power Showers Pump,,,5,33,,ID Checked,,,2020,https://www.myjobquote.co.uk/t/jst-plumbing-solutions,myjobquote
Direct Plumbing,,Power Showers Pump,,,4.9,4,,ID Checked,,,2000,https://www.myjobquote.co.uk/t/direct-plumbing-1,myjobquote
Arshdeep,,Power Showers Pump,,,5,1,,ID Checked,,,2019,https://www.myjobquote.co.uk/t/arshdeep-9,myjobquote
Rapid fix solutions,,Power Showers Pump,,,5,7,07418319249,ID Checked,,,2025,https://www.myjobquote.co.uk/t/rapid-fix-solutions,myjobquote
Pipers Plumbing heating and gas,,Power Showers Pump,,,5,1,,ID Checked,,,2022,https://www.myjobquote.co.uk/t/pipers-plumbing-heating-and-gas,myjobquote
BG Heating & Plumbing solutions ltd,,Power Showers Pump,,,5,9,,ID Checked,,,2021,https://www.myjobquote.co.uk/t/bg-heating-plumbing-solutions-ltd,myjobquote
Adam Marshall,,Power Showers Pump,,,5,16,,ID Checked,,,2019,https://www.myjobquote.co.uk/t/adam-marshall-1,myjobquote
A to G Plumbing,,Power Showers Pump,,,5,1,,ID Checked,,,2014,https://www.myjobquote.co.uk/t/a-to-g-plumbing,myjobquote
Baldwin carpentry,,Power Showers Pump,,,5,1,,ID Checked,,,2011,https://www.myjobquote.co.uk/t/baldwin-carpentry,myjobquote
Hannigan Plumbing,,Power Showers Pump,,,5,1,,ID Checked,,,Sep 2025,https://www.myjobquote.co.uk/t/hannigan-plumbing,myjobquote
SPR Plumbing & Drainage,,Power Showers Pump,,,5,58,,ID Checked,,,2007,https://www.myjobquote.co.uk/t/spr-plumbing-drainage,myjobquote
Harvey Property Solutions,,Power Showers Pump,,,5,14,,ID Checked,,,2020,https://www.myjobquote.co.uk/t/harvey-property-solutions,myjobquote
J Coles Plumbing and Bathrooms,,Power Showers Pump,,,4.68,0,,Public Liability Insurance,,,Feb 2020,https://www.myjobquote.co.uk/t/j-coles-plumbing-and-bathrooms,myjobquote
PM Fleming Plumbing and Heating,,Power Showers Pump,,,4.68,0,,ID Checked,,,2005,https://www.myjobquote.co.uk/t/pm-fleming-plumbing-and-heating,myjobquote
Scot Hipkiss,,Power Showers Pump,,,5,1,,ID Checked,,,1992,https://www.myjobquote.co.uk/t/scot-hipkiss,myjobquote
Jc plumbing and heating services,,Power Showers Pump,,,5,3,,ID Checked,,,2016,https://www.myjobquote.co.uk/t/jc-plumbing-and-heating-services,myjobquote
Jack Gadsden,,Power Showers Pump,,,5,19,,ID Checked,,,Aug 2025,https://www.myjobquote.co.uk/t/jack-gadsden,myjobquote
REP Plumbing and Maintenance,,Power Showers Pump,,,5,1,,ID Checked,,,2006,https://www.myjobquote.co.uk/t/rep-plumbing-and-maintenance,myjobquote
DH Heating and Plumbing,,Power Showers Pump,,,4,30,,ID Checked,,,2008,https://www.myjobquote.co.uk/t/dh-heating-and-plumbing,myjobquote
KH Plumbing & Maintenance,,Power Showers Pump,,,5,7,,ID Checked,,,2021,https://www.myjobquote.co.uk/t/kh-plumbing-maintenance-1,myjobquote
J.G. Contractors,,Power Showers Pump,,,5,4,,ID Checked,,,2019,https://www.myjobquote.co.uk/t/jg-contractors,myjobquote
Bristol and Gloucester Building Plumbing Services,,Power Showers Pump,,,4.3,14,,ID Checked,,,1993,https://www.myjobquote.co.uk/t/bristol-and-gloucester-building-plumbing-services,myjobquote
G.S.T  Plumbing and Heating,,Power Showers Pump,,,5,2,,ID Checked,,,Jul 2024,https://www.myjobquote.co.uk/t/gst-plumbing-and-heating,myjobquote
Clarke property development and maintenance,,Power Showers Pump,,,5,5,,ID Checked,,,2012,https://www.myjobquote.co.uk/t/clarke-property-development-and-maintenance,myjobquote
Plumb-Eco Plumbing and Heating Services Ltd,,Power Showers Pump,,,5,1,,ID Checked,,,2021,https://www.myjobquote.co.uk/t/plumb-eco-plumbing-and-heating-services-ltd,myjobquote
Dean Jones,,Power Showers Pump,,,4.9,39,,ID Checked,,,2021,https://www.myjobquote.co.uk/t/dean-jones,myjobquote
PLN Plumbing,,Power Showers Pump,,,4.9,5,,ID Checked; Public Liability Insurance,,,2016,https://www.myjobquote.co.uk/t/pln-plumbing,myjobquote
Epic Installations,,Power Showers Pump,,,5,2,,ID Checked,,,in 2014,https://www.myjobquote.co.uk/t/epic-installations,myjobquote
GSPLUMBING,,Power Showers Pump,,,5,3,,ID Checked,,,2019,https://www.myjobquote.co.uk/t/gsplumbing,myjobquote
Fakhry,,Power Showers Pump,,,4.68,0,,ID Checked,,,Jul 2020,https://www.myjobquote.co.uk/t/fakhry,myjobquote
Fakhry,,Power Showers Pump,,,4.68,0,,,,,May 2024,https://www.myjobquote.co.uk/t/jetbrain,myjobquote
ASR PLUMBING & DECORATING,,Power Showers Pump,,,4.68,0,,ID Checked,,,Feb 2026,https://www.myjobquote.co.uk/t/asr-plumbing-decorating,myjobquote
Amir Malik,,Power Showers Pump,,,4.68,0,,ID Checked,,,Jan 2024,https://www.myjobquote.co.uk/t/amir-malik,myjobquote
Amir Malik,,Power Showers Pump,,,4.68,0,,ID Checked,,,Jan 2026,https://www.myjobquote.co.uk/t/boilers-bathrooms-wetrooms,myjobquote
Phil Ashton plumbing,,Power Showers Pump,,,4.68,0,,,,,Feb 2023,https://www.myjobquote.co.uk/t/phil-ashton-plumbing,myjobquote
Phil Ashton plumbing,,Power Showers Pump,,,4.68,0,,,,,Feb 2023,https://www.myjobquote.co.uk/t/sam2blitz,myjobquote
MADE Plumbing & Heating Services,,Power Showers Pump,,,4.68,0,,ID Checked,,,2015,https://www.myjobquote.co.uk/t/made-plumbing-heating-services,myjobquote
MADE Plumbing & Heating Services,,Power Showers Pump,,,4.68,0,,ID Checked,,,Aug 2023,https://www.myjobquote.co.uk/t/tw-plumbing-3,myjobquote
Sunny Plumbing and heating services,,Power Showers Pump,,,4.68,0,,,,,Dec 2023,https://www.myjobquote.co.uk/t/sunny-plumbing-and-heating-services,myjobquote
Ervin Property Solutions Ltd,,Power Showers Pump,,,4.68,0,,ID Checked,,,Feb 2026,https://www.myjobquote.co.uk/t/ervin-property-solutions-ltd,myjobquote
Wil sheppard,,Power Showers Pump,,,4.68,0,,ID Checked,,,Dec 2016,https://www.myjobquote.co.uk/t/wil-sheppard,myjobquote
Ojlplumbingandheating,,Power Showers Pump,,,4.68,0,,ID Checked,,,Jan 2026,https://www.myjobquote.co.uk/t/ojlplumbingandheating,myjobquote
Bartlomiej Kuligowski,,Power Showers Pump,,,4.68,0,,ID Checked,,,Nov 2025,https://www.myjobquote.co.uk/t/bartlomiej-kuligowski,myjobquote
Bartlomiej Kuligowski,,Power Showers Pump,,,4.68,0,,ID Checked,,,2015,https://www.myjobquote.co.uk/t/trent-plumbing-solutions,myjobquote
Plumo Solution,,Power Showers Pump,,,4.68,0,,ID Checked,,,2024,https://www.myjobquote.co.uk/t/plumo-solution,myjobquote
Goodday Professional,,Power Showers Pump,,,4.68,0,,ID Checked,,,2023,https://www.myjobquote.co.uk/t/goodday-professional,myjobquote
Blue Warrior Bespoke Plumbing,,Power Showers Pump,,,4.68,0,,ID Checked,,,2018,https://www.myjobquote.co.uk/t/blue-warrior-bespoke-plumbing,myjobquote
PLUSONE,,Power Showers Pump,,,4.68,0,,ID Checked,,,1996,https://www.myjobquote.co.uk/t/plusone,myjobquote
Heat Hub,,Power Showers Pump,,,4.68,0,,ID Checked,,,Jan 2025,https://www.myjobquote.co.uk/t/heat-hub,myjobquote
AH Solutions,,Power Showers Pump,,,4.68,0,,ID Checked,,,Jan 2023,https://www.myjobquote.co.uk/t/ah-solutions,myjobquote
Service Master Restore,,Power Showers Pump,,,4.68,0,,ID Checked,,,2023,https://www.myjobquote.co.uk/t/service-master-restore,myjobquote
CL Gas Plumbing & Heating,,Power Showers Pump,,,4.68,0,,ID Checked,,,Mar 2024,https://www.myjobquote.co.uk/t/cl-gas-plumbing-heating,myjobquote
GO.FLO,,Power Showers Pump,,,4.68,0,,,,,2014,https://www.myjobquote.co.uk/t/goflo,myjobquote
W Keat Plumbing and Heating,,Power Showers Pump,,,4.68,0,,ID Checked; Public Liability Insurance,"NVQ Level 2 in Plumbing and Heating.
G3 Vented and Unvented Hot Water.

Public Liability Insurance",,Nov 2023,https://www.myjobquote.co.uk/t/w-keat-plumbing-and-heating,myjobquote
Smart Plumbing & Heating,,Power Showers Pump,,,4.68,0,,,,,2015,https://www.myjobquote.co.uk/t/smart-plumbing-heating,myjobquote
Luke Quirke,,Power Showers Pump,,,4.68,0,,,,,Aug 2022,https://www.myjobquote.co.uk/t/luke-quirke-1,myjobquote
Luke Quirke,,Power Showers Pump,,,4.68,0,,,,,May 2022,https://www.myjobquote.co.uk/t/lighthouse100-ltd,myjobquote
lighthouse100% LTD,,Power Showers Pump,,,4.68,0,,ID Checked,,,2015,https://www.myjobquote.co.uk/t/247-pipe-plumbing-rescue,myjobquote
PBD Maintenance LTD,,Power Showers Pump,,,4.68,0,,ID Checked,,,Sep 2024,https://www.myjobquote.co.uk/t/pbd-maintenance-ltd,myjobquote
Cp plumbing and house maintenance,,Power Showers Pump,,,5,1,,ID Checked,,,Apr 2024,https://www.myjobquote.co.uk/t/cp-plumbing-and-house-maintenance,myjobquote
Rays Plumbing,,Power Showers Pump,,,5,51,,ID Checked,,,2010,https://www.myjobquote.co.uk/t/rays-plumbing,myjobquote
Steve Parker Electrical Services Ltd,,Power Showers Pump,,,5,14,,ID Checked,,,Apr 2021,https://www.myjobquote.co.uk/t/steve-parker-electrical-services-ltd,myjobquote
TBoorn Plumbing & Heating,,Power Showers Pump,,,5,5,,ID Checked,,,2021,https://www.myjobquote.co.uk/t/tboorn-plumbing-heating,myjobquote
Vision Renovations,,Power Showers Pump,,,5,1,,ID Checked,,,Feb 2024,https://www.myjobquote.co.uk/t/vision-renovations,myjobquote
Jk plumbing,,Power Showers Pump,,,5,4,,ID Checked,,,Dec 2025,https://www.myjobquote.co.uk/t/jk-plumbing,myjobquote
JF Plumbing Services,,Power Showers Pump,,,5,3,,ID Checked,,,2019,https://www.myjobquote.co.uk/t/jf-plumbing-services-1,myjobquote
MayerPlumbing,,Power Showers Pump,,,5,1,,ID Checked,,,Jan 2021,https://www.myjobquote.co.uk/t/mayerplumbing,myjobquote
AFR Carpentry,,Power Showers Pump,,,4.68,0,,ID Checked,,,Feb 2022,https://www.myjobquote.co.uk/t/afr-carpentry,myjobquote
AFR Carpentry,,Power Showers Pump,,,4.68,0,,,,,Mar 2024,https://www.myjobquote.co.uk/t/cormack-plumbing,myjobquote
yuwen zhang,,Power Showers Pump,,,4.68,0,,,,,Aug 2024,https://www.myjobquote.co.uk/t/yuwen-zhang,myjobquote
Jurel,,Power Showers Pump,,,4.68,0,,,,,Dec 2025,https://www.myjobquote.co.uk/t/jurel,myjobquote
Jurel,,Power Showers Pump,,,4.68,0,,,,,Jul 2025,https://www.myjobquote.co.uk/t/ashton-plumbers,myjobquote
Harry,,Power Showers Pump,,,4.68,0,,,,,Sep 2022,https://www.myjobquote.co.uk/t/harry-27,myjobquote
Harry,,Power Showers Pump,,,4.68,0,,ID Checked,,,Jun 2022,https://www.myjobquote.co.uk/t/bs6-plumbing-and-heating,myjobquote
R J Plumbing,,Power Showers Pump,,,4.68,0,,,,,Jan 2025,https://www.myjobquote.co.uk/t/r-j-plumbing-1,myjobquote
R J Plumbing,,Power Showers Pump,,,4.68,0,,ID Checked,,,Jan 2025,https://www.myjobquote.co.uk/t/r-l-plumbing,myjobquote
365 plumbing,,Power Showers Pump,,,1,1,,ID Checked,,,Mar 2023,https://www.myjobquote.co.uk/t/365-plumbing,myjobquote
MD Maintenance solutions ltd,,Power Showers Pump,,,4.68,0,,ID Checked,,,Apr 2023,https://www.myjobquote.co.uk/t/md-maintenance-solutions-ltd,myjobquote
MD Maintenance solutions ltd,,Power Showers Pump,,,4.68,0,,,,,May 2024,https://www.myjobquote.co.uk/t/sunny-plumbing-service,myjobquote
Sunny plumbing service,,Power Showers Pump,,,4.68,0,,,,,Jan 2024,https://www.myjobquote.co.uk/t/ms-plumbing-5,myjobquote
Ms plumbing,,Power Showers Pump,,,4.68,0,,,,,May 2024,https://www.myjobquote.co.uk/t/walrus-property-improvements-ltd,myjobquote
A.J Plumbing,,Power Showers Pump,,,4.68,0,,,,,May 2024,https://www.myjobquote.co.uk/t/aj-plumbing-4,myjobquote
A.J Plumbing,,Power Showers Pump,,,4.68,0,,,,,Aug 2023,https://www.myjobquote.co.uk/t/lskb-ltd,myjobquote
NMD plumbing & heating,,Power Showers Pump,,,4.68,0,,,,,Dec 2022,https://www.myjobquote.co.uk/t/nmd-plumbing-heating,myjobquote
NMD plumbing & heating,,Power Showers Pump,,,4.68,0,,,,,Apr 2025,https://www.myjobquote.co.uk/t/ngong,myjobquote
Ngong,,Power Showers Pump,,,4.68,0,,,,,Jul 2023,https://www.myjobquote.co.uk/t/lisa-welch,myjobquote
Lisa welch,,Power Showers Pump,,,4.68,0,,,,,Oct 2023,https://www.myjobquote.co.uk/t/leeves-plumbing,myjobquote
Jack coyne,,Power Showers Pump,,,4.68,0,,,,,Jun 2015,https://www.myjobquote.co.uk/t/jack-coyne,myjobquote
Jack coyne,,Power Showers Pump,,,4.68,0,,,,,May 2024,https://www.myjobquote.co.uk/t/jfp-plumbing-heating,myjobquote
JFP Plumbing & Heating,,Power Showers Pump,,,4.68,0,,,,,Feb 2026,https://www.myjobquote.co.uk/t/osborne-services,myjobquote
Osborne Services,,Power Showers Pump,,,4.68,0,,ID Checked,,,2008,https://www.myjobquote.co.uk/t/ak-builders-home-maintenance,myjobquote
Hutson heating and plumbing,,Power Showers Pump,,,4.68,0,,ID Checked,,,May 2022,https://www.myjobquote.co.uk/t/hutson-heating-and-plumbing,myjobquote
vincent holloway,,Power Showers Pump,,,4.68,0,,,,,Feb 2024,https://www.myjobquote.co.uk/t/vincent-holloway,myjobquote
vincent holloway,,Power Showers Pump,,,4.68,0,,,,,Oct 2022,https://www.myjobquote.co.uk/t/kieran-28,myjobquote
The Professional Group Ltd,,Power Showers Pump,,,5,7,,ID Checked,,,2024,https://www.myjobquote.co.uk/t/the-professional-group-ltd,myjobquote
J Ireland Plumber - Mechanical Services,,Power Showers Pump,,,5,65,07441449906,ID Checked,,,2016,https://www.myjobquote.co.uk/t/j-ireland-plumber-mechanical-services,myjobquote
Reliable property services,,Power Showers Pump,,,5,4,,ID Checked; Public Liability Insurance,,,2026,https://www.myjobquote.co.uk/t/reliable-property-services,myjobquote
DSG plumbing,,Power Showers Pump,,,5,18,,ID Checked,,,2018,https://www.myjobquote.co.uk/t/dsg-plumbing-2,myjobquote
The MultiTrade Guy,,Power Showers Pump,,,5,59,,ID Checked,,,2021,https://www.myjobquote.co.uk/t/the-multitrade-guy,myjobquote
CKA Plumbing Services,,Power Showers Pump,,,5,3,,ID Checked,,,2024,https://www.myjobquote.co.uk/t/cka-plumbing-services,myjobquote
D&B Plumbing Service,,Power Showers Pump,,,5,15,,ID Checked,,,Feb 2026,https://www.myjobquote.co.uk/t/db-plumbing-service,myjobquote
J Marr and son  plumber and builders,,Power Showers Pump,,,5,18,,ID Checked,,,2010,https://www.myjobquote.co.uk/t/j-marr-and-son-plumber-and-builders,myjobquote
Aqua-tec solutions,,Power Showers Pump,,,5,44,,ID Checked,,,2025,https://www.myjobquote.co.uk/t/aqua-tec-solutions,myjobquote
Jacobsen bathrooms ltd,,Power Showers Pump,,,4.68,0,,ID Checked,,,Jan 2019,https://www.myjobquote.co.uk/t/jacobsen-bathrooms-ltd,myjobquote
Paterson Plumbing,,Power Showers Pump,,,4.68,0,,ID Checked,,,Feb 2024,https://www.myjobquote.co.uk/t/paterson-plumbing,myjobquote
Lotfi,,Power Showers Pump,,,4.68,0,,ID Checked,,,Jan 2026,https://www.myjobquote.co.uk/t/lotfi-3,myjobquote
Lotfi,,Power Showers Pump,,,4.68,0,,ID Checked,,,Jun 2024,https://www.myjobquote.co.uk/t/michael-english,myjobquote
Private,,Power Showers Pump,,,4.68,0,,ID Checked,,,Apr 2024,https://www.myjobquote.co.uk/t/private-140,myjobquote
Private,,Power Showers Pump,,,4.68,0,,,,,Jun 2022,https://www.myjobquote.co.uk/t/unkown,myjobquote
Unkown,,Power Showers Pump,,,4.68,0,,ID Checked,,,Jul 2023,https://www.myjobquote.co.uk/t/hands-and-tools,myjobquote
O&#039;DONNELL PLUMBING,,Power Showers Pump,,,5,1,,ID Checked,,,2003,https://www.myjobquote.co.uk/t/odonnell-plumbing,myjobquote
GK maintenance,,Power Showers Pump,,,5,3,,ID Checked; Public Liability Insurance,,,2023,https://www.myjobquote.co.uk/t/gk-maintenance-2,myjobquote
Irvine Plumbing Services,,Power Showers Pump,,,5,80,,ID Checked,,,2016,https://www.myjobquote.co.uk/t/irvine-plumbing-services-1,myjobquote
Glasgow Bathroom Company,,Power Showers Pump,,,5,2,07451260903,ID Checked,,,Sep 2021,https://www.myjobquote.co.uk/t/glasgow-bathroom-company,myjobquote
Scott Ewen Plumbing,,Power Showers Pump,,,4.68,0,,,,,May 2022,https://www.myjobquote.co.uk/t/scott-ewen-plumbing,myjobquote
Scott Ewen Plumbing,,Power Showers Pump,,,4.68,0,,,,,May 2022,https://www.myjobquote.co.uk/t/cmcamc-ltd,myjobquote
Plumec,,Power Showers Pump,,,4.68,0,,ID Checked,,,Aug 2025,https://www.myjobquote.co.uk/t/plumec,myjobquote
Broughton Plumbers,,Power Showers Pump,,,4.68,0,,ID Checked,,,Oct 2023,https://www.myjobquote.co.uk/t/broughton-plumbers,myjobquote
Gregor,,Power Showers Pump,,,4.68,0,,ID Checked,,,Mar 2026,https://www.myjobquote.co.uk/t/gregor-4,myjobquote
Graham Plumbing & Heating,,Power Showers Pump,,,4.68,0,,ID Checked,,,Jul 2024,https://www.myjobquote.co.uk/t/graham-plumbing-heating,myjobquote
A&T Plumbing Services,,Power Showers Pump,,,4.68,0,,ID Checked,,,Jan 2023,https://www.myjobquote.co.uk/t/at-plumbing-services,myjobquote
A&T Plumbing Services,,Power Showers Pump,,,4.68,0,,ID Checked,,,Mar 2024,https://www.myjobquote.co.uk/t/plumber-126,myjobquote
Plumber,,Power Showers Pump,,,4.68,0,,,,,Sep 2024,https://www.myjobquote.co.uk/t/sts-plumbing-and-heating,myjobquote
Dylan doyle,,Power Showers Pump,,,4.68,0,,ID Checked,,,Oct 2024,https://www.myjobquote.co.uk/t/dylan-doyle,myjobquote
Dylan doyle,,Power Showers Pump,,,4.68,0,,ID Checked,,,May 2024,https://www.myjobquote.co.uk/t/ross-robertson-1,myjobquote
Ross Robertson,,Power Showers Pump,,,4.68,0,,,,,Jul 2023,https://www.myjobquote.co.uk/t/conner-5,myjobquote
Conner,,Power Showers Pump,,,4.68,0,,,,,Aug 2024,https://www.myjobquote.co.uk/t/youngs-plumbing-2,myjobquote
Youngs plumbing,,Power Showers Pump,,,4.68,0,,,,,Aug 2025,https://www.myjobquote.co.uk/t/mm-plumbing-3,myjobquote
M&M Plumbing,,Power Showers Pump,,,5,1,,ID Checked,,,2022,https://www.myjobquote.co.uk/t/subgas-plumbing-and-heating,myjobquote
Sutherland Plumbing and heating,,Power Showers Pump,,,5,1,,ID Checked; Public Liability Insurance,,,2026,https://www.myjobquote.co.uk/t/sutherland-plumbing-and-heating,myjobquote
Tommy&#039;s bathroom wetwalls services,,Power Showers Pump,,,5,14,,ID Checked,,,2018,https://www.myjobquote.co.uk/t/tommys-bathroom-wetwalls-services,myjobquote
Property Group Scotland Ltd,,Power Showers Pump,,,5,9,,ID Checked,,,Dec 2023,https://www.myjobquote.co.uk/t/property-group-scotland-ltd,myjobquote
K Leslie Group Ltd,,Power Showers Pump,,,5,2,,ID Checked,,,2016,https://www.myjobquote.co.uk/t/k-leslie-group-ltd,myjobquote
clearflow drainage solutions ltd,,Power Showers Pump,,,5,1,,ID Checked,,,Jul 2025,https://www.myjobquote.co.uk/t/clearflow-drainage-solutions-ltd,myjobquote
MCH Plumbing and Heating ltd,,Power Showers Pump,,,5,3,,ID Checked,,,2024,https://www.myjobquote.co.uk/t/mch-plumbing-and-heating-ltd,myjobquote
Chas Stewart Plumbing & Heating Ltd,,Power Showers Pump,,,5,78,,ID Checked; Public Liability Insurance,,,1978,https://www.myjobquote.co.uk/t/chas-stewart-plumbing-heating-ltd,myjobquote
Can Do Plumbing,,Power Showers Pump,,,5,7,07418360832,ID Checked,,,2022,https://www.myjobquote.co.uk/t/can-do-plumbing,myjobquote
A J Cross plumbing heating and gas services ltd,,Power Showers Pump,,,5,1,,ID Checked,,,2023,https://www.myjobquote.co.uk/t/a-j-cross-plumbing-heating-and-gas-services-ltd,myjobquote
Edinburgh Elite Plumbers,,Power Showers Pump,,,5,1,,ID Checked; Public Liability Insurance,,,2019,https://www.myjobquote.co.uk/t/edinburgh-elite-plumbers,myjobquote
Ignite plumbing and heating perth,,Power Showers Pump,,,5,19,07418349644,ID Checked,,,2019,https://www.myjobquote.co.uk/t/ignite-plumbing-and-heating-perth,myjobquote
Ap Contracts,,Power Showers Pump,,,5,9,,ID Checked,,,2011,https://www.myjobquote.co.uk/t/ap-contracts,myjobquote
East Coast plumbing and heating,,Power Showers Pump,,,5,12,,ID Checked,,,2019,https://www.myjobquote.co.uk/t/east-coast-plumbing-and-heating,myjobquote
Copper Heating LTD,,Power Showers Pump,,,5,7,,ID Checked,,,2020,https://www.myjobquote.co.uk/t/copper-heating-ltd,myjobquote
ValorFlowPlumbingLtd,,Power Showers Pump,,,4.7,3,,ID Checked,,,2024,https://www.myjobquote.co.uk/t/valorflowplumbingltd,myjobquote
M Swanson domestic plumbing services,,Power Showers Pump,,,5,3,,ID Checked,,,Apr 2024,https://www.myjobquote.co.uk/t/m-swanson-domestic-plumbing-services,myjobquote
Gyle plumbing and heating,,Power Showers Pump,,,5,3,,ID Checked,,,Jul 2024,https://www.myjobquote.co.uk/t/gyle-plumbing-and-heating,myjobquote
GILLAN HEAT AND FLOW LTD,,Power Showers Pump,,,5,2,,ID Checked,,,2021,https://www.myjobquote.co.uk/t/gillan-heat-and-flow-ltd,myjobquote
Oak & Stone Wood Craft,,Power Showers Pump,,,5,8,,ID Checked,,,2013,https://www.myjobquote.co.uk/t/oak-stone-wood-craft,myjobquote
Nelsons Plumbing & Maintenance,,Power Showers Pump,,,4.9,58,,ID Checked,,,2009,https://www.myjobquote.co.uk/t/nelsons-plumbing-maintenance,myjobquote
Luca Plumbing,,Power Showers Pump,,,4.9,15,,ID Checked,,,2022,https://www.myjobquote.co.uk/t/luca-plumbing,myjobquote
Standard Deluxe,,Power Showers Pump,,,5,1,,ID Checked,,,Oct 2022,https://www.myjobquote.co.uk/t/standard-deluxe,myjobquote
Steven Murray,,Power Showers Pump,,,5,1,,ID Checked,,,Jul 2023,https://www.myjobquote.co.uk/t/steven-murray,myjobquote
Shaun bozier home improvements,,Power Showers Pump,,,5,236,,ID Checked,,,1989,https://www.myjobquote.co.uk/t/shaun-bozier-home-improvements,myjobquote
Gowin services T/a Dyno,,Power Showers Pump,,,4,1,,ID Checked,,,2009,https://www.myjobquote.co.uk/t/gowin-services-ta-dyno,myjobquote
City Plumbers Edinburgh,,Power Showers Pump,,,5,2,,ID Checked,,,2013,https://www.myjobquote.co.uk/t/city-plumbers-edinburgh-1,myjobquote
Edinscot Property Care LTD,,Power Showers Pump,,,4.68,0,,ID Checked,,,2022,https://www.myjobquote.co.uk/t/edinscot-property-care-ltd,myjobquote
RITCHIE & MACINTOSH LTD,,Power Showers Pump,,,4.68,0,,ID Checked,,,Feb 2023,https://www.myjobquote.co.uk/t/ritchie-macintosh-ltd,myjobquote
Celsius Plumbing & Heating,,Power Showers Pump,,,4.68,0,,ID Checked,,,Oct 2024,https://www.myjobquote.co.uk/t/celsius-plumbing-heating,myjobquote
DM Plumbing and Heating,,Power Showers Pump,,,4.68,0,,ID Checked,,,2002,https://www.myjobquote.co.uk/t/dm-plumbing-and-heating-3,myjobquote
Topfix Renovations,,Power Showers Pump,,,4.68,0,,ID Checked,,,2013,https://www.myjobquote.co.uk/t/topfix-renovations,myjobquote
LA Gas & Heating,,Power Showers Pump,,,4.68,0,,ID Checked,,,2024,https://www.myjobquote.co.uk/t/la-gas-heating,myjobquote
H-M heating,,Power Showers Pump,,,4.68,0,,ID Checked,,,2022,https://www.myjobquote.co.uk/t/h-m-heating,myjobquote
H-M heating,,Power Showers Pump,,,4.68,0,,ID Checked,,,Jan 2024,https://www.myjobquote.co.uk/t/integrity-plumbing,myjobquote
Declan McFadden,,Power Showers Pump,,,4.68,0,,ID Checked,,,2025,https://www.myjobquote.co.uk/t/declan-mcfadden,myjobquote
Elite Plumbing & Renovations,,Power Showers Pump,,,4.68,0,,ID Checked,,,May 2025,https://www.myjobquote.co.uk/t/elite-plumbing-renovations,myjobquote
darren thomson plumbing and heating,,Power Showers Pump,,,4.68,0,,ID Checked,,,2023,https://www.myjobquote.co.uk/t/darren-thomson-plumbing-and-heating,myjobquote
DR Plumbing & Heating,,Power Showers Pump,,,4.68,0,,ID Checked,,,2019,https://www.myjobquote.co.uk/t/dr-plumbing-heating-2,myjobquote
Harry Osborne,,Power Showers Pump,,,4.68,0,,,,,May 2024,https://www.myjobquote.co.uk/t/harry-osborne,myjobquote
Harry Osborne,,Power Showers Pump,,,4.68,0,,ID Checked,,,2024,https://www.myjobquote.co.uk/t/cwf-plumbing-heating-services,myjobquote
Imrie Plumbing,,Power Showers Pump,,,4.68,0,,ID Checked,,,Jan 2026,https://www.myjobquote.co.uk/t/imrie-plumbing,myjobquote
Imrie Plumbing,,Power Showers Pump,,,4.68,0,,ID Checked,,,2022,https://www.myjobquote.co.uk/t/capital-plumbing,myjobquote
Jack murray P&H,,Power Showers Pump,,,4.68,0,,ID Checked,,,Sep 2022,https://www.myjobquote.co.uk/t/jack-murray-ph,myjobquote
Jack murray P&H,,Power Showers Pump,,,4.68,0,,ID Checked,,,2017,https://www.myjobquote.co.uk/t/dac-plumbingheating,myjobquote
AA Property Care Ltd,,Power Showers Pump,,,4.68,0,,ID Checked,,,2015,https://www.myjobquote.co.uk/t/aa-property-care-ltd,myjobquote
Gas services east lothian,,Power Showers Pump,,,4.68,0,,,,,May 2025,https://www.myjobquote.co.uk/t/gas-services-east-lothian,myjobquote
Gas services east lothian,,Power Showers Pump,,,4.68,0,,,,,May 2025,https://www.myjobquote.co.uk/t/the-plumber-247-ltd,myjobquote
F Finlayson and sons Plumbing & Tiling,,Power Showers Pump,,,4.68,0,,ID Checked,,,Sep 2023,https://www.myjobquote.co.uk/t/f-finlayson-and-sons-plumbing-tiling,myjobquote
CMC PLUMBING,,Power Showers Pump,,,4.68,0,,ID Checked,,,Mar 2024,https://www.myjobquote.co.uk/t/cmc-plumbing-1,myjobquote
SC plumbing services,,Power Showers Pump,,,4.68,0,,,,,Jul 2025,https://www.myjobquote.co.uk/t/sc-plumbing-services,myjobquote
SC plumbing services,,Power Showers Pump,,,4.68,0,,,,,Oct 2024,https://www.myjobquote.co.uk/t/prestige-contracts,myjobquote
Prestige contracts,,Power Showers Pump,,,4.68,0,,,,,Jan 2025,https://www.myjobquote.co.uk/t/morgan-scotland,myjobquote
Nathan hill plumbing,,Power Showers Pump,,,4.68,0,,,,,Jan 2026,https://www.myjobquote.co.uk/t/nathan-hill-plumbing,myjobquote
Nathan hill plumbing,,Power Showers Pump,,,4.68,0,,ID Checked,,,Jan 2026,https://www.myjobquote.co.uk/t/dwd-plumbing-services,myjobquote
Nathan,,Power Showers Pump,,,4.68,0,,ID Checked,,,Feb 2026,https://www.myjobquote.co.uk/t/nathan-119,myjobquote
Henderson plumbing services,,Power Showers Pump,,,4.68,0,,ID Checked,,,2012,https://www.myjobquote.co.uk/t/henderson-plumbing-services,myjobquote
John wood,,Power Showers Pump,,,5,1,,ID Checked,,,Mar 2024,https://www.myjobquote.co.uk/t/john-wood-3,myjobquote
McLean & sons plumbers/general builders,,Power Showers Pump,,,5,1,,,,,2025,https://www.myjobquote.co.uk/t/mclean-sons-plumbersgeneral-builders,myjobquote
SMG Plumbing & Heating Solutions,,Power Showers Pump,,,4,6,,ID Checked,,,Jan 2019,https://www.myjobquote.co.uk/t/smg-plumbing-heating-solutions,myjobquote
Edinscot Bathrooms and plumbing,,Power Showers Pump,,,4.68,0,,ID Checked,,,2018,https://www.myjobquote.co.uk/t/edinscot-bathrooms-and-plumbing,myjobquote
Stuart,,Power Showers Pump,,,4.68,0,,ID Checked,,,Mar 2023,https://www.myjobquote.co.uk/t/stuart-26,myjobquote
Stuart,,Power Showers Pump,,,4.68,0,,ID Checked,,,Jun 2023,https://www.myjobquote.co.uk/t/specific-plumbing-and-gas-services-ltd,myjobquote
Oriel Property Maintenance,,Power Showers Pump,,,4.68,0,,,,,Feb 2023,https://www.myjobquote.co.uk/t/oriel-property-maintenance,myjobquote
Comfort plumbing and heating,,Power Showers Pump,,,4.68,0,,,,,Jan 2024,https://www.myjobquote.co.uk/t/comfort-plumbing-and-heating,myjobquote
Comfort plumbing and heating,,Power Showers Pump,,,4.68,0,,,,,Jan 2024,https://www.myjobquote.co.uk/t/steven-smith-4,myjobquote
SK Plumbing and Installations,,Power Showers Pump,,,5,2,,ID Checked,,,2023,https://www.myjobquote.co.uk/t/sk-plumbing-and-installations,myjobquote
DFM Plumbing Services,,Power Showers Pump,,,5,4,,ID Checked,,,Feb 2026,https://www.myjobquote.co.uk/t/dfm-plumbing-services,myjobquote
Individual trader,,Power Showers Pump,,,5,24,,ID Checked,,,2022,https://www.myjobquote.co.uk/t/individual-trader,myjobquote
McLean Water Services ltd,,Power Showers Pump,,,5,58,,ID Checked,,,2023,https://www.myjobquote.co.uk/t/mclean-water-services-ltd,myjobquote
Southside plumbers,,Power Showers Pump,,,5,5,,ID Checked,,,2025,https://www.myjobquote.co.uk/t/southside-plumbers,myjobquote
Express Plumbibg,,Power Showers Pump,,,5,1,,ID Checked,,,Oct 2024,https://www.myjobquote.co.uk/t/express-plumbibg,myjobquote
24/7 emergency plumbing services ltd,,Power Showers Pump,,,5,1,,ID Checked; Public Liability Insurance,,,2018,https://www.myjobquote.co.uk/t/247-emergency-plumbing-services-ltd,myjobquote
Marshall plumbing,,Power Showers Pump,,,4,1,,ID Checked,,,Jan 2026,https://www.myjobquote.co.uk/t/marshall-plumbing,myjobquote
O&#039;Neil Plumbing & Heating Services,,Power Showers Pump,,,5,54,,ID Checked,,,2019,https://www.myjobquote.co.uk/t/oneil-plumbing-heating-services,myjobquote
ERC Service & Repairs,,Power Showers Pump,,,5,4,,ID Checked,,,2015,https://www.myjobquote.co.uk/t/erc-service-repairs,myjobquote
Stephen Thomson Plumbing & Heating,,Power Showers Pump,,,5,7,,ID Checked,,,2024,https://www.myjobquote.co.uk/t/stephen-thomson-plumbing-heating,myjobquote
JL plumbing and heating,,Power Showers Pump,,,5,19,,ID Checked,,,2014,https://www.myjobquote.co.uk/t/jl-plumbing-and-heating-3,myjobquote
QuickFix Plumbing & Heating LTD,,Power Showers Pump,,,5,1,,ID Checked,,,2005,https://www.myjobquote.co.uk/t/quickfix-plumbing-heating-ltd,myjobquote
JaJ plumbing and heating,,Power Showers Pump,,,5,2,,ID Checked,,,2018,https://www.myjobquote.co.uk/t/jaj-plumbing-and-heating,myjobquote
SM Bathroom Solutions,,Power Showers Pump,,,5,9,,ID Checked,,,Sep 2025,https://www.myjobquote.co.uk/t/sm-bathroom-solutions,myjobquote
AIM Plumbing and Heating,,Power Showers Pump,,,5,1,,ID Checked; Public Liability Insurance,,,2025,https://www.myjobquote.co.uk/t/aim-plumbing-and-heating,myjobquote
Switch Heat,,Power Showers Pump,,,5,1,,ID Checked,,,2023,https://www.myjobquote.co.uk/t/switch-heat,myjobquote
All trades home improvements,,Power Showers Pump,,,5,11,,ID Checked,,,2022,https://www.myjobquote.co.uk/t/all-trades-home-improvements,myjobquote
Stuart,,Power Showers Pump,,,5,10,,ID Checked,,,2020,https://www.myjobquote.co.uk/t/stuart-27,myjobquote
HeatLink Gas and Plumbing,,Power Showers Pump,,,5,1,,ID Checked,,,2024,https://www.myjobquote.co.uk/t/heatlink-gas-and-plumbing,myjobquote
Showers and Taps Glasgow,,Power Showers Pump,,,5,2,,ID Checked; Public Liability Insurance,,,2011,https://www.myjobquote.co.uk/t/showers-and-taps-glasgow,myjobquote
Busby Boilers,,Power Showers Pump,,,5,1,,ID Checked,,,Jan 2025,https://www.myjobquote.co.uk/t/busby-boilers,myjobquote
GlasFlow Plumbing & Heating,,Power Showers Pump,,,5,1,,ID Checked,,,2018,https://www.myjobquote.co.uk/t/glasflow-plumbing-heating,myjobquote
ARCHIES HEATING & PLUMBING,,Power Showers Pump,,,4.7,9,,ID Checked,,,2020,https://www.myjobquote.co.uk/t/archies-heating-plumbing,myjobquote
Yes plumbing,,Power Showers Pump,,,4.9,16,,ID Checked,,,2015,https://www.myjobquote.co.uk/t/yes-plumbing,myjobquote
Infinitely green,,Power Showers Pump,,,5,1,,ID Checked,,,Apr 2020,https://www.myjobquote.co.uk/t/infinitely-green,myjobquote
Gas compliance,,Power Showers Pump,,,5,14,,ID Checked,,,2014,https://www.myjobquote.co.uk/t/gas-compliance,myjobquote
JD Plumbing,,Power Showers Pump,,,5,2,,ID Checked,,,2024,https://www.myjobquote.co.uk/t/jd-plumbing-5,myjobquote
Pro Plumbing 247 ltd.,,Power Showers Pump,,,4.7,3,,ID Checked,,,May 2024,https://www.myjobquote.co.uk/t/pro-plumbing-247-ltd,myjobquote
West end all trades,,Power Showers Pump,,,4.8,34,,ID Checked,,,2010,https://www.myjobquote.co.uk/t/west-end-all-trades,myjobquote
cnp plumbing solutions,,Power Showers Pump,,,4.8,1,,ID Checked,,,Jul 2018,https://www.myjobquote.co.uk/t/cnp-plumbing-solutions,myjobquote
LM Plumbing & Heating,,Power Showers Pump,,,4.9,46,,ID Checked,,,2008,https://www.myjobquote.co.uk/t/lm-plumbing-heating,myjobquote
Glasgow Plumbing & Handyman Services,,Power Showers Pump,,,5,8,,ID Checked; Public Liability Insurance,,,2018,https://www.myjobquote.co.uk/t/glasgow-plumbing-handyman-services,myjobquote
PlumbPete,,Power Showers Pump,,,5,11,,ID Checked,,,2016,https://www.myjobquote.co.uk/t/plumbpete,myjobquote
Electric action,,Power Showers Pump,,,4.68,0,,ID Checked,,,Nov 2018,https://www.myjobquote.co.uk/t/electric-action,myjobquote
Electric action,,Power Showers Pump,,,4.68,0,,,,,May 2024,https://www.myjobquote.co.uk/t/jack-allan-services,myjobquote
National Contracts Company,,Power Showers Pump,,,4.68,0,,ID Checked,,,2006,https://www.myjobquote.co.uk/t/national-contracts-company,myjobquote
Mckenna plumbing & heating services,,Power Showers Pump,,,4.68,0,,ID Checked,,,Aug 2025,https://www.myjobquote.co.uk/t/mckenna-plumbing-heating-services,myjobquote
Mckenna plumbing & heating services,,Power Showers Pump,,,4.68,0,,Public Liability Insurance,,,Jan 2024,https://www.myjobquote.co.uk/t/smarter-plumbing-and-property-services,myjobquote
Construction ss,,Power Showers Pump,,,4.68,0,,Public Liability Insurance,,,2025,https://www.myjobquote.co.uk/t/construction-ss,myjobquote
Construction ss,,Power Showers Pump,,,4.68,0,,ID Checked,,,2023,https://www.myjobquote.co.uk/t/ncd-plumbing-1,myjobquote
EWS Plumbing Services,,Power Showers Pump,,,4.68,0,,ID Checked,,,Oct 2023,https://www.myjobquote.co.uk/t/ews-plumbing-services,myjobquote
DK Plumbing,,Power Showers Pump,,,4.68,0,,ID Checked,,,Apr 2024,https://www.myjobquote.co.uk/t/dk-plumbing,myjobquote
Vanguard Plumbing,,Power Showers Pump,,,4.68,0,,ID Checked,,,Mar 2022,https://www.myjobquote.co.uk/t/vanguard-plumbing,myjobquote
Vanguard Plumbing,,Power Showers Pump,,,4.68,0,,ID Checked,,,Jan 2024,https://www.myjobquote.co.uk/t/tjr-plumbing-limited,myjobquote
T.J.R Plumbing Limited,,Power Showers Pump,,,4.68,0,,,,,Sep 2023,https://www.myjobquote.co.uk/t/suarez-plumbing-heating,myjobquote
McAdam Plumbing Services,,Power Showers Pump,,,4.68,0,,,,,Nov 2024,https://www.myjobquote.co.uk/t/mcadam-plumbing-services,myjobquote
Jameswalton,,Power Showers Pump,,,4.68,0,,ID Checked,,,Feb 2025,https://www.myjobquote.co.uk/t/jameswalton,myjobquote
Jameswalton,,Power Showers Pump,,,4.68,0,,ID Checked,,,Feb 2025,https://www.myjobquote.co.uk/t/sanday,myjobquote
S Long plumbing,,Power Showers Pump,,,4.68,0,,,,,Apr 2025,https://www.myjobquote.co.uk/t/s-long-plumbing,myjobquote
S Long plumbing,,Power Showers Pump,,,4.68,0,,ID Checked,,,Jul 2023,https://www.myjobquote.co.uk/t/bm-bathrooms,myjobquote
ROK Plumbing & Heating,,Power Showers Pump,,,4.68,0,,ID Checked,,,Jan 2024,https://www.myjobquote.co.uk/t/rok-plumbing-heating,myjobquote
1 Point Plumbing And Heating Services,,Power Showers Pump,,,4.68,0,,ID Checked,,,2000,https://www.myjobquote.co.uk/t/1-point-plumbing-and-heating-services,myjobquote
lewis,,Power Showers Pump,,,4.68,0,,ID Checked,,,2023,https://www.myjobquote.co.uk/t/lewis-72,myjobquote
VG_Plumber,,Power Showers Pump,,,4.68,0,,,,,2011,https://www.myjobquote.co.uk/t/vg-plumber,myjobquote
Taurus,,Power Showers Pump,,,4.68,0,,ID Checked,,,Sep 2024,https://www.myjobquote.co.uk/t/taurus-1,myjobquote
FB Plumbing & Heating,,Power Showers Pump,,,4.68,0,,ID Checked,,,Jan 2025,https://www.myjobquote.co.uk/t/fb-plumbing-heating,myjobquote
Steve Jones,,Power Showers Pump,,,4.68,0,,ID Checked,,,2005,https://www.myjobquote.co.uk/t/steve-jones-4,myjobquote
SB Plumbing,,Power Showers Pump,,,4.68,0,,ID Checked,,,2024,https://www.myjobquote.co.uk/t/sb-plumbing-4,myjobquote
DuffyPlumbing&Heating,,Power Showers Pump,,,4.68,0,,ID Checked,,,Aug 2024,https://www.myjobquote.co.uk/t/duffyplumbingheating,myjobquote
DuffyPlumbing&Heating,,Power Showers Pump,,,4.68,0,,ID Checked,,,Aug 2024,https://www.myjobquote.co.uk/t/jfraser-plumbing-and-heating-1,myjobquote
West end plumbing,,Power Showers Pump,,,4.68,0,,ID Checked,,,2004,https://www.myjobquote.co.uk/t/west-end-plumbing,myjobquote
MASH FiX plumbing and heating,,Power Showers Pump,,,4.68,0,,ID Checked,,,Oct 2024,https://www.myjobquote.co.uk/t/mash-fix-plumbing-and-heating,myjobquote
Joseph,,Power Showers Pump,,,4.68,0,,ID Checked,,,Oct 2025,https://www.myjobquote.co.uk/t/joseph-85,myjobquote
AD Plumbing LTD,,Power Showers Pump,,,4.68,0,,,,,2001,https://www.myjobquote.co.uk/t/ad-plumbing-ltd,myjobquote
AD Plumbing LTD,,Power Showers Pump,,,4.68,0,,,,,Feb 2025,https://www.myjobquote.co.uk/t/grb-plumbing-and-heating,myjobquote
Evercrest P&H Solutions Ltd,,Power Showers Pump,,,4.68,0,,,,,May 2025,https://www.myjobquote.co.uk/t/evercrest-ph-solutions-ltd,myjobquote
SDB PLUMBING AND HEATING,,Power Showers Pump,,,4.68,0,,,,,,https://www.myjobquote.co.uk/t/sdb-plumbing-and-heating-2,myjobquote
Hygendro,,Power Showers Pump,,,5,5,,ID Checked,,,Jun 2025,https://www.myjobquote.co.uk/t/hygendro,myjobquote
Hydrobathrooms Ltd,,Power Showers Pump,,,5,16,,ID Checked,,,Feb 2024,https://www.myjobquote.co.uk/t/hydrobathrooms-ltd,myjobquote
Darren,,Power Showers Pump,,,4.9,1,,ID Checked,,,Sep 2023,https://www.myjobquote.co.uk/t/darren-92,myjobquote
ZS Maintenance Ltd,,Power Showers Pump,,,5,3,,ID Checked,,,2023,https://www.myjobquote.co.uk/t/zs-maintenance-ltd,myjobquote
JE Plumbing,,Power Showers Pump,,,5,3,,ID Checked,,,Sep 2023,https://www.myjobquote.co.uk/t/je-plumbing,myjobquote
Express Plumbing,,Power Showers Pump,,,5,7,,ID Checked,,,2020,https://www.myjobquote.co.uk/t/express-plumbing-1,myjobquote
Dynamic,,Power Showers Pump,,,4.68,0,,ID Checked,,,Apr 2020,https://www.myjobquote.co.uk/t/dynamic-4,myjobquote
Dynamic,,Power Showers Pump,,,4.68,0,,ID Checked,,,Jan 2024,https://www.myjobquote.co.uk/t/banouri-co,myjobquote
Banouri & Co,,Power Showers Pump,,,4.68,0,,,,,Oct 2022,https://www.myjobquote.co.uk/t/aiden-26,myjobquote
aiden,,Power Showers Pump,,,4.68,0,,,,,Jun 2025,https://www.myjobquote.co.uk/t/dm-plumbing-1,myjobquote
Jamie Healy,,Power Showers Pump,,,4.68,0,,,,,Mar 2024,https://www.myjobquote.co.uk/t/jamie-healy,myjobquote
D Goldie plumbing and heating,,Power Showers Pump,,,4.68,0,,,,,Jul 2023,https://www.myjobquote.co.uk/t/d-goldie-plumbing-and-heating,myjobquote
D Goldie plumbing and heating,,Power Showers Pump,,,4.68,0,,ID Checked,,,2025,https://www.myjobquote.co.uk/t/david-martin-home-improvements,myjobquote
original city group ltd,,Power Showers Pump,,,4.68,0,,ID Checked,,,Dec 2017,https://www.myjobquote.co.uk/t/original-city-group-ltd,myjobquote
original city group ltd,,Power Showers Pump,,,4.68,0,,,,,Aug 2023,https://www.myjobquote.co.uk/t/lee-hynes,myjobquote
lee hynes,,Power Showers Pump,,,4.68,0,,,,,Mar 2023,https://www.myjobquote.co.uk/t/wm-plumbing-and-maintenance,myjobquote
Anjudevi,,Power Showers Pump,,,4.68,0,,,,,Jan 2025,https://www.myjobquote.co.uk/t/anjudevi,myjobquote
Anjudevi,,Power Showers Pump,,,4.68,0,,,,,Jan 2024,https://www.myjobquote.co.uk/t/hania-plumbing,myjobquote
Gondal,,Power Showers Pump,,,4.68,0,,,,,Nov 2024,https://www.myjobquote.co.uk/t/gondal,myjobquote
G&A PLUMBERS,,Power Showers Pump,,,4.9,68,,ID Checked,,,Apr 2020,https://www.myjobquote.co.uk/t/ga-plumbers,myjobquote
LDA Plumbheat Solutions,,Power Showers Pump,,,4.68,0,,ID Checked,,,Jun 2023,https://www.myjobquote.co.uk/t/lda-plumbheat-solutions,myjobquote
LDA Plumbheat Solutions,,Power Showers Pump,,,4.68,0,,,,,Sep 2023,https://www.myjobquote.co.uk/t/aquatech-engineering,myjobquote
Electrician,,Power Showers Pump,,,4.68,0,,,,,Jan 2025,https://www.myjobquote.co.uk/t/electrician-90,myjobquote
Electrician,,Power Showers Pump,,,4.68,0,,,,,Oct 2023,https://www.myjobquote.co.uk/t/aaron-144,myjobquote
Daniel Ryan,,Power Showers Pump,,,4.68,0,,,,,Jan 2026,https://www.myjobquote.co.uk/t/daniel-ryan-1,myjobquote
Daniel Ryan,,Power Showers Pump,,,4.68,0,,,,,Aug 2024,https://www.myjobquote.co.uk/t/cohan,myjobquote
Cohan,,Power Showers Pump,,,4.68,0,,,,,Apr 2023,https://www.myjobquote.co.uk/t/abh-plumbing-services,myjobquote
GMC plumbing and heating,,Power Showers Pump,,,5,2,,ID Checked,,,Jan 2026,https://www.myjobquote.co.uk/t/gmc-plumbing-and-heating,myjobquote
TrueFix Property Services Ltd,,Power Showers Pump,,,4.68,0,,ID Checked,,,,https://www.myjobquote.co.uk/t/truefix-property-services-ltd,myjobquote
Summers Plumbers,,Power Showers Pump,,,5,15,,ID Checked,,,Oct 2024,https://www.myjobquote.co.uk/t/summers-plumbers,myjobquote
DPR Plumbing,,Power Showers Pump,,,4.68,0,,ID Checked,,,Nov 2025,https://www.myjobquote.co.uk/t/dpr-plumbing,myjobquote
DPR Plumbing,,Power Showers Pump,,,4.68,0,,ID Checked,,,Mar 2022,https://www.myjobquote.co.uk/t/eillah-plumbing,myjobquote
Eillah plumbing,,Power Showers Pump,,,4.68,0,,ID Checked,,,Jul 2024,https://www.myjobquote.co.uk/t/kai-hamilton,myjobquote
Kai Hamilton,,Power Showers Pump,,,4.68,0,,,,,Nov 2025,https://www.myjobquote.co.uk/t/tracey-5,myjobquote
JHC gas and plumbing,,Power Showers Pump,,,5,14,,ID Checked,,,2015,https://www.myjobquote.co.uk/t/jhc-gas-and-plumbing,myjobquote
Chris Soutar Plumbing & Heating LTD,,Power Showers Pump,,,5,5,,ID Checked,,,2016,https://www.myjobquote.co.uk/t/chris-soutar-plumbing-heating-ltd,myjobquote
Eco Ready Energy Solutions,,Power Showers Pump,,,4,30,,Public Liability Insurance,,,2020,https://www.myjobquote.co.uk/t/eco-ready-energy-solutions,myjobquote
OLM Property Solutions Ltd,,Power Showers Pump,,,4,6,,ID Checked; Public Liability Insurance,,,2024,https://www.myjobquote.co.uk/t/olm-property-solutions-ltd,myjobquote
Budding Rod Ltd,,Power Showers Pump,,,5,28,,ID Checked,,,2025,https://www.myjobquote.co.uk/t/budding-rod-ltd,myjobquote
Ecoheat Glasgow Ltd,,Power Showers Pump,,,5,1,,ID Checked,,,2022,https://www.myjobquote.co.uk/t/ecoheat-glasgow-ltd,myjobquote
PM Gas,,Power Showers Pump,,,5,2,,ID Checked; Public Liability Insurance,,,,https://www.myjobquote.co.uk/t/pm-gas,myjobquote
Jds plumbing,,Power Showers Pump,,,5,18,07418360279,ID Checked,,,2014,https://www.myjobquote.co.uk/t/jds-plumbing-1,myjobquote
RB Contractor,,Power Showers Pump,,,5,17,,ID Checked,,,2022,https://www.myjobquote.co.uk/t/rb-contractor,myjobquote
Goodlads Property Services,,Power Showers Pump,,,5,20,,ID Checked,,,2017,https://www.myjobquote.co.uk/t/goodlads-property-services,myjobquote
Johnmac,,Power Showers Pump,,,5,1,,ID Checked; Public Liability Insurance,,,2024,https://www.myjobquote.co.uk/t/johnmac,myjobquote
William Mowat,,Power Showers Pump,,,5,4,,ID Checked,,,2023,https://www.myjobquote.co.uk/t/william-mowat,myjobquote
Enchanting Essentials,,Power Showers Pump,,,5,1,,ID Checked,,,Feb 2021,https://www.myjobquote.co.uk/t/enchanting-essentials,myjobquote
Pro Pipez Plumbing & Heating.,,Power Showers Pump,,,4.9,20,,ID Checked,,,2015,https://www.myjobquote.co.uk/t/pro-pipez-plumbing-heating,myjobquote
Premier Gas Installs,,Power Showers Pump,,,5,39,,ID Checked; Public Liability Insurance,,,2020,https://www.myjobquote.co.uk/t/premier-gas-installs-1,myjobquote
intellect plumbing and heating,,Power Showers Pump,,,5,1,,ID Checked,,,May 2024,https://www.myjobquote.co.uk/t/intellect-plumbing-and-heating,myjobquote
KD plumbing and heating,,Power Showers Pump,,,5,1,,ID Checked,,,May 2023,https://www.myjobquote.co.uk/t/kd-plumbing-and-heating,myjobquote
Breakthrough Plumbing & Heating,,Power Showers Pump,,,4.9,7,,ID Checked; Public Liability Insurance,,,2021,https://www.myjobquote.co.uk/t/breakthrough-plumbing-heating,myjobquote
Bespoke home improvements,,Power Showers Pump,,,5,1,,ID Checked,,,2021,https://www.myjobquote.co.uk/t/bespoke-home-improvements,myjobquote
Act Gas & Plumbing,,Power Showers Pump,,,5,2,,ID Checked,,,2016,https://www.myjobquote.co.uk/t/act-gas-plumbing,myjobquote
Premier Heating & Mechanical services ltd,,Power Showers Pump,,,4.68,0,,ID Checked,,,Jun 2018,https://www.myjobquote.co.uk/t/premier-heating-mechanical-services-ltd,myjobquote
FSR Heating,,Power Showers Pump,,,4.68,0,,ID Checked,,,2021,https://www.myjobquote.co.uk/t/fsr-heating,myjobquote
Andrew Flaws,,Power Showers Pump,,,4.68,0,,ID Checked,,,Sep 2024,https://www.myjobquote.co.uk/t/andrew-flaws,myjobquote
I have my level 2 nvq in Constuction and ground if thatt helps? works,,Power Showers Pump,,,4.68,0,,,,,Jan 2022,https://www.myjobquote.co.uk/t/i-have-my-level-2-nvq-in-constuction-and-ground-if-thatt-helps-works,myjobquote
John stewart,,Power Showers Pump,,,4.68,0,,ID Checked,,,Oct 2023,https://www.myjobquote.co.uk/t/john-stewart-1,myjobquote
Ryan v,,Power Showers Pump,,,4.68,0,,ID Checked,,,Jan 2025,https://www.myjobquote.co.uk/t/ryan-v,myjobquote
Jamie Spence Plumbing&Heating,,Power Showers Pump,,,4.68,0,,,,,Mar 2025,https://www.myjobquote.co.uk/t/jamie-spence-plumbingheating,myjobquote
Plumbing & Heating 1,,Power Showers Pump,,,4.68,0,,ID Checked,,,2010,https://www.myjobquote.co.uk/t/plumbing-heating-1-1,myjobquote
Daryl Pender Plumbing & Heating,,Power Showers Pump,,,4.68,0,,ID Checked,,,2019,https://www.myjobquote.co.uk/t/daryl-pender-plumbing-heating,myjobquote
Imre Horvath,,Power Showers Pump,,,4.68,0,,ID Checked,,,Jan 2023,https://www.myjobquote.co.uk/t/imre-horvath,myjobquote
Jake Stirling,,Power Showers Pump,,,4.68,0,,,,,Apr 2024,https://www.myjobquote.co.uk/t/jake-stirling,myjobquote
Jake Stirling,,Power Showers Pump,,,4.68,0,,,,,2019,https://www.myjobquote.co.uk/t/jlowrie,myjobquote
J.lowrie,,Power Showers Pump,,,4.68,0,,ID Checked,,,May 2024,https://www.myjobquote.co.uk/t/mbm-plumbing,myjobquote
Hearing and plumbing,,Power Showers Pump,,,4.68,0,,ID Checked,,,Jan 2022,https://www.myjobquote.co.uk/t/hearing-and-plumbing,myjobquote
FFP plumbing and heating,,Power Showers Pump,,,4.68,0,,ID Checked,,,Oct 2023,https://www.myjobquote.co.uk/t/ffp-plumbing-and-heating,myjobquote
AB installations,,Power Showers Pump,,,4.68,0,,ID Checked,,,2003,https://www.myjobquote.co.uk/t/ab-installations,myjobquote
JC plumbing n heating,,Power Showers Pump,,,4.68,0,,ID Checked; Public Liability Insurance,,,Jan 2024,https://www.myjobquote.co.uk/t/jc-plumbing-n-heating,myjobquote
Chris Mclaughlan,,Power Showers Pump,,,4.68,0,,ID Checked,,,Jan 2019,https://www.myjobquote.co.uk/t/chris-mclaughlan,myjobquote
Stuart Hepburn,,Power Showers Pump,,,4.68,0,,ID Checked,,,Aug 2023,https://www.myjobquote.co.uk/t/stuart-hepburn,myjobquote
Your gas and energy,,Power Showers Pump,,,4.68,0,,ID Checked,,,2009,https://www.myjobquote.co.uk/t/your-gas-and-energy,myjobquote
Brothers Heating & Plumbing,,Power Showers Pump,,,4.68,0,,ID Checked,,,2024,https://www.myjobquote.co.uk/t/brothers-heating-plumbing,myjobquote
Precise Trader specialist&#039;s,,Power Showers Pump,,,1,1,,ID Checked,,,2025,https://www.myjobquote.co.uk/t/precise-trader-specialists,myjobquote
Divine Plumbing & Heating,,Power Showers Pump,,,4.68,0,,ID Checked,,,Jun 2025,https://www.myjobquote.co.uk/t/divine-plumbing-heating,myjobquote
Millar Knowles,,Power Showers Pump,,,4.68,0,,,,,Nov 2023,https://www.myjobquote.co.uk/t/millar-knowles,myjobquote
JB Plumbing & Heating,,Power Showers Pump,,,4.68,0,,ID Checked,,,2019,https://www.myjobquote.co.uk/t/jb-plumbing-heating-8,myjobquote
Pmg central limited,,Power Showers Pump,,,4.68,0,,ID Checked,,,Nov 2025,https://www.myjobquote.co.uk/t/pmg-central-limited,myjobquote
Matthew,,Power Showers Pump,,,4.68,0,,ID Checked,,,Jan 2026,https://www.myjobquote.co.uk/t/matthew-142,myjobquote
lewis,,Power Showers Pump,,,4.68,0,,,,,Jun 2025,https://www.myjobquote.co.uk/t/lewis-220,myjobquote
Daniel Ryan,,Power Showers Pump,,,4.68,0,,Public Liability Insurance,,,Aug 2024,https://www.myjobquote.co.uk/t/paul-berry-plumbing,myjobquote
Cordy Heating,,Power Showers Pump,,,5,28,,ID Checked,,,Mar 2025,https://www.myjobquote.co.uk/t/cordy-heating,myjobquote
R d p plumbing,,Power Showers Pump,,,5,1,,ID Checked,,,Dec 2025,https://www.myjobquote.co.uk/t/r-d-p-plumbing,myjobquote
QF Plumbing,,Power Showers Pump,,,5,1,,ID Checked,,,2018,https://www.myjobquote.co.uk/t/qf-plumbing,myjobquote
Flawless Property Services LTD,,Power Showers Pump,,,5,14,,ID Checked,,,2022,https://www.myjobquote.co.uk/t/flawless-property-services-ltd,myjobquote
Ever Green Facilities Management,,Power Showers Pump,,,4.9,3,,ID Checked,,,2020,https://www.myjobquote.co.uk/t/ever-green-facilities-management,myjobquote
Asp Bathroom Specialist,,Power Showers Pump,,,4.8,25,,ID Checked,,,2005,https://www.myjobquote.co.uk/t/asp-bathroom-specialist,myjobquote
Jb plumbing solutions,,Power Showers Pump,,,4.68,0,,ID Checked; Public Liability Insurance,,,Jan 2020,https://www.myjobquote.co.uk/t/jb-plumbing-solutions-1,myjobquote
KJW plumbing Heating & Gas Ltd,,Power Showers Pump,,,4.68,0,,ID Checked,,,Jan 2026,https://www.myjobquote.co.uk/t/kjw-plumbing-heating-gas-ltd,myjobquote
veenpa@outlook.com,,Power Showers Pump,,,4.68,0,,ID Checked,,,Feb 2026,https://www.myjobquote.co.uk/t/veenpa-at-outlookcom,myjobquote
veenpa@outlook.com,,Power Showers Pump,,,4.68,0,,ID Checked,,,2005,https://www.myjobquote.co.uk/t/bathrooms-of-tomorrow-1,myjobquote
Serenity bathroom and plumbing ltd,,Power Showers Pump,,,4.68,0,,ID Checked,,,Sep 2022,https://www.myjobquote.co.uk/t/serenity-bathroom-and-plumbing-ltd,myjobquote
richard tate,,Power Showers Pump,,,4.68,0,,,,,Nov 2024,https://www.myjobquote.co.uk/t/richard-tate,myjobquote
richard tate,,Power Showers Pump,,,4.68,0,,,,,Mar 2022,https://www.myjobquote.co.uk/t/ds-plumbing-6,myjobquote
Sweet Heat,,Power Showers Pump,,,5,10,,ID Checked,,,Nov 2024,https://www.myjobquote.co.uk/t/sweet-heat,myjobquote
Swift Plumbing,,Power Showers Pump,,,5,2,,ID Checked,,,2020,https://www.myjobquote.co.uk/t/swift-plumbing,myjobquote
TUI PLUMBER,,Power Showers Pump,,,5,5,,ID Checked,,,Jan 2025,https://www.myjobquote.co.uk/t/tui-plumber,myjobquote
Jones gas and heating,,Power Showers Pump,,,5,4,,ID Checked,,,2019,https://www.myjobquote.co.uk/t/jones-gas-and-heating,myjobquote
COOKMECH Ltd,,Power Showers Pump,,,5,2,,ID Checked,,,2023,https://www.myjobquote.co.uk/t/cookmech-ltd,myjobquote
HA Plumbing Services,,Power Showers Pump,,,5,1,,ID Checked,,,2023,https://www.myjobquote.co.uk/t/ha-plumbing-services,myjobquote
Matthew,,Power Showers Pump,,,4.9,5,,ID Checked,,,2022,https://www.myjobquote.co.uk/t/matthew-12,myjobquote
Knightsheatingandplumbing,,Power Showers Pump,,,4.8,77,,ID Checked,,,2020,https://www.myjobquote.co.uk/t/knightsheatingandplumbing,myjobquote
Mrm plumbing and heating,,Power Showers Pump,,,4.68,0,,ID Checked,,,Dec 2015,https://www.myjobquote.co.uk/t/mrm-plumbing-and-heating-1,myjobquote
Dc gas & plumbing services,,Power Showers Pump,,,4.68,0,,ID Checked,,,Jan 2026,https://www.myjobquote.co.uk/t/dc-gas-plumbing-services,myjobquote
salahmzahrpoor@gmail.com,,Power Showers Pump,,,4.68,0,07418365644,,,,Apr 2025,https://www.myjobquote.co.uk/t/salahmzahrpoor-at-gmailcom,myjobquote
salahmzahrpoor@gmail.com,,Power Showers Pump,,,4.68,0,,,,,Jan 2025,https://www.myjobquote.co.uk/t/ryland-plumbing-and-heating,myjobquote
Ryland Plumbing And HEATING,,Power Showers Pump,,,4.68,0,,ID Checked,,,2011,https://www.myjobquote.co.uk/t/go-with-the-flow,myjobquote
Viking Refurbishments Ltd,,Power Showers Pump,,,4.68,0,,ID Checked,,,Mar 2019,https://www.myjobquote.co.uk/t/viking-refurbishments-ltd,myjobquote
N.williams plumbing and heating,,Power Showers Pump,,,4.68,0,,ID Checked,,,May 2022,https://www.myjobquote.co.uk/t/nwilliams-plumbing-and-heating,myjobquote
JJ Plumbing Services,,Power Showers Pump,,,,0,,ID Checked,,,2021,https://www.myjobquote.co.uk/t/jj-plumbing-services,myjobquote
Henry’s home service ( plumbing-building ),,Power Showers Pump,,,4.68,0,,ID Checked,,,Jun 2022,https://www.myjobquote.co.uk/t/henrys-home-service-plumbing-building,myjobquote
F33 Contractors,,Power Showers Pump,,,4.68,0,,ID Checked,,,Dec 2025,https://www.myjobquote.co.uk/t/f33-contractors,myjobquote
F33 Contractors,,Power Showers Pump,,,4.68,0,,ID Checked,,,2023,https://www.myjobquote.co.uk/t/jc-bathrooms,myjobquote
Joshua mae,,Power Showers Pump,,,4.68,0,,ID Checked,,,Mar 2019,https://www.myjobquote.co.uk/t/joshua-mae,myjobquote
A&L Electrical Heating and Plumbing,,Power Showers Pump,,,5,7,,ID Checked,,,2003,https://www.myjobquote.co.uk/t/al-electrical-heating-and-plumbing-1,myjobquote
Sg plumbing,,Power Showers Pump,,,5,1,,ID Checked,,,Mar 2020,https://www.myjobquote.co.uk/t/sg-plumbing-5,myjobquote
JJ plumbing and heating,,Power Showers Pump,,,5,1,,ID Checked,,,Dec 2025,https://www.myjobquote.co.uk/t/jj-plumbing-and-heating-3,myjobquote
G.greensill heating services,,Power Showers Pump,,,5,9,,ID Checked,,,2009,https://www.myjobquote.co.uk/t/ggreensill-heating-services,myjobquote
Matthew Wilson heating and plumbing,,Power Showers Pump,,,4.68,0,,ID Checked,,,May 2023,https://www.myjobquote.co.uk/t/matthew-wilson-heating-and-plumbing,myjobquote
Kalim,,Power Showers Pump,,,4.68,0,,ID Checked,,,Jun 2024,https://www.myjobquote.co.uk/t/kalim,myjobquote
Kalim,,Power Showers Pump,,,4.68,0,,,,,Jun 2024,https://www.myjobquote.co.uk/t/rjp-plumbing,myjobquote
RJP plumbing,,Power Showers Pump,,,4.68,0,,ID Checked,,,2020,https://www.myjobquote.co.uk/t/w-roberts,myjobquote
W Roberts,,Power Showers Pump,,,4.68,0,,ID Checked,,,Apr 2024,https://www.myjobquote.co.uk/t/livi-collins,myjobquote
Samuel partridge-wilson,,Power Showers Pump,,,4.68,0,,,,,Jun 2025,https://www.myjobquote.co.uk/t/samuel-partridge-wilson,myjobquote
Rubyn coughlin,,Power Showers Pump,,,4.68,0,,,,,Jun 2024,https://www.myjobquote.co.uk/t/rubyn-coughlin,myjobquote
Rubyn coughlin,,Power Showers Pump,,,4.68,0,,,,,Jul 2024,https://www.myjobquote.co.uk/t/d-bishop-plumbing,myjobquote
D Bishop plumbing,,Power Showers Pump,,,4.68,0,,,,,Jul 2023,https://www.myjobquote.co.uk/t/jack-moran,myjobquote
IPA Plumbing,,Power Showers Pump,,,4.68,0,,ID Checked; Public Liability Insurance,,,2023,https://www.myjobquote.co.uk/t/ipa-plumbing,myjobquote
Daniel,,Power Showers Pump,,,4.68,0,,,,,,https://www.myjobquote.co.uk/t/daniel-147,myjobquote
Callum,,Power Showers Pump,,,4.68,0,,,,,Feb 2023,https://www.myjobquote.co.uk/t/callum-105,myjobquote
Callum,,Power Showers Pump,,,4.9,19,,ID Checked,,,2017,https://www.myjobquote.co.uk/t/gabriel-bucur,myjobquote
HoM.Plumbing & Heating LTD,,Power Showers Pump,,,5,1,,ID Checked,,,2014,https://www.myjobquote.co.uk/t/homplumbing-heating-ltd,myjobquote
Gas Elite Services LTD.,,Power Showers Pump,,,5,12,,ID Checked; Public Liability Insurance,,,2005,https://www.myjobquote.co.uk/t/gas-elite-services-ltd,myjobquote
Gloucestershire building services,,Power Showers Pump,,,5,14,07418369332,ID Checked,,,2014,https://www.myjobquote.co.uk/t/gloucestershire-building-services,myjobquote
Home help,,Power Showers Pump,,,5,5,,ID Checked; Public Liability Insurance,,,2024,https://www.myjobquote.co.uk/t/home-help-3,myjobquote
Maciej Trzaska,,Power Showers Pump,,,4,3,,ID Checked; Public Liability Insurance,"gas boilers, gas cookers, gas fires, unvented hot water cylinders, pipework.
Public liability insurance.

SWANSEA AREA",,2020,https://www.myjobquote.co.uk/t/maciej-trzaska,myjobquote
H2O Plumbing and Heating,,Power Showers Pump,,,5,1,,ID Checked,,,Nov 2024,https://www.myjobquote.co.uk/t/h2o-plumbing-and-heating,myjobquote
Swansea Plumbers & Boilers Ltd,,Power Showers Pump,,,5,6,,ID Checked,,,2024,https://www.myjobquote.co.uk/t/swansea-plumbers-boilers-ltd,myjobquote
Heat Excel Limited,,Power Showers Pump,,,5,44,,ID Checked; Public Liability Insurance,,,2016,https://www.myjobquote.co.uk/t/heat-excel-limited,myjobquote
A.A home improvements,,Power Showers Pump,,,5,16,,ID Checked; Public Liability Insurance,,,2019,https://www.myjobquote.co.uk/t/aa-home-improvements-2,myjobquote
Leaky finders plumbing and heating,,Power Showers Pump,,,5,5,,ID Checked,,,Jan 2025,https://www.myjobquote.co.uk/t/leaky-finders-plumbing-and-heating,myjobquote
Cornelius bathroom specialists,,Power Showers Pump,,,5,1,,ID Checked,,,Jan 2024,https://www.myjobquote.co.uk/t/cornelius-bathroom-specialists,myjobquote
Majestic Bathrooms and Kitchens,,Power Showers Pump,,,5,3,,ID Checked,,,2016,https://www.myjobquote.co.uk/t/majestic-bathrooms-and-kitchens,myjobquote
Epm heating and gas,,Power Showers Pump,,,5,20,,ID Checked,,,2021,https://www.myjobquote.co.uk/t/epm-heating-and-gas,myjobquote
Mark Williams plumbing and heating,,Power Showers Pump,,,5,9,,ID Checked,,,2008,https://www.myjobquote.co.uk/t/mark-williams-plumbing-and-heating,myjobquote
Colgas LTD,,Power Showers Pump,,,5,2,,ID Checked,,,Feb 2025,https://www.myjobquote.co.uk/t/colgas-ltd,myjobquote
Newport Building And Home Improvements,,Power Showers Pump,,,5,12,,ID Checked,,,2012,https://www.myjobquote.co.uk/t/newport-building-and-home-improvements,myjobquote
SH Plumbing,,Power Showers Pump,,,5,1,,ID Checked,,,2014,https://www.myjobquote.co.uk/t/sh-plumbing-3,myjobquote
Tands plumbing services,,Power Showers Pump,,,5,1,,,,,2024,https://www.myjobquote.co.uk/t/tands-plumbing-services,myjobquote
Versitile design and build services,,Power Showers Pump,,,5,9,,ID Checked,,,2024,https://www.myjobquote.co.uk/t/versitile-design-and-build-services,myjobquote
A*drainage and plumbing,,Power Showers Pump,,,5,3,,ID Checked,,,2006,https://www.myjobquote.co.uk/t/adrainage-and-plumbing,myjobquote
Ostaadgee Plumbing and Heating,,Power Showers Pump,,,5,1,,ID Checked,,,2018,https://www.myjobquote.co.uk/t/ostaadgee-plumbing-and-heating,myjobquote
Hobbs Plumbing & Heating,,Power Showers Pump,,,5,6,,ID Checked,,,2023,https://www.myjobquote.co.uk/t/hobbs-plumbing-heating,myjobquote
Joe Esseen Plumbing Services,,Power Showers Pump,,,4.9,12,,ID Checked,,,2024,https://www.myjobquote.co.uk/t/joe-esseen-plumbing-services,myjobquote
JH plumbing services,,Power Showers Pump,,,5,1,,ID Checked,,,2007,https://www.myjobquote.co.uk/t/jh-plumbing-services-1,myjobquote
S.welsh property services,,Power Showers Pump,,,5,1,,ID Checked,,,2023,https://www.myjobquote.co.uk/t/swelsh-property-services,myjobquote
New flame ltd,,Power Showers Pump,,,5,1,,ID Checked,,,2017,https://www.myjobquote.co.uk/t/new-flame-ltd,myjobquote
Abuild,,Power Showers Pump,,,5,3,,ID Checked,,,2014,https://www.myjobquote.co.uk/t/abuild,myjobquote
Steve Davies&#039; Plumbing and Heating,,Power Showers Pump,,,5,6,,ID Checked,,,2005,https://www.myjobquote.co.uk/t/steve-davies-plumbing-and-heating,myjobquote
Infinity plumbing & heating solutions,,Power Showers Pump,,,5,2,,ID Checked,,,Mar 2019,https://www.myjobquote.co.uk/t/infinity-plumbing-heating-solutions,myjobquote
Assure Gas,,Power Showers Pump,,,5,2,,ID Checked,,,2021,https://www.myjobquote.co.uk/t/assure-gas,myjobquote
SDR carpentry & plumbing,,Power Showers Pump,,,4.5,2,,ID Checked,,,2020,https://www.myjobquote.co.uk/t/sdr-carpentry-plumbing,myjobquote
LewRichPlumbing,,Power Showers Pump,,,5,3,,ID Checked,,,2020,https://www.myjobquote.co.uk/t/lewrichplumbing,myjobquote
Quest Plumbing and Heating,,Power Showers Pump,,,5,1,,ID Checked,,,Oct 2025,https://www.myjobquote.co.uk/t/quest-plumbing-and-heating,myjobquote
LKR plumbing & heating,,Power Showers Pump,,,4.68,0,,ID Checked,,,Jan 2026,https://www.myjobquote.co.uk/t/lkr-plumbing-heating,myjobquote
N a prile plumbing and heating,,Power Showers Pump,,,4.68,0,,,,,Jan 2024,https://www.myjobquote.co.uk/t/n-a-prile-plumbing-and-heating,myjobquote
N a prile plumbing and heating,,Power Showers Pump,,,5,4,,,,,2012,https://www.myjobquote.co.uk/t/franson-plumbing-and-electrical,myjobquote
JLR Plumbing&plastering,,Power Showers Pump,,,5,17,,ID Checked; Public Liability Insurance,,,2021,https://www.myjobquote.co.uk/t/jlr-plumbingplastering,myjobquote
D Lloyd-Jones Plumbing and Heating Ltd,,Power Showers Pump,,,5,3,,ID Checked; Public Liability Insurance,,,2012,https://www.myjobquote.co.uk/t/d-lloyd-jones-plumbing-and-heating-ltd,myjobquote
North West Solutions,,Power Showers Pump,,,5,12,,ID Checked,,,2025,https://www.myjobquote.co.uk/t/north-west-solutions,myjobquote
Proactivemaintenancemen,,Power Showers Pump,,,5,1,,ID Checked,,,2020,https://www.myjobquote.co.uk/t/proactivemaintenancemen,myjobquote
Hampson’s Heating,,Power Showers Pump,,,5,13,,ID Checked,,,2024,https://www.myjobquote.co.uk/t/hampsons-heating,myjobquote
A J E Property Services,,Power Showers Pump,,,5,154,,ID Checked,,,1989,https://www.myjobquote.co.uk/t/a-j-e-property-services,myjobquote
ND Plumbing & Heating,,Power Showers Pump,,,5,4,,ID Checked,,,2020,https://www.myjobquote.co.uk/t/nd-plumbing-heating-1,myjobquote
Pro Plumb (WXM) LTD,,Power Showers Pump,,,4.68,0,,Public Liability Insurance,,,Feb 2024,https://www.myjobquote.co.uk/t/pro-plumb-wxm-ltd,myjobquote
JLJ Plumbing,,Power Showers Pump,,,4.68,0,,ID Checked,,,2025,https://www.myjobquote.co.uk/t/jlj-plumbing,myjobquote
PrecisionTB,,Power Showers Pump,,,4.68,0,,ID Checked,,,Mar 2026,https://www.myjobquote.co.uk/t/precisiontb,myjobquote
PrecisionTB,,Power Showers Pump,,,4.68,0,,,,,Dec 2025,https://www.myjobquote.co.uk/t/go-with-the-flow-plumbing,myjobquote
Go With The Flow plumbing,,Power Showers Pump,,,4.68,0,,,,,Jun 2025,https://www.myjobquote.co.uk/t/homes-10,myjobquote
Armitage Plumbing Solutions,,Power Showers Pump,,,4.8,77,,ID Checked,,,Dec 2023,https://www.myjobquote.co.uk/t/armitage-plumbing-solutions,myjobquote
JL Plumbing,,Power Showers Pump,,,5,2,,ID Checked,,,Feb 2023,https://www.myjobquote.co.uk/t/jl-plumbing-3,myjobquote
LCD Plumbing Services,,Power Showers Pump,,,5,9,,ID Checked,,,2003,https://www.myjobquote.co.uk/t/lcd-plumbing-services,myjobquote
Keystone Renovation Ltd,,Power Showers Pump,,,5,5,,ID Checked,,,2021,https://www.myjobquote.co.uk/t/keystone-renovation-ltd,myjobquote
Smartflow Cheshire ltd,,Power Showers Pump,,,5,1,,ID Checked,,,May 2025,https://www.myjobquote.co.uk/t/smartflow-cheshire-ltd,myjobquote
P&B plumbing and heating,,Power Showers Pump,,,5,6,,ID Checked,,,2015,https://www.myjobquote.co.uk/t/pb-plumbing-and-heating-2,myjobquote
Cai Jones Plumbing,,Power Showers Pump,,,5,1,,ID Checked,,,Nov 2025,https://www.myjobquote.co.uk/t/cai-jones-plumbing-1,myjobquote
Callum,,Power Showers Pump,,,5,1,,ID Checked,,,2022,https://www.myjobquote.co.uk/t/callum-152,myjobquote
Ovo plumbing and heating ltd,,Power Showers Pump,,,5,1,,ID Checked,,,2025,https://www.myjobquote.co.uk/t/ovo-plumbing-and-heating-ltd,myjobquote
TPS Plumbing bathrooms and home improvements,,Power Showers Pump,,,5,3,,ID Checked,,,2023,https://www.myjobquote.co.uk/t/tps-plumbing-bathrooms-and-home-improvements,myjobquote
MGD electrical & plumbing,,Power Showers Pump,,,5,68,,ID Checked,,,2016,https://www.myjobquote.co.uk/t/mgd-electrical-plumbing,myjobquote
TrofixPlumbing,,Power Showers Pump,,,5,1,,ID Checked,,,2025,https://www.myjobquote.co.uk/t/trofixplumbing,myjobquote
Abduu,,Power Showers Pump,,,5,23,,ID Checked,,,2008,https://www.myjobquote.co.uk/t/abduu,myjobquote
MH Gas & Bathrooms,,Power Showers Pump,,,5,13,07441440865,ID Checked; Public Liability Insurance,,,1980,https://www.myjobquote.co.uk/t/mh-gas-bathrooms,myjobquote
Owen & Sons,,Power Showers Pump,,,5,1,,ID Checked; Public Liability Insurance,,,2018,https://www.myjobquote.co.uk/t/owen-sons,myjobquote
Brian kenton,,Power Showers Pump,,,5,7,,ID Checked; Public Liability Insurance,,,2017,https://www.myjobquote.co.uk/t/brian-kenton,myjobquote
Cl plumbing,,Power Showers Pump,,,5,17,,ID Checked,,,2017,https://www.myjobquote.co.uk/t/cl-plumbing,myjobquote
Warm sure Ltd,,Power Showers Pump,,,5,4,,ID Checked,,,2023,https://www.myjobquote.co.uk/t/warm-sure-ltd,myjobquote
Plumbing Heating and Gas,,Power Showers Pump,,,5,36,,ID Checked,,,2016,https://www.myjobquote.co.uk/t/plumbing-heating-and-gas,myjobquote
Direct Plumbing Services,,Power Showers Pump,,,5,32,,ID Checked,,,2011,https://www.myjobquote.co.uk/t/direct-plumbing-services,myjobquote
Home Flow Plumbing,,Power Showers Pump,,,5,1,,ID Checked,,,2025,https://www.myjobquote.co.uk/t/home-flow-plumbing,myjobquote
Dbrownbuildingservices,,Power Showers Pump,,,5,16,,ID Checked,,,2015,https://www.myjobquote.co.uk/t/dbrownbuildingservices,myjobquote
Porthill Plumbers,,Power Showers Pump,,,5,2,,ID Checked,,,May 2019,https://www.myjobquote.co.uk/t/porthill-plumbers,myjobquote
Evans Flow Solutions,,Power Showers Pump,,,5,1,,ID Checked,,,,https://www.myjobquote.co.uk/t/evans-flow-solutions,myjobquote
Justgas heating and plumbing,,Power Showers Pump,,,5,10,,ID Checked; Public Liability Insurance,,,Jul 2025,https://www.myjobquote.co.uk/t/justgas-heating-and-plumbing,myjobquote
G&S Plumbing and Heating,,Power Showers Pump,,,5,114,07441445497,ID Checked,,,2013,https://www.myjobquote.co.uk/t/gs-plumbing-and-heating,myjobquote
Local County Plumbers,,Power Showers Pump,,,4.6,12,,ID Checked,,,2005,https://www.myjobquote.co.uk/t/local-county-plumbers,myjobquote
JSB Services,,Power Showers Pump,,,5,7,,ID Checked,,,2014,https://www.myjobquote.co.uk/t/jsb-services-2,myjobquote
DJL Plumbing And Heating,,Power Showers Pump,,,4.9,58,,ID Checked,,,2018,https://www.myjobquote.co.uk/t/djl-plumbing-and-heating,myjobquote
All main2drain aspects,,Power Showers Pump,,,4.68,0,,ID Checked,,,2017,https://www.myjobquote.co.uk/t/all-main2drain-aspects,myjobquote
S. Molyneux plumbing and heating,,Power Showers Pump,,,4.68,0,,ID Checked,,,Jul 2020,https://www.myjobquote.co.uk/t/s-molyneux-plumbing-and-heating,myjobquote
Iddy&#039;s Heating Services,,Power Showers Pump,,,4.68,0,,ID Checked,,,Oct 2023,https://www.myjobquote.co.uk/t/iddys-heating-services,myjobquote
Rapid Plumbers Limited,,Power Showers Pump,,,4.68,0,,ID Checked,,,Aug 2023,https://www.myjobquote.co.uk/t/rapid-plumbers-limited,myjobquote
Usman&#039;s Plumbing and Handyman Services,,Power Showers Pump,,,4.5,2,,ID Checked,,,Sep 2023,https://www.myjobquote.co.uk/t/usmans-plumbing-and-handyman-services,myjobquote
Smart Plumbing,,Power Showers Pump,,,4,20,,ID Checked,,,Feb 2026,https://www.myjobquote.co.uk/t/smart-plumbing-3,myjobquote
BPH Plumbing & Heating,,Power Showers Pump,,,5,36,,ID Checked,,,Jun 2025,https://www.myjobquote.co.uk/t/bph-plumbing-heating,myjobquote
S jones building and roofing,,Power Showers Pump,,,4.6,2,,ID Checked,,,1980,https://www.myjobquote.co.uk/t/s-jones-building-and-roofing,myjobquote
Rw Gas and Heating Services,,Power Showers Pump,,,4.68,0,,ID Checked,,,Sep 2022,https://www.myjobquote.co.uk/t/rw-gas-and-heating-services,myjobquote
ICJplumbing,,Power Showers Pump,,,4.68,0,,,,,Feb 2023,https://www.myjobquote.co.uk/t/icjplumbing,myjobquote
ICJplumbing,,Power Showers Pump,,,4.68,0,,,,,Jan 2022,https://www.myjobquote.co.uk/t/mepac,myjobquote
MEPAC,,Power Showers Pump,,,4.68,0,,,,,Jul 2025,https://www.myjobquote.co.uk/t/border-plumbing-services,myjobquote
Border plumbing services,,Power Showers Pump,,,4.68,0,,,,,Sep 2022,https://www.myjobquote.co.uk/t/arrys-plumbing-heating-ltd,myjobquote
Infinity gas & plumbing services,,Power Showers Pump,,,4.7,3,,ID Checked,,,Dec 2025,https://www.myjobquote.co.uk/t/infinity-gas-plumbing-services,myjobquote
Landmark developments ltd,,Power Showers Pump,,,5,20,,ID Checked,,,,https://www.myjobquote.co.uk/t/landmark-developments-ltd,myjobquote
Mikes gas services,,Power Showers Pump,,,5,6,,ID Checked,,,2017,https://www.myjobquote.co.uk/t/mikes-gas-services-1,myjobquote
JWN Plumbing,,Power Showers Pump,,,5,7,,ID Checked,,,Jan 2026,https://www.myjobquote.co.uk/t/jwn-plumbing-1,myjobquote
PlumbSafe Heating & Building,,Power Showers Pump,,,5,2,,ID Checked,,,2014,https://www.myjobquote.co.uk/t/plumbsafe-heating-building,myjobquote
NTL Elite Services Ltd,,Power Showers Pump,,,5,2,,ID Checked,,,Sep 2022,https://www.myjobquote.co.uk/t/ntl-elite-services-ltd,myjobquote
Inside and out property maintenance,,Power Showers Pump,,,5,1,,ID Checked,,,2016,https://www.myjobquote.co.uk/t/inside-and-out-property-maintenance,myjobquote
GHS gas heating services,,Power Showers Pump,,,5,9,,ID Checked; Public Liability Insurance,,,2003,https://www.myjobquote.co.uk/t/ghs-gas-heating-services,myjobquote
Paul’s Domestic Plumbing Repairs,,Power Showers Pump,,,5,2,,ID Checked; Public Liability Insurance,,,2024,https://www.myjobquote.co.uk/t/pauls-domestic-plumbing-repairs,myjobquote
kanagi renovation,,Power Showers Pump,,,5,2,,ID Checked,,,2021,https://www.myjobquote.co.uk/t/kanagi-renovation,myjobquote
Cheshire heating and bathrooms Ltd,,Power Showers Pump,,,4,1,,ID Checked,,,Feb 2026,https://www.myjobquote.co.uk/t/cheshire-heating-and-bathrooms-ltd,myjobquote
GroundUp Engineering,,Power Showers Pump,,,5,3,,ID Checked,,,2024,https://www.myjobquote.co.uk/t/groundup-engineering,myjobquote
Ajr plumbing services Ltd,,Power Showers Pump,,,5,3,,ID Checked,,,2001,https://www.myjobquote.co.uk/t/ajr-plumbing-services-ltd,myjobquote
SG  plumbing & heating,,Power Showers Pump,,,5,2,,ID Checked,,,2000,https://www.myjobquote.co.uk/t/sg-plumbing-heating-1,myjobquote
My Boiler Check,,Power Showers Pump,,,5,6,,ID Checked,,,2025,https://www.myjobquote.co.uk/t/my-boiler-check,myjobquote
Total Heating & Bathrooms Ltd,,Power Showers Pump,,,4,12,,ID Checked,,,2021,https://www.myjobquote.co.uk/t/total-heating-bathrooms-ltd,myjobquote
Andy’s handyman & garden maintenance,,Power Showers Pump,,,5,2,,ID Checked; Public Liability Insurance,,,2025,https://www.myjobquote.co.uk/t/andys-handyman-garden-maintenance,myjobquote
Plumbercraft Ltd,,Power Showers Pump,,,5,19,,ID Checked; Public Liability Insurance,,,2025,https://www.myjobquote.co.uk/t/plumbercraft-ltd,myjobquote
Westhead’s Plumbing & Heating LTD,,Power Showers Pump,,,5,1,,ID Checked,,,2023,https://www.myjobquote.co.uk/t/westheads-plumbing-heating-ltd,myjobquote
FixFlow24,,Power Showers Pump,,,5,1,,ID Checked,,,2000,https://www.myjobquote.co.uk/t/fixflow24,myjobquote
Pipeline property Services,,Power Showers Pump,,,5,7,,ID Checked,,,2022,https://www.myjobquote.co.uk/t/pipeline-property-services,myjobquote
Venturi Gas and Plumbing services,,Power Showers Pump,,,5,1,,ID Checked,,,1993,https://www.myjobquote.co.uk/t/venturi-gas-and-plumbing-services,myjobquote
Paradise property maintenance,,Power Showers Pump,,,5,2,,ID Checked,,,1997,https://www.myjobquote.co.uk/t/paradise-property-maintenance-1,myjobquote
SC Plumbing & Heating,,Power Showers Pump,,,5,5,,ID Checked,,,2014,https://www.myjobquote.co.uk/t/sc-plumbing-heating,myjobquote
Lucas plumbing,,Power Showers Pump,,,5,7,,ID Checked,,,2018,https://www.myjobquote.co.uk/t/lucas-plumbing,myjobquote
Mark Kimpton Plumbing & Heating,,Power Showers Pump,,,5,1,,ID Checked,,,Jul 2022,https://www.myjobquote.co.uk/t/mark-kimpton-plumbing-heating,myjobquote
Franson plumbing,,Power Showers Pump,,,5,2,,ID Checked,,,Jun 2024,https://www.myjobquote.co.uk/t/franson-plumbing,myjobquote
I B Jenkins Plumbing & Heating,,Power Showers Pump,,,5,3,,ID Checked,,,Apr 2024,https://www.myjobquote.co.uk/t/i-b-jenkins-plumbing-heating,myjobquote
Scoville Heating and Gas,,Power Showers Pump,,,5,46,,ID Checked,,,2008,https://www.myjobquote.co.uk/t/scoville-heating-and-gas,myjobquote
Rami Maree Plumbing Service,,Power Showers Pump,,,4.9,13,,ID Checked,,,Mar 2023,https://www.myjobquote.co.uk/t/rami-maree-plumbing-service,myjobquote
zak94681@icloud.com,,Power Showers Pump,,,4.68,0,,ID Checked,,,Jan 2019,https://www.myjobquote.co.uk/t/zak94681-at-icloudcom,myjobquote
zak94681@icloud.com,,Power Showers Pump,,,4.68,0,,,,,Feb 2025,https://www.myjobquote.co.uk/t/clarks-plumbing-and-maintenance,myjobquote
Pfbennion Plumbing,,Power Showers Pump,,,4.68,0,,,,,Mar 2024,https://www.myjobquote.co.uk/t/pfbennion-plumbing,myjobquote
Pfbennion Plumbing,,Power Showers Pump,,,4.68,0,,ID Checked; Public Liability Insurance,,,2014,https://www.myjobquote.co.uk/t/pivotal-plumbing-and-heating-ltd,myjobquote
"CJR Plumbing, Heating and Property Maintenance",,Power Showers Pump,,,4.68,0,,Public Liability Insurance,,,Sep 2025,https://www.myjobquote.co.uk/t/cjr-plumbing-heating-and-property-maintenance,myjobquote
Stewarts SSR,,Power Showers Pump,,,4.68,0,,ID Checked,,,May 2025,https://www.myjobquote.co.uk/t/stewarts-ssr,myjobquote
Plumber professional,,Power Showers Pump,,,4.68,0,,ID Checked,,,2025,https://www.myjobquote.co.uk/t/plumber-professional,myjobquote
KRB PLUMBING,,Power Showers Pump,,,4.68,0,,ID Checked,,,2020,https://www.myjobquote.co.uk/t/krb-plumbing,myjobquote
Knox Plumbing,,Power Showers Pump,,,4.68,0,,ID Checked,,,2024,https://www.myjobquote.co.uk/t/knox-plumbing,myjobquote
J&M PLUMBING AND HEATING,,Power Showers Pump,,,4.68,0,,ID Checked,,,2007,https://www.myjobquote.co.uk/t/jm-plumbing-and-heating-4,myjobquote
Hevans plumbing & heating,,Power Showers Pump,,,4.68,0,,ID Checked,,,May 2025,https://www.myjobquote.co.uk/t/hevans-plumbing-heating,myjobquote