company_name,owner_name,trade_type,location,website_url,overall_rating,review_count,phone,verification_status,services,coverage_area,member_since,profile_url,source_platform
Don’t have a business name,,Wooden Staircases,,,4.8,16,,ID Checked,,,2025,https://www.myjobquote.co.uk/t/dont-have-a-business-name-6,myjobquote
MDF Interior,,Wooden Staircases,,,5,3,,ID Checked,,,Nov 2025,https://www.myjobquote.co.uk/t/mdf-interior,myjobquote
Velchev89 construction LTD,,Wooden Staircases,,,5,24,,ID Checked,,,2015,https://www.myjobquote.co.uk/t/velchev89-construction-ltd,myjobquote
2Stay Construction,,Wooden Staircases,,,5,14,,ID Checked,,,2015,https://www.myjobquote.co.uk/t/2stay-construction,myjobquote
NJP Installations,,Wooden Staircases,,,5,13,,ID Checked,,,1995,https://www.myjobquote.co.uk/t/njp-installations,myjobquote
Albion Building Services,,Wooden Staircases,,,5,3,,ID Checked,,,1991,https://www.myjobquote.co.uk/t/albion-building-services,myjobquote
K & Son Property Solutions,,Wooden Staircases,,,5,3,,ID Checked,,,2010,https://www.myjobquote.co.uk/t/k-son-property-solutions,myjobquote
Vlad Bargau,,Wooden Staircases,,,5,3,,ID Checked,,,2011,https://www.myjobquote.co.uk/t/vlad-bargau,myjobquote
Jake Mitchell Carpentry & Joinery,,Wooden Staircases,,,5,1,,ID Checked; Public Liability Insurance,,,2020,https://www.myjobquote.co.uk/t/jake-mitchell-carpentry-joinery,myjobquote
Mark Atkins Carpentry,,Wooden Staircases,,,5,14,,ID Checked,,,2013,https://www.myjobquote.co.uk/t/mark-atkins-carpentry,myjobquote
Joni Cota,,Wooden Staircases,,,5,4,07418340229,ID Checked,,,Jul 2023,https://www.myjobquote.co.uk/t/joni-cota,myjobquote
Morgan&#039;s Maintenance,,Wooden Staircases,,,5,3,,ID Checked,,,2025,https://www.myjobquote.co.uk/t/morgans-maintenance-1,myjobquote
NMW Carpentry & Building Ltd,,Wooden Staircases,,,5,1,,ID Checked; Public Liability Insurance,,,2018,https://www.myjobquote.co.uk/t/nmw-carpentry-building-ltd,myjobquote
Truecraft building and carpentry,,Wooden Staircases,,,5,1,,ID Checked; Public Liability Insurance,,,2018,https://www.myjobquote.co.uk/t/truecraft-building-and-carpentry,myjobquote
Carpenter Son Ltd,,Wooden Staircases,,,5,17,,ID Checked; Public Liability Insurance,,,2015,https://www.myjobquote.co.uk/t/carpenter-son-ltd,myjobquote
Aurelijus Kovaliovas&#039;s Carpenter & Joinery Services,,Wooden Staircases,,,5,1,,ID Checked,,,2002,https://www.myjobquote.co.uk/t/aurelijus-kovaliovass-carpenter-joinery-services,myjobquote
Woodworking,,Wooden Staircases,,,5,1,,ID Checked,,,2014,https://www.myjobquote.co.uk/t/woodworking-1,myjobquote
RB carpentry,,Wooden Staircases,,,5,1,,ID Checked,,,2025,https://www.myjobquote.co.uk/t/rb-carpentry-6,myjobquote
Steven Pollock,,Wooden Staircases,,,5,22,,ID Checked,,,2008,https://www.myjobquote.co.uk/t/steven-pollock,myjobquote
JAA Construction,,Wooden Staircases,,,5,9,,ID Checked,,,1975,https://www.myjobquote.co.uk/t/jaa-construction,myjobquote
WALMAR maintanance services,,Wooden Staircases,,,5,1,,ID Checked,,,2018,https://www.myjobquote.co.uk/t/walmar-maintanance-services,myjobquote
Mgl sash windows and doors ltd,,Wooden Staircases,,,5,1,,ID Checked,,,Jan 2026,https://www.myjobquote.co.uk/t/mgl-sash-windows-and-doors-ltd,myjobquote
Anadimukt construction,,Wooden Staircases,,,5,6,,ID Checked,,,2022,https://www.myjobquote.co.uk/t/anadimukt-construction,myjobquote
James Trim,,Wooden Staircases,,,5,1,,ID Checked; Public Liability Insurance,,,1996,https://www.myjobquote.co.uk/t/james-trim,myjobquote
AE maintenance - improvement,,Wooden Staircases,,,5,1,,ID Checked,,,2025,https://www.myjobquote.co.uk/t/ae-maintenance-improvement-1,myjobquote
MSG Design Ltd,,Wooden Staircases,,,4,26,07418374742,ID Checked,,,2018,https://www.myjobquote.co.uk/t/msg-design-ltd,myjobquote
Jrlandsons ltd,,Wooden Staircases,,,5,3,,ID Checked,,,2024,https://www.myjobquote.co.uk/t/jrlandsons-ltd,myjobquote
Fully Active Building Services Limited,,Wooden Staircases,,,5,63,,ID Checked,,,Apr 2025,https://www.myjobquote.co.uk/t/fully-active-building-services-limited,myjobquote
Building Blueprints,,Wooden Staircases,,,5,2,,ID Checked,,,2010,https://www.myjobquote.co.uk/t/building-blueprints,myjobquote
DN dryliners ltd,,Wooden Staircases,,,5,1,,ID Checked,,,2017,https://www.myjobquote.co.uk/t/dn-dryliners-ltd,myjobquote
Intra design and build,,Wooden Staircases,,,5,1,,ID Checked,,,2012,https://www.myjobquote.co.uk/t/intra-design-and-build,myjobquote
H G Witcher Carpentry,,Wooden Staircases,,,5,1,,ID Checked,,,Dec 2025,https://www.myjobquote.co.uk/t/h-g-witcher-carpentry,myjobquote
BE4 construction ltd,,Wooden Staircases,,,5,6,,ID Checked; Public Liability Insurance,,,Apr 2025,https://www.myjobquote.co.uk/t/be4-construction-ltd,myjobquote
David general construction LTD,,Wooden Staircases,,,5,1,,ID Checked,,,2016,https://www.myjobquote.co.uk/t/david-general-construction-ltd,myjobquote
Derek Gilchrist,,Wooden Staircases,,,5,1,,ID Checked,,,2021,https://www.myjobquote.co.uk/t/derek-gilchrist,myjobquote
Prime Handyman,,Wooden Staircases,,,5,1,,ID Checked,,,2025,https://www.myjobquote.co.uk/t/prime-handyman,myjobquote
De La Cruz  general maintenance,,Wooden Staircases,,,4,1,,ID Checked,,,2012,https://www.myjobquote.co.uk/t/de-la-cruz-general-maintenance,myjobquote
Boyd&#039;s Carpentry,,Wooden Staircases,,,5,1,,ID Checked,,,Sep 2025,https://www.myjobquote.co.uk/t/boyds-carpentry,myjobquote
Karl Dickinson,,Wooden Staircases,,,5,17,,ID Checked,,,Nov 2024,https://www.myjobquote.co.uk/t/karl-dickinson,myjobquote
AI Building and Roofing Ltd,,Wooden Staircases,,,5,8,,ID Checked,,,2025,https://www.myjobquote.co.uk/t/ai-building-and-roofing-ltd,myjobquote
DP Quality Construction,,Wooden Staircases,,,4.8,4,,ID Checked,,,2015,https://www.myjobquote.co.uk/t/dp-quality-construction,myjobquote
LCD Ltd,,Wooden Staircases,,,5,38,,ID Checked,,,2016,https://www.myjobquote.co.uk/t/lcd-ltd,myjobquote
Peter,,Wooden Staircases,,,4,14,,ID Checked,,,Jun 2018,https://www.myjobquote.co.uk/t/peter-75,myjobquote
Joiner Xpert,,Wooden Staircases,,,5,2,,ID Checked,,,2000,https://www.myjobquote.co.uk/t/joiner-xpert,myjobquote
JJM Construction,,Wooden Staircases,,,4.7,3,,ID Checked,,,2012,https://www.myjobquote.co.uk/t/jjm-construction-1,myjobquote
Stephen Webster,,Wooden Staircases,,,4.7,1,,ID Checked,,,Jan 2024,https://www.myjobquote.co.uk/t/stephen-webster,myjobquote
THANAS SINANI,,Wooden Staircases,,,5,3,,ID Checked,,,1993,https://www.myjobquote.co.uk/t/thanas-sinani,myjobquote
shuaib,,Wooden Staircases,,,5,1,,ID Checked,,,2021,https://www.myjobquote.co.uk/t/shuaib-2,myjobquote
DanCarpentry,,Wooden Staircases,,,5,11,,ID Checked,,,2010,https://www.myjobquote.co.uk/t/dancarpentry,myjobquote
Constantin,,Wooden Staircases,,,5,10,,ID Checked,,,Jan 2020,https://www.myjobquote.co.uk/t/constantin-59,myjobquote
Handypaddy Designs,,Wooden Staircases,,,5,2,,ID Checked,,,2016,https://www.myjobquote.co.uk/t/handypaddy-designs,myjobquote
Ermandbudo,,Wooden Staircases,,,1,1,,ID Checked,,,Oct 2019,https://www.myjobquote.co.uk/t/ermandbudo,myjobquote
MasterFix London,,Wooden Staircases,,,1,1,,ID Checked,,,Apr 2024,https://www.myjobquote.co.uk/t/masterfix-london,myjobquote
Aiman&#039;s Trade Services,,Wooden Staircases,,,3,1,,ID Checked,,,1998,https://www.myjobquote.co.uk/t/aimans-trade-services,myjobquote
Paul Patterson,,Wooden Staircases,,,4.68,0,,ID Checked,,,May 2025,https://www.myjobquote.co.uk/t/paul-patterson,myjobquote
Paul Patterson,,Wooden Staircases,,,4.68,0,,,,,May 2023,https://www.myjobquote.co.uk/t/carpentry-23,myjobquote
Carpentry,,Wooden Staircases,,,4.68,0,,,,,Jun 2023,https://www.myjobquote.co.uk/t/acs-carpentry-2,myjobquote
Nathan-wilson-joinery,,Wooden Staircases,,,4.68,0,,ID Checked,,,2009,https://www.myjobquote.co.uk/t/nathan-wilson-joinery,myjobquote
Tomash,,Wooden Staircases,,,4.68,0,,ID Checked,,,Dec 2023,https://www.myjobquote.co.uk/t/tomash,myjobquote
Gencho,,Wooden Staircases,,,4.68,0,,ID Checked,,,Dec 2025,https://www.myjobquote.co.uk/t/gencho,myjobquote
Simon Sinclair,,Wooden Staircases,,,4.68,0,,,,,,https://www.myjobquote.co.uk/t/simon-sinclair,myjobquote
Woodcraft joinery London Ltd,,Wooden Staircases,,,4.68,0,,,,,2020,https://www.myjobquote.co.uk/t/woodcraft-joinery-london-ltd,myjobquote
Woodcraft joinery London Ltd,,Wooden Staircases,,,4.68,0,,,,,1974,https://www.myjobquote.co.uk/t/cann-plan-design,myjobquote
EXCELENTSTEP LTD,,Wooden Staircases,,,4.68,0,,ID Checked,,,Mar 2025,https://www.myjobquote.co.uk/t/excelentstep-ltd,myjobquote
Divine Global Limited,,Wooden Staircases,,,4.68,0,,ID Checked,,,2023,https://www.myjobquote.co.uk/t/divine-global-limited,myjobquote
AA Carpentry,,Wooden Staircases,,,4.68,0,,,,,Jun 2024,https://www.myjobquote.co.uk/t/aa-carpentry-2,myjobquote
AA Carpentry,,Wooden Staircases,,,4.68,0,,,,,1980,https://www.myjobquote.co.uk/t/kab-carpentry-joinery,myjobquote
Carpenter,,Wooden Staircases,,,4.68,0,,ID Checked,,,2017,https://www.myjobquote.co.uk/t/carpenter-79,myjobquote
Gladiolus ltd,,Wooden Staircases,,,4.68,0,,ID Checked,,,2005,https://www.myjobquote.co.uk/t/gladiolus-ltd,myjobquote
Gladiolus ltd,,Wooden Staircases,,,4.68,0,,ID Checked,,,Nov 2018,https://www.myjobquote.co.uk/t/carpenter-191,myjobquote
Carpenter,,Wooden Staircases,,,4.68,0,07418397294,ID Checked,,,2008,https://www.myjobquote.co.uk/t/wood-and-brush-by-coca,myjobquote
Konrad,,Wooden Staircases,,,4.68,0,,ID Checked,,,Jan 2026,https://www.myjobquote.co.uk/t/konrad-9,myjobquote
Konrad,,Wooden Staircases,,,4.68,0,,,,,Jan 2024,https://www.myjobquote.co.uk/t/tetiana-7,myjobquote
Tetiana,,Wooden Staircases,,,4.68,0,,,,,Nov 2024,https://www.myjobquote.co.uk/t/carpet-right,myjobquote
Carpet right,,Wooden Staircases,,,4.68,0,,ID Checked,,,Feb 2024,https://www.myjobquote.co.uk/t/barry-builder-ltd,myjobquote
Barry builder Ltd,,Wooden Staircases,,,4.68,0,,ID Checked,,,Jun 2022,https://www.myjobquote.co.uk/t/mohamed-63,myjobquote
Safisa Art Decor,,Wooden Staircases,,,4.68,0,,ID Checked,,,2017,https://www.myjobquote.co.uk/t/safisa-art-decor,myjobquote
Prince construction,,Wooden Staircases,,,4.68,0,,ID Checked,,,in 2019,https://www.myjobquote.co.uk/t/prince-construction,myjobquote
Sam&#039;s Crafted Creations,,Wooden Staircases,,,4.68,0,,,,,2016,https://www.myjobquote.co.uk/t/sams-crafted-creations,myjobquote
TIMTRANS PAULA LTD,,Wooden Staircases,,,4.68,0,,,,,Jul 2025,https://www.myjobquote.co.uk/t/timtrans-paula-ltd-1,myjobquote
Henry Maintenance & Carpentry,,Wooden Staircases,,,4.68,0,,Public Liability Insurance,,,Oct 2025,https://www.myjobquote.co.uk/t/henry-maintenance-carpentry,myjobquote
Evaldas,,Wooden Staircases,,,4.68,0,,Public Liability Insurance,,,Oct 2025,https://www.myjobquote.co.uk/t/evaldas-7,myjobquote
Evaldas,,Wooden Staircases,,,4.68,0,,ID Checked,,,Jan 2025,https://www.myjobquote.co.uk/t/oak-olive-carpentry-ltd,myjobquote
William,,Wooden Staircases,,,4.68,0,,ID Checked,,,Sep 2025,https://www.myjobquote.co.uk/t/william-127,myjobquote
HPE Carpentry Ltd,,Wooden Staircases,,,4.68,0,,,,,Feb 2026,https://www.myjobquote.co.uk/t/hpe-carpentry-ltd,myjobquote
HPE Carpentry Ltd,,Wooden Staircases,,,4.68,0,,ID Checked,,,2009,https://www.myjobquote.co.uk/t/moore-designs-1,myjobquote
Onelda LTD,,Wooden Staircases,,,4.68,0,,ID Checked,,,Aug 2017,https://www.myjobquote.co.uk/t/onelda-ltd,myjobquote
Onelda LTD,,Wooden Staircases,,,4.68,0,,ID Checked,,,2016,https://www.myjobquote.co.uk/t/builder-90,myjobquote
DESE interior soliution LTD,,Wooden Staircases,,,4.68,0,,ID Checked,,,2013,https://www.myjobquote.co.uk/t/dese-interior-soliution-ltd,myjobquote
OlegMD,,Wooden Staircases,,,4.68,0,,ID Checked,,,2016,https://www.myjobquote.co.uk/t/olegmd,myjobquote
OlegMD,,Wooden Staircases,,,4.68,0,,ID Checked,,,Sep 2023,https://www.myjobquote.co.uk/t/ltnwoodstock,myjobquote
Ltnwoodstock,,Wooden Staircases,,,4.68,0,,ID Checked,,,2020,https://www.myjobquote.co.uk/t/michal-borowik,myjobquote
Marian,,Wooden Staircases,,,4.68,0,,ID Checked,,,Aug 2020,https://www.myjobquote.co.uk/t/marian-42,myjobquote
Marian,,Wooden Staircases,,,4.68,0,,,,,Jul 2023,https://www.myjobquote.co.uk/t/carpentry-19,myjobquote
carpentry,,Wooden Staircases,,,4.68,0,,ID Checked,,,2019,https://www.myjobquote.co.uk/t/maxjoinery,myjobquote
Bilder DM,,Wooden Staircases,,,4.68,0,,ID Checked,,,Mar 2022,https://www.myjobquote.co.uk/t/bilder-dm,myjobquote
Bilder DM,,Wooden Staircases,,,4.68,0,,ID Checked,,,Mar 2023,https://www.myjobquote.co.uk/t/pero-carpentry,myjobquote
John O&#039;Donnell,,Wooden Staircases,,,4.68,0,,ID Checked,,,May 2024,https://www.myjobquote.co.uk/t/john-odonnell,myjobquote
Dans WoodWork,,Wooden Staircases,,,4.68,0,,ID Checked,,,Apr 2025,https://www.myjobquote.co.uk/t/dans-woodwork,myjobquote
Cristian,,Wooden Staircases,,,4.68,0,,ID Checked,,,Nov 2025,https://www.myjobquote.co.uk/t/cristian-77,myjobquote
Tony McInerney,,Wooden Staircases,,,5,2,,ID Checked,,,2015,https://www.myjobquote.co.uk/t/tony-mcinerney,myjobquote
PM Contractors ltd,,Wooden Staircases,,,5,22,,ID Checked,,,2003,https://www.myjobquote.co.uk/t/pm-contractors-ltd,myjobquote
TIELO Property Services,,Wooden Staircases,,,5,4,,ID Checked,,,2021,https://www.myjobquote.co.uk/t/tielo-property-services,myjobquote
Nazarii,,Wooden Staircases,,,5,1,,ID Checked,,,2022,https://www.myjobquote.co.uk/t/nazarii-8,myjobquote
V & Son’s construction services LTD,,Wooden Staircases,,,5,1,,ID Checked,,,2020,https://www.myjobquote.co.uk/t/v-sons-construction-services-ltd,myjobquote
Albert Carpentry & Handyman Services Ltd,,Wooden Staircases,,,4.68,0,,ID Checked,,,2023,https://www.myjobquote.co.uk/t/albert-carpentry-handyman-services-ltd,myjobquote
Rapheal Ltd,,Wooden Staircases,,,4.68,0,,ID Checked,,,Apr 2023,https://www.myjobquote.co.uk/t/rapheal-ltd,myjobquote
Rapheal Ltd,,Wooden Staircases,,,4.68,0,,ID Checked,,,Mar 2024,https://www.myjobquote.co.uk/t/oneness-building-services,myjobquote
Carpenter and handyman,,Wooden Staircases,,,4.68,0,,ID Checked,,,Jun 2016,https://www.myjobquote.co.uk/t/carpenter-and-handyman-1,myjobquote
Mfd construction,,Wooden Staircases,,,4.68,0,,ID Checked,,,2012,https://www.myjobquote.co.uk/t/mfd-construction,myjobquote
Skillhands ltd,,Wooden Staircases,,,4.68,0,,ID Checked,,,Feb 2025,https://www.myjobquote.co.uk/t/skillhands-ltd,myjobquote
ajay beniwal,,Wooden Staircases,,,4.68,0,,ID Checked,,,May 2025,https://www.myjobquote.co.uk/t/ajay-beniwal,myjobquote
Florin Glava,,Wooden Staircases,,,4.68,0,,,,,Feb 2025,https://www.myjobquote.co.uk/t/florin-glava,myjobquote
Florin Glava,,Wooden Staircases,,,4.68,0,,ID Checked,,,2012,https://www.myjobquote.co.uk/t/punk-furnishings,myjobquote
Pedro Henrique Elias dos Santos,,Wooden Staircases,,,4.68,0,,ID Checked,,,Jan 2021,https://www.myjobquote.co.uk/t/pedro-henrique-elias-dos-santos,myjobquote
Barry builder Ltd,,Wooden Staircases,,,4.68,0,,ID Checked,,,2024,https://www.myjobquote.co.uk/t/acm-construction,myjobquote
d latenkov,,Wooden Staircases,,,4.68,0,,ID Checked,,,Nov 2022,https://www.myjobquote.co.uk/t/d-latenkov,myjobquote
d latenkov,,Wooden Staircases,,,4.68,0,,ID Checked,,,Mar 2024,https://www.myjobquote.co.uk/t/beyer-carpentry,myjobquote
Felix Bradshaw,,Wooden Staircases,,,4.68,0,,ID Checked,,,Sep 2025,https://www.myjobquote.co.uk/t/felix-bradshaw,myjobquote
Johncarpe,,Wooden Staircases,,,4.68,0,,,,,Jan 2026,https://www.myjobquote.co.uk/t/johncarpe,myjobquote
Sy&#039;s Woodworks,,Wooden Staircases,,,4.68,0,,ID Checked,,,2014,https://www.myjobquote.co.uk/t/sys-woodworks,myjobquote
MS Handyman & Carpentry Services,,Wooden Staircases,,,4.68,0,,ID Checked,,,2025,https://www.myjobquote.co.uk/t/ms-handyman-carpentry-services,myjobquote
JH Carpentry,,Wooden Staircases,,,4.68,0,,ID Checked,,,Dec 2025,https://www.myjobquote.co.uk/t/jh-carpentry-5,myjobquote
Paul Patterson,,Wooden Staircases,,,4.68,0,,ID Checked,,,May 2023,https://www.myjobquote.co.uk/t/lee-archie-carpentry,myjobquote
Lee & Archie Carpentry,,Wooden Staircases,,,4.68,0,,ID Checked,,,2019,https://www.myjobquote.co.uk/t/mgc-co-carpentry-ltd,myjobquote
San fire protection ltd,,Wooden Staircases,,,4.68,0,,ID Checked,,,Feb 2019,https://www.myjobquote.co.uk/t/san-fire-protection-ltd,myjobquote
San fire protection ltd,,Wooden Staircases,,,4.68,0,,ID Checked,,,Apr 2024,https://www.myjobquote.co.uk/t/liviu-15,myjobquote
Orest,,Wooden Staircases,,,5,1,,ID Checked,,,Nov 2023,https://www.myjobquote.co.uk/t/orest-5,myjobquote
Xps construction and skills learning ltd,,Wooden Staircases,,,4.68,0,,ID Checked,,,2021,https://www.myjobquote.co.uk/t/xps-construction-and-skills-learning-ltd,myjobquote
green cabinets limited,,Wooden Staircases,,,4.68,0,,,,,Mar 2024,https://www.myjobquote.co.uk/t/green-cabinets-limited,myjobquote
Wrobel,,Wooden Staircases,,,4.68,0,,,,,May 2023,https://www.myjobquote.co.uk/t/wrobel-1,myjobquote
Wrobel,,Wooden Staircases,,,4.68,0,,ID Checked,,,May 2023,https://www.myjobquote.co.uk/t/glen-flynn,myjobquote
Spk inc,,Wooden Staircases,,,4.68,0,,ID Checked,,,Aug 2024,https://www.myjobquote.co.uk/t/spk-inc,myjobquote
Spk inc,,Wooden Staircases,,,4.68,0,,ID Checked,,,Jun 2023,https://www.myjobquote.co.uk/t/lumi-koxha,myjobquote
Lumi koxha,,Wooden Staircases,,,4.68,0,,ID Checked,,,Apr 2025,https://www.myjobquote.co.uk/t/carpenter-71,myjobquote
Carpenter,,Wooden Staircases,,,4.68,0,,,,,Dec 2022,https://www.myjobquote.co.uk/t/carpenter-93,myjobquote
Carpenter,,Wooden Staircases,,,4.68,0,,,,,Mar 2023,https://www.myjobquote.co.uk/t/jd-carpentry-6,myjobquote
Jd carpentry,,Wooden Staircases,,,4.68,0,,ID Checked,,,Apr 2024,https://www.myjobquote.co.uk/t/atfrconstruction,myjobquote
catalin popa,,Wooden Staircases,,,4.68,0,,ID Checked,,,2007,https://www.myjobquote.co.uk/t/catalin-popa,myjobquote
Charlie sinden,,Wooden Staircases,,,4.68,0,,ID Checked,,,May 2019,https://www.myjobquote.co.uk/t/charlie-sinden,myjobquote
Foxjob,,Wooden Staircases,,,4.68,0,,,,,Nov 2023,https://www.myjobquote.co.uk/t/foxjob,myjobquote
Foxjob,,Wooden Staircases,,,4.68,0,,,,,Nov 2022,https://www.myjobquote.co.uk/t/kieron-21,myjobquote
Isaac ltd,,Wooden Staircases,,,4.68,0,,,,,Oct 2025,https://www.myjobquote.co.uk/t/isaac-ltd,myjobquote
Isaac ltd,,Wooden Staircases,,,4.68,0,,,,,May 2024,https://www.myjobquote.co.uk/t/attentive-carpentry,myjobquote
Attentive Carpentry,,Wooden Staircases,,,4.68,0,,ID Checked,,,May 2025,https://www.myjobquote.co.uk/t/declan-oneill,myjobquote
Tibin,,Wooden Staircases,,,4.68,0,,ID Checked,,,Aug 2023,https://www.myjobquote.co.uk/t/tibin,myjobquote
Tibin,,Wooden Staircases,,,4.68,0,,,,,Nov 2023,https://www.myjobquote.co.uk/t/batek,myjobquote
JM bespoke,,Wooden Staircases,,,5,1,,ID Checked,,,May 2024,https://www.myjobquote.co.uk/t/jm-bespoke,myjobquote
Xylo Carpentry,,Wooden Staircases,,,5,11,,ID Checked,,,2019,https://www.myjobquote.co.uk/t/xylo-carpentry,myjobquote
Nick - The carpenter,,Wooden Staircases,,,5,4,,ID Checked; Public Liability Insurance,,,2010,https://www.myjobquote.co.uk/t/nick-the-carpenter,myjobquote
David,,Wooden Staircases,,,5,1,,ID Checked,,,2022,https://www.myjobquote.co.uk/t/david-388,myjobquote
Clear Cut Carpentry,,Wooden Staircases,,,5,13,,ID Checked,,,Jan 2026,https://www.myjobquote.co.uk/t/clear-cut-carpentry,myjobquote
Locks carpentry and joinery,,Wooden Staircases,,,5,1,,ID Checked,,,Sep 2024,https://www.myjobquote.co.uk/t/locks-carpentry-and-joinery,myjobquote
Camtom,,Wooden Staircases,,,5,5,,ID Checked,,,2002,https://www.myjobquote.co.uk/t/camtom,myjobquote
Bespoke4you,,Wooden Staircases,,,5,1,,ID Checked,,,Aug 2025,https://www.myjobquote.co.uk/t/bespoke4you,myjobquote
Woodworks,,Wooden Staircases,,,5,5,,ID Checked,,,1984,https://www.myjobquote.co.uk/t/woodworks-4,myjobquote
David Parrett,,Wooden Staircases,,,5,2,,ID Checked; Public Liability Insurance,,,1986,https://www.myjobquote.co.uk/t/david-parrett,myjobquote
Lyons Carpentry Contractors Ltd,,Wooden Staircases,,,5,6,07418370134,ID Checked; Public Liability Insurance,,,2018,https://www.myjobquote.co.uk/t/lyons-carpentry-contractors-ltd,myjobquote
Empire interiors,,Wooden Staircases,,,5,2,,ID Checked,,,Apr 2025,https://www.myjobquote.co.uk/t/empire-interiors,myjobquote
Kristjan Construction,,Wooden Staircases,,,5,1,,ID Checked,,,,https://www.myjobquote.co.uk/t/kristjan-construction,myjobquote
Pine and Plant Services LTD,,Wooden Staircases,,,5,2,,ID Checked,,,2025,https://www.myjobquote.co.uk/t/pine-and-plant-services-ltd,myjobquote
Civil property services,,Wooden Staircases,,,5,1,,ID Checked,,,2016,https://www.myjobquote.co.uk/t/civil-property-services,myjobquote
Atelier Allure,,Wooden Staircases,,,4,6,,ID Checked; Public Liability Insurance,,,2014,https://www.myjobquote.co.uk/t/atelier-allure,myjobquote
IM Construction Service LTD,,Wooden Staircases,,,5,2,,ID Checked,,,2013,https://www.myjobquote.co.uk/t/im-construction-service-ltd,myjobquote
S&G Building Solutions,,Wooden Staircases,,,5,4,,ID Checked,,,1998,https://www.myjobquote.co.uk/t/sg-building-solutions,myjobquote
KELVIN STILLWELL,,Wooden Staircases,,,4,20,,ID Checked,,,2019,https://www.myjobquote.co.uk/t/kelvin-stillwell,myjobquote
H Carpentry & Building,,Wooden Staircases,,,5,14,,ID Checked,,,1976,https://www.myjobquote.co.uk/t/h-carpentry-building,myjobquote
Humphrey Carpentry,,Wooden Staircases,,,5,1,,ID Checked,,,Apr 2020,https://www.myjobquote.co.uk/t/humphrey-carpentry,myjobquote
Joinery and carpentry from Mike,,Wooden Staircases,,,5,1,,ID Checked,,,Mar 2025,https://www.myjobquote.co.uk/t/joinery-and-carpentry-from-mike,myjobquote
Ion Carp,,Wooden Staircases,,,5,4,,ID Checked; Public Liability Insurance,,,2018,https://www.myjobquote.co.uk/t/ion-carp,myjobquote
K j carpentry,,Wooden Staircases,,,5,7,,ID Checked; Public Liability Insurance,,,2024,https://www.myjobquote.co.uk/t/k-j-carpentry,myjobquote
777Construct Limited,,Wooden Staircases,,,5,2,,ID Checked,,,2022,https://www.myjobquote.co.uk/t/777construct-limited,myjobquote
Dion construction ltd,,Wooden Staircases,,,5,4,,ID Checked,,,2015,https://www.myjobquote.co.uk/t/dion-construction-ltd,myjobquote
LX2 Carpentry & Construction,,Wooden Staircases,,,5,1,,ID Checked,,,Feb 2025,https://www.myjobquote.co.uk/t/lx2-carpentry-construction,myjobquote
Daniel predescu,,Wooden Staircases,,,5,9,07451260826,ID Checked,,,2010,https://www.myjobquote.co.uk/t/daniel-predescu,myjobquote
ReForma UK,,Wooden Staircases,,,5,4,,ID Checked,,,2015,https://www.myjobquote.co.uk/t/reforma-uk,myjobquote
Max Dandy Carpentry,,Wooden Staircases,,,5,7,,ID Checked,,,2017,https://www.myjobquote.co.uk/t/max-dandy-carpentry,myjobquote
just carpentry,,Wooden Staircases,,,5,6,,ID Checked,,,2019,https://www.myjobquote.co.uk/t/just-carpentry-1,myjobquote
G W Carpentry And Handyman Services,,Wooden Staircases,,,4,3,,ID Checked,,,Nov 2025,https://www.myjobquote.co.uk/t/g-w-carpentry-and-handyman-services,myjobquote
Martin leslie,,Wooden Staircases,,,5,25,,ID Checked,,,1989,https://www.myjobquote.co.uk/t/martin-leslie,myjobquote
JEP Property Ltd,,Wooden Staircases,,,5,19,,ID Checked,,,2005,https://www.myjobquote.co.uk/t/jep-property-ltd,myjobquote
Bicaku,,Wooden Staircases,,,4.68,0,,,,,Aug 2024,https://www.myjobquote.co.uk/t/bicaku-1,myjobquote
Alessandro,,Wooden Staircases,,,4.68,0,,,,,Aug 2024,https://www.myjobquote.co.uk/t/alessandro-7,myjobquote
Steve carpentry,,Wooden Staircases,,,4.68,0,,,,,Jul 2024,https://www.myjobquote.co.uk/t/steve-carpentry,myjobquote
K. HENRY,,Wooden Staircases,,,4.68,0,,,,,Nov 2023,https://www.myjobquote.co.uk/t/k-henry,myjobquote
K. HENRY,,Wooden Staircases,,,4.68,0,,ID Checked,,,Jan 2024,https://www.myjobquote.co.uk/t/jn-building-services,myjobquote
Andrew Whitehead,,Wooden Staircases,,,4.68,0,,ID Checked,,,Mar 2022,https://www.myjobquote.co.uk/t/andrew-whitehead,myjobquote
Kinvek Construction,,Wooden Staircases,,,5,35,,ID Checked; Public Liability Insurance,,,2005,https://www.myjobquote.co.uk/t/kinvek-construction,myjobquote
Cox Construction,,Wooden Staircases,,,4,1,,ID Checked,,,1988,https://www.myjobquote.co.uk/t/cox-construction-1,myjobquote
S Johnson,,Wooden Staircases,,,4,20,,ID Checked,,,Jan 2022,https://www.myjobquote.co.uk/t/s-johnson,myjobquote
Bright Toolbox,,Wooden Staircases,,,4,7,07418364646,ID Checked; Public Liability Insurance,,,2023,https://www.myjobquote.co.uk/t/bright-toolbox,myjobquote
C.P.H Builders,,Wooden Staircases,,,5,5,,ID Checked,,,1985,https://www.myjobquote.co.uk/t/cph-builders,myjobquote
PRO JOINERY,,Wooden Staircases,,,5,1,,ID Checked,,,Nov 2024,https://www.myjobquote.co.uk/t/pro-joinery-3,myjobquote
Brian Bolger,,Wooden Staircases,,,4.9,59,,ID Checked,,,1998,https://www.myjobquote.co.uk/t/brian-bolger,myjobquote
Queensbury projects,,Wooden Staircases,,,5,1,,ID Checked,,,2006,https://www.myjobquote.co.uk/t/queensbury-projects,myjobquote
Improfix Carpentry,,Wooden Staircases,,,5,1,,ID Checked,,,2024,https://www.myjobquote.co.uk/t/improfix-carpentry,myjobquote
G&T Builders,,Wooden Staircases,,,5,2,,ID Checked,,,2014,https://www.myjobquote.co.uk/t/gt-builders-1,myjobquote
RT Carpentry & Joinery Services,,Wooden Staircases,,,5,1,,ID Checked,,,2002,https://www.myjobquote.co.uk/t/rt-carpentry-joinery-services,myjobquote
Ivan Atanasov,,Wooden Staircases,,,5,1,,ID Checked,,,2015,https://www.myjobquote.co.uk/t/ivan-atanasov,myjobquote
Chipperfield Homes,,Wooden Staircases,,,5,7,,ID Checked,,,2018,https://www.myjobquote.co.uk/t/chipperfield-homes,myjobquote
Oakleaf Carpentry & Joinery. Co,,Wooden Staircases,,,5,1,,ID Checked,,,2008,https://www.myjobquote.co.uk/t/oakleaf-carpentry-joinery-co,myjobquote
The Shortlands Handyman,,Wooden Staircases,,,4.68,0,,ID Checked,,,Feb 2021,https://www.myjobquote.co.uk/t/the-shortlands-handyman,myjobquote
The Shortlands Handyman,,Wooden Staircases,,,4.68,0,,ID Checked,,,Jun 2023,https://www.myjobquote.co.uk/t/georges-professional-construction,myjobquote
Ant factory construction,,Wooden Staircases,,,4.68,0,,ID Checked,,,2007,https://www.myjobquote.co.uk/t/ant-factory-construction,myjobquote
Francisc,,Wooden Staircases,,,4.68,0,,ID Checked,,,Jan 2025,https://www.myjobquote.co.uk/t/francisc-2,myjobquote
ATG BUILDING SERVICES LTD,,Wooden Staircases,,,4.68,0,,ID Checked; Public Liability Insurance,,,2015,https://www.myjobquote.co.uk/t/atg-building-services-ltd,myjobquote
Eugene&#039;s,,Wooden Staircases,,,4.68,0,,ID Checked,,,1998,https://www.myjobquote.co.uk/t/eugenes,myjobquote
Art World Maintenance,,Wooden Staircases,,,4.68,0,,ID Checked,,,2015,https://www.myjobquote.co.uk/t/art-world-maintenance,myjobquote
Brightway NG Construction LTD,,Wooden Staircases,,,4.68,0,,ID Checked,,,Mar 2022,https://www.myjobquote.co.uk/t/brightway-ng-construction-ltd,myjobquote
Konrad,,Wooden Staircases,,,4.68,0,,ID Checked,,,1999,https://www.myjobquote.co.uk/t/tim-carpenter,myjobquote
Tim Carpenter,,Wooden Staircases,,,4.68,0,,ID Checked,,,2016,https://www.myjobquote.co.uk/t/carlos-joinery-and-construction,myjobquote
Billy&#039;s Carpentry & Handyman Services,,Wooden Staircases,,,4.68,0,,ID Checked,,,Oct 2019,https://www.myjobquote.co.uk/t/billys-carpentry-handyman-services,myjobquote
LT Carpentry,,Wooden Staircases,,,4.68,0,,ID Checked,,,Sep 2024,https://www.myjobquote.co.uk/t/lt-carpentry-2,myjobquote
Erwis Construction Ltd,,Wooden Staircases,,,4.68,0,,,,,Feb 2025,https://www.myjobquote.co.uk/t/erwis-construction-ltd,myjobquote
Carpentry  icon,,Wooden Staircases,,,4.68,0,,,,,Nov 2023,https://www.myjobquote.co.uk/t/carpentry-icon,myjobquote
R&S CARPENTRY,,Wooden Staircases,,,4.68,0,,ID Checked,,,2021,https://www.myjobquote.co.uk/t/rs-carpentry-2,myjobquote
Designs by Liam,,Wooden Staircases,,,4.68,0,,ID Checked,,,Jan 2022,https://www.myjobquote.co.uk/t/designs-by-liam,myjobquote
Localwood,,Wooden Staircases,,,4.68,0,,ID Checked,,,2018,https://www.myjobquote.co.uk/t/localwood,myjobquote
Jays carpentry,,Wooden Staircases,,,4.68,0,,,,,Sep 2025,https://www.myjobquote.co.uk/t/jays-carpentry,myjobquote
Jays carpentry,,Wooden Staircases,,,4.68,0,,ID Checked,,,2021,https://www.myjobquote.co.uk/t/hazeloak-group,myjobquote
G&R carpentry limited,,Wooden Staircases,,,4.68,0,,ID Checked,,,Nov 2025,https://www.myjobquote.co.uk/t/gr-carpentry-limited,myjobquote
D .D carpentry,,Wooden Staircases,,,4.68,0,,ID Checked,,,2008,https://www.myjobquote.co.uk/t/d-d-carpentry,myjobquote
Avon Sash Specialists,,Wooden Staircases,,,5,1,,ID Checked,,,2020,https://www.myjobquote.co.uk/t/avon-sash-specialists,myjobquote
Benji&#039;s wood Joinery,,Wooden Staircases,,,5,1,,ID Checked,,,2021,https://www.myjobquote.co.uk/t/benjis-wood-joinery,myjobquote
Paul Bullen Carpentry,,Wooden Staircases,,,5,1,,ID Checked,,,2018,https://www.myjobquote.co.uk/t/paul-bullen-carpentry,myjobquote
Odd Job John,,Wooden Staircases,,,5,27,,ID Checked,,,2024,https://www.myjobquote.co.uk/t/odd-job-john-1,myjobquote
Jack Davis Construction,,Wooden Staircases,,,5,46,,ID Checked,,,2025,https://www.myjobquote.co.uk/t/jack-davis-construction,myjobquote
Baldwin carpentry,,Wooden Staircases,,,5,1,,ID Checked,,,2011,https://www.myjobquote.co.uk/t/baldwin-carpentry,myjobquote
P&M Carpentry,,Wooden Staircases,,,5,15,,ID Checked,,,1998,https://www.myjobquote.co.uk/t/pm-carpentry,myjobquote
Noble.services,,Wooden Staircases,,,4.68,0,,,,,Oct 2020,https://www.myjobquote.co.uk/t/nobleservices,myjobquote
Stef Carpentry,,Wooden Staircases,,,4.9,33,,ID Checked,,,2016,https://www.myjobquote.co.uk/t/stef-carpentry,myjobquote
Richard hames,,Wooden Staircases,,,5,2,,ID Checked; Public Liability Insurance,,,May 2020,https://www.myjobquote.co.uk/t/richard-hames,myjobquote
G.A.H Fencing and Carpentry,,Wooden Staircases,,,5,2,,ID Checked; Public Liability Insurance,,,2025,https://www.myjobquote.co.uk/t/gah-fencing-and-carpentry,myjobquote
KB Building and Carpentry,,Wooden Staircases,,,4,1,,ID Checked,,,2018,https://www.myjobquote.co.uk/t/kb-building-and-carpentry,myjobquote
ICON Carpentry Ltd,,Wooden Staircases,,,4,7,,ID Checked,,,2022,https://www.myjobquote.co.uk/t/icon-carpentry-ltd,myjobquote
Caridon Property,,Wooden Staircases,,,5,1,,,,,Jul 2024,https://www.myjobquote.co.uk/t/caridon-property,myjobquote
Jonty Cosgrove,,Wooden Staircases,,,4.68,0,,ID Checked,,,Mar 2022,https://www.myjobquote.co.uk/t/jonty-cosgrove,myjobquote
Jordan carpentry,,Wooden Staircases,,,4.68,0,,ID Checked,,,Aug 2024,https://www.myjobquote.co.uk/t/jordan-carpentry,myjobquote
Jordan carpentry,,Wooden Staircases,,,4.68,0,,ID Checked,,,Dec 2023,https://www.myjobquote.co.uk/t/thivakaran,myjobquote
Thivakaran,,Wooden Staircases,,,4.68,0,,ID Checked,,,Feb 2025,https://www.myjobquote.co.uk/t/trialone,myjobquote
Carlos and Andrew carpentry,,Wooden Staircases,,,4.68,0,,ID Checked,,,2012,https://www.myjobquote.co.uk/t/carlos-and-andrew-carpentry,myjobquote
LS Carpentry and Renovations Limited,,Wooden Staircases,,,4.68,0,,ID Checked,,,2007,https://www.myjobquote.co.uk/t/ls-carpentry-and-renovations-limited,myjobquote
OK Carpentry,,Wooden Staircases,,,5,2,,ID Checked,,,,https://www.myjobquote.co.uk/t/ok-carpentry,myjobquote
"Brush""N""Hammer",,Wooden Staircases,,,5,14,,ID Checked,,,2010,https://www.myjobquote.co.uk/t/brushnhammer,myjobquote
Samuel Hill,,Wooden Staircases,,,5,3,,ID Checked,,,2022,https://www.myjobquote.co.uk/t/samuel-hill-1,myjobquote
MSD Building and design,,Wooden Staircases,,,5,9,07441440851,ID Checked,,,2019,https://www.myjobquote.co.uk/t/msd-building-and-design,myjobquote
All Day Carpentry,,Wooden Staircases,,,4,1,,ID Checked; Public Liability Insurance,,,2019,https://www.myjobquote.co.uk/t/all-day-carpentry,myjobquote
Lsdbespoke,,Wooden Staircases,,,5,1,,ID Checked,,,Oct 2024,https://www.myjobquote.co.uk/t/lsdbespoke,myjobquote
Max Tremlin,,Wooden Staircases,,,5,1,,ID Checked,,,2016,https://www.myjobquote.co.uk/t/max-tremlin,myjobquote
BMC Carpentry,,Wooden Staircases,,,5,1,,ID Checked,,,Jun 2024,https://www.myjobquote.co.uk/t/bmc-carpentry-1,myjobquote
Rh carpentry,,Wooden Staircases,,,5,2,,ID Checked,,,Feb 2024,https://www.myjobquote.co.uk/t/rh-carpentry-5,myjobquote
Shaun & Jake,,Wooden Staircases,,,4.6,11,,ID Checked,,,1980,https://www.myjobquote.co.uk/t/shaun-jake,myjobquote
Grimmer’s Carpentry,,Wooden Staircases,,,5,1,,ID Checked,,,Feb 2021,https://www.myjobquote.co.uk/t/grimmers-carpentry,myjobquote
Mick Constable Carpentry,,Wooden Staircases,,,5,10,,ID Checked,,,Dec 2021,https://www.myjobquote.co.uk/t/mick-constable-carpentry,myjobquote
LP Carpentry & Building,,Wooden Staircases,,,4.7,1,07418361076,ID Checked,,,2004,https://www.myjobquote.co.uk/t/lp-carpentry-building,myjobquote
Justas Carpenter,,Wooden Staircases,,,5,1,,ID Checked,,,2010,https://www.myjobquote.co.uk/t/justas-carpenter,myjobquote
Joseph Hewetson,,Wooden Staircases,,,4.68,0,,ID Checked; Public Liability Insurance,,,2015,https://www.myjobquote.co.uk/t/joseph-hewetson,myjobquote
KW Group,,Wooden Staircases,,,4.68,0,,ID Checked,,,Nov 2025,https://www.myjobquote.co.uk/t/kw-group,myjobquote
David Dryden,,Wooden Staircases,,,4.68,0,,ID Checked,,,Oct 2024,https://www.myjobquote.co.uk/t/david-dryden,myjobquote
Daniel Pelin,,Wooden Staircases,,,4.68,0,,ID Checked,,,Jan 2024,https://www.myjobquote.co.uk/t/daniel-pelin,myjobquote
Cotham Carpentry,,Wooden Staircases,,,4.68,0,,ID Checked; Public Liability Insurance,,,Jul 2023,https://www.myjobquote.co.uk/t/cotham-carpentry,myjobquote
Jas Bhakerd carpentry and kitchen installation,,Wooden Staircases,,,4.68,0,,ID Checked,,,2010,https://www.myjobquote.co.uk/t/jas-bhakerd-carpentry-and-kitchen-installation,myjobquote
Woodworked,,Wooden Staircases,,,4.68,0,,,,,,https://www.myjobquote.co.uk/t/woodworked,myjobquote
WLK Carpentry & Timber construction,,Wooden Staircases,,,4.68,0,,ID Checked; Public Liability Insurance,"Level 3 city and guilds in carpentry and joinery 

Level 2 NVQ in carpentry and joinery 

Public liability insurance up to £1M",,Nov 2024,https://www.myjobquote.co.uk/t/wlk-carpentry-timber-construction,myjobquote
Graham Parsons,,Wooden Staircases,,,4.68,0,,ID Checked,,,2023,https://www.myjobquote.co.uk/t/graham-parsons-1,myjobquote
Gx joinery,,Wooden Staircases,,,4.68,0,,ID Checked,,,2006,https://www.myjobquote.co.uk/t/gx-joinery,myjobquote
William Robinson,,Wooden Staircases,,,4.68,0,,ID Checked,,,Feb 2026,https://www.myjobquote.co.uk/t/william-robinson-1,myjobquote
Vassil,,Wooden Staircases,,,4.68,0,,,,,Feb 2026,https://www.myjobquote.co.uk/t/vassil,myjobquote
Vassil,,Wooden Staircases,,,4.68,0,,ID Checked,,,2018,https://www.myjobquote.co.uk/t/helliers-bespoke-joinery,myjobquote
Dean Butcher Carpentry Services LTD,,Wooden Staircases,,,4.68,0,,ID Checked,,,1993,https://www.myjobquote.co.uk/t/dean-butcher-carpentry-services-ltd,myjobquote
James joinery,,Wooden Staircases,,,4.68,0,,ID Checked,,,Jul 2025,https://www.myjobquote.co.uk/t/james-joinery,myjobquote
James joinery,,Wooden Staircases,,,4.68,0,,ID Checked,,,2018,https://www.myjobquote.co.uk/t/bristol-carpentry-contractor-ltd,myjobquote
Design solutions,,Wooden Staircases,,,4.68,0,,ID Checked,,,Mar 2024,https://www.myjobquote.co.uk/t/design-solutions,myjobquote
Hephaestus Bristol Ltd,,Wooden Staircases,,,4.68,0,,ID Checked,,,2023,https://www.myjobquote.co.uk/t/hephaestus-bristol-ltd,myjobquote
Jamie Walker,,Wooden Staircases,,,4.68,0,,ID Checked,,,Mar 2023,https://www.myjobquote.co.uk/t/jamie-walker-1,myjobquote
Jamie Walker,,Wooden Staircases,,,4.68,0,,ID Checked,,,Mar 2026,https://www.myjobquote.co.uk/t/bespoke-by-ollie-wright,myjobquote
Osborne carpentry,,Wooden Staircases,,,4.68,0,,ID Checked,,,2022,https://www.myjobquote.co.uk/t/osborne-carpentry,myjobquote
Imperial carpentry,,Wooden Staircases,,,4.68,0,,ID Checked,,,2014,https://www.myjobquote.co.uk/t/imperial-carpentry,myjobquote
Beach & Ulewicz LTD,,Wooden Staircases,,,4.68,0,,ID Checked,,,Mar 2024,https://www.myjobquote.co.uk/t/beach-ulewicz-ltd,myjobquote
Kd carpentry,,Wooden Staircases,,,4.68,0,,ID Checked,,,2006,https://www.myjobquote.co.uk/t/kd-carpentry,myjobquote
RC Carpentry and Maintenance,,Wooden Staircases,,,4.68,0,,ID Checked,,,2022,https://www.myjobquote.co.uk/t/rc-carpentry-and-maintenance,myjobquote
RC Carpentry and Maintenance,,Wooden Staircases,,,4.68,0,,ID Checked,,,2020,https://www.myjobquote.co.uk/t/aymaz-construction,myjobquote
Rc carpentry,,Wooden Staircases,,,4.68,0,,ID Checked,,,,https://www.myjobquote.co.uk/t/rc-carpentry-3,myjobquote
Reactive building services Ltd.,,Wooden Staircases,,,4.68,0,,ID Checked,,,2010,https://www.myjobquote.co.uk/t/reactive-building-services-ltd,myjobquote
DLjoinery,,Wooden Staircases,,,4.68,0,,ID Checked,,,Mar 2025,https://www.myjobquote.co.uk/t/dljoinery,myjobquote
DLjoinery,,Wooden Staircases,,,4.68,0,,,,,2014,https://www.myjobquote.co.uk/t/shields-carpentry,myjobquote
Shields carpentry,,Wooden Staircases,,,4.68,0,,ID Checked,,,2019,https://www.myjobquote.co.uk/t/simmonds-carpentry-ltd,myjobquote
TH Joinery,,Wooden Staircases,,,4.68,0,,ID Checked,,,2017,https://www.myjobquote.co.uk/t/th-joinery,myjobquote
Tim Lambert Carpentry,,Wooden Staircases,,,4.68,0,,ID Checked,,,May 2019,https://www.myjobquote.co.uk/t/tim-lambert-carpentry,myjobquote
Neil Palmer,,Wooden Staircases,,,4.68,0,,ID Checked,,,Jan 2024,https://www.myjobquote.co.uk/t/neil-palmer-1,myjobquote
Dave mckinlay,,Wooden Staircases,,,4.68,0,,,,,Oct 2022,https://www.myjobquote.co.uk/t/dave-mckinlay,myjobquote
Dave mckinlay,,Wooden Staircases,,,4.68,0,,,,,2022,https://www.myjobquote.co.uk/t/rubila-contractors,myjobquote
HIGGINS CARPENTRY,,Wooden Staircases,,,4.68,0,,ID Checked,,,2020,https://www.myjobquote.co.uk/t/higgins-carpentry,myjobquote
Kitchen construction,,Wooden Staircases,,,4.68,0,,ID Checked,,,2017,https://www.myjobquote.co.uk/t/kitchen-construction,myjobquote
Kitchen construction,,Wooden Staircases,,,4.68,0,,ID Checked,,,2013,https://www.myjobquote.co.uk/t/ab-carpentry-building,myjobquote
Jezz Bailey,,Wooden Staircases,,,4.68,0,,ID Checked,,,Jan 2024,https://www.myjobquote.co.uk/t/jezz-bailey,myjobquote
South Bristol Carpentry,,Wooden Staircases,,,4.68,0,,,,,Aug 2024,https://www.myjobquote.co.uk/t/south-bristol-carpentry,myjobquote
South Bristol Carpentry,,Wooden Staircases,,,4.68,0,,,,,May 2024,https://www.myjobquote.co.uk/t/bk-carpentry-ltd,myjobquote
Rutter Carpentry & Building,,Wooden Staircases,,,4.68,0,,ID Checked,,,1996,https://www.myjobquote.co.uk/t/rutter-carpentry-building,myjobquote
CatalinMoldovan,,Wooden Staircases,,,4.68,0,,ID Checked,,,Nov 2025,https://www.myjobquote.co.uk/t/catalinmoldovan,myjobquote
CatalinMoldovan,,Wooden Staircases,,,4.68,0,,,,,Jun 2024,https://www.myjobquote.co.uk/t/inch-by-ince,myjobquote
DT carpentry,,Wooden Staircases,,,4.68,0,,,,,Feb 2024,https://www.myjobquote.co.uk/t/dt-carpentry-2,myjobquote
Skuse Property Services,,Wooden Staircases,,,4.68,0,,ID Checked,,,2024,https://www.myjobquote.co.uk/t/skuse-property-services,myjobquote
Hurst Carpentry & Construction,,Wooden Staircases,,,4.68,0,,ID Checked,,,Jan 2025,https://www.myjobquote.co.uk/t/hurst-carpentry-construction,myjobquote
Hurst Carpentry & Construction,,Wooden Staircases,,,4.68,0,,ID Checked,,,Jan 2024,https://www.myjobquote.co.uk/t/crescent-carpentry-developments,myjobquote
Lw carpentry and plastering,,Wooden Staircases,,,4.68,0,,ID Checked,,,Mar 2022,https://www.myjobquote.co.uk/t/lw-carpentry-and-plastering,myjobquote
Cox Carpentry,,Wooden Staircases,,,4.68,0,,,,,Dec 2024,https://www.myjobquote.co.uk/t/cox-carpentry-1,myjobquote
EAB Carpentry & joinery,,Wooden Staircases,,,4.68,0,,,,,Apr 2025,https://www.myjobquote.co.uk/t/eab-carpentry-joinery,myjobquote
EAB Carpentry & joinery,,Wooden Staircases,,,4.68,0,,,,,Jan 2025,https://www.myjobquote.co.uk/t/benwoodcarpentrycouk,myjobquote
Witon,,Wooden Staircases,,,5,2,,ID Checked,,,Jan 2025,https://www.myjobquote.co.uk/t/witon,myjobquote
KM Carpentry ltd,,Wooden Staircases,,,5,1,,ID Checked,,,2018,https://www.myjobquote.co.uk/t/km-carpentry-ltd,myjobquote
Jack leonard,,Wooden Staircases,,,5,1,,ID Checked,,,2020,https://www.myjobquote.co.uk/t/jack-leonard,myjobquote
James Brabner,,Wooden Staircases,,,4.68,0,,ID Checked,,,Jul 2021,https://www.myjobquote.co.uk/t/james-brabner,myjobquote
Jake Liddington,,Wooden Staircases,,,4.68,0,,,,,Apr 2023,https://www.myjobquote.co.uk/t/jake-liddington,myjobquote
Jake Liddington,,Wooden Staircases,,,4.68,0,,,,,Dec 2025,https://www.myjobquote.co.uk/t/deeree,myjobquote
Deeree,,Wooden Staircases,,,4.68,0,,,,,Jan 2024,https://www.myjobquote.co.uk/t/niall-donovan,myjobquote
Niall Donovan,,Wooden Staircases,,,4.68,0,,,,,Feb 2024,https://www.myjobquote.co.uk/t/ben-foulkes,myjobquote
Ben Foulkes,,Wooden Staircases,,,4.68,0,,ID Checked,,,Feb 2024,https://www.myjobquote.co.uk/t/d-g-walker,myjobquote
D G Walker,,Wooden Staircases,,,4.68,0,,ID Checked,,,Apr 2025,https://www.myjobquote.co.uk/t/r-j-willims,myjobquote
R j williMs,,Wooden Staircases,,,4.68,0,,,,,Jun 2025,https://www.myjobquote.co.uk/t/jack-tutty,myjobquote
C C Dabija LTD,,Wooden Staircases,,,4.68,0,,,,,Aug 2025,https://www.myjobquote.co.uk/t/c-c-dabija-ltd,myjobquote
C C Dabija LTD,,Wooden Staircases,,,4.68,0,,,,,Aug 2024,https://www.myjobquote.co.uk/t/amadeus-whyte,myjobquote
ANGLE BUILDING COMPANY,,Wooden Staircases,,,5,3,,ID Checked,,,2025,https://www.myjobquote.co.uk/t/angle-building-company,myjobquote
M&R Joinery,,Wooden Staircases,,,5,11,,ID Checked; Public Liability Insurance,,,2024,https://www.myjobquote.co.uk/t/mr-joinery-3,myjobquote
Oak & Stone Wood Craft,,Wooden Staircases,,,5,8,,ID Checked,,,2013,https://www.myjobquote.co.uk/t/oak-stone-wood-craft,myjobquote
3Sixty Home Services,,Wooden Staircases,,,5,8,,ID Checked,,,2020,https://www.myjobquote.co.uk/t/3sixty-home-services,myjobquote
Legacy joinery,,Wooden Staircases,,,5,3,,ID Checked,,,2025,https://www.myjobquote.co.uk/t/legacy-joinery,myjobquote
MH Joinery,,Wooden Staircases,,,5,32,,ID Checked,,,2025,https://www.myjobquote.co.uk/t/mh-joinery-6,myjobquote
ALT Joinery & Building,,Wooden Staircases,,,4,16,07451260557,ID Checked,,,2019,https://www.myjobquote.co.uk/t/alt-joinery-building,myjobquote
Serafin Joinery,,Wooden Staircases,,,5,13,,ID Checked,,,2005,https://www.myjobquote.co.uk/t/serafin-joinery,myjobquote
Markitan,,Wooden Staircases,,,5,1,,ID Checked,,,2015,https://www.myjobquote.co.uk/t/markitan,myjobquote
Merlyn Jackson T/A Mint Projects,,Wooden Staircases,,,4.6,9,,ID Checked,,,2019,https://www.myjobquote.co.uk/t/merlyn-jackson-ta-mint-projects,myjobquote
Essential Bespoke Joinery,,Wooden Staircases,,,5,1,,ID Checked,,,2016,https://www.myjobquote.co.uk/t/essential-bespoke-joinery,myjobquote
Mcandrew&#039;s complete joinery services,,Wooden Staircases,,,5,1,,ID Checked,,,Mar 2023,https://www.myjobquote.co.uk/t/mcandrews-complete-joinery-services,myjobquote
Donny,,Wooden Staircases,,,4.68,0,,ID Checked,,,Dec 2019,https://www.myjobquote.co.uk/t/donny,myjobquote
Donny,,Wooden Staircases,,,4.68,0,,,,,Dec 2024,https://www.myjobquote.co.uk/t/gcjoinery-1,myjobquote
GCJoinery,,Wooden Staircases,,,4.68,0,,,,,Nov 2024,https://www.myjobquote.co.uk/t/danielfairliejoinery,myjobquote
Wokim build,,Wooden Staircases,,,4.68,0,,,,,2020,https://www.myjobquote.co.uk/t/wokim-build,myjobquote
Hilda,,Wooden Staircases,,,4.68,0,,,,,1993,https://www.myjobquote.co.uk/t/hilda-1,myjobquote
Patrick Ronayne,,Wooden Staircases,,,4.68,0,,ID Checked,,,Mar 2019,https://www.myjobquote.co.uk/t/patrick-ronayne,myjobquote
All rounder handy man,,Wooden Staircases,,,4.68,0,,ID Checked,,,1990,https://www.myjobquote.co.uk/t/all-rounder-handy-man,myjobquote
MT Joinery,,Wooden Staircases,,,4.68,0,,ID Checked,,,Feb 2024,https://www.myjobquote.co.uk/t/mt-joinery-4,myjobquote
Mike&#039;s Builders Ltd,,Wooden Staircases,,,4.8,32,,ID Checked; Public Liability Insurance,,,2021,https://www.myjobquote.co.uk/t/mikes-builders-ltd,myjobquote
ZAC JOINERY,,Wooden Staircases,,,5,7,,ID Checked,,,2022,https://www.myjobquote.co.uk/t/zac-joinery,myjobquote
MCH joinery,,Wooden Staircases,,,5,1,,ID Checked,,,2010,https://www.myjobquote.co.uk/t/mch-joinery-1,myjobquote
Andrew-Shemek,,Wooden Staircases,,,5,2,,ID Checked,,,2006,https://www.myjobquote.co.uk/t/andrew-shemek,myjobquote
Rated joiners,,Wooden Staircases,,,5,4,,ID Checked,,,Jan 2024,https://www.myjobquote.co.uk/t/rated-joiners,myjobquote
J R builder,,Wooden Staircases,,,5,1,,ID Checked,,,Oct 2023,https://www.myjobquote.co.uk/t/j-r-builder-1,myjobquote
Kingsknowe Joinery/All Trades,,Wooden Staircases,,,4.5,6,,ID Checked,,,1995,https://www.myjobquote.co.uk/t/kingsknowe-joineryall-trades,myjobquote
Solution,,Wooden Staircases,,,4.8,4,,ID Checked,,,2015,https://www.myjobquote.co.uk/t/solution-2,myjobquote
JRDS Joinery and Roofing,,Wooden Staircases,,,4.9,16,07418348967,ID Checked,,,2005,https://www.myjobquote.co.uk/t/jrds-joinery-and-roofing,myjobquote
T&G Property Management Edinburgh LTD,,Wooden Staircases,,,4.9,3,,,,,2020,https://www.myjobquote.co.uk/t/tg-property-management-edinburgh-ltd,myjobquote
Maximize Building & Renovations LTD,,Wooden Staircases,,,4.68,0,,,,,2011,https://www.myjobquote.co.uk/t/maximize-building-renovations-ltd,myjobquote
J&J Handy People To Know,,Wooden Staircases,,,4.68,0,,,,,Oct 2023,https://www.myjobquote.co.uk/t/jj-handy-people-to-know-1,myjobquote
J&J Handy People To Know,,Wooden Staircases,,,4.68,0,,ID Checked,,,Nov 2022,https://www.myjobquote.co.uk/t/robert-brydons-building-services,myjobquote
HumeJoinery,,Wooden Staircases,,,4.68,0,,ID Checked,,,2020,https://www.myjobquote.co.uk/t/humejoinery,myjobquote
Escape joinery,,Wooden Staircases,,,4.68,0,,ID Checked,,,2022,https://www.myjobquote.co.uk/t/escape-joinery,myjobquote
Thistle Security,,Wooden Staircases,,,4.68,0,,ID Checked,,,2004,https://www.myjobquote.co.uk/t/thistle-security,myjobquote
Hardie Joinery,,Wooden Staircases,,,4.68,0,,ID Checked,,,2024,https://www.myjobquote.co.uk/t/hardie-joinery,myjobquote
Hardie Joinery,,Wooden Staircases,,,4.68,0,,ID Checked,,,2020,https://www.myjobquote.co.uk/t/verra-decoration,myjobquote
Dmytro,,Wooden Staircases,,,4.68,0,,ID Checked,,,2022,https://www.myjobquote.co.uk/t/dmytro-4,myjobquote
Jim will fix it,,Wooden Staircases,,,4.68,0,,ID Checked,,,Mar 2023,https://www.myjobquote.co.uk/t/jim-will-fix-it,myjobquote
Bart deco,,Wooden Staircases,,,4.68,0,,ID Checked,,,,https://www.myjobquote.co.uk/t/bart-deco,myjobquote
SERVORO MAINTENANCE SERVICES LTD,,Wooden Staircases,,,4.68,0,,ID Checked; Public Liability Insurance,,,2025,https://www.myjobquote.co.uk/t/servoro-maintenance-services-ltd,myjobquote
Servoro Maintenance Services Limited,,Wooden Staircases,,,4.68,0,,Public Liability Insurance,,,May 2024,https://www.myjobquote.co.uk/t/servoro-maintenance-services-limited,myjobquote
Marek Baranski Joinery services,,Wooden Staircases,,,4.68,0,,,,,Jan 2026,https://www.myjobquote.co.uk/t/marek-baranski-joinery-services,myjobquote
Elenic Construction Ltd,,Wooden Staircases,,,4.68,0,,,,,May 2024,https://www.myjobquote.co.uk/t/elenic-construction-ltd,myjobquote
88dryliner,,Wooden Staircases,,,4.68,0,,,,,May 2024,https://www.myjobquote.co.uk/t/88dryliner,myjobquote
Logan Edinburgh joinery,,Wooden Staircases,,,4.68,0,,,,,2006,https://www.myjobquote.co.uk/t/logan-edinburgh-joinery,myjobquote
Robax,,Wooden Staircases,,,4.68,0,,ID Checked,,,Mar 2024,https://www.myjobquote.co.uk/t/robax,myjobquote
Robax,,Wooden Staircases,,,4.68,0,,ID Checked,,,Jan 2026,https://www.myjobquote.co.uk/t/white-elm-joinery,myjobquote
White  elm. Joinery,,Wooden Staircases,,,4.68,0,,ID Checked,,,2015,https://www.myjobquote.co.uk/t/edinburgh-lothian-loft-boarding,myjobquote
Cuaran kelly joinery,,Wooden Staircases,,,4.68,0,,ID Checked,,,Mar 2017,https://www.myjobquote.co.uk/t/cuaran-kelly-joinery,myjobquote
Aidan,,Wooden Staircases,,,4.68,0,,ID Checked,,,Jul 2024,https://www.myjobquote.co.uk/t/aidan-16,myjobquote
MBK Joiners,,Wooden Staircases,,,4.68,0,,ID Checked,,,Jul 2023,https://www.myjobquote.co.uk/t/mbk-joiners,myjobquote
Jamie Barbour,,Wooden Staircases,,,4.68,0,,ID Checked,,,2022,https://www.myjobquote.co.uk/t/jamie-barbour,myjobquote
Jamie Barbour,,Wooden Staircases,,,4.68,0,,,,,May 2024,https://www.myjobquote.co.uk/t/heron-property-care,myjobquote
Radion,,Wooden Staircases,,,4.68,0,,,,,Feb 2025,https://www.myjobquote.co.uk/t/radion-1,myjobquote
Radion,,Wooden Staircases,,,4.68,0,,ID Checked,,,2015,https://www.myjobquote.co.uk/t/r-reid-joiners,myjobquote
C&M carpentry,,Wooden Staircases,,,4.68,0,,ID Checked,,,Mar 2022,https://www.myjobquote.co.uk/t/cm-carpentry-2,myjobquote
J.R Joinery,,Wooden Staircases,,,4.68,0,,ID Checked,,,Feb 2026,https://www.myjobquote.co.uk/t/jr-joinery-6,myjobquote
visions of you,,Wooden Staircases,,,4.68,0,,,,,Mar 2024,https://www.myjobquote.co.uk/t/visions-of-you,myjobquote
TLEPA54,,Wooden Staircases,,,4.68,0,,,,,May 2022,https://www.myjobquote.co.uk/t/tlepa54,myjobquote
TLEPA54,,Wooden Staircases,,,4.68,0,,ID Checked,,,May 2022,https://www.myjobquote.co.uk/t/hunter-renovations-ltd,myjobquote
Mirosław Szambelan,,Wooden Staircases,,,4.68,0,,ID Checked,,,2007,https://www.myjobquote.co.uk/t/miroslaw-szambelan,myjobquote
Mirosław Szambelan,,Wooden Staircases,,,4.68,0,,,,,2017,https://www.myjobquote.co.uk/t/a-zakarian-trade,myjobquote
A Zakarian Trade.,,Wooden Staircases,,,4.68,0,,,,,Jan 2018,https://www.myjobquote.co.uk/t/chira-emanuel-david,myjobquote
Chira emanuel david,,Wooden Staircases,,,4.68,0,,ID Checked,,,2022,https://www.myjobquote.co.uk/t/jm-joiners-2,myjobquote
J&M Joiners,,Wooden Staircases,,,4.68,0,,ID Checked,,,Nov 2023,https://www.myjobquote.co.uk/t/master-carpentery-services,myjobquote
Gold Hands,,Wooden Staircases,,,4.68,0,,,,,Nov 2023,https://www.myjobquote.co.uk/t/gold-hands-1,myjobquote
Gold Hands,,Wooden Staircases,,,4.68,0,,,,,Feb 2026,https://www.myjobquote.co.uk/t/nc-joinery,myjobquote
Lb joinery,,Wooden Staircases,,,5,1,,ID Checked,,,Dec 2023,https://www.myjobquote.co.uk/t/lb-joinery-6,myjobquote
AB Joinery,,Wooden Staircases,,,5,1,,ID Checked,,,Dec 2025,https://www.myjobquote.co.uk/t/ab-joinery-9,myjobquote
Harry flooring,,Wooden Staircases,,,5,2,,ID Checked,,,Jun 2025,https://www.myjobquote.co.uk/t/harry-flooring-1,myjobquote
A M Joinery,,Wooden Staircases,,,5,1,,ID Checked,,,Aug 2025,https://www.myjobquote.co.uk/t/a-m-joinery-1,myjobquote
I.khader,,Wooden Staircases,,,4.68,0,,ID Checked,,,Feb 2020,https://www.myjobquote.co.uk/t/ikhader,myjobquote
I.khader,,Wooden Staircases,,,4.68,0,,,,,Mar 2022,https://www.myjobquote.co.uk/t/unkown,myjobquote
Unkown,,Wooden Staircases,,,4.68,0,,ID Checked,,,Jul 2023,https://www.myjobquote.co.uk/t/cumings-carpentry,myjobquote
cumings carpentry,,Wooden Staircases,,,4.68,0,,ID Checked,,,Jan 2024,https://www.myjobquote.co.uk/t/hands-and-tools,myjobquote
Officina 165,,Wooden Staircases,,,4.68,0,,ID Checked,,,Mar 2025,https://www.myjobquote.co.uk/t/officina-165,myjobquote
Skye’s the limit building and joinery,,Wooden Staircases,,,4.68,0,,ID Checked,,,Apr 2025,https://www.myjobquote.co.uk/t/skyes-the-limit-building-and-joinery,myjobquote
Ben Moffat,,Wooden Staircases,,,4.68,0,,ID Checked,,,Jan 2023,https://www.myjobquote.co.uk/t/ben-moffat,myjobquote
Ronald McManus,,Wooden Staircases,,,4.68,0,,,,,Nov 2023,https://www.myjobquote.co.uk/t/ronald-mcmanus,myjobquote
Ronald McManus,,Wooden Staircases,,,4.68,0,,,,,Nov 2023,https://www.myjobquote.co.uk/t/patrykmilek,myjobquote
Patrykmilek,,Wooden Staircases,,,4.68,0,,,,,Aug 2023,https://www.myjobquote.co.uk/t/edinburgh-refurbishments,myjobquote
B-wood,,Wooden Staircases,,,4.68,0,,,,,Sep 2023,https://www.myjobquote.co.uk/t/b-wood,myjobquote
B-wood,,Wooden Staircases,,,4.68,0,,,,,Nov 2025,https://www.myjobquote.co.uk/t/shawn-thorburn,myjobquote
Shawn thorburn,,Wooden Staircases,,,4.68,0,,,,,Jul 2024,https://www.myjobquote.co.uk/t/pkipp-maintenance,myjobquote
Pkipp maintenance,,Wooden Staircases,,,4.68,0,,,,,Mar 2023,https://www.myjobquote.co.uk/t/arsenzhdanov,myjobquote
Arsenzhdanov,,Wooden Staircases,,,4.68,0,,,,,Feb 2024,https://www.myjobquote.co.uk/t/joinery-solutions-1,myjobquote
LD building & joinery,,Wooden Staircases,,,4.68,0,,,,,Oct 2025,https://www.myjobquote.co.uk/t/ld-building-joinery,myjobquote
LD building & joinery,,Wooden Staircases,,,4.68,0,,,,,May 2022,https://www.myjobquote.co.uk/t/jb-contracts-scotland-ltd,myjobquote
Robert markie,,Wooden Staircases,,,4.68,0,,,,,Jan 2023,https://www.myjobquote.co.uk/t/robert-markie,myjobquote
Robert markie,,Wooden Staircases,,,4.68,0,,,,,Jan 2023,https://www.myjobquote.co.uk/t/jd-joinery-7,myjobquote
JD joinery,,Wooden Staircases,,,4.68,0,,,,,Aug 2024,https://www.myjobquote.co.uk/t/kacper-21,myjobquote
Kacper,,Wooden Staircases,,,4.68,0,,Public Liability Insurance,,,Aug 2024,https://www.myjobquote.co.uk/t/jack-hunter-joinery,myjobquote
HB BUILDING AND JOINERY,,Wooden Staircases,,,4.68,0,,ID Checked,,,Aug 2023,https://www.myjobquote.co.uk/t/hb-building-and-joinery,myjobquote
Apprenticeship joiner,,Wooden Staircases,,,4.68,0,,ID Checked,,,Jan 2025,https://www.myjobquote.co.uk/t/apprenticeship-joiner,myjobquote
Budding Rod Ltd,,Wooden Staircases,,,5,28,,ID Checked,,,2025,https://www.myjobquote.co.uk/t/budding-rod-ltd,myjobquote
Property Maintenance Services,,Wooden Staircases,,,5,10,,ID Checked; Public Liability Insurance,,,2025,https://www.myjobquote.co.uk/t/property-maintenance-services-9,myjobquote
JF DEVELOPMENT GROUP,,Wooden Staircases,,,5,1,,ID Checked,,,2022,https://www.myjobquote.co.uk/t/jf-development-group,myjobquote
Sinclair Joinery,,Wooden Staircases,,,5,1,,ID Checked,,,2025,https://www.myjobquote.co.uk/t/sinclair-joinery,myjobquote
JDK joiners,,Wooden Staircases,,,5,3,,ID Checked,,,1995,https://www.myjobquote.co.uk/t/jdk-joiners,myjobquote
RGM JOINERS ltd,,Wooden Staircases,,,5,2,,ID Checked,,,2022,https://www.myjobquote.co.uk/t/rgm-joiners-ltd,myjobquote
Pricecut joinery,,Wooden Staircases,,,5,7,,ID Checked,,,2018,https://www.myjobquote.co.uk/t/pricecut-joinery-1,myjobquote
Woodgate joinery & building Ltd,,Wooden Staircases,,,4,2,,ID Checked,,,2023,https://www.myjobquote.co.uk/t/woodgate-joinery-building-ltd,myjobquote
Nwtjoiners,,Wooden Staircases,,,5,1,,ID Checked,,,Jan 2025,https://www.myjobquote.co.uk/t/nwtjoiners,myjobquote
Strand Home Improvements,,Wooden Staircases,,,5,7,,ID Checked,,,1999,https://www.myjobquote.co.uk/t/strand-home-improvements,myjobquote
Handywomenworks,,Wooden Staircases,,,5,26,,ID Checked,,,Feb 2024,https://www.myjobquote.co.uk/t/handywomenworks,myjobquote
Bricks&mortar,,Wooden Staircases,,,5,1,,ID Checked; Public Liability Insurance,,,2016,https://www.myjobquote.co.uk/t/bricksmortar-1,myjobquote
James Jones,,Wooden Staircases,,,5,61,,ID Checked,,,1992,https://www.myjobquote.co.uk/t/james-jones-3,myjobquote
Ricon Projects,,Wooden Staircases,,,5,1,,ID Checked,,,2015,https://www.myjobquote.co.uk/t/ricon-projects,myjobquote
Clyde decking solutions ltd,,Wooden Staircases,,,5,1,,ID Checked,,,2023,https://www.myjobquote.co.uk/t/clyde-decking-solutions-ltd-1,myjobquote
Irwin’s lock repairs,,Wooden Staircases,,,4,3,,ID Checked,,,2025,https://www.myjobquote.co.uk/t/irwins-lock-repairs,myjobquote
DARA Property Maintenance,,Wooden Staircases,,,5,24,,ID Checked,,,2016,https://www.myjobquote.co.uk/t/dara-property-maintenance,myjobquote
Form & Finish Uk,,Wooden Staircases,,,4.68,0,,ID Checked,,,Nov 2015,https://www.myjobquote.co.uk/t/form-finish-uk,myjobquote
Form & Finish Uk,,Wooden Staircases,,,4.68,0,,ID Checked,,,2021,https://www.myjobquote.co.uk/t/fft-brave-developments-ltd,myjobquote
Wood Craft Corner,,Wooden Staircases,,,4.68,0,,ID Checked,,,Aug 2024,https://www.myjobquote.co.uk/t/wood-craft-corner,myjobquote
Davinci Projects,,Wooden Staircases,,,4.68,0,,ID Checked,,,Oct 2023,https://www.myjobquote.co.uk/t/davinci-projects,myjobquote
archdeco_studio,,Wooden Staircases,,,4.68,0,,ID Checked,,,2015,https://www.myjobquote.co.uk/t/archdeco-studio,myjobquote
Precision Joinery and Building Service,,Wooden Staircases,,,5,4,,ID Checked,,,2014,https://www.myjobquote.co.uk/t/precision-joinery-and-building-service,myjobquote
Inex Property Glasgow,,Wooden Staircases,,,5,2,,ID Checked,,,May 2025,https://www.myjobquote.co.uk/t/inex-property-glasgow,myjobquote
Joe Cameron,,Wooden Staircases,,,5,2,,ID Checked,,,2024,https://www.myjobquote.co.uk/t/joe-cameron,myjobquote
Brian scott,,Wooden Staircases,,,5,2,,ID Checked,,,2025,https://www.myjobquote.co.uk/t/brian-scott,myjobquote
Renv8,,Wooden Staircases,,,5,2,,ID Checked; Public Liability Insurance,,,2025,https://www.myjobquote.co.uk/t/renv8,myjobquote
Mcfadden joinery,,Wooden Staircases,,,5,4,,ID Checked,,,1979,https://www.myjobquote.co.uk/t/mcfadden-joinery,myjobquote
Yianni,,Wooden Staircases,,,5,5,,ID Checked,,,2002,https://www.myjobquote.co.uk/t/yianni,myjobquote
JC Trades,,Wooden Staircases,,,5,2,,ID Checked,,,2013,https://www.myjobquote.co.uk/t/jc-trades-1,myjobquote
Gsm home improvements,,Wooden Staircases,,,5,4,,ID Checked,,,Feb 2021,https://www.myjobquote.co.uk/t/gsm-home-improvements,myjobquote
McQ home Improvements,,Wooden Staircases,,,5,8,,ID Checked,,,2021,https://www.myjobquote.co.uk/t/mcq-home-improvements,myjobquote
first class main ltd,,Wooden Staircases,,,5,4,,ID Checked,,,2001,https://www.myjobquote.co.uk/t/first-class-main-ltd,myjobquote
DS JOINERY,,Wooden Staircases,,,5,14,,ID Checked,,,2016,https://www.myjobquote.co.uk/t/ds-joinery-2,myjobquote
Elliott joinery,,Wooden Staircases,,,5,8,,ID Checked,,,2023,https://www.myjobquote.co.uk/t/elliott-joinery,myjobquote
Acjoinery,,Wooden Staircases,,,5,1,,ID Checked,,,Apr 2023,https://www.myjobquote.co.uk/t/acjoinery,myjobquote
Build it up,,Wooden Staircases,,,5,1,,ID Checked,,,Jun 2023,https://www.myjobquote.co.uk/t/build-it-up-1,myjobquote
Gavin Anderson,,Wooden Staircases,,,5,1,,ID Checked,,,2001,https://www.myjobquote.co.uk/t/gavin-anderson,myjobquote
JJR joinery,,Wooden Staircases,,,5,2,,ID Checked,,,2018,https://www.myjobquote.co.uk/t/jjr-joinery,myjobquote
Nailed it carpentry joinery home maintenance,,Wooden Staircases,,,5,2,,ID Checked,,,2020,https://www.myjobquote.co.uk/t/nailed-it-carpentry-joinery-home-maintenance,myjobquote
Jimmy,,Wooden Staircases,,,4.68,0,,ID Checked,,,Mar 2021,https://www.myjobquote.co.uk/t/jimmy-39,myjobquote
Jimmy,,Wooden Staircases,,,4.68,0,,ID Checked,,,2006,https://www.myjobquote.co.uk/t/national-contracts-company,myjobquote
PavloHendyMan,,Wooden Staircases,,,4.68,0,,ID Checked,,,Feb 2024,https://www.myjobquote.co.uk/t/pavlohendyman,myjobquote
A&J Joinery & Plumbing,,Wooden Staircases,,,4.68,0,,ID Checked,,,2020,https://www.myjobquote.co.uk/t/aj-joinery-plumbing,myjobquote
Notch Above Joinery,,Wooden Staircases,,,4.68,0,,ID Checked,,,2024,https://www.myjobquote.co.uk/t/notch-above-joinery,myjobquote
Fixit Glasgow,,Wooden Staircases,,,4.68,0,,ID Checked,,,Jan 2025,https://www.myjobquote.co.uk/t/fixit-glasgow,myjobquote
BLF JOINERY AND PROPERTY MAINTENANCE,,Wooden Staircases,,,4.68,0,,ID Checked,,,Jan 2025,https://www.myjobquote.co.uk/t/blf-joinery-and-property-maintenance,myjobquote
JPR joinery,,Wooden Staircases,,,4.68,0,,ID Checked,,,2023,https://www.myjobquote.co.uk/t/jpr-joinery,myjobquote
JCJ JOINERY,,Wooden Staircases,,,4.68,0,,ID Checked,,,Jul 2023,https://www.myjobquote.co.uk/t/jcj-joinery,myjobquote
C.carpentry,,Wooden Staircases,,,4.68,0,,ID Checked,,,Jan 2022,https://www.myjobquote.co.uk/t/ccarpentry,myjobquote
Ross Construction,,Wooden Staircases,,,4.68,0,,ID Checked,,,2023,https://www.myjobquote.co.uk/t/ross-construction,myjobquote
Robert Frew,,Wooden Staircases,,,4.68,0,,ID Checked,,,Nov 2019,https://www.myjobquote.co.uk/t/robert-frew,myjobquote
Robert Frew,,Wooden Staircases,,,4.68,0,,ID Checked,,,Jan 2024,https://www.myjobquote.co.uk/t/hi-joinery,myjobquote
JMC JOINERY,,Wooden Staircases,,,4.68,0,,,,,Jan 2024,https://www.myjobquote.co.uk/t/jmc-joinery-1,myjobquote
Nadeemahmed,,Wooden Staircases,,,4.68,0,,,,,Jan 2025,https://www.myjobquote.co.uk/t/nadeemahmed,myjobquote
A&l joinery,,Wooden Staircases,,,4.68,0,,,,,Feb 2025,https://www.myjobquote.co.uk/t/al-joinery,myjobquote
Aaron,,Wooden Staircases,,,4.68,0,,ID Checked,,,2016,https://www.myjobquote.co.uk/t/aaron-126,myjobquote
ADC Joinery,,Wooden Staircases,,,4.68,0,,ID Checked; Public Liability Insurance,,,May 2025,https://www.myjobquote.co.uk/t/adc-joinery,myjobquote
Szymon,,Wooden Staircases,,,4.68,0,,ID Checked; Public Liability Insurance,,,Nov 2022,https://www.myjobquote.co.uk/t/szymon-8,myjobquote
Szymon,,Wooden Staircases,,,4.68,0,,,,,Mar 2024,https://www.myjobquote.co.uk/t/martin-stewart,myjobquote
Martin Stewart,,Wooden Staircases,,,4.68,0,,ID Checked,,,Jun 2024,https://www.myjobquote.co.uk/t/aarons-joinery-services,myjobquote
Aaron&#039;s Joinery Services,,Wooden Staircases,,,4.68,0,,ID Checked,,,2022,https://www.myjobquote.co.uk/t/ds-joiners,myjobquote
McG joinery,,Wooden Staircases,,,4.68,0,,,,,,https://www.myjobquote.co.uk/t/mcg-joinery,myjobquote
Sbjoinery,,Wooden Staircases,,,4.68,0,,ID Checked,,,Feb 2024,https://www.myjobquote.co.uk/t/sbjoinery-2,myjobquote
Hm joinery,,Wooden Staircases,,,4.68,0,,ID Checked,,,Dec 2024,https://www.myjobquote.co.uk/t/hm-joinery,myjobquote
Parav Glasgow CIC,,Wooden Staircases,,,4.68,0,,ID Checked,,,2022,https://www.myjobquote.co.uk/t/parav-glasgow-cic,myjobquote
Teofil,,Wooden Staircases,,,4.68,0,,ID Checked,,,Feb 2024,https://www.myjobquote.co.uk/t/teofil,myjobquote
Teofil,,Wooden Staircases,,,4.68,0,,,,,May 2025,https://www.myjobquote.co.uk/t/finch-furniture,myjobquote
John Crammond Joinery,,Wooden Staircases,,,4.68,0,,,,,Dec 2025,https://www.myjobquote.co.uk/t/john-crammond-joinery,myjobquote
John Crammond Joinery,,Wooden Staircases,,,4.68,0,,,,,Apr 2025,https://www.myjobquote.co.uk/t/alex-corrigall,myjobquote
SIK TRADE SOLUTIONS.,,Wooden Staircases,,,4.68,0,,,,,Apr 2025,https://www.myjobquote.co.uk/t/sik-trade-solutions,myjobquote
SIK TRADE SOLUTIONS.,,Wooden Staircases,,,4.68,0,,,,,Nov 2022,https://www.myjobquote.co.uk/t/nicolae-18,myjobquote
Nicolae,,Wooden Staircases,,,4.68,0,,ID Checked,,,Jan 2023,https://www.myjobquote.co.uk/t/kmc-joinery-1,myjobquote
KMC Joinery,,Wooden Staircases,,,4.68,0,,ID Checked,,,2014,https://www.myjobquote.co.uk/t/lee-kenny,myjobquote
Lee kenny,,Wooden Staircases,,,4.68,0,,ID Checked,,,Jan 2017,https://www.myjobquote.co.uk/t/cf-flooring-ltd,myjobquote
C.f flooring ltd,,Wooden Staircases,,,4.68,0,,ID Checked,,,2020,https://www.myjobquote.co.uk/t/djoinery-1,myjobquote
DJoinery,,Wooden Staircases,,,4.68,0,,ID Checked,,,Aug 2023,https://www.myjobquote.co.uk/t/gilmour-joinery-services,myjobquote
Amhcontracts,,Wooden Staircases,,,4.68,0,,,,,Jan 2025,https://www.myjobquote.co.uk/t/amhcontracts,myjobquote
TN Joinery,,Wooden Staircases,,,4.68,0,,,,,Feb 2023,https://www.myjobquote.co.uk/t/tn-joinery,myjobquote
Gorman Joinery Ltd,,Wooden Staircases,,,4.68,0,,ID Checked,,,2011,https://www.myjobquote.co.uk/t/gorman-joinery-ltd,myjobquote
Lenzie Joiners,,Wooden Staircases,,,4.68,0,,ID Checked,,,2007,https://www.myjobquote.co.uk/t/lenzie-joiners,myjobquote
CT Solutions,,Wooden Staircases,,,4.68,0,,ID Checked,,,1990,https://www.myjobquote.co.uk/t/ct-solutions,myjobquote
C.j.Joinery,,Wooden Staircases,,,4.68,0,,ID Checked,,,2022,https://www.myjobquote.co.uk/t/cjjoinery,myjobquote
RPW JOINERY,,Wooden Staircases,,,4.68,0,,ID Checked,,,2023,https://www.myjobquote.co.uk/t/rpw-joinery,myjobquote
Intakt,,Wooden Staircases,,,4.68,0,,ID Checked,,,Nov 2023,https://www.myjobquote.co.uk/t/intakt,myjobquote
Steven Smith,,Wooden Staircases,,,4.68,0,,ID Checked,,,1990,https://www.myjobquote.co.uk/t/steven-smith-3,myjobquote
JD Joinery,,Wooden Staircases,,,4.68,0,,ID Checked,,,May 2023,https://www.myjobquote.co.uk/t/jd-joinery-10,myjobquote
JD Joinery,,Wooden Staircases,,,4.68,0,,ID Checked,,,2023,https://www.myjobquote.co.uk/t/vincent-lynch,myjobquote
Arkai Joinery,,Wooden Staircases,,,4.68,0,,ID Checked,,,Aug 2023,https://www.myjobquote.co.uk/t/arkai-joinery,myjobquote
KMC joiners,,Wooden Staircases,,,4.68,0,,ID Checked,,,Aug 2024,https://www.myjobquote.co.uk/t/kmc-joiners,myjobquote
KMC joiners,,Wooden Staircases,,,4.68,0,,ID Checked,,,2025,https://www.myjobquote.co.uk/t/bl-carpentry-joinery-ltd,myjobquote
BKL joinery construction and property renovation,,Wooden Staircases,,,4.68,0,,ID Checked,,,Oct 2025,https://www.myjobquote.co.uk/t/bkl-joinery-construction-and-property-renovation,myjobquote
JMMG Ltd,,Wooden Staircases,,,4.68,0,,ID Checked,,,Aug 2023,https://www.myjobquote.co.uk/t/jmmg-ltd,myjobquote
JMMG Ltd,,Wooden Staircases,,,4.68,0,,,,,Aug 2025,https://www.myjobquote.co.uk/t/razwan,myjobquote
Razwan,,Wooden Staircases,,,4.68,0,,ID Checked,,,Jun 2023,https://www.myjobquote.co.uk/t/ckjoinery,myjobquote
ckjoinery,,Wooden Staircases,,,4.68,0,,ID Checked,,,2024,https://www.myjobquote.co.uk/t/thomas-byrne,myjobquote
jmk joiners,,Wooden Staircases,,,4.68,0,,ID Checked,,,1985,https://www.myjobquote.co.uk/t/jmk-joiners,myjobquote
Dean Mccluskey,,Wooden Staircases,,,4.68,0,,ID Checked,,,Dec 2017,https://www.myjobquote.co.uk/t/dean-mccluskey,myjobquote
Dean Mccluskey,,Wooden Staircases,,,4.68,0,,ID Checked,,,2017,https://www.myjobquote.co.uk/t/nicks-joinery,myjobquote
Elite Joinery,,Wooden Staircases,,,4.68,0,,ID Checked,,,2023,https://www.myjobquote.co.uk/t/elite-joinery,myjobquote
Law Joinery,,Wooden Staircases,,,4.68,0,,ID Checked,,,Jan 2024,https://www.myjobquote.co.uk/t/law-joinery-1,myjobquote
Law Joinery,,Wooden Staircases,,,4.68,0,,ID Checked,,,Feb 2026,https://www.myjobquote.co.uk/t/mr-joinery-2,myjobquote
CH joinery and glass,,Wooden Staircases,,,4.68,0,,ID Checked,,,2024,https://www.myjobquote.co.uk/t/ch-joinery-and-glass,myjobquote
Zechariah,,Wooden Staircases,,,4.68,0,,,,,Apr 2024,https://www.myjobquote.co.uk/t/zechariah,myjobquote
Estuary Carpentry,,Wooden Staircases,,,5,2,,ID Checked,,,May 2024,https://www.myjobquote.co.uk/t/estuary-carpentry,myjobquote
McGeachie Joinery,,Wooden Staircases,,,4.68,0,,ID Checked,,,Jun 2025,https://www.myjobquote.co.uk/t/mcgeachie-joinery,myjobquote
McGeachie Joinery,,Wooden Staircases,,,4.68,0,,,,,Jan 2026,https://www.myjobquote.co.uk/t/murray-mcwhinnie,myjobquote
The home and property medics,,Wooden Staircases,,,4.68,0,,ID Checked,,,2022,https://www.myjobquote.co.uk/t/the-home-and-property-medics,myjobquote
Muir Joinery,,Wooden Staircases,,,4.68,0,,ID Checked,,,2015,https://www.myjobquote.co.uk/t/muir-joinery-1,myjobquote
Varsity Joiners Ltd,,Wooden Staircases,,,4.68,0,,ID Checked,,,2018,https://www.myjobquote.co.uk/t/varsity-joiners-ltd,myjobquote
Ss joiners,,Wooden Staircases,,,4.68,0,,ID Checked,,,Sep 2025,https://www.myjobquote.co.uk/t/ss-joiners-2,myjobquote
GB Joiners and Builders,,Wooden Staircases,,,5,2,07418347455,ID Checked,,,May 2025,https://www.myjobquote.co.uk/t/gb-joiners-and-builders,myjobquote
LB Joinery,,Wooden Staircases,,,5,1,,ID Checked,,,Apr 2025,https://www.myjobquote.co.uk/t/lb-joinery-2,myjobquote
Lee carpenters,,Wooden Staircases,,,4.68,0,,,,,1990,https://www.myjobquote.co.uk/t/lee-carpenters,myjobquote
CooJoin,,Wooden Staircases,,,4.68,0,,,,,Jan 2024,https://www.myjobquote.co.uk/t/coojoin,myjobquote
CooJoin,,Wooden Staircases,,,4.68,0,,,,,Jan 2024,https://www.myjobquote.co.uk/t/mcmullan-joinery-contractors,myjobquote
Steven Wilson Joinery,,Wooden Staircases,,,4.68,0,,Public Liability Insurance,,,Dec 2024,https://www.myjobquote.co.uk/t/steven-wilson-joinery,myjobquote
Cp joinery,,Wooden Staircases,,,4.68,0,,Public Liability Insurance,,,Jun 2025,https://www.myjobquote.co.uk/t/cp-joinery-6,myjobquote
Cp joinery,,Wooden Staircases,,,4.68,0,,ID Checked,,,Jul 2025,https://www.myjobquote.co.uk/t/rm-joinery-building-services-ltd,myjobquote
Castlehill Carpentry and Construction,,Wooden Staircases,,,4.68,0,,ID Checked,,,Aug 2024,https://www.myjobquote.co.uk/t/castlehill-carpentry-and-construction,myjobquote
RT Services,,Wooden Staircases,,,5,2,,ID Checked,,,Feb 2023,https://www.myjobquote.co.uk/t/rt-services-3,myjobquote
Heron joinery,,Wooden Staircases,,,5,1,,ID Checked,,,Jan 2026,https://www.myjobquote.co.uk/t/heron-joinery,myjobquote
New Age Joinery Ltd,,Wooden Staircases,,,5,1,,ID Checked,,,Jul 2022,https://www.myjobquote.co.uk/t/new-age-joinery-ltd,myjobquote
chloe,,Wooden Staircases,,,4.68,0,,ID Checked,,,Mar 2016,https://www.myjobquote.co.uk/t/chloe-57,myjobquote
chloe,,Wooden Staircases,,,4.68,0,,,,,Oct 2024,https://www.myjobquote.co.uk/t/callum-177,myjobquote
JM JOINERS,,Wooden Staircases,,,4.68,0,,Public Liability Insurance,,,May 2025,https://www.myjobquote.co.uk/t/jm-joiners-1,myjobquote
CDP Joinery,,Wooden Staircases,,,4.68,0,,ID Checked,,,Mar 2023,https://www.myjobquote.co.uk/t/cdp-joinery,myjobquote
Laxford joinery,,Wooden Staircases,,,4.68,0,,ID Checked,,,Jan 2023,https://www.myjobquote.co.uk/t/laxford-joinery,myjobquote
Laxford joinery,,Wooden Staircases,,,4.68,0,,ID Checked,,,2020,https://www.myjobquote.co.uk/t/dk-joiners,myjobquote
Shite Construction,,Wooden Staircases,,,4.68,0,,ID Checked,,,Feb 2023,https://www.myjobquote.co.uk/t/shite-construction,myjobquote
aiden,,Wooden Staircases,,,4.68,0,,,,,Apr 2023,https://www.myjobquote.co.uk/t/aiden-19,myjobquote
Proclean,,Wooden Staircases,,,4,1,,ID Checked,,,2014,https://www.myjobquote.co.uk/t/proclean-7,myjobquote
Clark fencing,,Wooden Staircases,,,4.9,9,,ID Checked,,,2020,https://www.myjobquote.co.uk/t/clark-fencing,myjobquote
Leaf It clean gardens,,Wooden Staircases,,,5,1,,ID Checked,,,2020,https://www.myjobquote.co.uk/t/leaf-it-clean-gardens,myjobquote
Clb home and garden,,Wooden Staircases,,,5,2,,ID Checked,,,2021,https://www.myjobquote.co.uk/t/clb-home-and-garden,myjobquote
LOVE-IT JOINERY&GLAZING,,Wooden Staircases,,,5,1,,ID Checked,,,2025,https://www.myjobquote.co.uk/t/love-it-joineryglazing,myjobquote
New Interiors,,Wooden Staircases,,,5,4,,ID Checked,,,2025,https://www.myjobquote.co.uk/t/new-interiors-2,myjobquote
Bradley Taylor,,Wooden Staircases,,,5,1,,ID Checked,,,Mar 2025,https://www.myjobquote.co.uk/t/bradley-taylor,myjobquote
Auld Town Property Maintenance,,Wooden Staircases,,,5,13,,ID Checked; Public Liability Insurance,,,2024,https://www.myjobquote.co.uk/t/auld-town-property-maintenance,myjobquote
LN Timber Build,,Wooden Staircases,,,5,1,,ID Checked,,,2019,https://www.myjobquote.co.uk/t/ln-timber-build,myjobquote
Glasgow joiners,,Wooden Staircases,,,5,1,,ID Checked; Public Liability Insurance,,,May 2025,https://www.myjobquote.co.uk/t/glasgow-joiners,myjobquote
Fraser & Gary Joinery & Construction LTD,,Wooden Staircases,,,5,15,,Public Liability Insurance,,,2014,https://www.myjobquote.co.uk/t/fraser-gary-joinery-construction-ltd,myjobquote
Mckenna joinery and construction LTD,,Wooden Staircases,,,5,1,,,,,2023,https://www.myjobquote.co.uk/t/mckenna-joinery-and-construction-ltd,myjobquote
Patriks Home development,,Wooden Staircases,,,5,4,,ID Checked,,,2022,https://www.myjobquote.co.uk/t/patriks-home-development,myjobquote
Sullivan Home Improvements,,Wooden Staircases,,,5,2,,ID Checked,,,2017,https://www.myjobquote.co.uk/t/sullivan-home-improvements,myjobquote
RL Building & Joinery,,Wooden Staircases,,,5,2,,ID Checked; Public Liability Insurance,,,2024,https://www.myjobquote.co.uk/t/rl-building-joinery,myjobquote
TimberArt Joinery,,Wooden Staircases,,,5,1,,ID Checked,,,2008,https://www.myjobquote.co.uk/t/timberart-joinery-1,myjobquote
Mdecogreen,,Wooden Staircases,,,5,3,,ID Checked,,,Sep 2024,https://www.myjobquote.co.uk/t/mdecogreen,myjobquote
Procarve Joinery,,Wooden Staircases,,,5,4,,ID Checked; Public Liability Insurance,,,2023,https://www.myjobquote.co.uk/t/procarve-joinery,myjobquote
LM Joinery,,Wooden Staircases,,,5,1,,ID Checked,,,2024,https://www.myjobquote.co.uk/t/lm-joinery-1,myjobquote
Remodela Renovations,,Wooden Staircases,,,4.5,13,,ID Checked,,,2020,https://www.myjobquote.co.uk/t/remodela-renovations-1,myjobquote
Perfect Home Solutions,,Wooden Staircases,,,5,5,,ID Checked,,,2023,https://www.myjobquote.co.uk/t/perfect-home-solutions,myjobquote
JAG JOINERY SERVICES,,Wooden Staircases,,,4,1,,ID Checked,,,Jan 2024,https://www.myjobquote.co.uk/t/jag-joinery-services,myjobquote
C&J Joiners,,Wooden Staircases,,,5,2,,ID Checked,,,Nov 2023,https://www.myjobquote.co.uk/t/cj-joiners,myjobquote
Mckeown plastering,,Wooden Staircases,,,5,1,,ID Checked,,,2016,https://www.myjobquote.co.uk/t/mckeown-plastering,myjobquote
Prime contracts construction ltd,,Wooden Staircases,,,4,1,,ID Checked,,,2008,https://www.myjobquote.co.uk/t/prime-contracts-construction-ltd-1,myjobquote
A.Dow Joinery,,Wooden Staircases,,,5,1,,ID Checked,,,2023,https://www.myjobquote.co.uk/t/adow-joinery,myjobquote
Jr facilities management,,Wooden Staircases,,,4.9,8,,ID Checked,,,2017,https://www.myjobquote.co.uk/t/jr-facilities-management,myjobquote
Dean colquhoun,,Wooden Staircases,,,5,1,,ID Checked,,,2021,https://www.myjobquote.co.uk/t/dean-colquhoun,myjobquote
A I Lindsay,,Wooden Staircases,,,4.9,27,,ID Checked,,,1988,https://www.myjobquote.co.uk/t/a-i-lindsay,myjobquote
Hunter joinery,,Wooden Staircases,,,5,1,,ID Checked,,,2021,https://www.myjobquote.co.uk/t/hunter-joinery,myjobquote
M W Bespoke Joinery Ltd,,Wooden Staircases,,,5,1,,ID Checked,,,2017,https://www.myjobquote.co.uk/t/m-w-bespoke-joinery-ltd,myjobquote
Chipindale Joinery,,Wooden Staircases,,,5,2,,ID Checked,,,1995,https://www.myjobquote.co.uk/t/chipindale-joinery,myjobquote
Nick Ives joinery,,Wooden Staircases,,,5,1,,ID Checked,,,2013,https://www.myjobquote.co.uk/t/nick-ives-joinery,myjobquote
Just your Donald,,Wooden Staircases,,,4.68,0,,ID Checked,,,1990,https://www.myjobquote.co.uk/t/just-your-donald,myjobquote
Aiden currie,,Wooden Staircases,,,4.68,0,,ID Checked,,,May 2025,https://www.myjobquote.co.uk/t/aiden-currie,myjobquote
Aiden currie,,Wooden Staircases,,,4.68,0,,,,,Apr 2024,https://www.myjobquote.co.uk/t/sneddon-joinery-services,myjobquote
P Omand Joinery,,Wooden Staircases,,,4.68,0,,ID Checked,,,2010,https://www.myjobquote.co.uk/t/p-omand-joinery,myjobquote
BR Home Solutions,,Wooden Staircases,,,4.68,0,,ID Checked,,,Sep 2022,https://www.myjobquote.co.uk/t/br-home-solutions,myjobquote
JNBCONTRACTS LTD,,Wooden Staircases,,,4.68,0,,ID Checked,,,2022,https://www.myjobquote.co.uk/t/jnbcontracts-ltd,myjobquote
Ewan young,,Wooden Staircases,,,4.68,0,,ID Checked,,,Jan 2026,https://www.myjobquote.co.uk/t/ewan-young,myjobquote
Ewan young,,Wooden Staircases,,,4.68,0,,ID Checked,,,Aug 2025,https://www.myjobquote.co.uk/t/scott-reid,myjobquote
scott reid,,Wooden Staircases,,,4.68,0,,ID Checked,,,2022,https://www.myjobquote.co.uk/t/bearfort-joinery,myjobquote
DM JOINERY SERVICES,,Wooden Staircases,,,4.68,0,,ID Checked,,,2022,https://www.myjobquote.co.uk/t/dm-joinery-services,myjobquote
KF Windows and Doors,,Wooden Staircases,,,4.68,0,,ID Checked,,,2019,https://www.myjobquote.co.uk/t/kf-windows-and-doors,myjobquote
CD services,,Wooden Staircases,,,4.68,0,,ID Checked,,,Jan 2022,https://www.myjobquote.co.uk/t/cd-services-2,myjobquote
Bulletproof ltd,,Wooden Staircases,,,4.68,0,,ID Checked,,,Jan 2026,https://www.myjobquote.co.uk/t/bulletproof-ltd,myjobquote
JB builders,,Wooden Staircases,,,4.68,0,,ID Checked,,,Jan 2026,https://www.myjobquote.co.uk/t/jb-builders-10,myjobquote
JB builders,,Wooden Staircases,,,4.68,0,,,,,Dec 2022,https://www.myjobquote.co.uk/t/cmdjoinery,myjobquote
Craig Walls Joiners,,Wooden Staircases,,,4.68,0,,ID Checked,,,2020,https://www.myjobquote.co.uk/t/craig-walls-joiners,myjobquote
Quick joiner,,Wooden Staircases,,,4.68,0,,ID Checked,,,Feb 2020,https://www.myjobquote.co.uk/t/quick-joiner,myjobquote
Albi85,,Wooden Staircases,,,4.68,0,,,,,Jun 2025,https://www.myjobquote.co.uk/t/albi85,myjobquote
Mr joiner,,Wooden Staircases,,,5,15,,ID Checked,,,2023,https://www.myjobquote.co.uk/t/mr-joiner,myjobquote
Mackinnonjoinery,,Wooden Staircases,,,4.68,0,,ID Checked,,,Nov 2023,https://www.myjobquote.co.uk/t/mackinnonjoinery,myjobquote
LJD Home Improvements,,Wooden Staircases,,,4.68,0,,,,,Jan 2024,https://www.myjobquote.co.uk/t/ljd-home-improvements,myjobquote
Self employed,,Wooden Staircases,,,4.68,0,,,,,Sep 2024,https://www.myjobquote.co.uk/t/self-employed-569,myjobquote
SGBS PROJECTS LTD,,Wooden Staircases,,,4.68,0,,ID Checked,,,Jan 2026,https://www.myjobquote.co.uk/t/sgbs-projects-ltd,myjobquote
Badora Property Group Ltd,,Wooden Staircases,,,4.68,0,,ID Checked,,,Feb 2026,https://www.myjobquote.co.uk/t/badora-property-group-ltd,myjobquote
GJB Kitchens,,Wooden Staircases,,,4.68,0,,ID Checked,,,2004,https://www.myjobquote.co.uk/t/gjb-kitchens,myjobquote
GJB Kitchens,,Wooden Staircases,,,4.68,0,,ID Checked,,,Mar 2023,https://www.myjobquote.co.uk/t/mp-property-maintenance-1,myjobquote
Laister Construction,,Wooden Staircases,,,4.68,0,,ID Checked,,,2020,https://www.myjobquote.co.uk/t/laister-construction,myjobquote
PENN JOINERY & PROPERTY PRESERVATION,,Wooden Staircases,,,4.68,0,,ID Checked,,,1967,https://www.myjobquote.co.uk/t/penn-joinery-property-preservation,myjobquote
J&C services,,Wooden Staircases,,,4.68,0,,ID Checked,,,2008,https://www.myjobquote.co.uk/t/jc-services-6,myjobquote
Browns landscaping,,Wooden Staircases,,,4.68,0,,ID Checked,,,Aug 2024,https://www.myjobquote.co.uk/t/browns-landscaping,myjobquote
Kr building maintenance,,Wooden Staircases,,,4.68,0,,ID Checked,,,2010,https://www.myjobquote.co.uk/t/kr-building-maintenance,myjobquote
RW Joinery,,Wooden Staircases,,,4.68,0,,ID Checked,,,2024,https://www.myjobquote.co.uk/t/rw-joinery-5,myjobquote
RW Joinery,,Wooden Staircases,,,4.68,0,,ID Checked,,,Apr 2022,https://www.myjobquote.co.uk/t/mgm-joinery,myjobquote
rhys mollon joinery,,Wooden Staircases,,,4.68,0,,ID Checked,,,Feb 2023,https://www.myjobquote.co.uk/t/rhys-mollon-joinery,myjobquote
rhys mollon joinery,,Wooden Staircases,,,4.68,0,,ID Checked,,,2023,https://www.myjobquote.co.uk/t/holdfast-construction-ltd,myjobquote
Connor wilson,,Wooden Staircases,,,5,2,,ID Checked,,,Jul 2022,https://www.myjobquote.co.uk/t/connor-wilson-5,myjobquote
LR Joinery,,Wooden Staircases,,,5,1,,ID Checked,,,2008,https://www.myjobquote.co.uk/t/lr-joinery,myjobquote
Home Developments,,Wooden Staircases,,,4.68,0,,ID Checked,,,Nov 2018,https://www.myjobquote.co.uk/t/home-developments,myjobquote
derek mclaren joiners,,Wooden Staircases,,,4.68,0,,ID Checked,,,1990,https://www.myjobquote.co.uk/t/derek-mclaren-joiners,myjobquote
Jake rankine,,Wooden Staircases,,,4.68,0,,,,,Aug 2023,https://www.myjobquote.co.uk/t/jake-rankine,myjobquote
Jake rankine,,Wooden Staircases,,,4.68,0,,,,,Jan 2023,https://www.myjobquote.co.uk/t/keira-cunningham,myjobquote
Daniel jackson,,Wooden Staircases,,,4.68,0,,,,,Sep 2024,https://www.myjobquote.co.uk/t/daniel-jackson,myjobquote
MERC Construction,,Wooden Staircases,,,4.68,0,,,,,Jan 2024,https://www.myjobquote.co.uk/t/merc-construction,myjobquote
Mark Stone,,Wooden Staircases,,,4.68,0,,,,,,https://www.myjobquote.co.uk/t/mark-stone,myjobquote
William Mcneil Joinery,,Wooden Staircases,,,4.68,0,,,,,Jun 2025,https://www.myjobquote.co.uk/t/william-mcneil-joinery,myjobquote
LGS Developments,,Wooden Staircases,,,4.68,0,,ID Checked,,,2008,https://www.myjobquote.co.uk/t/lgs-developments,myjobquote
Botsis Joinery,,Wooden Staircases,,,4.68,0,,ID Checked; Public Liability Insurance,,,Dec 2024,https://www.myjobquote.co.uk/t/botsis-joinery,myjobquote
chloe,,Wooden Staircases,,,4.68,0,,ID Checked,,,Oct 2024,https://www.myjobquote.co.uk/t/sm-joinery-5,myjobquote
Sm joinery,,Wooden Staircases,,,4.68,0,,ID Checked,,,Mar 2023,https://www.myjobquote.co.uk/t/es-joinery,myjobquote
ES joinery,,Wooden Staircases,,,4.68,0,,ID Checked,,,Nov 2023,https://www.myjobquote.co.uk/t/auld-reekie-ltd,myjobquote
Reece McGuire,,Wooden Staircases,,,4.68,0,,,,,Jun 2025,https://www.myjobquote.co.uk/t/reece-mcguire,myjobquote
Gladeside Furniture,,Wooden Staircases,,,4,1,,ID Checked,,,2024,https://www.myjobquote.co.uk/t/gladeside-furniture,myjobquote
MRM Home Improvements,,Wooden Staircases,,,5,10,07418368833,ID Checked,,,Feb 2025,https://www.myjobquote.co.uk/t/mrm-home-improvements,myjobquote
Mat-rix homes development ltd,,Wooden Staircases,,,5,5,,ID Checked; Public Liability Insurance,,,2020,https://www.myjobquote.co.uk/t/mat-rix-homes-development-ltd,myjobquote
Ross property services,,Wooden Staircases,,,5,2,,ID Checked,,,2019,https://www.myjobquote.co.uk/t/ross-property-services,myjobquote
Joinery craft,,Wooden Staircases,,,5,14,,ID Checked,,,2000,https://www.myjobquote.co.uk/t/joinery-craft,myjobquote
PARKER’S Home Improvements,,Wooden Staircases,,,5,1,,ID Checked,,,,https://www.myjobquote.co.uk/t/parkers-home-improvements,myjobquote
PAK Carpentry,,Wooden Staircases,,,5,3,,ID Checked,,,Dec 2025,https://www.myjobquote.co.uk/t/pak-carpentry,myjobquote
Hoys Carpentry,,Wooden Staircases,,,5,3,,ID Checked,,,2019,https://www.myjobquote.co.uk/t/hoys-carpentry,myjobquote
KP contractors,,Wooden Staircases,,,5,1,,ID Checked,,,Oct 2023,https://www.myjobquote.co.uk/t/kp-contractors,myjobquote
Saeed Handyman Services,,Wooden Staircases,,,4.68,0,,ID Checked,,,2023,https://www.myjobquote.co.uk/t/saeed-handyman-services,myjobquote
Bespoke designer joinery ltd,,Wooden Staircases,,,4.68,0,,Public Liability Insurance,,,Dec 2023,https://www.myjobquote.co.uk/t/bespoke-designer-joinery-ltd,myjobquote
Michael bell,,Wooden Staircases,,,4.68,0,,Public Liability Insurance,,,Jan 2023,https://www.myjobquote.co.uk/t/michael-bell-1,myjobquote
Michael bell,,Wooden Staircases,,,5,1,,ID Checked,,,2023,https://www.myjobquote.co.uk/t/et-carpentry,myjobquote
Custom Carpentry Solutions,,Wooden Staircases,,,5,2,07418344606,ID Checked,,,2016,https://www.myjobquote.co.uk/t/custom-carpentry-solutions,myjobquote
Plastamast,,Wooden Staircases,,,5,142,,ID Checked; Public Liability Insurance,,,2017,https://www.myjobquote.co.uk/t/plastamast,myjobquote
Corey Martin Carpentry and Joinery,,Wooden Staircases,,,5,1,,ID Checked,,,2024,https://www.myjobquote.co.uk/t/corey-martin-carpentry-and-joinery,myjobquote
C H Carpentry & Maintenance,,Wooden Staircases,,,5,2,,ID Checked; Public Liability Insurance,,,2024,https://www.myjobquote.co.uk/t/c-h-carpentry-maintenance,myjobquote
Classic carpentry,,Wooden Staircases,,,5,1,,ID Checked,,,Nov 2025,https://www.myjobquote.co.uk/t/classic-carpentry,myjobquote
Bullock property maintenance,,Wooden Staircases,,,5,12,,ID Checked,,,2017,https://www.myjobquote.co.uk/t/bullock-property-maintenance,myjobquote
W f carpentry,,Wooden Staircases,,,5,1,,ID Checked,,,2023,https://www.myjobquote.co.uk/t/w-f-carpentry,myjobquote
SM CARPENTRY,,Wooden Staircases,,,4,1,,ID Checked,,,Jan 2019,https://www.myjobquote.co.uk/t/sm-carpentry-5,myjobquote
SELFMADE,,Wooden Staircases,,,4.68,0,,ID Checked,,,Apr 2024,https://www.myjobquote.co.uk/t/selfmade,myjobquote
Charlie,,Wooden Staircases,,,4.68,0,,,,,Jul 2024,https://www.myjobquote.co.uk/t/charlie-15,myjobquote
Charlie,,Wooden Staircases,,,4.68,0,,ID Checked,,,Apr 2022,https://www.myjobquote.co.uk/t/npos-construction-limited,myjobquote
YLYT Limited,,Wooden Staircases,,,4.68,0,,ID Checked,,,2024,https://www.myjobquote.co.uk/t/ylyt-limited,myjobquote
Hornbeam Carpentry,,Wooden Staircases,,,5,2,,ID Checked,,,,https://www.myjobquote.co.uk/t/hornbeam-carpentry,myjobquote
NMJE and Son&#039;s building services,,Wooden Staircases,,,5,4,,ID Checked,,,2014,https://www.myjobquote.co.uk/t/nmje-and-sons-building-services,myjobquote
Bespoke Furniture by Robert Armitage,,Wooden Staircases,,,5,1,,ID Checked; Public Liability Insurance,,,2002,https://www.myjobquote.co.uk/t/bespoke-furniture-by-robert-armitage,myjobquote
H&M RENOVATIONS LTD,,Wooden Staircases,,,5,2,,Public Liability Insurance,,,2004,https://www.myjobquote.co.uk/t/hm-renovations-ltd,myjobquote
Twin Oaks Carpentry,,Wooden Staircases,,,4,1,,ID Checked,,,2024,https://www.myjobquote.co.uk/t/twin-oaks-carpentry,myjobquote
gavin carpentry services,,Wooden Staircases,,,5,12,,ID Checked,,,2023,https://www.myjobquote.co.uk/t/gavin-carpentry-services,myjobquote
Sinvula Solutions,,Wooden Staircases,,,5,8,,ID Checked; Public Liability Insurance,,,2020,https://www.myjobquote.co.uk/t/sinvula-solutions,myjobquote
Revamp and Renew Building Solutions,,Wooden Staircases,,,5,30,,ID Checked,,,2022,https://www.myjobquote.co.uk/t/revamp-and-renew-building-solutions,myjobquote
Twr carpentry,,Wooden Staircases,,,5,1,,ID Checked,,,2021,https://www.myjobquote.co.uk/t/twr-carpentry-1,myjobquote
SDR carpentry & plumbing,,Wooden Staircases,,,4.5,2,,ID Checked,,,2020,https://www.myjobquote.co.uk/t/sdr-carpentry-plumbing,myjobquote
S and G Joinery,,Wooden Staircases,,,4.9,14,,ID Checked,,,2005,https://www.myjobquote.co.uk/t/s-and-g-joinery,myjobquote
JJ construction and Carpentry,,Wooden Staircases,,,4.68,0,,,,,2020,https://www.myjobquote.co.uk/t/jj-construction-and-carpentry,myjobquote
SJP carpentry,,Wooden Staircases,,,4.68,0,,,,,Sep 2020,https://www.myjobquote.co.uk/t/sjp-carpentry,myjobquote
SJP carpentry,,Wooden Staircases,,,4.68,0,,ID Checked,,,Jul 2025,https://www.myjobquote.co.uk/t/shakesheff-carpentry,myjobquote
Brook & Cotter,,Wooden Staircases,,,4.68,0,,ID Checked,,,Nov 2022,https://www.myjobquote.co.uk/t/brook-cotter-1,myjobquote
Newport fencing and decking,,Wooden Staircases,,,4.68,0,,ID Checked,,,2018,https://www.myjobquote.co.uk/t/newport-fencing-and-decking,myjobquote
JR Construction Ltd,,Wooden Staircases,,,4.68,0,,,,,,https://www.myjobquote.co.uk/t/jr-construction-ltd,myjobquote
Ncsa contractors,,Wooden Staircases,,,4.68,0,,ID Checked,,,Feb 2026,https://www.myjobquote.co.uk/t/ncsa-contractors,myjobquote
BXN developments,,Wooden Staircases,,,4.68,0,,ID Checked; Public Liability Insurance,,,2022,https://www.myjobquote.co.uk/t/bxn-developments,myjobquote
Caroentery & Joinery,,Wooden Staircases,,,4.68,0,,ID Checked,,,Sep 2022,https://www.myjobquote.co.uk/t/caroentery-joinery,myjobquote
Caroentery & Joinery,,Wooden Staircases,,,4.68,0,,ID Checked,,,Aug 2024,https://www.myjobquote.co.uk/t/neil-dibble,myjobquote
t groves carpentry,,Wooden Staircases,,,4.68,0,,Public Liability Insurance,,,Jan 2024,https://www.myjobquote.co.uk/t/t-groves-carpentry,myjobquote
Gjl carpentry & building,,Wooden Staircases,,,4.68,0,,ID Checked,,,1987,https://www.myjobquote.co.uk/t/gjl-carpentry-building,myjobquote
ALD Carpentry,,Wooden Staircases,,,4.68,0,,ID Checked; Public Liability Insurance,,,2010,https://www.myjobquote.co.uk/t/ald-carpentry,myjobquote
Haus carpentry & construction ltd,,Wooden Staircases,,,4.68,0,,ID Checked,,,Feb 2017,https://www.myjobquote.co.uk/t/haus-carpentry-construction-ltd,myjobquote
Superier interior,,Wooden Staircases,,,4.68,0,,ID Checked,,,2000,https://www.myjobquote.co.uk/t/superier-interior,myjobquote
Venture Build,,Wooden Staircases,,,4.68,0,,ID Checked,,,May 2023,https://www.myjobquote.co.uk/t/venture-build,myjobquote
JB Carpentry & Joinery,,Wooden Staircases,,,4.8,4,,ID Checked,,,Jan 2026,https://www.myjobquote.co.uk/t/jb-carpentry-joinery,myjobquote
Handyman,,Wooden Staircases,,,4.68,0,,ID Checked,,,Jun 2022,https://www.myjobquote.co.uk/t/handyman-510,myjobquote
Handyman,,Wooden Staircases,,,4.68,0,,,,,Mar 2025,https://www.myjobquote.co.uk/t/michael-goward,myjobquote
Michael goward,,Wooden Staircases,,,4.68,0,,,,,Feb 2022,https://www.myjobquote.co.uk/t/daniel-morosan-1,myjobquote
MNL carpentry,,Wooden Staircases,,,4.68,0,,,,,May 2023,https://www.myjobquote.co.uk/t/mnl-carpentry,myjobquote
Jays carpentry and joinery,,Wooden Staircases,,,4.68,0,,,,,Jul 2025,https://www.myjobquote.co.uk/t/jays-carpentry-and-joinery,myjobquote
G r joiners,,Wooden Staircases,,,4.68,0,,,,,Jun 2025,https://www.myjobquote.co.uk/t/g-r-joiners,myjobquote
G r joiners,,Wooden Staircases,,,4.68,0,,,,,Jul 2025,https://www.myjobquote.co.uk/t/bgz-construction,myjobquote
Gavin rhys,,Wooden Staircases,,,4.68,0,,ID Checked; Public Liability Insurance,,,Mar 2022,https://www.myjobquote.co.uk/t/gavin-rhys,myjobquote
Dynamic carpentry & construction,,Wooden Staircases,,,4.68,0,,,,,,https://www.myjobquote.co.uk/t/dynamic-carpentry-construction,myjobquote
Mitchs&#039; Carpentry and Handy Services,,Wooden Staircases,,,4.68,0,,,,,Feb 2023,https://www.myjobquote.co.uk/t/mitchs-carpentry-and-handy-services,myjobquote
Mitchs&#039; Carpentry and Handy Services,,Wooden Staircases,,,4.68,0,,,,,Dec 2025,https://www.myjobquote.co.uk/t/private-179,myjobquote
Private,,Wooden Staircases,,,4.68,0,,,,,May 2023,https://www.myjobquote.co.uk/t/mary-john,myjobquote
Mary John,,Wooden Staircases,,,4.68,0,,,,,Feb 2022,https://www.myjobquote.co.uk/t/daramaulod,myjobquote
daramaulod,,Wooden Staircases,,,4.68,0,,,,,Aug 2025,https://www.myjobquote.co.uk/t/edwards-carpentry-3,myjobquote
Edwards Carpentry,,Wooden Staircases,,,4.68,0,,ID Checked,,,2003,https://www.myjobquote.co.uk/t/paul-powell-carpentry,myjobquote
J P Carpentry,,Wooden Staircases,,,4.68,0,,ID Checked,,,Jul 2017,https://www.myjobquote.co.uk/t/j-p-carpentry-1,myjobquote
Jones & Featherstone Carpentry Ltd,,Wooden Staircases,,,4.68,0,,ID Checked,,,Mar 2026,https://www.myjobquote.co.uk/t/jones-featherstone-carpentry-ltd,myjobquote
Mike sainsbury,,Wooden Staircases,,,4.68,0,,ID Checked,,,Feb 2023,https://www.myjobquote.co.uk/t/mike-sainsbury,myjobquote
Mike sainsbury,,Wooden Staircases,,,4.68,0,,ID Checked,,,2021,https://www.myjobquote.co.uk/t/ie-carpentry,myjobquote
IE carpentry,,Wooden Staircases,,,5,3,07418349819,ID Checked; Public Liability Insurance,,,2015,https://www.myjobquote.co.uk/t/sd-home-renovation,myjobquote
Max&#039;s Handy Services,,Wooden Staircases,,,5,1,,ID Checked,,,2025,https://www.myjobquote.co.uk/t/maxs-handy-services,myjobquote
E.L.S,,Wooden Staircases,,,5,1,,ID Checked,,,Jan 2026,https://www.myjobquote.co.uk/t/els,myjobquote
Paul Nicholas Carpentry and Maintenance Services,,Wooden Staircases,,,5,142,,ID Checked,,,2011,https://www.myjobquote.co.uk/t/paul-nicholas-carpentry-and-maintenance-services,myjobquote
JN Building Services & Property Development Limited,,Wooden Staircases,,,5,1,,ID Checked; Public Liability Insurance,,,2025,https://www.myjobquote.co.uk/t/jn-building-services-property-development-limited,myjobquote
Martins carpentry services,,Wooden Staircases,,,5,5,,ID Checked,,,Sep 2025,https://www.myjobquote.co.uk/t/martins-carpentry-services,myjobquote
RICHARD CROFT,,Wooden Staircases,,,5,1,,ID Checked,,,2021,https://www.myjobquote.co.uk/t/richard-croft,myjobquote
COOKMECH Ltd,,Wooden Staircases,,,5,2,,ID Checked,,,2023,https://www.myjobquote.co.uk/t/cookmech-ltd,myjobquote
Jw carpentry,,Wooden Staircases,,,5,4,,ID Checked,,,2016,https://www.myjobquote.co.uk/t/jw-carpentry-6,myjobquote
Cymru Construction,,Wooden Staircases,,,5,1,,ID Checked,,,2021,https://www.myjobquote.co.uk/t/cymru-construction,myjobquote
Nookscpm,,Wooden Staircases,,,5,4,,ID Checked,,,1994,https://www.myjobquote.co.uk/t/nookscpm,myjobquote
Alex Lee Carpenter and Builder,,Wooden Staircases,,,5,53,,ID Checked,,,2000,https://www.myjobquote.co.uk/t/alex-lee-carpenter-and-builder,myjobquote
R Stanford Carpentry and Joinery & Flooring,,Wooden Staircases,,,4.9,2,,ID Checked,,,May 2017,https://www.myjobquote.co.uk/t/r-stanford-carpentry-and-joinery-flooring,myjobquote
P T Carpentry and Building,,Wooden Staircases,,,3,2,,ID Checked,,,2021,https://www.myjobquote.co.uk/t/p-t-carpentry-and-building,myjobquote
DMAContracting,,Wooden Staircases,,,5,4,,ID Checked; Public Liability Insurance,,,2004,https://www.myjobquote.co.uk/t/dmacontracting,myjobquote
WorxRequired,,Wooden Staircases,,,5,2,,ID Checked,,,2020,https://www.myjobquote.co.uk/t/worxrequired,myjobquote
Matale,,Wooden Staircases,,,4.68,0,,ID Checked,,,May 2017,https://www.myjobquote.co.uk/t/matale,myjobquote
CBRenovations,,Wooden Staircases,,,4.68,0,,ID Checked,,,Oct 2024,https://www.myjobquote.co.uk/t/cbrenovations,myjobquote
Gwent insulation services,,Wooden Staircases,,,4.68,0,,ID Checked,,,in 2025,https://www.myjobquote.co.uk/t/gwent-insulation-services,myjobquote
Scorpion Maintenance Service Limited,,Wooden Staircases,,,4.68,0,,ID Checked,,,2018,https://www.myjobquote.co.uk/t/scorpion-maintenance-service-limited,myjobquote
Martin Hayes,,Wooden Staircases,,,4.68,0,,ID Checked,,,Feb 2018,https://www.myjobquote.co.uk/t/martin-hayes,myjobquote
Martin Hayes,,Wooden Staircases,,,4.68,0,,ID Checked,,,2016,https://www.myjobquote.co.uk/t/jpr-carpentry-and-building-services-ltd,myjobquote
Persona kitchens Ltd,,Wooden Staircases,,,4.68,0,,ID Checked; Public Liability Insurance,,,2010,https://www.myjobquote.co.uk/t/persona-kitchens-ltd,myjobquote
Biffs bespoke builders,,Wooden Staircases,,,4.68,0,,ID Checked,,,Mar 2025,https://www.myjobquote.co.uk/t/biffs-bespoke-builders,myjobquote
G P Jones Builders (Wales),,Wooden Staircases,,,4.68,0,,ID Checked,,,2016,https://www.myjobquote.co.uk/t/g-p-jones-builders-wales,myjobquote
Carpenter,,Wooden Staircases,,,4.68,0,,,,,Mar 2016,https://www.myjobquote.co.uk/t/carpenter-140,myjobquote
Carpenter,,Wooden Staircases,,,4.68,0,,,,,Apr 2024,https://www.myjobquote.co.uk/t/jackmullins,myjobquote
Levi’s joinery,,Wooden Staircases,,,4.5,2,,ID Checked,,,,https://www.myjobquote.co.uk/t/levis-joinery,myjobquote
D h joinery,,Wooden Staircases,,,4.68,0,,ID Checked,,,Nov 2023,https://www.myjobquote.co.uk/t/d-h-joinery-2,myjobquote
D h joinery,,Wooden Staircases,,,5,3,,ID Checked,,,1980,https://www.myjobquote.co.uk/t/martin-joinery-service,myjobquote
Neil Walker Trijoin,,Wooden Staircases,,,5,8,,ID Checked,,,2000,https://www.myjobquote.co.uk/t/neil-walker-trijoin,myjobquote
Omari Carpentry,,Wooden Staircases,,,4.68,0,,ID Checked,,,Dec 2021,https://www.myjobquote.co.uk/t/omari-carpentry,myjobquote
JA joinery,,Wooden Staircases,,,4.68,0,,ID Checked,,,Feb 2025,https://www.myjobquote.co.uk/t/ja-joinery-1,myjobquote
JA joinery,,Wooden Staircases,,,4.68,0,,,,,Sep 2024,https://www.myjobquote.co.uk/t/white-and-williams,myjobquote
White and williams,,Wooden Staircases,,,4.68,0,,ID Checked,,,Nov 2023,https://www.myjobquote.co.uk/t/dn-joinery-2,myjobquote
DRS Roofing System and Joinery,,Wooden Staircases,,,4.68,0,,ID Checked,,,Nov 2024,https://www.myjobquote.co.uk/t/drs-roofing-system-and-joinery,myjobquote
DRS Roofing System and Joinery,,Wooden Staircases,,,4.68,0,,,,,Apr 2025,https://www.myjobquote.co.uk/t/src-carpentry-and-joinery,myjobquote
K&W joinery,,Wooden Staircases,,,4.68,0,,,,,Feb 2022,https://www.myjobquote.co.uk/t/kw-joinery-1,myjobquote
Philip Evans,,Wooden Staircases,,,4.68,0,,Public Liability Insurance,,,Jan 2024,https://www.myjobquote.co.uk/t/philip-evans,myjobquote
Sam sinclair,,Wooden Staircases,,,4.68,0,,ID Checked,,,May 2023,https://www.myjobquote.co.uk/t/sam-sinclair,myjobquote
Sam sinclair,,Wooden Staircases,,,4.68,0,,ID Checked,,,Jan 2026,https://www.myjobquote.co.uk/t/kenzie-16,myjobquote
Kenzie,,Wooden Staircases,,,4.68,0,,,,,May 2024,https://www.myjobquote.co.uk/t/andy-salisbury,myjobquote
Andy salisbury,,Wooden Staircases,,,4.68,0,,,,,Mar 2026,https://www.myjobquote.co.uk/t/cians,myjobquote
cians,,Wooden Staircases,,,4.68,0,,,,,Oct 2025,https://www.myjobquote.co.uk/t/andrew-gould-1,myjobquote
Andrew gould,,Wooden Staircases,,,4.68,0,,,,,Mar 2024,https://www.myjobquote.co.uk/t/add-mart-joinery-shopfitting-ltd,myjobquote
Dylan noot,,Wooden Staircases,,,4.68,0,,,,,May 2023,https://www.myjobquote.co.uk/t/dylan-noot,myjobquote
Andrew Fitton and Sons,,Wooden Staircases,,,4.8,6,,ID Checked,,,1980,https://www.myjobquote.co.uk/t/andrew-fitton-and-sons,myjobquote
Actually eco,,Wooden Staircases,,,5,1,,ID Checked,,,,https://www.myjobquote.co.uk/t/actually-eco,myjobquote
J&S Joinery,,Wooden Staircases,,,5,1,,ID Checked,,,2020,https://www.myjobquote.co.uk/t/js-joinery-11,myjobquote
Jr joinery,,Wooden Staircases,,,5,9,,ID Checked,,,Nov 2024,https://www.myjobquote.co.uk/t/jr-joinery-9,myjobquote
Michael Jay Ogugua,,Wooden Staircases,,,5,3,,ID Checked,,,2015,https://www.myjobquote.co.uk/t/michael-jay-ogugua,myjobquote
Mhughes joinery,,Wooden Staircases,,,5,2,,ID Checked,,,Aug 2025,https://www.myjobquote.co.uk/t/mhughes-joinery,myjobquote
J.E Carpentry,,Wooden Staircases,,,5,19,,ID Checked,,,2005,https://www.myjobquote.co.uk/t/je-carpentry,myjobquote
R Renovations,,Wooden Staircases,,,5,52,07451275217,ID Checked,,,2020,https://www.myjobquote.co.uk/t/r-renovations,myjobquote
T. Campbell carpentry and joinery,,Wooden Staircases,,,5,1,,ID Checked,,,Feb 2022,https://www.myjobquote.co.uk/t/t-campbell-carpentry-and-joinery,myjobquote
ADM SERVICES,,Wooden Staircases,,,5,3,,ID Checked,,,2000,https://www.myjobquote.co.uk/t/adm-services,myjobquote
Wrexham Building & Joinery Ltd,,Wooden Staircases,,,4.68,0,,ID Checked,,,May 2019,https://www.myjobquote.co.uk/t/wrexham-building-joinery-ltd-1,myjobquote
K J bulding,,Wooden Staircases,,,4.68,0,,ID Checked,,,Aug 2022,https://www.myjobquote.co.uk/t/k-j-bulding,myjobquote
K J bulding,,Wooden Staircases,,,4.68,0,,ID Checked,,,May 2022,https://www.myjobquote.co.uk/t/honeycomb-construction,myjobquote
Robert James Bespoke Kitchens & Bedrooms,,Wooden Staircases,,,4.68,0,,ID Checked,,,1997,https://www.myjobquote.co.uk/t/robert-james-bespoke-kitchens-bedrooms,myjobquote
O M Joinery,,Wooden Staircases,,,4.68,0,,ID Checked,,,2022,https://www.myjobquote.co.uk/t/o-m-joinery,myjobquote
O M Joinery,,Wooden Staircases,,,4.68,0,,ID Checked,,,Nov 2023,https://www.myjobquote.co.uk/t/hbs-joinery,myjobquote
rmj joinery,,Wooden Staircases,,,4.68,0,,,,,Nov 2024,https://www.myjobquote.co.uk/t/rmj-joinery,myjobquote
rmj joinery,,Wooden Staircases,,,4.68,0,,,,,Jan 2025,https://www.myjobquote.co.uk/t/danny-99,myjobquote
Danny,,Wooden Staircases,,,4.68,0,,,,,Jul 2025,https://www.myjobquote.co.uk/t/gareth-burke-joinery,myjobquote
Gareth burke joinery,,Wooden Staircases,,,4.68,0,,ID Checked,,,2024,https://www.myjobquote.co.uk/t/liam-smith-2,myjobquote
TJL Joinery,,Wooden Staircases,,,4.68,0,,ID Checked,,,Oct 2024,https://www.myjobquote.co.uk/t/tjl-joinery,myjobquote
DMJoinery,,Wooden Staircases,,,5,2,,ID Checked,,,,https://www.myjobquote.co.uk/t/dmjoinery-2,myjobquote
Discount Doors,,Wooden Staircases,,,5,27,,ID Checked,,,Feb 2026,https://www.myjobquote.co.uk/t/discount-doors,myjobquote
Lee Houghton,,Wooden Staircases,,,4,1,,ID Checked,,,Mar 2019,https://www.myjobquote.co.uk/t/lee-houghton-1,myjobquote
Pro-Fit Solutions,,Wooden Staircases,,,5,29,,ID Checked,,,Jan 2026,https://www.myjobquote.co.uk/t/pro-fit-solutions,myjobquote
t.porter joinery,,Wooden Staircases,,,5,10,,ID Checked,,,1998,https://www.myjobquote.co.uk/t/tporter-joinery,myjobquote
the joiner,,Wooden Staircases,,,5,3,,ID Checked,,,Jun 2020,https://www.myjobquote.co.uk/t/the-joiner,myjobquote
SJW Services,,Wooden Staircases,,,4.68,0,,ID Checked,,,Nov 2017,https://www.myjobquote.co.uk/t/sjw-services-3,myjobquote
Dafydd taylor,,Wooden Staircases,,,4.68,0,,,,,Oct 2025,https://www.myjobquote.co.uk/t/dafydd-taylor,myjobquote
TmTcarpentry,,Wooden Staircases,,,4.68,0,,,,,Apr 2023,https://www.myjobquote.co.uk/t/tmtcarpentry,myjobquote
TmTcarpentry,,Wooden Staircases,,,4.68,0,,,,,Jun 2024,https://www.myjobquote.co.uk/t/cpr-jojnery,myjobquote
CPR jojnery,,Wooden Staircases,,,4.68,0,,,,,Jun 2023,https://www.myjobquote.co.uk/t/gavin-owens-joinery,myjobquote
Gavin Owens joinery,,Wooden Staircases,,,4.68,0,,,,,Jan 2023,https://www.myjobquote.co.uk/t/norman-roberts,myjobquote
M EVANS JOINERY,,Wooden Staircases,,,4.68,0,,,,,Jan 2026,https://www.myjobquote.co.uk/t/m-evans-joinery,myjobquote
PRS SERVICES NW,,Wooden Staircases,,,5,158,07441473165,ID Checked,,,2023,https://www.myjobquote.co.uk/t/prs-services-nw,myjobquote
Lowe builders,,Wooden Staircases,,,5,4,,ID Checked,,,Dec 2022,https://www.myjobquote.co.uk/t/lowe-builders-1,myjobquote
Mark Chadwick Carpentry & Joinery,,Wooden Staircases,,,4,2,,ID Checked,,,Jan 2026,https://www.myjobquote.co.uk/t/mark-chadwick-carpentry-joinery,myjobquote
JW Carpentry,,Wooden Staircases,,,5,5,,ID Checked,,,2005,https://www.myjobquote.co.uk/t/jw-carpentry-7,myjobquote
Jayden&#039;s Property Services,,Wooden Staircases,,,5,3,,ID Checked,,,2025,https://www.myjobquote.co.uk/t/jaydens-property-services,myjobquote
Sutcliffe Solutions,,Wooden Staircases,,,5,3,,ID Checked; Public Liability Insurance,,,2025,https://www.myjobquote.co.uk/t/sutcliffe-solutions-1,myjobquote
Miguel Rodriguez,,Wooden Staircases,,,5,5,,ID Checked,,,2020,https://www.myjobquote.co.uk/t/miguel-rodriguez,myjobquote
MJT Joinery Ltd,,Wooden Staircases,,,4,1,,ID Checked,,,,https://www.myjobquote.co.uk/t/mjt-joinery-ltd,myjobquote
IQue building and joinery,,Wooden Staircases,,,4,1,,Public Liability Insurance,,,2019,https://www.myjobquote.co.uk/t/ique-building-and-joinery,myjobquote
Pablos Carpentry UK,,Wooden Staircases,,,5,1,,Public Liability Insurance,,,Jan 2026,https://www.myjobquote.co.uk/t/pablos-carpentry-uk,myjobquote
RP Joinery,,Wooden Staircases,,,5,1,,ID Checked,,,2019,https://www.myjobquote.co.uk/t/rp-joinery-4,myjobquote
RJ Builders,,Wooden Staircases,,,5,2,,ID Checked,,,Jan 2023,https://www.myjobquote.co.uk/t/rj-builders-7,myjobquote
Jj joinery contracts,,Wooden Staircases,,,5,1,,ID Checked,,,Nov 2025,https://www.myjobquote.co.uk/t/jj-joinery-contracts,myjobquote
AppinAtelier,,Wooden Staircases,,,5,5,,ID Checked,,,2025,https://www.myjobquote.co.uk/t/appinatelier,myjobquote
M.Neale Carpentry,,Wooden Staircases,,,5,12,,ID Checked,,,Jun 2025,https://www.myjobquote.co.uk/t/mneale-carpentry,myjobquote
Landmarc Timber,,Wooden Staircases,,,5,2,,ID Checked,,,2020,https://www.myjobquote.co.uk/t/landmarc-timber,myjobquote
Design Build & Fit Ltd,,Wooden Staircases,,,5,4,,ID Checked,,,1986,https://www.myjobquote.co.uk/t/design-build-fit-ltd,myjobquote
Home Fix Joinery & Construction,,Wooden Staircases,,,5,11,,ID Checked,,,2012,https://www.myjobquote.co.uk/t/home-fix-joinery-construction,myjobquote
M&j harrison property maintenance,,Wooden Staircases,,,4.9,155,,ID Checked,,,2017,https://www.myjobquote.co.uk/t/mj-harrison-property-maintenance,myjobquote
Tom walsh,,Wooden Staircases,,,5,2,,ID Checked,,,2018,https://www.myjobquote.co.uk/t/tom-walsh,myjobquote
Precise Carpentry & Maintenance,,Wooden Staircases,,,5,1,,ID Checked,,,2016,https://www.myjobquote.co.uk/t/precise-carpentry-maintenance,myjobquote
CJL Renovations,,Wooden Staircases,,,4.8,20,,ID Checked,,,2015,https://www.myjobquote.co.uk/t/cjl-renovations,myjobquote
AJ Contemporary,,Wooden Staircases,,,5,1,,ID Checked,,,Apr 2022,https://www.myjobquote.co.uk/t/aj-contemporary,myjobquote
Peak Perfection,,Wooden Staircases,,,5,5,,ID Checked,,,2020,https://www.myjobquote.co.uk/t/peak-perfection,myjobquote
Frontline Ltd,,Wooden Staircases,,,5,1,,ID Checked,,,2018,https://www.myjobquote.co.uk/t/frontline-ltd,myjobquote
Solid Space,,Wooden Staircases,,,4.68,0,,ID Checked,,,Jan 2019,https://www.myjobquote.co.uk/t/solid-space,myjobquote
Troy dykes gardening service,,Wooden Staircases,,,4.68,0,,ID Checked,,,2022,https://www.myjobquote.co.uk/t/troy-dykes-gardening-service,myjobquote
Eddys Contracts,,Wooden Staircases,,,4.68,0,,,,,Jun 2025,https://www.myjobquote.co.uk/t/eddys-contracts,myjobquote
Eddys Contracts,,Wooden Staircases,,,4.68,0,,,,,Jun 2025,https://www.myjobquote.co.uk/t/dw-refurbs,myjobquote
DW Refurbs,,Wooden Staircases,,,4.68,0,,,,,Sep 2025,https://www.myjobquote.co.uk/t/dan-price-1,myjobquote
Dan Price,,Wooden Staircases,,,4.68,0,,ID Checked,,,Oct 2025,https://www.myjobquote.co.uk/t/bobbys-joinery-services,myjobquote
LSJ joinery,,Wooden Staircases,,,4.68,0,,ID Checked,,,Jan 2025,https://www.myjobquote.co.uk/t/lsj-joinery,myjobquote
KS carpentry and joinery,,Wooden Staircases,,,4.68,0,,ID Checked,,,2015,https://www.myjobquote.co.uk/t/ks-carpentry-and-joinery,myjobquote
Ontheborderhome improvements,,Wooden Staircases,,,4.68,0,,ID Checked,,,Jun 2021,https://www.myjobquote.co.uk/t/ontheborderhome-improvements,myjobquote
Andys joinery,,Wooden Staircases,,,4.68,0,,ID Checked,,,Sep 2025,https://www.myjobquote.co.uk/t/andys-joinery-1,myjobquote
Andys joinery,,Wooden Staircases,,,4.68,0,,,,,Sep 2025,https://www.myjobquote.co.uk/t/ndr-and-daughter-property-services,myjobquote
Jowensjoinery,,Wooden Staircases,,,4.68,0,,ID Checked,,,2017,https://www.myjobquote.co.uk/t/jowensjoinery,myjobquote
Rovie construction,,Wooden Staircases,,,4.68,0,,ID Checked,,,Aug 2023,https://www.myjobquote.co.uk/t/rovie-construction,myjobquote
Signature building& joinery,,Wooden Staircases,,,4.68,0,,ID Checked,,,Jan 2024,https://www.myjobquote.co.uk/t/signature-building-joinery,myjobquote
Birch Bespoke,,Wooden Staircases,,,4.68,0,,ID Checked,,,1999,https://www.myjobquote.co.uk/t/birch-bespoke,myjobquote
Birch Bespoke,,Wooden Staircases,,,4.68,0,,ID Checked; Public Liability Insurance,,,2021,https://www.myjobquote.co.uk/t/lw-joinery-4,myjobquote
G.Reid Joinery and Construction Ltd,,Wooden Staircases,,,4.68,0,,Public Liability Insurance,,,Nov 2025,https://www.myjobquote.co.uk/t/greid-joinery-and-construction-ltd,myjobquote
JMjoiners,,Wooden Staircases,,,4.68,0,,,,,Feb 2025,https://www.myjobquote.co.uk/t/jmjoiners,myjobquote
JMjoiners,,Wooden Staircases,,,4.68,0,,ID Checked,,,Dec 2023,https://www.myjobquote.co.uk/t/fix-and-fence,myjobquote
Fix and Fence,,Wooden Staircases,,,4.68,0,,ID Checked,,,Jan 2026,https://www.myjobquote.co.uk/t/mdw-property-ltd,myjobquote
Housemartin Construction,,Wooden Staircases,,,4.68,0,,ID Checked,,,1989,https://www.myjobquote.co.uk/t/housemartin-construction,myjobquote
Housemartin Construction,,Wooden Staircases,,,4.68,0,,ID Checked,,,2020,https://www.myjobquote.co.uk/t/the-joinery-co-ltd,myjobquote