company_name,owner_name,trade_type,location,website_url,overall_rating,review_count,phone,verification_status,services,coverage_area,member_since,profile_url,source_platform
Harrow Plumbing & Harrow Homes maintenance,,Painter Decorator,,,4.8,41,,ID Checked,,,1970,https://www.myjobquote.co.uk/t/harrow-plumbing-harrow-homes-maintenance,myjobquote
Iulian,,Painter Decorator,,,5,33,,ID Checked,,,2007,https://www.myjobquote.co.uk/t/iulian-11,myjobquote
Blue rose developments ltd,,Painter Decorator,,,5,30,,ID Checked; Public Liability Insurance,,,2023,https://www.myjobquote.co.uk/t/blue-rose-developments-ltd-1,myjobquote
Marry Sunshining Ltd,,Painter Decorator,,,5,25,,ID Checked,,,2024,https://www.myjobquote.co.uk/t/marry-sunshining-ltd,myjobquote
AA PAINTING AND  PLUMBING MAINTENANCE SERVICE,,Painter Decorator,,,5,25,,ID Checked,,,2015,https://www.myjobquote.co.uk/t/aa-painting-and-plumbing-maintenance-service,myjobquote
Painter Decorator Services,,Painter Decorator,,,4,23,,ID Checked,,,2018,https://www.myjobquote.co.uk/t/painter-decorator-services-1,myjobquote
HeArtHouse,,Painter Decorator,,,5,22,,ID Checked; Public Liability Insurance,,,2018,https://www.myjobquote.co.uk/t/hearthouse,myjobquote
Final Finish,,Painter Decorator,,,5,18,,ID Checked; Public Liability Insurance,,,2016,https://www.myjobquote.co.uk/t/final-finish-1,myjobquote
Valentin Painting & Decorating,,Painter Decorator,,,5,17,07418360145,ID Checked; Public Liability Insurance,,,2015,https://www.myjobquote.co.uk/t/valentin-painting-decorating-1,myjobquote
Joe The Painter,,Painter Decorator,,,5,17,,ID Checked,,,1981,https://www.myjobquote.co.uk/t/joe-the-painter-1,myjobquote
Winston,,Painter Decorator,,,5,13,,ID Checked,,,2016,https://www.myjobquote.co.uk/t/winston-3,myjobquote
Thusi painting,,Painter Decorator,,,4,9,,ID Checked,,,2022,https://www.myjobquote.co.uk/t/thusi-painting,myjobquote
Alket’s Colour Drops,,Painter Decorator,,,5,8,,ID Checked; Public Liability Insurance,,,2015,https://www.myjobquote.co.uk/t/alkets-colour-drops,myjobquote
Future Express,,Painter Decorator,,,5,6,,ID Checked,,,2015,https://www.myjobquote.co.uk/t/future-express,myjobquote
Apex Decorating,,Painter Decorator,,,5,6,,ID Checked,,,1988,https://www.myjobquote.co.uk/t/apex-decorating-1,myjobquote
Nicholas Johnson,,Painter Decorator,,,5,6,,ID Checked,,,Oct 2024,https://www.myjobquote.co.uk/t/nicholas-johnson,myjobquote
CleverhandsbyPd,,Painter Decorator,,,5,6,07418361115,ID Checked,,,2021,https://www.myjobquote.co.uk/t/cleverhandsbypd,myjobquote
Robin’s painting & decorating services,,Painter Decorator,,,5,5,,ID Checked,,,2023,https://www.myjobquote.co.uk/t/robins-painting-decorating-services,myjobquote
Julianmeza,,Painter Decorator,,,5,5,,ID Checked,,,2025,https://www.myjobquote.co.uk/t/julianmeza,myjobquote
STK Decorating Ltd,,Painter Decorator,,,5,5,07418318581,ID Checked,,,2025,https://www.myjobquote.co.uk/t/stk-decorating-ltd,myjobquote
JD Services,,Painter Decorator,,,5,4,,ID Checked; Public Liability Insurance,,,2015,https://www.myjobquote.co.uk/t/jd-services-7,myjobquote
Renova,,Painter Decorator,,,5,3,,ID Checked; Public Liability Insurance,,,2025,https://www.myjobquote.co.uk/t/renova,myjobquote
Haka Decorators Ltd,,Painter Decorator,,,5,3,,ID Checked; Public Liability Insurance,,,2023,https://www.myjobquote.co.uk/t/haka-decorators-ltd,myjobquote
Painter and Handyman Services,,Painter Decorator,,,5,3,,ID Checked; Public Liability Insurance,,,2019,https://www.myjobquote.co.uk/t/painter-and-handyman-services,myjobquote
Richard the decorator,,Painter Decorator,,,5,2,,ID Checked,,,1999,https://www.myjobquote.co.uk/t/richard-the-decorator,myjobquote
Mks decor,,Painter Decorator,,,5,2,,ID Checked; Public Liability Insurance,,,1980,https://www.myjobquote.co.uk/t/mks-decor,myjobquote
Painter,,Painter Decorator,,,5,2,,ID Checked,,,Jan 2026,https://www.myjobquote.co.uk/t/painter-238,myjobquote
Wall Ace Decorators,,Painter Decorator,,,4,2,,ID Checked; Public Liability Insurance,,,1999,https://www.myjobquote.co.uk/t/wall-ace-decorators,myjobquote
AA Decorating,,Painter Decorator,,,5,2,,ID Checked,,,2021,https://www.myjobquote.co.uk/t/aa-decorating-1,myjobquote
Mario,,Painter Decorator,,,5,2,,ID Checked,,,2016,https://www.myjobquote.co.uk/t/mario-92,myjobquote
Bonsai painting decorating and design,,Painter Decorator,,,5,1,,ID Checked,,,Oct 2024,https://www.myjobquote.co.uk/t/bonsai-painting-decorating-and-design,myjobquote
The Italian Painter,,Painter Decorator,,,5,1,,ID Checked,,,2018,https://www.myjobquote.co.uk/t/the-italian-painter,myjobquote
Cozymakeovers,,Painter Decorator,,,5,1,,ID Checked; Public Liability Insurance,,,2022,https://www.myjobquote.co.uk/t/cozymakeovers,myjobquote
Fatos,,Painter Decorator,,,5,1,07418367511,ID Checked; Public Liability Insurance,,,2026,https://www.myjobquote.co.uk/t/fatos-3,myjobquote
Touchntone,,Painter Decorator,,,4,1,,ID Checked,,,2018,https://www.myjobquote.co.uk/t/touchntone,myjobquote
Row London Construction LTD,,Painter Decorator,,,5,1,,ID Checked,,,2021,https://www.myjobquote.co.uk/t/row-london-construction-ltd,myjobquote
BMdecs Painting Contractors Ltd,,Painter Decorator,,,5,1,,ID Checked; Public Liability Insurance,,,2011,https://www.myjobquote.co.uk/t/bmdecs-painting-contractors-ltd,myjobquote
North Decoration,,Painter Decorator,,,5,1,,ID Checked,,,2025,https://www.myjobquote.co.uk/t/north-decoration-1,myjobquote
Gabriel&#039;s art paint,,Painter Decorator,,,5,1,,ID Checked,,,2016,https://www.myjobquote.co.uk/t/gabriels-art-paint,myjobquote
Piter Painter,,Painter Decorator,,,5,1,,ID Checked; Public Liability Insurance,,,2018,https://www.myjobquote.co.uk/t/piter-painter,myjobquote
Conrad,,Painter Decorator,,,5,28,,ID Checked,,,2022,https://www.myjobquote.co.uk/t/conrad,myjobquote
Masterpiecewalls,,Painter Decorator,,,5,10,,ID Checked,,,2018,https://www.myjobquote.co.uk/t/masterpiecewalls,myjobquote
AA Painter and Decorators,,Painter Decorator,,,5,9,,ID Checked; Public Liability Insurance,,,1995,https://www.myjobquote.co.uk/t/aa-painter-and-decorators,myjobquote
Aim Higher Builders,,Painter Decorator,,,5,7,,ID Checked,,,2014,https://www.myjobquote.co.uk/t/aim-higher-builders,myjobquote
Martin bisha,,Painter Decorator,,,4,7,,ID Checked,,,2016,https://www.myjobquote.co.uk/t/martin-bisha,myjobquote
Bradley,,Painter Decorator,,,5,7,,ID Checked,,,2018,https://www.myjobquote.co.uk/t/bradley-79,myjobquote
Painter & Decorator spray painter,,Painter Decorator,,,5,6,,ID Checked,,,2005,https://www.myjobquote.co.uk/t/painter-decorator-spray-painter,myjobquote
RE PAINTERS LONDON,,Painter Decorator,,,5,5,,ID Checked,,,2020,https://www.myjobquote.co.uk/t/re-painters-london,myjobquote
ADAM LOVES PAINT,,Painter Decorator,,,5,4,,ID Checked,,,2007,https://www.myjobquote.co.uk/t/adam-loves-paint,myjobquote
AC Team Ltd,,Painter Decorator,,,5,4,,ID Checked; Public Liability Insurance,,,2018,https://www.myjobquote.co.uk/t/ac-team-ltd,myjobquote
My local painter,,Painter Decorator,,,5,3,,ID Checked,,,2005,https://www.myjobquote.co.uk/t/my-local-painter,myjobquote
Painting & Decorating,,Painter Decorator,,,5,3,,ID Checked; Public Liability Insurance,,,Feb 2021,https://www.myjobquote.co.uk/t/painting-decorating-36,myjobquote
Painter,,Painter Decorator,,,5,2,,ID Checked; Public Liability Insurance,,,2024,https://www.myjobquote.co.uk/t/painter-396,myjobquote
Oval Builders,,Painter Decorator,,,5,2,,ID Checked,,,2023,https://www.myjobquote.co.uk/t/oval-builders,myjobquote
1774ltd,,Painter Decorator,,,5,1,,ID Checked,,,2008,https://www.myjobquote.co.uk/t/1774ltd,myjobquote
Sly Spektrum,,Painter Decorator,,,5,1,,ID Checked,,,Jun 2025,https://www.myjobquote.co.uk/t/sly-spektrum,myjobquote
P A Meade Decorating And Plastering Services,,Painter Decorator,,,5,1,,ID Checked,,,Dec 2025,https://www.myjobquote.co.uk/t/p-a-meade-decorating-and-plastering-services,myjobquote
D&D Decorators,,Painter Decorator,,,5,1,,ID Checked; Public Liability Insurance,,,2022,https://www.myjobquote.co.uk/t/dd-decorators,myjobquote
Quality Painting,,Painter Decorator,,,4.68,0,,ID Checked,,,2000,https://www.myjobquote.co.uk/t/quality-painting-2,myjobquote
A Builds,,Painter Decorator,,,4.9,31,,ID Checked,,,2014,https://www.myjobquote.co.uk/t/a-builds-1,myjobquote
Painting with Passion,,Painter Decorator,,,5,27,,ID Checked,,,2017,https://www.myjobquote.co.uk/t/painting-with-passion,myjobquote
PA  Decorators,,Painter Decorator,,,5,18,,ID Checked,,,1982,https://www.myjobquote.co.uk/t/pa-decorators,myjobquote
Rochestersservices Ltd,,Painter Decorator,,,5,15,,ID Checked,,,2009,https://www.myjobquote.co.uk/t/rochestersservices-ltd,myjobquote
Ash painter an decorating,,Painter Decorator,,,5,6,,ID Checked,,,2025,https://www.myjobquote.co.uk/t/ash-painter-an-decorating,myjobquote
Oscar Claros,,Painter Decorator,,,5,4,,ID Checked; Public Liability Insurance,,,2024,https://www.myjobquote.co.uk/t/oscar-claros,myjobquote
Moto Golden Hands Ltd,,Painter Decorator,,,5,3,,ID Checked,,,2019,https://www.myjobquote.co.uk/t/moto-golden-hands-ltd,myjobquote
Luci Dec,,Painter Decorator,,,5,3,,ID Checked,,,Jan 2024,https://www.myjobquote.co.uk/t/luci-dec,myjobquote
QTC London,,Painter Decorator,,,5,3,,ID Checked,,,2022,https://www.myjobquote.co.uk/t/qtc-london,myjobquote
SPARKLE CONSULTANCY  LTD,,Painter Decorator,,,5,3,,ID Checked; Public Liability Insurance,,,2018,https://www.myjobquote.co.uk/t/sparkle-consultancy-ltd,myjobquote
JQMD LTD,,Painter Decorator,,,5,3,,ID Checked; Public Liability Insurance,,,Nov 2025,https://www.myjobquote.co.uk/t/jqmd-ltd,myjobquote
Steady,,Painter Decorator,,,5,1,,ID Checked,,,2025,https://www.myjobquote.co.uk/t/steady,myjobquote
Colour Works,,Painter Decorator,,,5,1,,ID Checked,,,Nov 2025,https://www.myjobquote.co.uk/t/colour-works,myjobquote
Mo ltd,,Painter Decorator,,,5,1,,ID Checked,,,2014,https://www.myjobquote.co.uk/t/mo-ltd-1,myjobquote
Maks—-,,Painter Decorator,,,5,1,,ID Checked,,,2025,https://www.myjobquote.co.uk/t/maks-2,myjobquote
Eddy Services ltd,,Painter Decorator,,,4,18,,ID Checked,,,2016,https://www.myjobquote.co.uk/t/eddy-services-ltd,myjobquote
JJR Construction Services Ltd,,Painter Decorator,,,5,9,,ID Checked,,,2021,https://www.myjobquote.co.uk/t/jjr-construction-services-ltd,myjobquote
Glendalecolour.co.uk,,Painter Decorator,,,4.5,2,,ID Checked,,,2021,https://www.myjobquote.co.uk/t/glendalecolourcouk,myjobquote
Snoop A team,,Painter Decorator,,,4,2,,ID Checked,,,2005,https://www.myjobquote.co.uk/t/snoop-a-team,myjobquote
Nil ArtDecor,,Painter Decorator,,,4,2,,ID Checked,,,2019,https://www.myjobquote.co.uk/t/nil-artdecor,myjobquote
daniel graham,,Painter Decorator,,,5,1,,ID Checked,,,1998,https://www.myjobquote.co.uk/t/daniel-graham,myjobquote
Ion painter Decorators,,Painter Decorator,,,5,1,,ID Checked,,,2015,https://www.myjobquote.co.uk/t/ion-painter-decorators,myjobquote
AZZARO DECOR,,Painter Decorator,,,5,1,,ID Checked,,,2008,https://www.myjobquote.co.uk/t/azzaro-decor,myjobquote
I&M Painters,,Painter Decorator,,,5,9,,ID Checked,,,2012,https://www.myjobquote.co.uk/t/im-painters,myjobquote
Kevin Chacon Painter,,Painter Decorator,,,5,3,,ID Checked; Public Liability Insurance,,,2024,https://www.myjobquote.co.uk/t/kevin-chacon-painter,myjobquote
Dkhomeconstruction,,Painter Decorator,,,4,3,,ID Checked; Public Liability Insurance,,,2000,https://www.myjobquote.co.uk/t/dkhomeconstruction,myjobquote
Final Coat,,Painter Decorator,,,5,2,,ID Checked; Public Liability Insurance,,,2015,https://www.myjobquote.co.uk/t/final-coat-3,myjobquote
Mario,,Painter Decorator,,,5,1,,ID Checked,,,Sep 2025,https://www.myjobquote.co.uk/t/mario-114,myjobquote
Desrick Lee,,Painter Decorator,,,5,1,,ID Checked,,,2025,https://www.myjobquote.co.uk/t/desrick-lee,myjobquote
I.K. Construct LTD,,Painter Decorator,,,5,1,,ID Checked,,,2012,https://www.myjobquote.co.uk/t/ik-construct-ltd,myjobquote
Modern living,,Painter Decorator,,,5,7,,ID Checked,,,2000,https://www.myjobquote.co.uk/t/modern-living-1,myjobquote
Decor,,Painter Decorator,,,5,2,,ID Checked,,,Dec 2023,https://www.myjobquote.co.uk/t/decor-4,myjobquote
JWG ENTERPRISES,,Painter Decorator,,,5,2,,ID Checked,,,Jan 2022,https://www.myjobquote.co.uk/t/jwg-enterprises,myjobquote
Chi Home Improvement,,Painter Decorator,,,5,4,,ID Checked,,,2020,https://www.myjobquote.co.uk/t/chi-home-improvement,myjobquote
Only Brushes And Rollers,,Painter Decorator,,,4,2,,ID Checked,,,2022,https://www.myjobquote.co.uk/t/only-brushes-and-rollers,myjobquote
El-khalil,,Painter Decorator,,,5,4,,ID Checked,,,Oct 2024,https://www.myjobquote.co.uk/t/el-khalil,myjobquote
Paul Brown,,Painter Decorator,,,5,2,,ID Checked,,,Sep 2025,https://www.myjobquote.co.uk/t/paul-brown-5,myjobquote
MH Decorating,,Painter Decorator,,,5,5,,ID Checked,,,2004,https://www.myjobquote.co.uk/t/mh-decorating-4,myjobquote
Thomas and Brown decorators,,Painter Decorator,,,5,1,,ID Checked,,,2000,https://www.myjobquote.co.uk/t/thomas-and-brown-decorators,myjobquote
David Handyman,,Painter Decorator,,,5,2,,ID Checked,,,2013,https://www.myjobquote.co.uk/t/david-handyman,myjobquote
Mac London Building,,Painter Decorator,,,5,1,,ID Checked,,,2013,https://www.myjobquote.co.uk/t/mac-london-building,myjobquote
Bruno Santos,,Painter Decorator,,,5,5,,ID Checked,,,Jan 2024,https://www.myjobquote.co.uk/t/bruno-santos,myjobquote
KS Furniture Assembly,,Painter Decorator,,,5,23,07451260046,ID Checked,,,2023,https://www.myjobquote.co.uk/t/ks-furniture-assembly,myjobquote
Fixtoday property Maintenance ltd,,Painter Decorator,,,5,1,,ID Checked,,,2023,https://www.myjobquote.co.uk/t/fixtoday-property-maintenance-ltd,myjobquote
Gentry&#039;s Decorating and Spraying Services,,Painter Decorator,,,5,2,,ID Checked,,,Aug 2025,https://www.myjobquote.co.uk/t/gentrys-decorating-and-spraying-services,myjobquote
Stroke of Genius,,Painter Decorator,,,5,3,,ID Checked,,,2021,https://www.myjobquote.co.uk/t/stroke-of-genius,myjobquote
Jd Major Decorating Services Ltd,,Painter Decorator,,,5,2,,ID Checked; Public Liability Insurance,,,1990,https://www.myjobquote.co.uk/t/jd-major-decorating-services-ltd,myjobquote
Radu LND365 Painting,,Painter Decorator,,,5,16,,ID Checked,,,2015,https://www.myjobquote.co.uk/t/radu-lnd365-painting,myjobquote
Falcon Building Services,,Painter Decorator,,,5,2,,ID Checked,,,Jan 2015,https://www.myjobquote.co.uk/t/falcon-building-services,myjobquote
PlatinumCare Property Services,,Painter Decorator,,,4,9,,ID Checked,,,2025,https://www.myjobquote.co.uk/t/platinumcare-property-services,myjobquote
Supermarioconstraction1984,,Painter Decorator,,,5,9,,ID Checked; Public Liability Insurance,,,2007,https://www.myjobquote.co.uk/t/supermarioconstraction1984,myjobquote
Marks building and decorating.,,Painter Decorator,,,5,1,,ID Checked,,,1980,https://www.myjobquote.co.uk/t/marks-building-and-decorating,myjobquote
Morgan&#039;s Maintenance,,Painter Decorator,,,5,3,,ID Checked,,,2025,https://www.myjobquote.co.uk/t/morgans-maintenance-1,myjobquote
Chriss Building LTD,,Painter Decorator,,,5,1,,ID Checked,,,2013,https://www.myjobquote.co.uk/t/chriss-building-ltd,myjobquote
Tim&#039;s Painting,,Painter Decorator,,,5,4,,ID Checked,,,2010,https://www.myjobquote.co.uk/t/tims-painting,myjobquote
G & Son Plumbing,,Painter Decorator,,,5,5,,ID Checked,,,Aug 2025,https://www.myjobquote.co.uk/t/g-son-plumbing,myjobquote
Sykes Maintenance Services Ltd,,Painter Decorator,,,5,1,,ID Checked,,,2024,https://www.myjobquote.co.uk/t/sykes-maintenance-services-ltd,myjobquote
Propaintinguk,,Painter Decorator,,,5,1,,ID Checked,,,Apr 2024,https://www.myjobquote.co.uk/t/propaintinguk-1,myjobquote
1st Choice Decorator LTD,,Painter Decorator,,,4.68,0,,ID Checked,,,Jan 2022,https://www.myjobquote.co.uk/t/1st-choice-decorator-ltd,myjobquote
Alexei,,Painter Decorator,,,4.68,0,,ID Checked,,,Nov 2025,https://www.myjobquote.co.uk/t/alexei-7,myjobquote
Alexei,,Painter Decorator,,,4.68,0,,ID Checked,,,Jul 2025,https://www.myjobquote.co.uk/t/adriatik-2,myjobquote
Suraj,,Painter Decorator,,,4.68,0,,,,,Apr 2023,https://www.myjobquote.co.uk/t/suraj-1,myjobquote
Suraj,,Painter Decorator,,,4.68,0,,ID Checked,,,Apr 2023,https://www.myjobquote.co.uk/t/viscopainters,myjobquote
Brandon ruck,,Painter Decorator,,,4.68,0,,ID Checked,,,Nov 2017,https://www.myjobquote.co.uk/t/brandon-ruck,myjobquote
Soildbaseteam,,Painter Decorator,,,4.68,0,,ID Checked,,,Jan 2024,https://www.myjobquote.co.uk/t/soildbaseteam,myjobquote
Soildbaseteam,,Painter Decorator,,,4.68,0,,ID Checked,,,Aug 2025,https://www.myjobquote.co.uk/t/skender-3,myjobquote
Roses Professional Building Services Limited,,Painter Decorator,,,4.68,0,,ID Checked,,,Jan 2026,https://www.myjobquote.co.uk/t/roses-professional-building-services-limited,myjobquote
Paulo Painter,,Painter Decorator,,,4.68,0,,ID Checked,,,Oct 2023,https://www.myjobquote.co.uk/t/paulo-painter,myjobquote
Paulo Painter,,Painter Decorator,,,4.68,0,,ID Checked,,,Jun 2025,https://www.myjobquote.co.uk/t/painted-in-sfyle,myjobquote
Carlos smith,,Painter Decorator,,,4.68,0,,ID Checked,,,Feb 2024,https://www.myjobquote.co.uk/t/carlos-smith,myjobquote
Brush Bros,,Painter Decorator,,,4.68,0,,ID Checked,,,Oct 2023,https://www.myjobquote.co.uk/t/brush-bros,myjobquote
Bonny,,Painter Decorator,,,4.68,0,,ID Checked,,,Oct 2025,https://www.myjobquote.co.uk/t/bonny,myjobquote
Kfr Kitchen & Painting,,Painter Decorator,,,4.68,0,,ID Checked,,,Jun 2024,https://www.myjobquote.co.uk/t/kfr-kitchen-painting,myjobquote
savis painting/decorating,,Painter Decorator,,,4.68,0,,ID Checked,,,Jun 2025,https://www.myjobquote.co.uk/t/savis-paintingdecorating,myjobquote
VENTSISLAV,,Painter Decorator,,,4.68,0,,,,,Jun 2023,https://www.myjobquote.co.uk/t/ventsislav-4,myjobquote
VENTSISLAV,,Painter Decorator,,,4.68,0,,ID Checked,,,Jan 2024,https://www.myjobquote.co.uk/t/gary-shackleford,myjobquote
Laurentiu marin,,Painter Decorator,,,4.68,0,,ID Checked,,,2018,https://www.myjobquote.co.uk/t/laurentiu-marin,myjobquote
georges,,Painter Decorator,,,4.68,0,,ID Checked,,,2014,https://www.myjobquote.co.uk/t/georges-1,myjobquote
Hani ltd,,Painter Decorator,,,4.68,0,,ID Checked,,,2015,https://www.myjobquote.co.uk/t/hani-ltd,myjobquote
Mataj painting and decorating,,Painter Decorator,,,4.68,0,,ID Checked,,,Sep 2021,https://www.myjobquote.co.uk/t/mataj-painting-and-decorating,myjobquote
MS Renovation,,Painter Decorator,,,4.68,0,,ID Checked,,,2017,https://www.myjobquote.co.uk/t/ms-renovation-1,myjobquote
neville decorators,,Painter Decorator,,,4.68,0,,ID Checked,,,Apr 2023,https://www.myjobquote.co.uk/t/neville-decorators,myjobquote
neville decorators,,Painter Decorator,,,5,13,,ID Checked,,,2018,https://www.myjobquote.co.uk/t/arnolt-painter-decorator,myjobquote
Eamon,,Painter Decorator,,,5,1,,ID Checked,,,Jan 2025,https://www.myjobquote.co.uk/t/eamon-4,myjobquote
P2P Decorators,,Painter Decorator,,,5,17,,ID Checked,,,2024,https://www.myjobquote.co.uk/t/p2p-decorators,myjobquote
DJ Hartnup Decorators,,Painter Decorator,,,5,1,07451260342,ID Checked; Public Liability Insurance,,,1990,https://www.myjobquote.co.uk/t/dj-hartnup-decorators,myjobquote
Paul murray,,Painter Decorator,,,5,1,,ID Checked,,,1980,https://www.myjobquote.co.uk/t/paul-murray,myjobquote
Andy Polycarpou Painting and Decorating,,Painter Decorator,,,5,2,,ID Checked; Public Liability Insurance,,,1998,https://www.myjobquote.co.uk/t/andy-polycarpou-painting-and-decorating,myjobquote
ASE Decor Services,,Painter Decorator,,,5,5,,ID Checked,,,2020,https://www.myjobquote.co.uk/t/ase-decor-services,myjobquote
CHRIS THE BUILDER,,Painter Decorator,,,5,2,,ID Checked,,,Jan 2026,https://www.myjobquote.co.uk/t/chris-the-builder,myjobquote
Selfemployed,,Painter Decorator,,,5,2,,ID Checked,,,2007,https://www.myjobquote.co.uk/t/selfemployed-37,myjobquote
V.S.2 DECORS,,Painter Decorator,,,5,8,,ID Checked; Public Liability Insurance,,,2018,https://www.myjobquote.co.uk/t/vs2-decors,myjobquote
Nicolas Construction,,Painter Decorator,,,5,1,,ID Checked; Public Liability Insurance,,,2015,https://www.myjobquote.co.uk/t/nicolas-construction,myjobquote
Andrei,,Painter Decorator,,,5,4,,ID Checked,,,Sep 2025,https://www.myjobquote.co.uk/t/andrei-53,myjobquote
JS Property,,Painter Decorator,,,5,20,,ID Checked; Public Liability Insurance,,,2015,https://www.myjobquote.co.uk/t/js-property,myjobquote
W.j.e.decorating@gmail.com,,Painter Decorator,,,5,1,,ID Checked,,,2002,https://www.myjobquote.co.uk/t/wjedecorating-at-gmailcom,myjobquote
AdrianEllis,,Painter Decorator,,,5,3,07418397941,ID Checked; Public Liability Insurance,,,1986,https://www.myjobquote.co.uk/t/adrianellis,myjobquote
BylieWell,,Painter Decorator,,,5,12,,ID Checked,,,2020,https://www.myjobquote.co.uk/t/byliewell,myjobquote
Primefix,,Painter Decorator,,,5,1,,ID Checked,,,2026,https://www.myjobquote.co.uk/t/primefix-4,myjobquote
Aj decorating,,Painter Decorator,,,5,1,,ID Checked; Public Liability Insurance,,,2007,https://www.myjobquote.co.uk/t/aj-decorating-2,myjobquote
Prestige Work,,Painter Decorator,,,5,1,,ID Checked,,,Aug 2024,https://www.myjobquote.co.uk/t/prestige-work-1,myjobquote
Andrew Alexander,,Painter Decorator,,,5,1,,ID Checked,,,Jan 2026,https://www.myjobquote.co.uk/t/andrew-alexander,myjobquote
Handyman,,Painter Decorator,,,5,1,,ID Checked,,,2010,https://www.myjobquote.co.uk/t/handyman-669,myjobquote
Crosbys Painting decorating,,Painter Decorator,,,5,20,,ID Checked,,,1990,https://www.myjobquote.co.uk/t/crosbys-painting-decorating,myjobquote
Mb painting and decorating,,Painter Decorator,,,5,1,,ID Checked; Public Liability Insurance,,,1991,https://www.myjobquote.co.uk/t/mb-painting-and-decorating-5,myjobquote
Steve’s,,Painter Decorator,,,5,1,,ID Checked; Public Liability Insurance,,,2011,https://www.myjobquote.co.uk/t/steves,myjobquote
Splash of Course Limited,,Painter Decorator,,,5,4,,ID Checked,,,2023,https://www.myjobquote.co.uk/t/splash-of-course-limited,myjobquote
Division1 Facility and Maintenance,,Painter Decorator,,,5,3,,ID Checked,,,2010,https://www.myjobquote.co.uk/t/division1-facility-and-maintenance,myjobquote
Refurb and Maintenance,,Painter Decorator,,,5,17,,ID Checked,,,2018,https://www.myjobquote.co.uk/t/refurb-and-maintenance,myjobquote
Mlp contracts,,Painter Decorator,,,4,30,,ID Checked,,,2010,https://www.myjobquote.co.uk/t/mlp-contracts,myjobquote
Tevin & Stanley painting and decorating,,Painter Decorator,,,4.68,0,,ID Checked,,,Aug 2025,https://www.myjobquote.co.uk/t/tevin-stanley-painting-and-decorating,myjobquote
Zane Gwanz,,Painter Decorator,,,4.68,0,,ID Checked,,,2021,https://www.myjobquote.co.uk/t/zane-gwanz,myjobquote
Zane Gwanz,,Painter Decorator,,,4.68,0,,ID Checked,,,2020,https://www.myjobquote.co.uk/t/home-printing-and-decorating-ltd,myjobquote
Home printing and decorating ltd,,Painter Decorator,,,4.68,0,,ID Checked,,,1993,https://www.myjobquote.co.uk/t/alfio-itri,myjobquote
IKE Painting&Decoration,,Painter Decorator,,,4.68,0,,ID Checked,,,2014,https://www.myjobquote.co.uk/t/ike-paintingdecoration,myjobquote
AJ DECS,,Painter Decorator,,,4.68,0,,ID Checked,,,2025,https://www.myjobquote.co.uk/t/aj-decs,myjobquote
Locksmith,,Painter Decorator,,,5,2,,ID Checked,,,Feb 2026,https://www.myjobquote.co.uk/t/locksmith-6,myjobquote
Chris West,,Painter Decorator,,,5,1,,ID Checked,,,2005,https://www.myjobquote.co.uk/t/chris-west,myjobquote
coope,,Painter Decorator,,,5,1,,ID Checked,,,Dec 2024,https://www.myjobquote.co.uk/t/coope,myjobquote
Adi Home Innovations,,Painter Decorator,,,5,1,,ID Checked,,,2024,https://www.myjobquote.co.uk/t/adi-home-innovations,myjobquote
YD Decorating Services,,Painter Decorator,,,5,2,,ID Checked; Public Liability Insurance,,,2010,https://www.myjobquote.co.uk/t/yd-decorating-services,myjobquote
A K Property maintenance,,Painter Decorator,,,5,1,,ID Checked; Public Liability Insurance,,,2015,https://www.myjobquote.co.uk/t/a-k-property-maintenance,myjobquote
JR Architectural Spraying,,Painter Decorator,,,5,7,,ID Checked,,,2020,https://www.myjobquote.co.uk/t/jr-architectural-spraying,myjobquote
RB Maintenance Services,,Painter Decorator,,,5,4,,ID Checked; Public Liability Insurance,,,1998,https://www.myjobquote.co.uk/t/rb-maintenance-services,myjobquote
CJ Decorators,,Painter Decorator,,,5,18,,ID Checked,,,1995,https://www.myjobquote.co.uk/t/cj-decorators-3,myjobquote
JPH Property Services,,Painter Decorator,,,5,8,,ID Checked; Public Liability Insurance,,,1990,https://www.myjobquote.co.uk/t/jph-property-services,myjobquote
Wayton Decor,,Painter Decorator,,,5,25,,ID Checked,,,1995,https://www.myjobquote.co.uk/t/wayton-decor,myjobquote
Nestcrafts,,Painter Decorator,,,5,3,,Public Liability Insurance,,,1999,https://www.myjobquote.co.uk/t/nestcrafts-1,myjobquote
Pretty Perfect Home Services Ltd.,,Painter Decorator,,,5,1,,ID Checked; Public Liability Insurance,,,2008,https://www.myjobquote.co.uk/t/pretty-perfect-home-services-ltd,myjobquote
FRB & G Limited,,Painter Decorator,,,5,55,,ID Checked,,,1952,https://www.myjobquote.co.uk/t/frb-g-limited,myjobquote
Landlord Solutions Ltd,,Painter Decorator,,,5,3,,ID Checked,,,2018,https://www.myjobquote.co.uk/t/landlord-solutions-ltd,myjobquote
Andrew Robbins,,Painter Decorator,,,5,4,,ID Checked; Public Liability Insurance,,,2004,https://www.myjobquote.co.uk/t/andrew-robbins,myjobquote
Fazal Group,,Painter Decorator,,,5,5,,ID Checked; Public Liability Insurance,,,2022,https://www.myjobquote.co.uk/t/fazal-group,myjobquote
Bac2new decorators,,Painter Decorator,,,5,10,,ID Checked,,,2019,https://www.myjobquote.co.uk/t/bac2new-decorators,myjobquote
Guy Webb,,Painter Decorator,,,5,2,,ID Checked; Public Liability Insurance,,,2020,https://www.myjobquote.co.uk/t/guy-webb,myjobquote
SB Painting,,Painter Decorator,,,4,3,,ID Checked; Public Liability Insurance,,,2000,https://www.myjobquote.co.uk/t/sb-painting-4,myjobquote
Macpaint,,Painter Decorator,,,5,1,,ID Checked,,,,https://www.myjobquote.co.uk/t/macpaint-1,myjobquote
9 BROTHERS PAINTING,,Painter Decorator,,,5,20,,ID Checked,,,2004,https://www.myjobquote.co.uk/t/9-brothers-painting,myjobquote
Prestige & Pro Renovation,,Painter Decorator,,,5,30,07418369993,ID Checked,,,2010,https://www.myjobquote.co.uk/t/prestige-pro-renovation,myjobquote
E.M Home Repair,,Painter Decorator,,,5,2,,ID Checked,,,2022,https://www.myjobquote.co.uk/t/em-home-repair,myjobquote
Kairo Painting,,Painter Decorator,,,5,5,,ID Checked; Public Liability Insurance,,,2022,https://www.myjobquote.co.uk/t/kairo-painting-1,myjobquote
Gibson Decor,,Painter Decorator,,,5,1,,ID Checked; Public Liability Insurance,,,Nov 2024,https://www.myjobquote.co.uk/t/gibson-decor,myjobquote
Goldie decor,,Painter Decorator,,,5,8,,ID Checked,,,2021,https://www.myjobquote.co.uk/t/goldie-decor-1,myjobquote
Edinburgh property care,,Painter Decorator,,,5,21,,ID Checked,,,2010,https://www.myjobquote.co.uk/t/edinburgh-property-care,myjobquote
Archeus,,Painter Decorator,,,5,9,,ID Checked,,,2022,https://www.myjobquote.co.uk/t/archeus,myjobquote
J&R Decor,,Painter Decorator,,,4.68,0,,ID Checked,,,May 2024,https://www.myjobquote.co.uk/t/jr-decor-2,myjobquote
CRAFT & DECORATION,,Painter Decorator,,,4.68,0,,ID Checked,,,Jun 2024,https://www.myjobquote.co.uk/t/craft-decoration,myjobquote
PDM Properties (Glasgow) Ltd,,Painter Decorator,,,5,2,,ID Checked,,,2014,https://www.myjobquote.co.uk/t/pdm-properties-glasgow-ltd,myjobquote
E&F deco,,Painter Decorator,,,5,4,,ID Checked,,,2022,https://www.myjobquote.co.uk/t/ef-deco,myjobquote
Paintmasters Pro,,Painter Decorator,,,5,9,,ID Checked,,,2024,https://www.myjobquote.co.uk/t/paintmasters-pro,myjobquote
"EGI painting & decorating, handyman services",,Painter Decorator,,,5,28,,ID Checked,,,2024,https://www.myjobquote.co.uk/t/egi-painting-decorating-handyman-services,myjobquote
B&F Decorating Services,,Painter Decorator,,,5,1,,ID Checked,,,Jan 2024,https://www.myjobquote.co.uk/t/bf-decorating-services,myjobquote
RMPDS,,Painter Decorator,,,5,49,,ID Checked,,,2021,https://www.myjobquote.co.uk/t/rmpds,myjobquote
Fresh coat painting and decorating,,Painter Decorator,,,5,1,,ID Checked,,,1998,https://www.myjobquote.co.uk/t/fresh-coat-painting-and-decorating-2,myjobquote
Finishing decor,,Painter Decorator,,,5,1,,ID Checked,,,Jan 2026,https://www.myjobquote.co.uk/t/finishing-decor,myjobquote
Craig Milne Painter and Decorator,,Painter Decorator,,,5,13,,ID Checked; Public Liability Insurance,,,2009,https://www.myjobquote.co.uk/t/craig-milne-painter-and-decorator,myjobquote
Z&S&K,,Painter Decorator,,,4.68,0,,,,,,https://www.myjobquote.co.uk/t/zsk,myjobquote
Fraser&Co Decorators,,Painter Decorator,,,4.68,0,,ID Checked,,,1988,https://www.myjobquote.co.uk/t/fraserco-decorators,myjobquote
JB Services,,Painter Decorator,,,4.68,0,,ID Checked,,,2020,https://www.myjobquote.co.uk/t/jb-services-22,myjobquote
Ship Shape Decorators,,Painter Decorator,,,4.68,0,,ID Checked,,,Aug 2025,https://www.myjobquote.co.uk/t/ship-shape-decorators,myjobquote
Niamh Kenny,,Painter Decorator,,,4.68,0,,,,,Nov 2023,https://www.myjobquote.co.uk/t/niamh-kenny,myjobquote
P&c home improvements,,Painter Decorator,,,4.68,0,,ID Checked,,,2016,https://www.myjobquote.co.uk/t/pc-home-improvements,myjobquote
Paul Hobden,,Painter Decorator,,,4.68,0,,ID Checked,,,Nov 2024,https://www.myjobquote.co.uk/t/paul-hobden,myjobquote
Amac Property Maintenance,,Painter Decorator,,,4.8,36,,ID Checked,,,2005,https://www.myjobquote.co.uk/t/amac-property-maintenance,myjobquote
B G Roofing and painting Services,,Painter Decorator,,,5,1,,ID Checked,,,Mar 2021,https://www.myjobquote.co.uk/t/b-g-roofing-and-painting-services,myjobquote
RB Contractor,,Painter Decorator,,,5,17,,ID Checked,,,2022,https://www.myjobquote.co.uk/t/rb-contractor,myjobquote
WOJCIECH,,Painter Decorator,,,5,4,,ID Checked,,,2020,https://www.myjobquote.co.uk/t/wojciech-10,myjobquote
FEJU RD,,Painter Decorator,,,5,11,,ID Checked,,,2019,https://www.myjobquote.co.uk/t/feju-rd,myjobquote
Leith Decor,,Painter Decorator,,,5,1,,ID Checked,,,2023,https://www.myjobquote.co.uk/t/leith-decor,myjobquote
Precision Painters,,Painter Decorator,,,4.9,7,,ID Checked,,,2017,https://www.myjobquote.co.uk/t/precision-painters-2,myjobquote
Thompson brickwork,,Painter Decorator,,,5,1,,ID Checked,,,1999,https://www.myjobquote.co.uk/t/thompson-brickwork,myjobquote
mydecorators,,Painter Decorator,,,5,6,,ID Checked,,,2018,https://www.myjobquote.co.uk/t/mydecorators,myjobquote
M&L Decorators,,Painter Decorator,,,5,1,,ID Checked,,,2019,https://www.myjobquote.co.uk/t/ml-decorators-3,myjobquote
EdinBrush,,Painter Decorator,,,5,3,,ID Checked,,,2013,https://www.myjobquote.co.uk/t/edinbrush,myjobquote
Newhaven Decorators,,Painter Decorator,,,4.5,2,,ID Checked; Public Liability Insurance,,,2013,https://www.myjobquote.co.uk/t/newhaven-decorators,myjobquote
LEL Gardening,,Painter Decorator,,,4.8,54,,ID Checked,,,2020,https://www.myjobquote.co.uk/t/lel-gardening,myjobquote
Cleversolutionpl,,Painter Decorator,,,5,1,,ID Checked,,,,https://www.myjobquote.co.uk/t/cleversolutionpl,myjobquote
Scottish Renovation Services,,Painter Decorator,,,5,1,,ID Checked,,,2018,https://www.myjobquote.co.uk/t/scottish-renovation-services,myjobquote
Art & Decor,,Painter Decorator,,,4,12,,ID Checked,,,2009,https://www.myjobquote.co.uk/t/art-decor-1,myjobquote
Big Fix Little Fix,,Painter Decorator,,,5,1,,ID Checked,,,2007,https://www.myjobquote.co.uk/t/big-fix-little-fix,myjobquote
Eco timber,,Painter Decorator,,,4.68,0,,ID Checked,,,Mar 2016,https://www.myjobquote.co.uk/t/eco-timber,myjobquote
Bruen Homes,,Painter Decorator,,,4.68,0,,ID Checked,,,2015,https://www.myjobquote.co.uk/t/bruen-homes,myjobquote
Macthatrowel,,Painter Decorator,,,4.68,0,,ID Checked,,,1979,https://www.myjobquote.co.uk/t/macthatrowel,myjobquote
Macthatrowel,,Painter Decorator,,,4.68,0,,ID Checked,,,1991,https://www.myjobquote.co.uk/t/alans-decorating-services,myjobquote
Elaaik trades,,Painter Decorator,,,4.68,0,,ID Checked,,,Jan 2025,https://www.myjobquote.co.uk/t/elaaik-trades,myjobquote
Elaaik trades,,Painter Decorator,,,4.68,0,,ID Checked,,,2022,https://www.myjobquote.co.uk/t/painter-decorator-70,myjobquote
Spectrum,,Painter Decorator,,,4.68,0,,,,,1998,https://www.myjobquote.co.uk/t/spectrum-1,myjobquote
Mavericks Property Service Edinburgh,,Painter Decorator,,,4.68,0,,ID Checked,,,2016,https://www.myjobquote.co.uk/t/mavericks-property-service-edinburgh,myjobquote
Monogram,,Painter Decorator,,,4.68,0,,ID Checked,,,Dec 2024,https://www.myjobquote.co.uk/t/monogram,myjobquote
Isaac,,Painter Decorator,,,4.68,0,,ID Checked,,,Sep 2017,https://www.myjobquote.co.uk/t/isaac-22,myjobquote
Isaac,,Painter Decorator,,,4.68,0,,,,,Feb 2024,https://www.myjobquote.co.uk/t/salar-3,myjobquote
Dean p,,Painter Decorator,,,4.68,0,,,,,Jul 2025,https://www.myjobquote.co.uk/t/dean-p,myjobquote
Dean p,,Painter Decorator,,,4.68,0,,,,,Jul 2024,https://www.myjobquote.co.uk/t/henry-gardens,myjobquote
Timeless decor,,Painter Decorator,,,4.68,0,,ID Checked,,,Feb 2022,https://www.myjobquote.co.uk/t/timeless-decor,myjobquote
Geeraf,,Painter Decorator,,,4.68,0,,ID Checked,,,2018,https://www.myjobquote.co.uk/t/geeraf,myjobquote
PLASTERING & SPRAY PAINTING M.SZ,,Painter Decorator,,,4.68,0,,ID Checked,,,Feb 2022,https://www.myjobquote.co.uk/t/plastering-spray-painting-msz,myjobquote
Vincent Scott&#039;s Painting & Decorating,,Painter Decorator,,,4.68,0,,ID Checked,,,1981,https://www.myjobquote.co.uk/t/vincent-scotts-painting-decorating,myjobquote
Millar Interiors,,Painter Decorator,,,4.68,0,,ID Checked,,,May 2024,https://www.myjobquote.co.uk/t/millar-interiors-1,myjobquote
Paintrite Decorators,,Painter Decorator,,,4.68,0,,,,,since 1995,https://www.myjobquote.co.uk/t/paintrite-decorators,myjobquote
Northern Projistics,,Painter Decorator,,,4.68,0,,ID Checked,,,2021,https://www.myjobquote.co.uk/t/northern-projistics,myjobquote
Daniel,,Painter Decorator,,,4.68,0,,ID Checked,,,May 2025,https://www.myjobquote.co.uk/t/daniel-462,myjobquote
Daniel,,Painter Decorator,,,4.68,0,,ID Checked,,,2019,https://www.myjobquote.co.uk/t/kochanskis-painting-and-decorating,myjobquote
Masterserv Property Maintenance,,Painter Decorator,,,4.68,0,,ID Checked,,,Mar 2021,https://www.myjobquote.co.uk/t/masterserv-property-maintenance,myjobquote
MasterServ ltd,,Painter Decorator,,,4.68,0,,ID Checked,,,Aug 2025,https://www.myjobquote.co.uk/t/masterserv-ltd,myjobquote
MB PAINT/DEC,,Painter Decorator,,,4.68,0,,ID Checked,,,1995,https://www.myjobquote.co.uk/t/mb-paintdec,myjobquote
Jason wilcox,,Painter Decorator,,,4.68,0,,ID Checked,,,Feb 2022,https://www.myjobquote.co.uk/t/jason-wilcox,myjobquote
Jason wilcox,,Painter Decorator,,,4.68,0,,ID Checked,,,2016,https://www.myjobquote.co.uk/t/neil-aitken-painting-and-decorating,myjobquote
Mouzart Alkhedero,,Painter Decorator,,,4.68,0,,ID Checked,,,2015,https://www.myjobquote.co.uk/t/mouzart-alkhedero,myjobquote
J & L Painting,,Painter Decorator,,,4.68,0,,ID Checked,,,2015,https://www.myjobquote.co.uk/t/j-l-painting,myjobquote
K.S Property Service,,Painter Decorator,,,4.68,0,,ID Checked,,,2015,https://www.myjobquote.co.uk/t/ks-property-service,myjobquote
Plumpipe,,Painter Decorator,,,4.68,0,,ID Checked,,,Mar 2025,https://www.myjobquote.co.uk/t/plumpipe,myjobquote
ross middleton,,Painter Decorator,,,4.68,0,,,,,2015,https://www.myjobquote.co.uk/t/ross-middleton,myjobquote
Ace Finish Decorators,,Painter Decorator,,,4.68,0,,,,,Jun 2019,https://www.myjobquote.co.uk/t/ace-finish-decorators,myjobquote
M.P Services,,Painter Decorator,,,4.68,0,,ID Checked,,,Dec 2023,https://www.myjobquote.co.uk/t/mp-services,myjobquote
AK paiting,,Painter Decorator,,,4.68,0,,ID Checked,,,Jun 2023,https://www.myjobquote.co.uk/t/ak-paiting,myjobquote
AK paiting,,Painter Decorator,,,4.68,0,,ID Checked,,,Oct 2024,https://www.myjobquote.co.uk/t/j-paint-decorator,myjobquote
Lucky luke painting and docorator,,Painter Decorator,,,4.68,0,,,,,,https://www.myjobquote.co.uk/t/lucky-luke-painting-and-docorator,myjobquote
PSG twenty six,,Painter Decorator,,,4.68,0,,ID Checked,,,Mar 2025,https://www.myjobquote.co.uk/t/psg-twenty-six,myjobquote
Daniel Marian Nae,,Painter Decorator,,,4.68,0,,ID Checked,,,2019,https://www.myjobquote.co.uk/t/daniel-marian-nae,myjobquote
Prime Decor,,Painter Decorator,,,4.68,0,,ID Checked,,,2020,https://www.myjobquote.co.uk/t/prime-decor,myjobquote
Capital Coatings,,Painter Decorator,,,4.68,0,,ID Checked,,,Jan 2024,https://www.myjobquote.co.uk/t/capital-coatings,myjobquote
MP PROPERTY MAINTENANCE,,Painter Decorator,,,4.68,0,,ID Checked,,,2016,https://www.myjobquote.co.uk/t/mp-property-maintenance,myjobquote
TF Decorators,,Painter Decorator,,,5,3,,ID Checked; Public Liability Insurance,,,2025,https://www.myjobquote.co.uk/t/tf-decorators,myjobquote
Pete&#039;s Painting & Decorating,,Painter Decorator,,,5,3,,ID Checked,,,2008,https://www.myjobquote.co.uk/t/petes-painting-decorating,myjobquote
DBDECOR,,Painter Decorator,,,5,2,,ID Checked,,,Mar 2025,https://www.myjobquote.co.uk/t/dbdecor,myjobquote
Pol-Scot Renovations LTD,,Painter Decorator,,,4.9,9,,ID Checked,,,Oct 2024,https://www.myjobquote.co.uk/t/pol-scot-renovations-ltd,myjobquote
Jh decor,,Painter Decorator,,,5,1,,ID Checked,,,Jan 2023,https://www.myjobquote.co.uk/t/jh-decor-1,myjobquote
Mitchell & Scott,,Painter Decorator,,,4.68,0,,,,,Jan 2023,https://www.myjobquote.co.uk/t/mitchell-scott,myjobquote
Mitchell & Scott,,Painter Decorator,,,4.68,0,,,,,Aug 2025,https://www.myjobquote.co.uk/t/francofixit,myjobquote
Francofixit,,Painter Decorator,,,4.68,0,,ID Checked,,,Dec 2023,https://www.myjobquote.co.uk/t/patts,myjobquote
ID Building Services,,Painter Decorator,,,4.68,0,,ID Checked,,,2021,https://www.myjobquote.co.uk/t/id-building-services-1,myjobquote
Painter,,Painter Decorator,,,4.68,0,,ID Checked,,,Nov 2025,https://www.myjobquote.co.uk/t/painter-422,myjobquote
Painter,,Painter Decorator,,,4.68,0,,,,,Jan 2026,https://www.myjobquote.co.uk/t/angel-decor-1,myjobquote
Emiljano Leshi,,Painter Decorator,,,4.68,0,,ID Checked,,,Oct 2023,https://www.myjobquote.co.uk/t/emiljano-leshi,myjobquote
John walker,,Painter Decorator,,,4.68,0,,ID Checked,,,Apr 2025,https://www.myjobquote.co.uk/t/john-walker,myjobquote
John walker,,Painter Decorator,,,4.68,0,,,,,Nov 2023,https://www.myjobquote.co.uk/t/painting-33,myjobquote
Mat Decor Painting,,Painter Decorator,,,5,2,,ID Checked; Public Liability Insurance,,,2015,https://www.myjobquote.co.uk/t/mat-decor-painting,myjobquote
CholosDecor,,Painter Decorator,,,5,4,,ID Checked,,,2021,https://www.myjobquote.co.uk/t/cholosdecor,myjobquote
Macleod painting & decorating,,Painter Decorator,,,4,7,,ID Checked,,,Aug 2024,https://www.myjobquote.co.uk/t/macleod-painting-decorating,myjobquote
ERC Service & Repairs,,Painter Decorator,,,5,4,,ID Checked,,,2015,https://www.myjobquote.co.uk/t/erc-service-repairs,myjobquote
PnK Panther Decorators,,Painter Decorator,,,5,2,,ID Checked,,,2013,https://www.myjobquote.co.uk/t/pnk-panther-decorators,myjobquote
Hafeez,,Painter Decorator,,,5,14,,ID Checked,,,2010,https://www.myjobquote.co.uk/t/hafeez,myjobquote
Goldlinks Decorators Ltd,,Painter Decorator,,,5,1,,ID Checked; Public Liability Insurance,,,2015,https://www.myjobquote.co.uk/t/goldlinks-decorators-ltd,myjobquote
PL.MULTI-BUILDERS,,Painter Decorator,,,5,6,,ID Checked,,,2000,https://www.myjobquote.co.uk/t/plmulti-builders-3,myjobquote
Acorn Group,,Painter Decorator,,,5,8,,ID Checked,,,2018,https://www.myjobquote.co.uk/t/acorn-group,myjobquote
Arcus decorating,,Painter Decorator,,,5,4,,ID Checked,,,2019,https://www.myjobquote.co.uk/t/arcus-decorating,myjobquote
GS Decorators,,Painter Decorator,,,5,1,,ID Checked,,,Sep 2024,https://www.myjobquote.co.uk/t/gs-decorators-1,myjobquote
CR Decor,,Painter Decorator,,,5,19,07418370136,ID Checked,,,2012,https://www.myjobquote.co.uk/t/cr-decor,myjobquote
Henderson decor,,Painter Decorator,,,5,2,,ID Checked,,,Jan 2026,https://www.myjobquote.co.uk/t/henderson-decor,myjobquote
Andrew,,Painter Decorator,,,5,11,,ID Checked,,,1900,https://www.myjobquote.co.uk/t/andrew-54,myjobquote
Daniel Services,,Painter Decorator,,,5,2,,ID Checked,,,2023,https://www.myjobquote.co.uk/t/daniel-services,myjobquote
William Services,,Painter Decorator,,,5,2,,ID Checked,,,2024,https://www.myjobquote.co.uk/t/william-services,myjobquote
A-Z  Property maintenance,,Painter Decorator,,,4.68,0,,ID Checked,,,Apr 2024,https://www.myjobquote.co.uk/t/a-z-property-maintenance-3,myjobquote
None of,,Painter Decorator,,,4.5,2,,ID Checked; Public Liability Insurance,,,2020,https://www.myjobquote.co.uk/t/none-of-1,myjobquote
House Like New,,Painter Decorator,,,5,6,,ID Checked,,,2011,https://www.myjobquote.co.uk/t/house-like-new,myjobquote
PavloHendyMan,,Painter Decorator,,,4.68,0,,ID Checked,,,Nov 2020,https://www.myjobquote.co.uk/t/pavlohendyman,myjobquote
Justin Nezianya,,Painter Decorator,,,4.68,0,,ID Checked,,,Feb 2024,https://www.myjobquote.co.uk/t/justin-nezianya,myjobquote
Justin Nezianya,,Painter Decorator,,,4.68,0,,ID Checked,,,Apr 2024,https://www.myjobquote.co.uk/t/mdj-property-maintenance,myjobquote
Sulait khalid,,Painter Decorator,,,4.68,0,,ID Checked,,,Mar 2026,https://www.myjobquote.co.uk/t/sulait-khalid,myjobquote
Sulait khalid,,Painter Decorator,,,4.68,0,,ID Checked,,,Feb 2024,https://www.myjobquote.co.uk/t/aa-homeimprovements,myjobquote
Rare Decor,,Painter Decorator,,,4.68,0,,ID Checked,,,Dec 2021,https://www.myjobquote.co.uk/t/rare-decor,myjobquote
Master coats scotland,,Painter Decorator,,,4.68,0,,ID Checked,,,Mar 2026,https://www.myjobquote.co.uk/t/master-coats-scotland,myjobquote
Skyline builders & decors,,Painter Decorator,,,4.68,0,,,,,Dec 2023,https://www.myjobquote.co.uk/t/skyline-builders-decors,myjobquote
sebosss,,Painter Decorator,,,4.68,0,,,,,May 2024,https://www.myjobquote.co.uk/t/sebosss,myjobquote
sebosss,,Painter Decorator,,,4.68,0,,,,,Sep 2024,https://www.myjobquote.co.uk/t/alfrouh-banted,myjobquote
Alfrouh banted,,Painter Decorator,,,4.68,0,,ID Checked,,,Sep 2024,https://www.myjobquote.co.uk/t/kasem-al-radi,myjobquote
KASEM Al RADI,,Painter Decorator,,,4.8,19,,ID Checked,,,Apr 2025,https://www.myjobquote.co.uk/t/int-exterior,myjobquote
BT Decor,,Painter Decorator,,,4.68,0,,,,,Mar 2024,https://www.myjobquote.co.uk/t/bt-decor,myjobquote
BT Decor,,Painter Decorator,,,4.68,0,,,,,Feb 2022,https://www.myjobquote.co.uk/t/connor-40,myjobquote
Connor,,Painter Decorator,,,4.68,0,,,,,Apr 2023,https://www.myjobquote.co.uk/t/dania-2,myjobquote
Duncan&#039;s Decorating,,Painter Decorator,,,4.68,0,,,,,May 2024,https://www.myjobquote.co.uk/t/duncans-decorating,myjobquote
Painting & Decorators,,Painter Decorator,,,1,1,,ID Checked,,,2015,https://www.myjobquote.co.uk/t/painting-decorators,myjobquote
Madjid Lmt,,Painter Decorator,,,4.68,0,,ID Checked,,,Jun 2023,https://www.myjobquote.co.uk/t/madjid-lmt,myjobquote
Madjid Lmt,,Painter Decorator,,,4.68,0,,,,,May 2025,https://www.myjobquote.co.uk/t/cristidima,myjobquote
Rossss,,Painter Decorator,,,4.68,0,,,,,May 2022,https://www.myjobquote.co.uk/t/rossss,myjobquote
Rossss,,Painter Decorator,,,4.9,28,,ID Checked,,,2022,https://www.myjobquote.co.uk/t/sw-aerials-1,myjobquote
Leaf It clean gardens,,Painter Decorator,,,5,1,,ID Checked,,,2020,https://www.myjobquote.co.uk/t/leaf-it-clean-gardens,myjobquote
Arta plastering,,Painter Decorator,,,5,16,,ID Checked,,,1993,https://www.myjobquote.co.uk/t/arta-plastering,myjobquote
Goodlads Property Services,,Painter Decorator,,,5,20,,ID Checked,,,2017,https://www.myjobquote.co.uk/t/goodlads-property-services,myjobquote
Peji Handyman Glasgow,,Painter Decorator,,,5,3,,ID Checked,,,2025,https://www.myjobquote.co.uk/t/peji-handyman-glasgow,myjobquote
Buildstrong construction,,Painter Decorator,,,5,1,,ID Checked,,,Apr 2025,https://www.myjobquote.co.uk/t/buildstrong-construction,myjobquote
McGregor decor,,Painter Decorator,,,5,2,,ID Checked,,,1990,https://www.myjobquote.co.uk/t/mcgregor-decor-2,myjobquote
Classic Decor Ltd,,Painter Decorator,,,4,1,,ID Checked,,,Jan 2025,https://www.myjobquote.co.uk/t/classic-decor-ltd,myjobquote
O’Brien decor,,Painter Decorator,,,5,5,,ID Checked,,,2015,https://www.myjobquote.co.uk/t/obrien-decor,myjobquote
A-Z Decor,,Painter Decorator,,,5,3,,ID Checked; Public Liability Insurance,,,1995,https://www.myjobquote.co.uk/t/a-z-decor,myjobquote
M&B Decorators,,Painter Decorator,,,5,1,,ID Checked,,,Sep 2024,https://www.myjobquote.co.uk/t/mb-decorators-4,myjobquote
Kg interior,,Painter Decorator,,,5,1,,ID Checked,,,2017,https://www.myjobquote.co.uk/t/kg-interior,myjobquote
Busy hands home solutions,,Painter Decorator,,,5,1,,ID Checked,,,2024,https://www.myjobquote.co.uk/t/busy-hands-home-solutions-1,myjobquote
sjps property maintenance,,Painter Decorator,,,5,1,,ID Checked,,,2015,https://www.myjobquote.co.uk/t/sjps-property-maintenance,myjobquote
D&D landscape,,Painter Decorator,,,4.7,14,,ID Checked,,,2023,https://www.myjobquote.co.uk/t/dd-landscape,myjobquote
Stunning Home Design,,Painter Decorator,,,5,1,,ID Checked,,,Jul 2023,https://www.myjobquote.co.uk/t/stunning-home-design,myjobquote
Hillington decor,,Painter Decorator,,,5,3,,ID Checked,,,2019,https://www.myjobquote.co.uk/t/hillington-decor-1,myjobquote
All Out Decor ltd,,Painter Decorator,,,5,1,,ID Checked,,,2021,https://www.myjobquote.co.uk/t/all-out-decor-ltd,myjobquote
AdamZ,,Painter Decorator,,,5,1,,ID Checked,,,Feb 2017,https://www.myjobquote.co.uk/t/adamz-1,myjobquote
Sprayfirm limited,,Painter Decorator,,,5,1,,ID Checked,,,2017,https://www.myjobquote.co.uk/t/sprayfirm-limited,myjobquote
MBC renovation,,Painter Decorator,,,5,3,,ID Checked,,,2010,https://www.myjobquote.co.uk/t/mbc-renovation,myjobquote
CM Decor,,Painter Decorator,,,5,2,,ID Checked,,,May 2022,https://www.myjobquote.co.uk/t/cm-decor,myjobquote
Pro-exterior Coatings,,Painter Decorator,,,5,1,,ID Checked,,,2014,https://www.myjobquote.co.uk/t/pro-exterior-coatings,myjobquote
Sebastian,,Painter Decorator,,,4.8,6,,ID Checked,,,2021,https://www.myjobquote.co.uk/t/sebastian-21,myjobquote
Ferguson decor,,Painter Decorator,,,5,2,,ID Checked,,,2020,https://www.myjobquote.co.uk/t/ferguson-decor,myjobquote
Matter In Hand,,Painter Decorator,,,5,1,,ID Checked,,,2019,https://www.myjobquote.co.uk/t/matter-in-hand,myjobquote
GK.Builders Limited,,Painter Decorator,,,5,2,,ID Checked,,,2004,https://www.myjobquote.co.uk/t/gkbuilders-limited,myjobquote
Pamela,,Painter Decorator,,,4.5,2,,ID Checked,,,2020,https://www.myjobquote.co.uk/t/pamela-1,myjobquote
Decor SBS,,Painter Decorator,,,4.5,2,,ID Checked,,,2005,https://www.myjobquote.co.uk/t/decor-sbs,myjobquote
Iw Building Services,,Painter Decorator,,,5,2,,ID Checked,,,Jan 2020,https://www.myjobquote.co.uk/t/iw-building-services,myjobquote
Bishopbriggs Decorating and Tiling,,Painter Decorator,,,5,3,,ID Checked,,,2000,https://www.myjobquote.co.uk/t/bishopbriggs-decorating-and-tiling,myjobquote
CmR Decorators,,Painter Decorator,,,5,2,,ID Checked,,,2016,https://www.myjobquote.co.uk/t/cmr-decorators,myjobquote
Splashofcolour contractors,,Painter Decorator,,,5,2,,ID Checked,,,Jan 2018,https://www.myjobquote.co.uk/t/splashofcolour-contractors,myjobquote
Deepanshu Sharma,,Painter Decorator,,,4.68,0,,ID Checked,,,Jan 2016,https://www.myjobquote.co.uk/t/deepanshu-sharma,myjobquote
Duncan Hooper,,Painter Decorator,,,4.68,0,,ID Checked,,,2024,https://www.myjobquote.co.uk/t/duncan-hooper,myjobquote
Annmarie Paterson,,Painter Decorator,,,4.68,0,,ID Checked,,,May 2024,https://www.myjobquote.co.uk/t/annmarie-paterson,myjobquote
Annmarie Paterson,,Painter Decorator,,,4.68,0,,ID Checked,,,2018,https://www.myjobquote.co.uk/t/mm-conect-ltd,myjobquote
Bird decor,,Painter Decorator,,,4.68,0,,ID Checked,,,2025,https://www.myjobquote.co.uk/t/bird-decor,myjobquote
Universal Engineers1313 Limited,,Painter Decorator,,,4.68,0,,ID Checked,,,2013,https://www.myjobquote.co.uk/t/universal-engineers1313-limited,myjobquote
James Barbour,,Painter Decorator,,,4.68,0,,ID Checked,,,Feb 2023,https://www.myjobquote.co.uk/t/james-barbour,myjobquote
James Barbour,,Painter Decorator,,,4.68,0,,,,,Feb 2024,https://www.myjobquote.co.uk/t/mulgrew-at-cairns-decor,myjobquote
Mulgrew@cairns decor,,Painter Decorator,,,4.68,0,,,,,Nov 2025,https://www.myjobquote.co.uk/t/tl-projects,myjobquote
TL Projects,,Painter Decorator,,,4.68,0,,ID Checked,,,2025,https://www.myjobquote.co.uk/t/td-painting-and-decorating-solutions,myjobquote
Go2interiors,,Painter Decorator,,,4.68,0,,ID Checked,,,2017,https://www.myjobquote.co.uk/t/go2interiors,myjobquote
Andon,,Painter Decorator,,,4.68,0,,ID Checked,,,Jun 2023,https://www.myjobquote.co.uk/t/andon,myjobquote
Andon,,Painter Decorator,,,4.68,0,,ID Checked,,,Dec 2023,https://www.myjobquote.co.uk/t/g-wallis-decorators,myjobquote
Dunndecorators,,Painter Decorator,,,4.68,0,,ID Checked,,,Jan 2026,https://www.myjobquote.co.uk/t/dunndecorators,myjobquote
Dunndecorators,,Painter Decorator,,,4.68,0,,ID Checked,,,2016,https://www.myjobquote.co.uk/t/karol-repairs-renovations,myjobquote
Aye Construction ltd,,Painter Decorator,,,4.68,0,,ID Checked,,,2015,https://www.myjobquote.co.uk/t/aye-construction-ltd,myjobquote
Decorating LTD,,Painter Decorator,,,4.68,0,,ID Checked,,,Nov 2025,https://www.myjobquote.co.uk/t/decorating-ltd-3,myjobquote
mykola,,Painter Decorator,,,4.68,0,,,,,Apr 2025,https://www.myjobquote.co.uk/t/mykola-20,myjobquote
mykola,,Painter Decorator,,,4.68,0,,,,,Feb 2026,https://www.myjobquote.co.uk/t/precision-construction-solutions,myjobquote
Martin,,Painter Decorator,,,4.68,0,,ID Checked,,,2019,https://www.myjobquote.co.uk/t/martin-33,myjobquote
Tedi and Raf,,Painter Decorator,,,4.68,0,,ID Checked,,,2015,https://www.myjobquote.co.uk/t/tedi-and-raf,myjobquote
VITANOV Home Improvements,,Painter Decorator,,,4.9,14,,ID Checked,,,2018,https://www.myjobquote.co.uk/t/vitanov-home-improvements,myjobquote
Darren skinner,,Painter Decorator,,,5,6,,ID Checked,,,2022,https://www.myjobquote.co.uk/t/darren-skinner,myjobquote
Kaloyan,,Painter Decorator,,,4.68,0,,ID Checked,,,2017,https://www.myjobquote.co.uk/t/kaloyan-3,myjobquote
L M Decorating,,Painter Decorator,,,4.68,0,,ID Checked,,,2025,https://www.myjobquote.co.uk/t/l-m-decorating-1,myjobquote
Auld Town Property Maintenance,,Painter Decorator,,,4,13,,ID Checked; Public Liability Insurance,,,2024,https://www.myjobquote.co.uk/t/auld-town-property-maintenance,myjobquote
Jklpro maintenance,,Painter Decorator,,,5,62,,ID Checked,,,2020,https://www.myjobquote.co.uk/t/jklpro-maintenance,myjobquote
We fellay Decs.,,Painter Decorator,,,5,2,,ID Checked,,,Jun 2022,https://www.myjobquote.co.uk/t/we-fellay-decs,myjobquote
B&A DECORATING SOLUTIONS,,Painter Decorator,,,3.5,5,,ID Checked,,,2018,https://www.myjobquote.co.uk/t/ba-decorating-solutions,myjobquote
Fineline decorators,,Painter Decorator,,,5,4,,ID Checked,,,2011,https://www.myjobquote.co.uk/t/fineline-decorators,myjobquote
NW Donaldson Painter Decorator,,Painter Decorator,,,5,7,,ID Checked,,,2005,https://www.myjobquote.co.uk/t/nw-donaldson-painter-decorator,myjobquote
Anderson&#039;s Groundwork and Property Maintenance,,Painter Decorator,,,4.1,1,,ID Checked,,,Jan 2021,https://www.myjobquote.co.uk/t/andersons-groundwork-and-property-maintenance,myjobquote
Mega don,,Painter Decorator,,,4.68,0,,ID Checked,,,Sep 2017,https://www.myjobquote.co.uk/t/mega-don,myjobquote
Mega don,,Painter Decorator,,,4.68,0,,,,,Jul 2024,https://www.myjobquote.co.uk/t/george-109,myjobquote
George,,Painter Decorator,,,4.68,0,,ID Checked,,,Feb 2023,https://www.myjobquote.co.uk/t/bp-decorators,myjobquote
Joshalexander,,Painter Decorator,,,4.68,0,,ID Checked,,,Feb 2024,https://www.myjobquote.co.uk/t/joshalexander,myjobquote
Joshalexander,,Painter Decorator,,,4.68,0,,ID Checked,,,May 2024,https://www.myjobquote.co.uk/t/gray-decorators,myjobquote
M&S Decorators,,Painter Decorator,,,5,2,,ID Checked,,,1987,https://www.myjobquote.co.uk/t/ms-decorators-5,myjobquote
Brush strokes painters and decoratotors,,Painter Decorator,,,5,2,,ID Checked,,,2018,https://www.myjobquote.co.uk/t/brush-strokes-painters-and-decoratotors,myjobquote
Marart,,Painter Decorator,,,5,1,,ID Checked,,,Jan 2023,https://www.myjobquote.co.uk/t/marart,myjobquote
The Handyman Dundee,,Painter Decorator,,,5,1,,ID Checked,,,2013,https://www.myjobquote.co.uk/t/the-handyman-dundee,myjobquote
Whyte Corporation Limited,,Painter Decorator,,,4.68,0,,ID Checked,,,May 2021,https://www.myjobquote.co.uk/t/whyte-corporation-limited,myjobquote
Whyte Corporation Limited,,Painter Decorator,,,4.68,0,,ID Checked,,,1998,https://www.myjobquote.co.uk/t/ognyan-1,myjobquote
Diamond Contractors,,Painter Decorator,,,4.68,0,,ID Checked,,,Feb 2026,https://www.myjobquote.co.uk/t/diamond-contractors-2,myjobquote
Super Shine,,Painter Decorator,,,4.68,0,,ID Checked,,,Aug 2023,https://www.myjobquote.co.uk/t/super-shine,myjobquote
Maintenance MEMA,,Painter Decorator,,,4.68,0,,ID Checked,,,Dec 2024,https://www.myjobquote.co.uk/t/maintenance-mema,myjobquote
Maintenance MEMA,,Painter Decorator,,,4.68,0,,,,,2025,https://www.myjobquote.co.uk/t/james-fraser-1,myjobquote
perfectsurfacescotland,,Painter Decorator,,,4.68,0,,,,,Jan 2026,https://www.myjobquote.co.uk/t/perfectsurfacescotland,myjobquote
Mbm. Landscape,,Painter Decorator,,,4.68,0,,ID Checked,,,Jan 2025,https://www.myjobquote.co.uk/t/mbm-landscape,myjobquote
Mbm. Landscape,,Painter Decorator,,,4.68,0,,ID Checked,,,2022,https://www.myjobquote.co.uk/t/mbdone,myjobquote
MBDone,,Painter Decorator,,,4.68,0,,ID Checked,,,Feb 2024,https://www.myjobquote.co.uk/t/js-paintingdecorating,myjobquote
Green Painters,,Painter Decorator,,,4.68,0,,ID Checked,,,Dec 2023,https://www.myjobquote.co.uk/t/green-painters,myjobquote
steven foley painter and decorator,,Painter Decorator,,,4.68,0,,,,,2008,https://www.myjobquote.co.uk/t/steven-foley-painter-and-decorator,myjobquote
Surface saver Scotland,,Painter Decorator,,,4.68,0,,,,,May 2024,https://www.myjobquote.co.uk/t/surface-saver-scotland,myjobquote
Surface saver Scotland,,Painter Decorator,,,4.68,0,,ID Checked,,,Jan 2026,https://www.myjobquote.co.uk/t/paul-haxton-1,myjobquote
S J Blyth Painter & Decorator,,Painter Decorator,,,4.68,0,,ID Checked,,,2003,https://www.myjobquote.co.uk/t/s-j-blyth-painter-decorator,myjobquote
Handyman,,Painter Decorator,,,4.68,0,,ID Checked,,,Dec 2025,https://www.myjobquote.co.uk/t/handyman-465,myjobquote
Handyman and Painter,,Painter Decorator,,,4.68,0,,,,,Feb 2025,https://www.myjobquote.co.uk/t/handyman-and-painter,myjobquote
Handyman and Painter,,Painter Decorator,,,4,1,,ID Checked,,,2020,https://www.myjobquote.co.uk/t/blue-thistle-roofing-and-painting,myjobquote
Mahajabin,,Painter Decorator,,,4.68,0,,ID Checked,,,Feb 2025,https://www.myjobquote.co.uk/t/mahajabin,myjobquote
Ryans,,Painter Decorator,,,4.68,0,,,,,Nov 2025,https://www.myjobquote.co.uk/t/ryans-9,myjobquote
Ryans,,Painter Decorator,,,4.68,0,,ID Checked,,,Apr 2023,https://www.myjobquote.co.uk/t/dinevs-handyman-gardening-services,myjobquote
Dinev&#039;s Handyman & Gardening Services,,Painter Decorator,,,4.68,0,,ID Checked,,,Nov 2023,https://www.myjobquote.co.uk/t/decor-matt,myjobquote
Decor Matt,,Painter Decorator,,,4.68,0,,ID Checked,,,Dec 2023,https://www.myjobquote.co.uk/t/all-trades-contractors,myjobquote
All trades contractors,,Painter Decorator,,,4.68,0,,ID Checked,,,Nov 2025,https://www.myjobquote.co.uk/t/gd-decorators-2,myjobquote
Malliff Decorating,,Painter Decorator,,,4.68,0,,ID Checked,,,Feb 2025,https://www.myjobquote.co.uk/t/malliff-decorating,myjobquote
Chalmers Decorating,,Painter Decorator,,,4.68,0,,ID Checked,,,Oct 2025,https://www.myjobquote.co.uk/t/chalmers-decorating,myjobquote
Chalmers Decorating,,Painter Decorator,,,4.68,0,,ID Checked; Public Liability Insurance,,,Jan 2023,https://www.myjobquote.co.uk/t/opat-decorators-ltd,myjobquote
Derek kinloch,,Painter Decorator,,,4.68,0,,ID Checked,,,2015,https://www.myjobquote.co.uk/t/derek-kinloch,myjobquote
D .Norrie Painter and Decorator,,Painter Decorator,,,4.68,0,,ID Checked; Public Liability Insurance,,,Jul 2021,https://www.myjobquote.co.uk/t/d-norrie-painter-and-decorator,myjobquote
Burnett Pro-coat,,Painter Decorator,,,5,2,,ID Checked,,,2025,https://www.myjobquote.co.uk/t/burnett-pro-coat,myjobquote
Precision Joinery and Building Service,,Painter Decorator,,,5,4,,ID Checked,,,2014,https://www.myjobquote.co.uk/t/precision-joinery-and-building-service,myjobquote
Marcin Kosiek,,Painter Decorator,,,5,10,,ID Checked,,,2024,https://www.myjobquote.co.uk/t/marcin-kosiek,myjobquote
C&a painter and decorators,,Painter Decorator,,,5,1,,ID Checked,,,2023,https://www.myjobquote.co.uk/t/ca-painter-and-decorators,myjobquote
Fife Painting Services,,Painter Decorator,,,5,1,,ID Checked,,,2015,https://www.myjobquote.co.uk/t/fife-painting-services,myjobquote
The Paint Pros,,Painter Decorator,,,3.5,2,,ID Checked,,,2023,https://www.myjobquote.co.uk/t/the-paint-pros,myjobquote
Mcmanus decorating,,Painter Decorator,,,5,7,,ID Checked,,,2022,https://www.myjobquote.co.uk/t/mcmanus-decorating,myjobquote
R.S Decorators,,Painter Decorator,,,5,11,,ID Checked,,,1975,https://www.myjobquote.co.uk/t/rs-decorators,myjobquote
Rm property maintenance,,Painter Decorator,,,4.8,16,,ID Checked,,,2007,https://www.myjobquote.co.uk/t/rm-property-maintenance,myjobquote
Shumen LTD,,Painter Decorator,,,4.8,1,,ID Checked,,,Jun 2017,https://www.myjobquote.co.uk/t/shumen-ltd,myjobquote
SG Decorators,,Painter Decorator,,,4.68,0,,ID Checked,,,2024,https://www.myjobquote.co.uk/t/sg-decorators-1,myjobquote
Homedecsol,,Painter Decorator,,,4.68,0,,ID Checked,,,Jan 2025,https://www.myjobquote.co.uk/t/homedecsol,myjobquote
Homedecsol,,Painter Decorator,,,4.68,0,,ID Checked,,,2024,https://www.myjobquote.co.uk/t/scott-73,myjobquote
Scott,,Painter Decorator,,,4.68,0,,ID Checked,,,Jul 2024,https://www.myjobquote.co.uk/t/jnj-decorating-services,myjobquote
JNJ Decorating Services,,Painter Decorator,,,4.68,0,,,,,Mar 2025,https://www.myjobquote.co.uk/t/memodoktor,myjobquote
MemoDoktor,,Painter Decorator,,,4.68,0,,,,,Oct 2022,https://www.myjobquote.co.uk/t/andrew-davidson-painter-and-decorator,myjobquote
Remus,,Painter Decorator,,,4.68,0,,ID Checked,,,2022,https://www.myjobquote.co.uk/t/remus-5,myjobquote
LJH Painting & Decorating,,Painter Decorator,,,4.68,0,,ID Checked,,,Feb 2023,https://www.myjobquote.co.uk/t/ljh-painting-decorating,myjobquote
Jakub Gonerski,,Painter Decorator,,,4.68,0,,ID Checked,,,Feb 2026,https://www.myjobquote.co.uk/t/jakub-gonerski,myjobquote
Asc Contracts,,Painter Decorator,,,4.68,0,,ID Checked,,,Feb 2026,https://www.myjobquote.co.uk/t/asc-contracts,myjobquote
Asc Contracts,,Painter Decorator,,,4.68,0,,ID Checked,,,2022,https://www.myjobquote.co.uk/t/painting-decorating-17,myjobquote
Sali Saliev,,Painter Decorator,,,4.68,0,,ID Checked,,,2023,https://www.myjobquote.co.uk/t/sali-saliev,myjobquote
Sali Saliev,,Painter Decorator,,,4.68,0,,,,,Jan 2025,https://www.myjobquote.co.uk/t/mario-89,myjobquote
Mario,,Painter Decorator,,,4.68,0,,,,,Sep 2024,https://www.myjobquote.co.uk/t/jan-anghelache,myjobquote
Gabyii,,Painter Decorator,,,4.68,0,,ID Checked,,,Sep 2025,https://www.myjobquote.co.uk/t/gabyii,myjobquote
Gabyii,,Painter Decorator,,,4.68,0,,ID Checked,,,Sep 2024,https://www.myjobquote.co.uk/t/paint-and-decorating-3,myjobquote
UKPOL,,Painter Decorator,,,4.68,0,,,,,,https://www.myjobquote.co.uk/t/ukpol,myjobquote
Bathrooms,,Painter Decorator,,,4.68,0,,ID Checked,,,May 2015,https://www.myjobquote.co.uk/t/bathrooms,myjobquote
Bathrooms,,Painter Decorator,,,4.68,0,,ID Checked,,,Feb 2022,https://www.myjobquote.co.uk/t/mg-painting-and-decoration,myjobquote
JL decor and tile,,Painter Decorator,,,4.68,0,,,,,Jun 2024,https://www.myjobquote.co.uk/t/jl-decor-and-tile,myjobquote
Self-enployed,,Painter Decorator,,,4.68,0,,,,,2015,https://www.myjobquote.co.uk/t/self-enployed-5,myjobquote
Marius,,Painter Decorator,,,4.68,0,,,,,Oct 2023,https://www.myjobquote.co.uk/t/marius-94,myjobquote
Marius,,Painter Decorator,,,4.68,0,,ID Checked,,,Mar 2024,https://www.myjobquote.co.uk/t/t-c-home-improvement-services,myjobquote
Mike Forman,,Painter Decorator,,,4.68,0,,ID Checked,,,Dec 2025,https://www.myjobquote.co.uk/t/mike-forman,myjobquote
Mike Forman,,Painter Decorator,,,4.68,0,,,,,Feb 2025,https://www.myjobquote.co.uk/t/pragma-decor,myjobquote
Pragma Decor,,Painter Decorator,,,4.68,0,,,,,Feb 2025,https://www.myjobquote.co.uk/t/hayday-decorating,myjobquote
Hayday Decorating,,Painter Decorator,,,4.68,0,,,,,2016,https://www.myjobquote.co.uk/t/world-class-finishes,myjobquote
World Class Finishes,,Painter Decorator,,,4.68,0,,ID Checked,,,2023,https://www.myjobquote.co.uk/t/north-water-decorating-ltd,myjobquote
Venetian surface studio,,Painter Decorator,,,4.68,0,,ID Checked,,,Jan 2024,https://www.myjobquote.co.uk/t/venetian-surface-studio,myjobquote
Dawski,,Painter Decorator,,,4.68,0,,,,,Feb 2026,https://www.myjobquote.co.uk/t/dawski,myjobquote
Dawski,,Painter Decorator,,,4.68,0,,,,,Sep 2023,https://www.myjobquote.co.uk/t/care-with-adriana,myjobquote
Painted,,Painter Decorator,,,4.68,0,,,,,Feb 2025,https://www.myjobquote.co.uk/t/painted,myjobquote
Painted,,Painter Decorator,,,4.68,0,,,,,Nov 2022,https://www.myjobquote.co.uk/t/lennox-kennedy,myjobquote
Callum Donaldson,,Painter Decorator,,,4.68,0,,,,,Jul 2024,https://www.myjobquote.co.uk/t/callum-donaldson,myjobquote
Callum Donaldson,,Painter Decorator,,,4.68,0,,,,,Apr 2023,https://www.myjobquote.co.uk/t/angus-decorating,myjobquote
Tartan painter,,Painter Decorator,,,4.68,0,,,,,Feb 2026,https://www.myjobquote.co.uk/t/tartan-painter,myjobquote
EM DECOR,,Painter Decorator,,,5,3,,Public Liability Insurance,,,Jul 2025,https://www.myjobquote.co.uk/t/em-decor,myjobquote
RedFox,,Painter Decorator,,,5,14,,ID Checked,,,Aug 2024,https://www.myjobquote.co.uk/t/redfox,myjobquote
Justice,,Painter Decorator,,,4.68,0,,ID Checked,,,Feb 2023,https://www.myjobquote.co.uk/t/justice-3,myjobquote
Finishing Touch Sprayers,,Painter Decorator,,,4.8,8,,ID Checked,,,2014,https://www.myjobquote.co.uk/t/finishing-touch-sprayers,myjobquote
John chalmers,,Painter Decorator,,,4.68,0,,ID Checked,,,Mar 2024,https://www.myjobquote.co.uk/t/john-chalmers,myjobquote
John chalmers,,Painter Decorator,,,4.68,0,,ID Checked,,,2021,https://www.myjobquote.co.uk/t/bearland-innovations-ltd,myjobquote
GT Decor,,Painter Decorator,,,4.68,0,,ID Checked,,,Nov 2021,https://www.myjobquote.co.uk/t/gt-decor-1,myjobquote
GT Decor,,Painter Decorator,,,4.68,0,,ID Checked,,,2025,https://www.myjobquote.co.uk/t/marvel-homes-and-properties-limited,myjobquote
Mito painting,,Painter Decorator,,,5,4,,ID Checked,,,2010,https://www.myjobquote.co.uk/t/mito-painting,myjobquote
Kamil Jakubowski,,Painter Decorator,,,5,21,,ID Checked,,,2023,https://www.myjobquote.co.uk/t/kamil-jakubowski,myjobquote
Grahams Decor,,Painter Decorator,,,5,3,,ID Checked,,,Sep 2023,https://www.myjobquote.co.uk/t/grahams-decor,myjobquote
Lionsmobilesandvapes,,Painter Decorator,,,4.68,0,,ID Checked,,,Sep 2022,https://www.myjobquote.co.uk/t/lionsmobilesandvapes,myjobquote
Lionsmobilesandvapes,,Painter Decorator,,,4.68,0,,,,,Jul 2024,https://www.myjobquote.co.uk/t/trossachs-painting-decorating,myjobquote
Mcmahon decorators,,Painter Decorator,,,4.68,0,,,,,Aug 2025,https://www.myjobquote.co.uk/t/mcmahon-decorators,myjobquote
Mcmahon decorators,,Painter Decorator,,,4.68,0,,,,,Jul 2024,https://www.myjobquote.co.uk/t/rm-maintenance-5,myjobquote
Fraser watt,,Painter Decorator,,,4.9,13,,ID Checked; Public Liability Insurance,,,Oct 2024,https://www.myjobquote.co.uk/t/fraser-watt,myjobquote
WestDecor,,Painter Decorator,,,5,1,,ID Checked,,,2010,https://www.myjobquote.co.uk/t/westdecor,myjobquote
RDB Services,,Painter Decorator,,,4.68,0,,ID Checked; Public Liability Insurance,,,Jan 2024,https://www.myjobquote.co.uk/t/rdb-services,myjobquote
imop & deco,,Painter Decorator,,,4.68,0,,,,,May 2024,https://www.myjobquote.co.uk/t/imop-deco,myjobquote
imop & deco,,Painter Decorator,,,4.68,0,,ID Checked,,,May 2024,https://www.myjobquote.co.uk/t/ljc-painting-decorating,myjobquote
E&M Decorating,,Painter Decorator,,,4.68,0,,ID Checked,,,Feb 2026,https://www.myjobquote.co.uk/t/em-decorating,myjobquote
E&M Decorating,,Painter Decorator,,,4.68,0,,Public Liability Insurance,,,Dec 2024,https://www.myjobquote.co.uk/t/gp-holburn,myjobquote
Jack of all trades,,Painter Decorator,,,4.68,0,,Public Liability Insurance,,,1990,https://www.myjobquote.co.uk/t/jack-of-all-trades-12,myjobquote
Daniel&#039;s painting,,Painter Decorator,,,4.68,0,,ID Checked,,,2020,https://www.myjobquote.co.uk/t/daniels-painting-2,myjobquote
Central Coating Solutions,,Painter Decorator,,,4.68,0,,ID Checked,,,Dec 2025,https://www.myjobquote.co.uk/t/central-coating-solutions,myjobquote
R&J Painters & Decorators,,Painter Decorator,,,4.68,0,,ID Checked,,,2000,https://www.myjobquote.co.uk/t/rj-painters-decorators,myjobquote
N and Co Finishes,,Painter Decorator,,,4.68,0,,ID Checked,,,2025,https://www.myjobquote.co.uk/t/n-and-co-finishes,myjobquote
Hot Air Rises LTD,,Painter Decorator,,,4.68,0,,ID Checked,,,Nov 2025,https://www.myjobquote.co.uk/t/hot-air-rises-ltd,myjobquote
FreshCoat Painting,,Painter Decorator,,,4.68,0,,ID Checked,,,Mar 2025,https://www.myjobquote.co.uk/t/freshcoat-painting,myjobquote
CS Decor,,Painter Decorator,,,5,1,,ID Checked,,,Feb 2026,https://www.myjobquote.co.uk/t/cs-decor,myjobquote
Vasse decor,,Painter Decorator,,,4.68,0,,ID Checked,,,Apr 2023,https://www.myjobquote.co.uk/t/vasse-decor,myjobquote
Vasse decor,,Painter Decorator,,,4.68,0,,,,,Sep 2024,https://www.myjobquote.co.uk/t/ipshita,myjobquote
Ipshita,,Painter Decorator,,,4.68,0,,,,,Mar 2024,https://www.myjobquote.co.uk/t/kieran-milne,myjobquote
Kieran Milne,,Painter Decorator,,,4.68,0,,,,,Sep 2025,https://www.myjobquote.co.uk/t/d-pearson-painting-decorators,myjobquote
D Pearson Painting & Decorators,,Painter Decorator,,,4.68,0,,ID Checked,,,Apr 2022,https://www.myjobquote.co.uk/t/daniel-331,myjobquote
Brothers of the brush,,Painter Decorator,,,4.68,0,,ID Checked,,,Mar 2024,https://www.myjobquote.co.uk/t/brothers-of-the-brush-1,myjobquote
Barrier improvements limited,,Painter Decorator,,,5,1,,ID Checked,,,2020,https://www.myjobquote.co.uk/t/barrier-improvements-limited,myjobquote
Property Maintenance Services,,Painter Decorator,,,5,10,,ID Checked; Public Liability Insurance,,,2025,https://www.myjobquote.co.uk/t/property-maintenance-services-9,myjobquote
T F Decor,,Painter Decorator,,,5,4,,ID Checked,,,1995,https://www.myjobquote.co.uk/t/t-f-decor,myjobquote
Bell Decorators,,Painter Decorator,,,5,5,,ID Checked,,,2016,https://www.myjobquote.co.uk/t/bell-decorators-1,myjobquote
Precision painting contractors,,Painter Decorator,,,5,9,,ID Checked; Public Liability Insurance,,,2016,https://www.myjobquote.co.uk/t/precision-painting-contractors,myjobquote
MG PLASTERING & DECORATING,,Painter Decorator,,,5,3,,ID Checked,,,1991,https://www.myjobquote.co.uk/t/mg-plastering-decorating,myjobquote
MR Construction,,Painter Decorator,,,5,1,,ID Checked,,,2018,https://www.myjobquote.co.uk/t/mr-construction-8,myjobquote
Craig&#039;s Contracts,,Painter Decorator,,,5,7,07441442389,ID Checked; Public Liability Insurance,,,Mar 2025,https://www.myjobquote.co.uk/t/craigs-contracts,myjobquote
Ferguson decorating,,Painter Decorator,,,5,1,,ID Checked,,,2023,https://www.myjobquote.co.uk/t/ferguson-decorating,myjobquote
Goldie decor,,Painter Decorator,,,4.5,4,,ID Checked,,,1980,https://www.myjobquote.co.uk/t/goldie-decor,myjobquote
Falkirk Furnishing company,,Painter Decorator,,,4.5,5,,ID Checked; Public Liability Insurance,,,2008,https://www.myjobquote.co.uk/t/falkirk-furnishing-company,myjobquote
Spectrum Sprayers,,Painter Decorator,,,4.8,5,,ID Checked,,,2020,https://www.myjobquote.co.uk/t/spectrum-sprayers-1,myjobquote
TFH DECORATORS,,Painter Decorator,,,4.8,9,,ID Checked,,,2019,https://www.myjobquote.co.uk/t/tfh-decorators,myjobquote
Thistle Property Services,,Painter Decorator,,,4.9,19,,ID Checked,,,2020,https://www.myjobquote.co.uk/t/thistle-property-services,myjobquote
Majestic Interiors Scotland,,Painter Decorator,,,5,6,,ID Checked,,,2004,https://www.myjobquote.co.uk/t/majestic-interiors-scotland,myjobquote
Zander decorators,,Painter Decorator,,,5,1,,ID Checked,,,2012,https://www.myjobquote.co.uk/t/zander-decorators,myjobquote
Modest tiles,,Painter Decorator,,,5,1,,ID Checked,,,2021,https://www.myjobquote.co.uk/t/modest-tiles,myjobquote
Universal decorating services,,Painter Decorator,,,5,1,,ID Checked,,,2006,https://www.myjobquote.co.uk/t/universal-decorating-services,myjobquote
DM DECOR,,Painter Decorator,,,5,1,,ID Checked,,,1988,https://www.myjobquote.co.uk/t/dm-decor-2,myjobquote
James Armstrong,,Painter Decorator,,,5,5,,ID Checked,,,Nov 2020,https://www.myjobquote.co.uk/t/james-armstrong,myjobquote
CMD Painting,,Painter Decorator,,,5,2,,ID Checked,,,2020,https://www.myjobquote.co.uk/t/cmd-painting,myjobquote
Roofcheck,,Painter Decorator,,,5,1,,ID Checked,,,1999,https://www.myjobquote.co.uk/t/roofcheck,myjobquote
Scotia Handyman Services,,Painter Decorator,,,4.68,0,,ID Checked,,,Nov 2019,https://www.myjobquote.co.uk/t/scotia-handyman-services,myjobquote
Vincent,,Painter Decorator,,,4.68,0,,,,,Dec 2023,https://www.myjobquote.co.uk/t/vincent-6,myjobquote
proRenovation,,Painter Decorator,,,4.68,0,,ID Checked,,,2014,https://www.myjobquote.co.uk/t/prorenovation,myjobquote
RyanHill,,Painter Decorator,,,5,1,,ID Checked,,,Apr 2022,https://www.myjobquote.co.uk/t/ryanhill,myjobquote
Connors decorating services,,Painter Decorator,,,4.68,0,,ID Checked,,,Aug 2024,https://www.myjobquote.co.uk/t/connors-decorating-services,myjobquote
Gary Currington Painter and decorator,,Painter Decorator,,,4.68,0,,ID Checked,,,2014,https://www.myjobquote.co.uk/t/gary-currington-painter-and-decorator,myjobquote
TMN SERVICES,,Painter Decorator,,,4.68,0,,ID Checked,,,Nov 2023,https://www.myjobquote.co.uk/t/tmn-services,myjobquote
Vinyl silk by KLM,,Painter Decorator,,,4.68,0,,ID Checked,,,2022,https://www.myjobquote.co.uk/t/vinyl-silk-by-klm,myjobquote
Vinyl silk by KLM,,Painter Decorator,,,4.68,0,,ID Checked,,,Jan 2022,https://www.myjobquote.co.uk/t/dawid-bartoszko,myjobquote
Patryk Rozwadowski,,Painter Decorator,,,4.68,0,,ID Checked,,,Jul 2024,https://www.myjobquote.co.uk/t/patryk-rozwadowski,myjobquote
The Paint Guy,,Painter Decorator,,,4.68,0,,ID Checked,,,Jun 2024,https://www.myjobquote.co.uk/t/the-paint-guy-2,myjobquote
BRAES DECORATING SERVICES LTD,,Painter Decorator,,,4.68,0,,ID Checked,,,2017,https://www.myjobquote.co.uk/t/braes-decorating-services-ltd,myjobquote
ProDecorating,,Painter Decorator,,,5,1,,ID Checked,,,2023,https://www.myjobquote.co.uk/t/prodecorating,myjobquote
AAA Handymen,,Painter Decorator,,,5,3,,ID Checked,,,2017,https://www.myjobquote.co.uk/t/aaa-handymen,myjobquote
Carpets At Home,,Painter Decorator,,,4.68,0,,ID Checked,,,1986,https://www.myjobquote.co.uk/t/carpets-at-home,myjobquote
Agoston Bakk,,Painter Decorator,,,4.68,0,,ID Checked,,,Jan 2026,https://www.myjobquote.co.uk/t/agoston-bakk,myjobquote
Quick joiner,,Painter Decorator,,,4.68,0,,,,,Feb 2024,https://www.myjobquote.co.uk/t/quick-joiner,myjobquote
Albi85,,Painter Decorator,,,4.68,0,,,,,Jun 2025,https://www.myjobquote.co.uk/t/albi85,myjobquote
Albi85,,Painter Decorator,,,4.68,0,,,,,Jan 2024,https://www.myjobquote.co.uk/t/rjtraders,myjobquote
Rjtraders,,Painter Decorator,,,4.68,0,,,,,Feb 2024,https://www.myjobquote.co.uk/t/painter-and-decoray,myjobquote
BRS Decorating,,Painter Decorator,,,4.68,0,,ID Checked,,,Jun 2023,https://www.myjobquote.co.uk/t/brs-decorating,myjobquote
Stewart  edington,,Painter Decorator,,,4.68,0,,ID Checked,,,Mar 2024,https://www.myjobquote.co.uk/t/stewart-edington,myjobquote
Thistle Property Maintenance,,Painter Decorator,,,5,8,,ID Checked,,,2009,https://www.myjobquote.co.uk/t/thistle-property-maintenance,myjobquote
M.S Decorating,,Painter Decorator,,,4.68,0,,ID Checked,,,Feb 2020,https://www.myjobquote.co.uk/t/ms-decorating-1,myjobquote
Wójcik,,Painter Decorator,,,4.68,0,,ID Checked,,,Nov 2023,https://www.myjobquote.co.uk/t/wojcik,myjobquote
Michaels Painting Decorating,,Painter Decorator,,,4.68,0,,ID Checked,,,2023,https://www.myjobquote.co.uk/t/michaels-painting-decorating,myjobquote
Jake Donald Painting and Decorating,,Painter Decorator,,,4.68,0,,ID Checked,,,Mar 2025,https://www.myjobquote.co.uk/t/jake-donald-painting-and-decorating,myjobquote
Swish Decor,,Painter Decorator,,,4.68,0,,ID Checked,,,Feb 2026,https://www.myjobquote.co.uk/t/swish-decor,myjobquote
Dalgleish Decors,,Painter Decorator,,,4.68,0,,ID Checked,,,Nov 2025,https://www.myjobquote.co.uk/t/dalgleish-decors,myjobquote
iainbalfour@yahoo.co.uk,,Painter Decorator,,,5,2,,ID Checked,,,1984,https://www.myjobquote.co.uk/t/iainbalfour-at-yahoocouk,myjobquote
Builder,,Painter Decorator,,,4.68,0,,ID Checked,,,Jun 2025,https://www.myjobquote.co.uk/t/builder-78,myjobquote
Builder,,Painter Decorator,,,4.68,0,,,,,Jan 2023,https://www.myjobquote.co.uk/t/paintrer-and-taper,myjobquote
Paintrer and taper,,Painter Decorator,,,4.68,0,,,,,Aug 2022,https://www.myjobquote.co.uk/t/logan-hill,myjobquote
PaintWell,,Painter Decorator,,,4.68,0,,,,,Oct 2024,https://www.myjobquote.co.uk/t/paintwell,myjobquote
Renovation roofing and building,,Painter Decorator,,,5,1,,ID Checked,,,,https://www.myjobquote.co.uk/t/renovation-roofing-and-building,myjobquote
Advanced exterior painting and coatings,,Painter Decorator,,,5,9,07441440258,ID Checked,,,2024,https://www.myjobquote.co.uk/t/advanced-exterior-painting-and-coatings,myjobquote
Mallis Decorating Services,,Painter Decorator,,,5,1,,ID Checked,,,2024,https://www.myjobquote.co.uk/t/mallis-decorating-services,myjobquote
CPT PAINTING & DECORATING,,Painter Decorator,,,5,1,,ID Checked,,,2022,https://www.myjobquote.co.uk/t/cpt-painting-decorating,myjobquote
Kenneth Farrell,,Painter Decorator,,,5,20,,ID Checked; Public Liability Insurance,,,2021,https://www.myjobquote.co.uk/t/kenneth-farrell,myjobquote
RH DECOR,,Painter Decorator,,,5,1,,ID Checked,,,Mar 2021,https://www.myjobquote.co.uk/t/rh-decor,myjobquote
Storm guard  roofing & building,,Painter Decorator,,,5,16,07441440580,ID Checked,,,2015,https://www.myjobquote.co.uk/t/storm-guard-roofing-building,myjobquote
gffservices,,Painter Decorator,,,5,13,,ID Checked,,,2020,https://www.myjobquote.co.uk/t/gffservices,myjobquote
D R J&#039;s decors,,Painter Decorator,,,5,5,,ID Checked,,,2007,https://www.myjobquote.co.uk/t/d-r-js-decors,myjobquote
OJR Property Maintenance,,Painter Decorator,,,5,1,,ID Checked,,,2020,https://www.myjobquote.co.uk/t/ojr-property-maintenance,myjobquote
Painter &decorator,,Painter Decorator,,,5,2,,ID Checked,,,1990,https://www.myjobquote.co.uk/t/painter-decorator-29,myjobquote
DanChriSons,,Painter Decorator,,,5,5,,ID Checked; Public Liability Insurance,,,2025,https://www.myjobquote.co.uk/t/danchrisons,myjobquote
EagleDestination,,Painter Decorator,,,5,1,,ID Checked; Public Liability Insurance,,,Apr 2025,https://www.myjobquote.co.uk/t/eagledestination,myjobquote
GD&C decorators,,Painter Decorator,,,5,14,,ID Checked; Public Liability Insurance,,,2001,https://www.myjobquote.co.uk/t/gdc-decorators,myjobquote
Apex finisher fantastic global services,,Painter Decorator,,,4.68,0,,ID Checked,,,Oct 2018,https://www.myjobquote.co.uk/t/apex-finisher-fantastic-global-services,myjobquote
Maxwell,,Painter Decorator,,,4.68,0,,ID Checked,,,Sep 2024,https://www.myjobquote.co.uk/t/maxwell-14,myjobquote
Verlingo Property Maintenace,,Painter Decorator,,,4.68,0,,ID Checked,,,Jan 2025,https://www.myjobquote.co.uk/t/verlingo-property-maintenace,myjobquote
Jordan thomas painter and decorator,,Painter Decorator,,,4.68,0,,ID Checked,,,Sep 2025,https://www.myjobquote.co.uk/t/jordan-thomas-painter-and-decorator,myjobquote
Nc Dec,,Painter Decorator,,,4.68,0,,ID Checked,,,Sep 2025,https://www.myjobquote.co.uk/t/nc-dec,myjobquote
C&N Groundworks,,Painter Decorator,,,4.68,0,,ID Checked,,,2022,https://www.myjobquote.co.uk/t/cn-groundworks-1,myjobquote
Albert,,Painter Decorator,,,4.68,0,,ID Checked,,,2017,https://www.myjobquote.co.uk/t/albert-25,myjobquote
Crown Creations Decor Ltd,,Painter Decorator,,,4.68,0,,ID Checked,,,2025,https://www.myjobquote.co.uk/t/crown-creations-decor-ltd,myjobquote
Jf property maintenance,,Painter Decorator,,,4.68,0,,ID Checked,,,Feb 2025,https://www.myjobquote.co.uk/t/jf-property-maintenance-3,myjobquote
Hti decorating services,,Painter Decorator,,,4.68,0,,ID Checked,,,Feb 2026,https://www.myjobquote.co.uk/t/hti-decorating-services,myjobquote
Ioannis,,Painter Decorator,,,4.68,0,,ID Checked,,,Oct 2023,https://www.myjobquote.co.uk/t/ioannis-3,myjobquote
Colours  Decorators,,Painter Decorator,,,5,13,,ID Checked; Public Liability Insurance,,,2000,https://www.myjobquote.co.uk/t/colours-decorators,myjobquote
BNT Services,,Painter Decorator,,,5,22,,ID Checked,,,2011,https://www.myjobquote.co.uk/t/bnt-services,myjobquote
Miracle Paint&Construction,,Painter Decorator,,,4.68,0,,ID Checked,,,2015,https://www.myjobquote.co.uk/t/miracle-paintconstruction,myjobquote
Pro-Coat Painting & Decorating,,Painter Decorator,,,4.68,0,,ID Checked,,,Oct 2022,https://www.myjobquote.co.uk/t/pro-coat-painting-decorating,myjobquote
FineLine painting & decorating,,Painter Decorator,,,4.68,0,,,,,Mar 2025,https://www.myjobquote.co.uk/t/fineline-painting-decorating-1,myjobquote
Peter Marshall-Rees,,Painter Decorator,,,4.68,0,,,,,2024,https://www.myjobquote.co.uk/t/peter-marshall-rees,myjobquote
D&A Decorating services,,Painter Decorator,,,4.68,0,,ID Checked,,,Oct 2024,https://www.myjobquote.co.uk/t/da-decorating-services,myjobquote
Ms painting and decorating,,Painter Decorator,,,4.68,0,,ID Checked,,,Nov 2023,https://www.myjobquote.co.uk/t/ms-painting-and-decorating,myjobquote
Ms painting and decorating,,Painter Decorator,,,4.68,0,,,,,Feb 2025,https://www.myjobquote.co.uk/t/nahla,myjobquote
Nahla,,Painter Decorator,,,4.68,0,,ID Checked,,,2023,https://www.myjobquote.co.uk/t/mikes-painting-decorating,myjobquote
Hills paint and decorating.,,Painter Decorator,,,4.68,0,,ID Checked,,,Dec 2023,https://www.myjobquote.co.uk/t/hills-paint-and-decorating,myjobquote
parsons paint and specialist coatings,,Painter Decorator,,,4.68,0,,ID Checked,,,1990,https://www.myjobquote.co.uk/t/parsons-paint-and-specialist-coatings,myjobquote
Self employed,,Painter Decorator,,,4.68,0,,ID Checked,,,2000,https://www.myjobquote.co.uk/t/self-employed-848,myjobquote
TJ  Painter & Handyman,,Painter Decorator,,,4.9,11,,ID Checked,,,Dec 2023,https://www.myjobquote.co.uk/t/tj-painter-handyman,myjobquote
Carl Grady,,Painter Decorator,,,5,2,,ID Checked,,,2022,https://www.myjobquote.co.uk/t/carl-grady,myjobquote
SJ&#039;s Painting and Decorating,,Painter Decorator,,,5,1,,ID Checked,,,Oct 2023,https://www.myjobquote.co.uk/t/sjs-painting-and-decorating-1,myjobquote
Valley Home improvement.,,Painter Decorator,,,4,3,,ID Checked,,,2017,https://www.myjobquote.co.uk/t/valley-home-improvement,myjobquote
AMG plumbing,,Painter Decorator,,,4.68,0,,ID Checked,,,2018,https://www.myjobquote.co.uk/t/amg-plumbing-1,myjobquote
AJ Plastering,,Painter Decorator,,,4.68,0,,ID Checked,,,2014,https://www.myjobquote.co.uk/t/aj-plastering-13,myjobquote
Jennifer,,Painter Decorator,,,4.68,0,,ID Checked,,,Jan 2025,https://www.myjobquote.co.uk/t/jennifer-13,myjobquote
Jennifer,,Painter Decorator,,,4.68,0,,,,,Jan 2024,https://www.myjobquote.co.uk/t/harps-decor,myjobquote
Harps décor,,Painter Decorator,,,4.68,0,,,,,Apr 2025,https://www.myjobquote.co.uk/t/jf-panting-decorating,myjobquote
John graham,,Painter Decorator,,,4.68,0,,,,,Sep 2023,https://www.myjobquote.co.uk/t/john-graham-2,myjobquote
M.A.K,,Painter Decorator,,,4.68,0,,,,,Sep 2023,https://www.myjobquote.co.uk/t/mak-1,myjobquote
M.A.K,,Painter Decorator,,,4.68,0,,,,,Nov 2024,https://www.myjobquote.co.uk/t/krisztian-1,myjobquote
Krisztian,,Painter Decorator,,,4.68,0,,,,,May 2025,https://www.myjobquote.co.uk/t/lmj-decorators-and-maintenance-1,myjobquote
MCPaintCo.,,Painter Decorator,,,4.68,0,,,,,Mar 2022,https://www.myjobquote.co.uk/t/mcpaintco,myjobquote
Rhys Thomas Decorating,,Painter Decorator,,,4.68,0,,,,,Oct 2025,https://www.myjobquote.co.uk/t/rhys-thomas-decorating,myjobquote
Rhys Thomas Decorating,,Painter Decorator,,,4.68,0,,,,,Jan 2024,https://www.myjobquote.co.uk/t/fpj-paintingdecorating,myjobquote
Bielkonconstruction,,Painter Decorator,,,4.68,0,,ID Checked,,,Dec 2023,https://www.myjobquote.co.uk/t/bielkonconstruction,myjobquote
McGowan brothers painting and decorating,,Painter Decorator,,,4.68,0,,ID Checked,,,Jul 2023,https://www.myjobquote.co.uk/t/mcgowan-brothers-painting-and-decorating,myjobquote
KBM Plastering,,Painter Decorator,,,5,3,,ID Checked,,,2021,https://www.myjobquote.co.uk/t/kbm-plastering,myjobquote
Sinvula Solutions,,Painter Decorator,,,5,8,,ID Checked; Public Liability Insurance,,,2020,https://www.myjobquote.co.uk/t/sinvula-solutions,myjobquote
Dorsett and son ltd,,Painter Decorator,,,5,3,,ID Checked,,,Mar 2025,https://www.myjobquote.co.uk/t/dorsett-and-son-ltd,myjobquote
Burrows Development,,Painter Decorator,,,5,1,,ID Checked,,,2025,https://www.myjobquote.co.uk/t/burrows-development,myjobquote
J&V Handyman,,Painter Decorator,,,5,3,,ID Checked; Public Liability Insurance,,,2021,https://www.myjobquote.co.uk/t/jv-handyman,myjobquote
Taff The Brush,,Painter Decorator,,,5,7,,ID Checked,,,2010,https://www.myjobquote.co.uk/t/taff-the-brush,myjobquote
JFR building & bespoke refurbishment ltd,,Painter Decorator,,,4.9,10,,ID Checked,,,2020,https://www.myjobquote.co.uk/t/jfr-building-bespoke-refurbishment-ltd,myjobquote
Lee&#039;s decorating service,,Painter Decorator,,,5,1,,ID Checked,,,1991,https://www.myjobquote.co.uk/t/lees-decorating-service,myjobquote
Miroslaw Pantera,,Painter Decorator,,,5,1,,ID Checked,,,2010,https://www.myjobquote.co.uk/t/miroslaw-pantera-1,myjobquote
M.W  Spraying Decorating Services,,Painter Decorator,,,5,1,,ID Checked,,,2014,https://www.myjobquote.co.uk/t/mw-spraying-decorating-services,myjobquote
HLG GROUP,,Painter Decorator,,,5,3,,ID Checked,,,2020,https://www.myjobquote.co.uk/t/hlg-group-2,myjobquote
Jw plastering & painting,,Painter Decorator,,,4.68,0,,ID Checked,,,Jul 2024,https://www.myjobquote.co.uk/t/jw-plastering-painting,myjobquote
DT PLASTERING SERVICES,,Painter Decorator,,,4.68,0,,ID Checked,,,2016,https://www.myjobquote.co.uk/t/dt-plastering-services-2,myjobquote
Charlie’s maintenance,,Painter Decorator,,,4.68,0,,ID Checked,,,Feb 2025,https://www.myjobquote.co.uk/t/charlies-maintenance,myjobquote
Eate Limit,,Painter Decorator,,,4.68,0,,ID Checked,,,Jan 2025,https://www.myjobquote.co.uk/t/eate-limit,myjobquote
Amanda Walker,,Painter Decorator,,,4.68,0,,ID Checked,,,Aug 2025,https://www.myjobquote.co.uk/t/amanda-walker,myjobquote
Top2Bottom,,Painter Decorator,,,4.68,0,,ID Checked,,,1900,https://www.myjobquote.co.uk/t/top2bottom-1,myjobquote
Abertawe interiors,,Painter Decorator,,,4.68,0,,ID Checked,,,Mar 2023,https://www.myjobquote.co.uk/t/abertawe-interiors,myjobquote
Aspect building,,Painter Decorator,,,4.68,0,,ID Checked,,,2017,https://www.myjobquote.co.uk/t/aspect-building,myjobquote
LDA Painting & Decorating,,Painter Decorator,,,4.68,0,,ID Checked,,,Nov 2021,https://www.myjobquote.co.uk/t/lda-painting-decorating-1,myjobquote
Wayne lock,,Painter Decorator,,,4.68,0,,,,,Apr 2024,https://www.myjobquote.co.uk/t/wayne-lock-1,myjobquote
Wayne lock,,Painter Decorator,,,4.68,0,,ID Checked,,,Jan 2022,https://www.myjobquote.co.uk/t/pejoeh,myjobquote
Smurph painting and decorating,,Painter Decorator,,,4.68,0,,ID Checked,,,Jan 2025,https://www.myjobquote.co.uk/t/smurph-painting-and-decorating,myjobquote
Herbert Decorating,,Painter Decorator,,,4.68,0,,ID Checked; Public Liability Insurance,,,2019,https://www.myjobquote.co.uk/t/herbert-decorating,myjobquote
Conversion coatings,,Painter Decorator,,,4.68,0,,ID Checked; Public Liability Insurance,,,2016,https://www.myjobquote.co.uk/t/conversion-coatings,myjobquote
Jrd painting & Decorating,,Painter Decorator,,,4.68,0,,ID Checked,,,2020,https://www.myjobquote.co.uk/t/jrd-painting-decorating,myjobquote
Platinum Property Maintenance,,Painter Decorator,,,4.68,0,,ID Checked,,,Jan 2024,https://www.myjobquote.co.uk/t/platinum-property-maintenance-4,myjobquote
Spencer Bendle,,Painter Decorator,,,4.68,0,,ID Checked,,,2009,https://www.myjobquote.co.uk/t/spencer-bendle,myjobquote
S.Quinn Decorating,,Painter Decorator,,,4.68,0,,ID Checked,,,Jun 2020,https://www.myjobquote.co.uk/t/squinn-decorating,myjobquote
K&k painting and decorating,,Painter Decorator,,,4.68,0,,ID Checked,,,2003,https://www.myjobquote.co.uk/t/kk-painting-and-decorating-1,myjobquote
Harry,,Painter Decorator,,,4.68,0,,ID Checked,,,Dec 2021,https://www.myjobquote.co.uk/t/harry-218,myjobquote
PaulSmithDecor,,Painter Decorator,,,4.68,0,,ID Checked,,,2019,https://www.myjobquote.co.uk/t/paulsmithdecor,myjobquote
PaulSmithDecor,,Painter Decorator,,,5,25,,ID Checked,,,2010,https://www.myjobquote.co.uk/t/jt-decorating-services-1,myjobquote
Griffin & Sons Painters & Decorators,,Painter Decorator,,,5,1,,ID Checked,,,Nov 2021,https://www.myjobquote.co.uk/t/griffin-sons-painters-decorators,myjobquote
painter trade,,Painter Decorator,,,4.68,0,,ID Checked,,,Sep 2019,https://www.myjobquote.co.uk/t/painter-trade,myjobquote
painter trade,,Painter Decorator,,,4.68,0,,,,,May 2023,https://www.myjobquote.co.uk/t/gpmg-plastering,myjobquote
GPMG Plastering,,Painter Decorator,,,4.68,0,,,,,Feb 2025,https://www.myjobquote.co.uk/t/lkt-tiling,myjobquote
LKT Tiling,,Painter Decorator,,,4.68,0,,,,,Apr 2024,https://www.myjobquote.co.uk/t/tajh-limited,myjobquote
TAJH LIMITED,,Painter Decorator,,,4.68,0,,,,,Mar 2025,https://www.myjobquote.co.uk/t/szymon-moscicki,myjobquote
Platinum dec s,,Painter Decorator,,,4.68,0,,,,,May 2023,https://www.myjobquote.co.uk/t/platinum-dec-s,myjobquote
Platinum dec s,,Painter Decorator,,,4.68,0,,,,,Jan 2023,https://www.myjobquote.co.uk/t/rixys-painting-and-decorating,myjobquote
Gareth price,,Painter Decorator,,,4.68,0,,,,,Sep 2023,https://www.myjobquote.co.uk/t/gareth-price,myjobquote
Gareth price,,Painter Decorator,,,4.68,0,,,,,2000,https://www.myjobquote.co.uk/t/pm-decorators,myjobquote
Thomas Jenkins,,Painter Decorator,,,4.68,0,,,,,Jul 2015,https://www.myjobquote.co.uk/t/thomas-jenkins-1,myjobquote
Thomas Jenkins,,Painter Decorator,,,4.68,0,,,,,Feb 2026,https://www.myjobquote.co.uk/t/jc-decorating-2,myjobquote
True Colours,,Painter Decorator,,,4.68,0,,ID Checked,,,2020,https://www.myjobquote.co.uk/t/true-colours-8,myjobquote
L&C Local Painting,,Painter Decorator,,,5,1,,ID Checked,,,2023,https://www.myjobquote.co.uk/t/lc-local-painting,myjobquote
Even Coat Painting,,Painter Decorator,,,5,2,,ID Checked,,,2025,https://www.myjobquote.co.uk/t/even-coat-painting,myjobquote
D B Handyman,,Painter Decorator,,,5,2,,ID Checked,,,2025,https://www.myjobquote.co.uk/t/d-b-handyman,myjobquote
3 Dragon Landscaping & Property Maintenance,,Painter Decorator,,,5,2,,ID Checked,,,2025,https://www.myjobquote.co.uk/t/3-dragon-landscaping-property-maintenance,myjobquote
JB Property Maintenance,,Painter Decorator,,,5,1,,ID Checked,,,2006,https://www.myjobquote.co.uk/t/jb-property-maintenance-9,myjobquote
Ray&#039;s Painting & Decorating Services,,Painter Decorator,,,5,1,,ID Checked,,,,https://www.myjobquote.co.uk/t/rays-painting-decorating-services,myjobquote
MTS Maintanance,,Painter Decorator,,,5,4,,ID Checked,,,2015,https://www.myjobquote.co.uk/t/mts-maintanance,myjobquote
Handymanhardy,,Painter Decorator,,,5,11,07451261290,ID Checked,,,2016,https://www.myjobquote.co.uk/t/handymanhardy,myjobquote
Salters Fine Finishes,,Painter Decorator,,,5,1,,ID Checked,,,2023,https://www.myjobquote.co.uk/t/salters-fine-finishes,myjobquote
Trivett Construction & Painting Ltd,,Painter Decorator,,,5,21,07451260601,ID Checked,,,2018,https://www.myjobquote.co.uk/t/trivett-construction-painting-ltd,myjobquote
AA Decorating,,Painter Decorator,,,5,3,,ID Checked; Public Liability Insurance,,,2023,https://www.myjobquote.co.uk/t/aa-decorating-4,myjobquote
A woman&#039;s touch,,Painter Decorator,,,4.68,0,,ID Checked,,,2021,https://www.myjobquote.co.uk/t/a-womans-touch-4,myjobquote
d1 home improvements,,Painter Decorator,,,,0,,ID Checked,,,2010,https://www.myjobquote.co.uk/t/d1-home-improvements,myjobquote
Ps Gulliford,,Painter Decorator,,,4.7,15,,ID Checked,,,Apr 2019,https://www.myjobquote.co.uk/t/ps-gulliford,myjobquote
Pacific Paints,,Painter Decorator,,,5,2,,ID Checked,,,2020,https://www.myjobquote.co.uk/t/pacific-paints,myjobquote
"Tadiou&#039;s Painting, Decorating & Gardening Services",,Painter Decorator,,,5,8,,ID Checked; Public Liability Insurance,,,2018,https://www.myjobquote.co.uk/t/tadious-painting-decorating-gardening-services,myjobquote
HW Painting and Decorating,,Painter Decorator,,,5,3,,ID Checked,,,Oct 2022,https://www.myjobquote.co.uk/t/hw-painting-and-decorating,myjobquote
Bullock property maintenance,,Painter Decorator,,,5,12,,ID Checked,,,2017,https://www.myjobquote.co.uk/t/bullock-property-maintenance,myjobquote
Leon&#039;s Painting and decorating DS,,Painter Decorator,,,5,1,,ID Checked,,,Mar 2025,https://www.myjobquote.co.uk/t/leons-painting-and-decorating-ds,myjobquote
Tyler Lux Construction,,Painter Decorator,,,5,5,,ID Checked,,,2023,https://www.myjobquote.co.uk/t/tyler-lux-construction,myjobquote
Pro Finish Decorating,,Painter Decorator,,,5,1,,ID Checked,,,2022,https://www.myjobquote.co.uk/t/pro-finish-decorating-1,myjobquote
Mbeng,,Painter Decorator,,,4.68,0,,,,,Apr 2023,https://www.myjobquote.co.uk/t/mbeng,myjobquote
Mbeng,,Painter Decorator,,,4.68,0,,ID Checked,,,2016,https://www.myjobquote.co.uk/t/j-paints,myjobquote
Beniamin Cornelius Avram,,Painter Decorator,,,4.68,0,,ID Checked,,,Oct 2023,https://www.myjobquote.co.uk/t/beniamin-cornelius-avram,myjobquote
Beniamin Cornelius Avram,,Painter Decorator,,,4.68,0,,,,,Oct 2025,https://www.myjobquote.co.uk/t/pristine-interiors-3,myjobquote
Lèe Henderson,,Painter Decorator,,,4.68,0,,ID Checked,,,2022,https://www.myjobquote.co.uk/t/lee-henderson,myjobquote
Nigel Goodridge,,Painter Decorator,,,4.68,0,,Public Liability Insurance,,,Nov 2022,https://www.myjobquote.co.uk/t/nigel-goodridge,myjobquote
Nigel Goodridge,,Painter Decorator,,,4.68,0,,ID Checked,,,2017,https://www.myjobquote.co.uk/t/professional-painters-bb,myjobquote
Jays Renovations,,Painter Decorator,,,4.68,0,,ID Checked,,,Mar 2024,https://www.myjobquote.co.uk/t/jays-renovations,myjobquote
Easy Finish,,Painter Decorator,,,4.68,0,,ID Checked,,,2023,https://www.myjobquote.co.uk/t/easy-finish-2,myjobquote
Colourful coats,,Painter Decorator,,,4.68,0,,ID Checked,,,2020,https://www.myjobquote.co.uk/t/colourful-coats,myjobquote
Jaysim ProBuild LTD,,Painter Decorator,,,4.68,0,,ID Checked,,,2025,https://www.myjobquote.co.uk/t/jaysim-probuild-ltd,myjobquote
Abdulaziz Alamin,,Painter Decorator,,,4.6,10,,ID Checked,,,2021,https://www.myjobquote.co.uk/t/abdulaziz-alamin,myjobquote
Viktor,,Painter Decorator,,,5,4,,ID Checked,,,Dec 2024,https://www.myjobquote.co.uk/t/viktor-37,myjobquote
Joe madden,,Painter Decorator,,,5,1,,ID Checked,,,May 2023,https://www.myjobquote.co.uk/t/joe-madden,myjobquote
david edwards,,Painter Decorator,,,4.3,3,,ID Checked,,,Nov 2023,https://www.myjobquote.co.uk/t/david-edwards,myjobquote
Your Local Handyman,,Painter Decorator,,,4.7,3,,ID Checked,,,Jul 2022,https://www.myjobquote.co.uk/t/your-local-handyman-1,myjobquote
Osasro,,Painter Decorator,,,4.68,0,,ID Checked,,,Nov 2019,https://www.myjobquote.co.uk/t/osasro,myjobquote
Osasro,,Painter Decorator,,,4.68,0,,ID Checked,,,May 2023,https://www.myjobquote.co.uk/t/ll-dectech,myjobquote
LL Dectech,,Painter Decorator,,,4.68,0,,ID Checked,,,May 2024,https://www.myjobquote.co.uk/t/jw-painting-and-decorating-1,myjobquote
RAPID SPRAY,,Painter Decorator,,,4.68,0,,,,,May 2025,https://www.myjobquote.co.uk/t/rapid-spray,myjobquote
RAPID SPRAY,,Painter Decorator,,,4.68,0,,,,,May 2025,https://www.myjobquote.co.uk/t/alice-7,myjobquote
Alice,,Painter Decorator,,,4.68,0,,ID Checked,,,Jun 2023,https://www.myjobquote.co.uk/t/reliance-general-builders,myjobquote
K.r property maintenance,,Painter Decorator,,,4.68,0,,ID Checked,,,Jun 2022,https://www.myjobquote.co.uk/t/kr-property-maintenance-3,myjobquote
K.r property maintenance,,Painter Decorator,,,4.68,0,,ID Checked,,,Feb 2025,https://www.myjobquote.co.uk/t/stephanie-anthony-painter-decorator,myjobquote
MID Construct,,Painter Decorator,,,4.6,5,,ID Checked,,,2016,https://www.myjobquote.co.uk/t/mid-construct,myjobquote
Ell Property Solutions,,Painter Decorator,,,5,50,07451260942,ID Checked,,,2025,https://www.myjobquote.co.uk/t/ell-property-solutions,myjobquote
Verity cleaning company/ hive property maintenance,,Painter Decorator,,,5,11,,ID Checked; Public Liability Insurance,,,2010,https://www.myjobquote.co.uk/t/verity-cleaning-company-hive-property-maintenance,myjobquote
Trinitydecorators,,Painter Decorator,,,5,12,,ID Checked,,,2013,https://www.myjobquote.co.uk/t/trinitydecorators,myjobquote
MSD Building and design,,Painter Decorator,,,5,9,07441440851,ID Checked,,,2019,https://www.myjobquote.co.uk/t/msd-building-and-design,myjobquote
CML Decorating,,Painter Decorator,,,5,39,,ID Checked,,,1993,https://www.myjobquote.co.uk/t/cml-decorating,myjobquote
GS maintenance and repairs,,Painter Decorator,,,5,4,,ID Checked; Public Liability Insurance,,,2024,https://www.myjobquote.co.uk/t/gs-maintenance-and-repairs,myjobquote
B&Y Renovation and Plumbing,,Painter Decorator,,,5,5,,ID Checked; Public Liability Insurance,,,2019,https://www.myjobquote.co.uk/t/by-renovation-and-plumbing,myjobquote
TomHandySolutions,,Painter Decorator,,,5,1,,ID Checked,,,2017,https://www.myjobquote.co.uk/t/tomhandysolutions,myjobquote
First Choice Repairs,,Painter Decorator,,,5,7,,ID Checked,,,2011,https://www.myjobquote.co.uk/t/first-choice-repairs-1,myjobquote
J Atkins Painting & Decorating,,Painter Decorator,,,5,3,,ID Checked,,,2022,https://www.myjobquote.co.uk/t/j-atkins-painting-decorating,myjobquote
Daniel,,Painter Decorator,,,5,1,,ID Checked,,,2023,https://www.myjobquote.co.uk/t/daniel-227,myjobquote
Supreme Spraying,,Painter Decorator,,,5,2,,ID Checked,,,2015,https://www.myjobquote.co.uk/t/supreme-spraying,myjobquote
Craig Halford Painting and Decorating,,Painter Decorator,,,5,1,,ID Checked,,,2020,https://www.myjobquote.co.uk/t/craig-halford-painting-and-decorating,myjobquote
SELFMADE,,Painter Decorator,,,4.68,0,,ID Checked,,,Aug 2020,https://www.myjobquote.co.uk/t/selfmade,myjobquote
House to home handy man services,,Painter Decorator,,,4.68,0,,,,,Jul 2024,https://www.myjobquote.co.uk/t/house-to-home-handy-man-services,myjobquote
Imperial building&landscaping,,Painter Decorator,,,4.68,0,,ID Checked,,,2020,https://www.myjobquote.co.uk/t/imperial-buildinglandscaping,myjobquote
Humble growth,,Painter Decorator,,,4.68,0,,ID Checked,,,2008,https://www.myjobquote.co.uk/t/humble-growth,myjobquote
K’s Handyman & Cleaning Services,,Painter Decorator,,,4.68,0,,ID Checked,,,2016,https://www.myjobquote.co.uk/t/ks-handyman-cleaning-services,myjobquote
David4xl,,Painter Decorator,,,4.68,0,,ID Checked,,,Feb 2026,https://www.myjobquote.co.uk/t/david4xl,myjobquote
Fixxed,,Painter Decorator,,,4.68,0,,ID Checked,,,Dec 2025,https://www.myjobquote.co.uk/t/fixxed-2,myjobquote
Fixxed,,Painter Decorator,,,4.68,0,,ID Checked,,,Jan 2022,https://www.myjobquote.co.uk/t/phoenix-home-maintenance,myjobquote
Phoenix Home Maintenance,,Painter Decorator,,,4.68,0,,,,,Feb 2023,https://www.myjobquote.co.uk/t/squillace-company-ltd,myjobquote
Handymen in newport,,Painter Decorator,,,4.68,0,,,,,Sep 2024,https://www.myjobquote.co.uk/t/handymen-in-newport,myjobquote
Handymen in newport,,Painter Decorator,,,4.68,0,,ID Checked,,,Mar 2025,https://www.myjobquote.co.uk/t/gm-painting-2,myjobquote
GM Painting,,Painter Decorator,,,4.68,0,,ID Checked,,,2020,https://www.myjobquote.co.uk/t/db-home-decorators,myjobquote
RPB Painting and Decorating,,Painter Decorator,,,4.68,0,,ID Checked,,,Oct 2024,https://www.myjobquote.co.uk/t/rpb-painting-and-decorating,myjobquote
Phoenix of paint,,Painter Decorator,,,4.68,0,,ID Checked,,,2020,https://www.myjobquote.co.uk/t/phoenix-of-paint,myjobquote
Advanced,,Painter Decorator,,,4.68,0,,,,,Feb 2025,https://www.myjobquote.co.uk/t/advanced-3,myjobquote
B&K painters,,Painter Decorator,,,4.68,0,,,,,Apr 2024,https://www.myjobquote.co.uk/t/bk-painters,myjobquote
B&K painters,,Painter Decorator,,,4.68,0,,,,,2021,https://www.myjobquote.co.uk/t/ds-painters,myjobquote
D&S painters,,Painter Decorator,,,4.68,0,,ID Checked,,,2015,https://www.myjobquote.co.uk/t/kokoshi-handyman,myjobquote
Brush and Roll On,,Painter Decorator,,,4.68,0,,ID Checked,,,,https://www.myjobquote.co.uk/t/brush-and-roll-on,myjobquote
ACML services,,Painter Decorator,,,4.68,0,,ID Checked,,,Feb 2024,https://www.myjobquote.co.uk/t/acml-services,myjobquote
First Choice painting & decorating,,Painter Decorator,,,4.68,0,,ID Checked,,,2023,https://www.myjobquote.co.uk/t/first-choice-painting-decorating-1,myjobquote
Painting Perfection Cardiff,,Painter Decorator,,,4.68,0,,ID Checked,,,Mar 2024,https://www.myjobquote.co.uk/t/painting-perfection-cardiff,myjobquote
Painting Perfection Cardiff,,Painter Decorator,,,4.68,0,,ID Checked,,,Feb 2026,https://www.myjobquote.co.uk/t/n-champs-painter-and-decorator,myjobquote
Tom&#039;s painting & decorating,,Painter Decorator,,,4.68,0,,ID Checked,,,2024,https://www.myjobquote.co.uk/t/toms-painting-decorating,myjobquote
Cardiff Painter and Decorator Services,,Painter Decorator,,,4.68,0,,ID Checked,,,2018,https://www.myjobquote.co.uk/t/cardiff-painter-and-decorator-services,myjobquote
Stuart Evans,,Painter Decorator,,,4.68,0,,ID Checked,,,Dec 2023,https://www.myjobquote.co.uk/t/stuart-evans-1,myjobquote
Stuart Evans,,Painter Decorator,,,4.68,0,,ID Checked,,,2023,https://www.myjobquote.co.uk/t/jet-painting-decorating,myjobquote
S d H home improvements,,Painter Decorator,,,4.68,0,,ID Checked,,,Jan 2024,https://www.myjobquote.co.uk/t/s-d-h-home-improvements,myjobquote
S d H home improvements,,Painter Decorator,,,4.68,0,,ID Checked,,,2006,https://www.myjobquote.co.uk/t/colourcode-decorators,myjobquote
ALBONTIME,,Painter Decorator,,,4.68,0,,ID Checked,,,Apr 2021,https://www.myjobquote.co.uk/t/albontime,myjobquote
Trust worthy,,Painter Decorator,,,4.68,0,,,,,Feb 2024,https://www.myjobquote.co.uk/t/trust-worthy,myjobquote
Trust worthy,,Painter Decorator,,,4.68,0,,,,,Apr 2023,https://www.myjobquote.co.uk/t/prime-build-solutions,myjobquote
Lewis&#039; Interior Painting,,Painter Decorator,,,4.68,0,,,,,2025,https://www.myjobquote.co.uk/t/lewis-interior-painting,myjobquote
D A B decorators,,Painter Decorator,,,4.68,0,,,,,Mar 2025,https://www.myjobquote.co.uk/t/d-a-b-decorators,myjobquote
D A B decorators,,Painter Decorator,,,5,4,,ID Checked,,,2020,https://www.myjobquote.co.uk/t/barbara-dobias,myjobquote
Stefan Ivanov,,Painter Decorator,,,4.68,0,,ID Checked,,,Mar 2021,https://www.myjobquote.co.uk/t/stefan-ivanov,myjobquote
Van Gogh on !,,Painter Decorator,,,4.68,0,,,,,Jul 2023,https://www.myjobquote.co.uk/t/van-gogh-on,myjobquote
Van Gogh on !,,Painter Decorator,,,4.68,0,,Public Liability Insurance,,,Feb 2023,https://www.myjobquote.co.uk/t/craig-williams-painting-and-decorating,myjobquote
Wayne Rees Decorating,,Painter Decorator,,,5,2,,ID Checked,,,2010,https://www.myjobquote.co.uk/t/wayne-rees-decorating,myjobquote
SP Jones Property Maintenance,,Painter Decorator,,,5,2,,ID Checked,,,2018,https://www.myjobquote.co.uk/t/sp-jones-property-maintenance,myjobquote
Maher&#039;s Painting & Decorating Services,,Painter Decorator,,,4.68,0,,ID Checked,,,2019,https://www.myjobquote.co.uk/t/mahers-painting-decorating-services,myjobquote
PSW PAINTING AND DECORATING SERVICES,,Painter Decorator,,,4.68,0,,ID Checked,,,2026,https://www.myjobquote.co.uk/t/psw-painting-and-decorating-services-1,myjobquote
L&L Renovations services,,Painter Decorator,,,5,1,,ID Checked,,,Jan 2026,https://www.myjobquote.co.uk/t/ll-renovations-services,myjobquote
Desmond decor,,Painter Decorator,,,5,8,,ID Checked; Public Liability Insurance,,,1988,https://www.myjobquote.co.uk/t/desmond-decor,myjobquote
J.A Home Improvements,,Painter Decorator,,,5,46,,ID Checked,,,2001,https://www.myjobquote.co.uk/t/ja-home-improvements,myjobquote
Gianluca Elia,,Painter Decorator,,,5,1,,ID Checked,,,2026,https://www.myjobquote.co.uk/t/gianluca-elia,myjobquote
Revive,,Painter Decorator,,,5,5,,ID Checked,,,2005,https://www.myjobquote.co.uk/t/revive-1,myjobquote
Do It All Services,,Painter Decorator,,,5,14,,ID Checked,,,2015,https://www.myjobquote.co.uk/t/do-it-all-services,myjobquote
Dave Bradshaw,,Painter Decorator,,,5,1,,ID Checked,,,May 2024,https://www.myjobquote.co.uk/t/dave-bradshaw,myjobquote
J&M removals amd maintenence,,Painter Decorator,,,5,3,,ID Checked,,,2020,https://www.myjobquote.co.uk/t/jm-removals-amd-maintenence,myjobquote
Ian murphy,,Painter Decorator,,,5,11,,ID Checked,,,Feb 2026,https://www.myjobquote.co.uk/t/ian-murphy,myjobquote
Gorilla Graft,,Painter Decorator,,,5,2,,ID Checked,,,2026,https://www.myjobquote.co.uk/t/gorilla-graft,myjobquote
Jsm luxury decorators,,Painter Decorator,,,5,1,,ID Checked; Public Liability Insurance,,,Mar 2026,https://www.myjobquote.co.uk/t/jsm-luxury-decorators,myjobquote
Star Property Services,,Painter Decorator,,,5,19,,ID Checked,,,2018,https://www.myjobquote.co.uk/t/star-property-services-1,myjobquote
Keen-Dec Decorators,,Painter Decorator,,,5,2,,ID Checked; Public Liability Insurance,,,2003,https://www.myjobquote.co.uk/t/keen-dec-decorators,myjobquote
DW Painting & Decorating,,Painter Decorator,,,5,3,,ID Checked,,,2010,https://www.myjobquote.co.uk/t/dw-painting-decorating-2,myjobquote
Divine Decorating,,Painter Decorator,,,5,5,07441448529,ID Checked; Public Liability Insurance,,,2017,https://www.myjobquote.co.uk/t/divine-decorating,myjobquote
Prime Coat Paiting,,Painter Decorator,,,5,1,,ID Checked,,,Feb 2024,https://www.myjobquote.co.uk/t/prime-coat-paiting,myjobquote
Phoenix Painting and Decorating,,Painter Decorator,,,5,7,,ID Checked,,,2005,https://www.myjobquote.co.uk/t/phoenix-painting-and-decorating,myjobquote
Paragon Painters & Decorators,,Painter Decorator,,,5,2,,ID Checked; Public Liability Insurance,,,2024,https://www.myjobquote.co.uk/t/paragon-painters-decorators,myjobquote
J.Absalom Painter & Decorator,,Painter Decorator,,,5,3,,ID Checked; Public Liability Insurance,,,2013,https://www.myjobquote.co.uk/t/jabsalom-painter-decorator,myjobquote
Dekoningh DeKorating ltd,,Painter Decorator,,,5,6,,ID Checked,,,1992,https://www.myjobquote.co.uk/t/dekoningh-dekorating-ltd,myjobquote
GEORGI&#039;S PAINTING SERVICES LTD,,Painter Decorator,,,5,7,,ID Checked; Public Liability Insurance,,,2023,https://www.myjobquote.co.uk/t/georgis-painting-services-ltd,myjobquote
Danny Daniels Designs,,Painter Decorator,,,5,6,,ID Checked,,,2025,https://www.myjobquote.co.uk/t/danny-daniels-designs,myjobquote
Paul&#039;s Painting,,Painter Decorator,,,5,1,,ID Checked,,,2000,https://www.myjobquote.co.uk/t/pauls-painting-3,myjobquote
White Painting,,Painter Decorator,,,5,2,,ID Checked; Public Liability Insurance,,,2025,https://www.myjobquote.co.uk/t/white-painting,myjobquote
Rogers and jones decorating,,Painter Decorator,,,4.68,0,,Public Liability Insurance,,,Aug 2025,https://www.myjobquote.co.uk/t/rogers-and-jones-decorating,myjobquote
Rogers and jones decorating,,Painter Decorator,,,4.68,0,,,,,Feb 2023,https://www.myjobquote.co.uk/t/wrconstruction,myjobquote
W&RConstruction,,Painter Decorator,,,4.68,0,,ID Checked,,,Jul 2024,https://www.myjobquote.co.uk/t/bnn0201,myjobquote
Bnn0201,,Painter Decorator,,,4.68,0,,ID Checked,,,Jan 2025,https://www.myjobquote.co.uk/t/l-l-decorating,myjobquote
L & L Decorating,,Painter Decorator,,,4.68,0,,,,,Jul 2023,https://www.myjobquote.co.uk/t/evolution-projects,myjobquote
Pit Decoration,,Painter Decorator,,,4.68,0,,ID Checked,,,Jul 2023,https://www.myjobquote.co.uk/t/pit-decoration,myjobquote
Pit Decoration,,Painter Decorator,,,4.68,0,,ID Checked,,,Oct 2024,https://www.myjobquote.co.uk/t/sunshine-painters,myjobquote
Sunshine painters,,Painter Decorator,,,4.68,0,,,,,Jun 2024,https://www.myjobquote.co.uk/t/mick-byers-painter,myjobquote
mick byers painter,,Painter Decorator,,,4.68,0,,ID Checked,,,Jan 2024,https://www.myjobquote.co.uk/t/sas-painters-and-dexorators,myjobquote
ZCS painting and decorating,,Painter Decorator,,,4.68,0,,ID Checked,,,2020,https://www.myjobquote.co.uk/t/zcs-painting-and-decorating,myjobquote
KM painting and decorating,,Painter Decorator,,,4.68,0,,ID Checked,,,Mar 2024,https://www.myjobquote.co.uk/t/km-painting-and-decorating-2,myjobquote
BW Painting and Decorating,,Painter Decorator,,,4.68,0,,ID Checked,,,Dec 2022,https://www.myjobquote.co.uk/t/bw-painting-and-decorating,myjobquote
Refresh painting and decorating,,Painter Decorator,,,4.68,0,,,,,2018,https://www.myjobquote.co.uk/t/refresh-painting-and-decorating-1,myjobquote
P Johnson decorators,,Painter Decorator,,,5,1,,ID Checked,,,Oct 2022,https://www.myjobquote.co.uk/t/p-johnson-decorators,myjobquote
Robinsonsdecorators,,Painter Decorator,,,5,5,,ID Checked,,,1997,https://www.myjobquote.co.uk/t/robinsonsdecorators,myjobquote
DB Painting And Decorating,,Painter Decorator,,,5,1,,ID Checked,,,2012,https://www.myjobquote.co.uk/t/db-painting-and-decorating,myjobquote
FAMILY PAINTS,,Painter Decorator,,,5,2,,ID Checked,,,2025,https://www.myjobquote.co.uk/t/family-paints,myjobquote
John Holden,,Painter Decorator,,,5,1,,ID Checked,,,Jul 2025,https://www.myjobquote.co.uk/t/john-holden,myjobquote
RDLR Tiling and Maintenance,,Painter Decorator,,,4.68,0,,ID Checked,,,2003,https://www.myjobquote.co.uk/t/rdlr-tiling-and-maintenance,myjobquote
DS PRO Painter,,Painter Decorator,,,4.68,0,,ID Checked,,,Jan 2017,https://www.myjobquote.co.uk/t/ds-pro-painter,myjobquote
R N James,,Painter Decorator,,,4.68,0,,,,,Oct 2022,https://www.myjobquote.co.uk/t/r-n-james,myjobquote
R hanmer decorators,,Painter Decorator,,,4.68,0,,,,,Jul 2023,https://www.myjobquote.co.uk/t/r-hanmer-decorators,myjobquote
R hanmer decorators,,Painter Decorator,,,4.68,0,,,,,May 2024,https://www.myjobquote.co.uk/t/jared-rogers,myjobquote
Jared Rogers,,Painter Decorator,,,4.68,0,,,,,Oct 2023,https://www.myjobquote.co.uk/t/df-painting-2,myjobquote
DF Painting,,Painter Decorator,,,4.68,0,,,,,Oct 2025,https://www.myjobquote.co.uk/t/nevil,myjobquote
Nevil,,Painter Decorator,,,5,1,,ID Checked,,,2022,https://www.myjobquote.co.uk/t/t-b-decs-ltd,myjobquote
Optimum Decorating Services,,Painter Decorator,,,5,11,,ID Checked,,,2002,https://www.myjobquote.co.uk/t/optimum-decorating-services-1,myjobquote
ian morris,,Painter Decorator,,,5,2,,ID Checked; Public Liability Insurance,,,1995,https://www.myjobquote.co.uk/t/ian-morris-1,myjobquote
Alexander Vaughan Home Improvements,,Painter Decorator,,,5,5,,ID Checked,,,2024,https://www.myjobquote.co.uk/t/alexander-vaughan-home-improvements,myjobquote
HG Maintenance,,Painter Decorator,,,5,4,,ID Checked,,,Nov 2024,https://www.myjobquote.co.uk/t/hg-maintenance-3,myjobquote
Noori Builders Ltd,,Painter Decorator,,,5,10,,ID Checked; Public Liability Insurance,,,2007,https://www.myjobquote.co.uk/t/noori-builders-ltd,myjobquote
JKallAround,,Painter Decorator,,,4.68,0,,Public Liability Insurance,,,Jun 2024,https://www.myjobquote.co.uk/t/jkallaround,myjobquote
Private,,Painter Decorator,,,4.68,0,,,,,Aug 2023,https://www.myjobquote.co.uk/t/private-196,myjobquote
Plaster pro,,Painter Decorator,,,4.68,0,,ID Checked,,,Aug 2023,https://www.myjobquote.co.uk/t/plaster-pro-1,myjobquote
Ace gardens,,Painter Decorator,,,4.68,0,,ID Checked,,,Jun 2025,https://www.myjobquote.co.uk/t/ace-gardens,myjobquote
Ace gardens,,Painter Decorator,,,4.68,0,,,,,Jul 2025,https://www.myjobquote.co.uk/t/r-gregory-painter-decorator,myjobquote
R Gregory Painter & Decorator,,Painter Decorator,,,4.68,0,,,,,Feb 2024,https://www.myjobquote.co.uk/t/alan-leighton-decorators,myjobquote
Alan leighton decorators,,Painter Decorator,,,4,1,,ID Checked,,,Mar 2024,https://www.myjobquote.co.uk/t/j-of-all-trades,myjobquote
Mateusz,,Painter Decorator,,,4.68,0,,ID Checked,,,Sep 2025,https://www.myjobquote.co.uk/t/mateusz-28,myjobquote
Site Services.,,Painter Decorator,,,4.68,0,,ID Checked,,,Jan 2025,https://www.myjobquote.co.uk/t/site-services,myjobquote
Nathan Edwards,,Painter Decorator,,,4.68,0,,ID Checked,,,Feb 2026,https://www.myjobquote.co.uk/t/nathan-edwards,myjobquote
Nathan Edwards,,Painter Decorator,,,4.68,0,,,,,Jul 2023,https://www.myjobquote.co.uk/t/a-robbins-painting-decorating,myjobquote
A Robbins Painting & Decorating,,Painter Decorator,,,4.68,0,,,,,Nov 2023,https://www.myjobquote.co.uk/t/michal-45,myjobquote
Spencer Hayes painter and decorator,,Painter Decorator,,,4.68,0,,,,,1988,https://www.myjobquote.co.uk/t/spencer-hayes-painter-and-decorator,myjobquote
Spencer Hayes painter and decorator,,Painter Decorator,,,4.68,0,,,,,Jul 2023,https://www.myjobquote.co.uk/t/marchwood,myjobquote
Marchwood,,Painter Decorator,,,4.68,0,,,,,Mar 2023,https://www.myjobquote.co.uk/t/timbennett,myjobquote
Timbennett,,Painter Decorator,,,4.68,0,,ID Checked; Public Liability Insurance,,,Feb 2026,https://www.myjobquote.co.uk/t/plw-decorating-services,myjobquote
R roofing contractors,,Painter Decorator,,,5,1,,ID Checked; Public Liability Insurance,,,2004,https://www.myjobquote.co.uk/t/r-roofing-contractors,myjobquote
kanagi renovation,,Painter Decorator,,,5,2,,ID Checked,,,2021,https://www.myjobquote.co.uk/t/kanagi-renovation,myjobquote
KNM Wilson & Co Ltd,,Painter Decorator,,,5,4,,ID Checked,,,2025,https://www.myjobquote.co.uk/t/knm-wilson-co-ltd-1,myjobquote
Trust Style Roofing,,Painter Decorator,,,5,64,,ID Checked,,,2006,https://www.myjobquote.co.uk/t/trust-style-roofing,myjobquote
"i.s.s.a.m painting, decorating  & plastering services",,Painter Decorator,,,5,6,,ID Checked,,,1999,https://www.myjobquote.co.uk/t/issam-painting-decorating-plastering-services,myjobquote
Cheshire Decorating Services Ltd,,Painter Decorator,,,5,1,,ID Checked,,,2012,https://www.myjobquote.co.uk/t/cheshire-decorating-services-ltd,myjobquote
Decor8 Homes,,Painter Decorator,,,5,6,,ID Checked; Public Liability Insurance,,,2003,https://www.myjobquote.co.uk/t/decor8-homes-1,myjobquote
JK property services,,Painter Decorator,,,5,12,,ID Checked,,,2024,https://www.myjobquote.co.uk/t/jk-property-services-8,myjobquote
D tech FM,,Painter Decorator,,,5,13,,ID Checked,,,2007,https://www.myjobquote.co.uk/t/d-tech-fm,myjobquote
J&L painting and decorating,,Painter Decorator,,,5,4,,ID Checked,,,2022,https://www.myjobquote.co.uk/t/jl-painting-and-decorating-2,myjobquote
Barry Henderson,,Painter Decorator,,,5,2,,ID Checked,,,2020,https://www.myjobquote.co.uk/t/barry-henderson,myjobquote
Spraypointupvc ltd,,Painter Decorator,,,5,2,,ID Checked,,,2023,https://www.myjobquote.co.uk/t/spraypointupvc-ltd,myjobquote
Crown decorators,,Painter Decorator,,,5,3,,ID Checked,,,1986,https://www.myjobquote.co.uk/t/crown-decorators,myjobquote
T K M painting and decorating,,Painter Decorator,,,5,2,,ID Checked,,,Nov 2020,https://www.myjobquote.co.uk/t/t-k-m-painting-and-decorating,myjobquote
Dabbers Property Maintenance Services,,Painter Decorator,,,5,1,,ID Checked,,,2020,https://www.myjobquote.co.uk/t/dabbers-property-maintenance-services,myjobquote
David hough,,Painter Decorator,,,5,2,,ID Checked,,,2020,https://www.myjobquote.co.uk/t/david-hough,myjobquote
Chloe&#039;s services,,Painter Decorator,,,4.68,0,,ID Checked,,,Jan 2021,https://www.myjobquote.co.uk/t/chloes-services,myjobquote
Willow,,Painter Decorator,,,4.68,0,,ID Checked,,,Feb 2026,https://www.myjobquote.co.uk/t/willow-1,myjobquote
better homesuk,,Painter Decorator,,,4.68,0,,ID Checked,,,1998,https://www.myjobquote.co.uk/t/better-homesuk,myjobquote
Hamilton Renovations,,Painter Decorator,,,4.68,0,,ID Checked,,,2022,https://www.myjobquote.co.uk/t/hamilton-renovations,myjobquote
Westminster decorating services,,Painter Decorator,,,4.68,0,,ID Checked,,,Feb 2026,https://www.myjobquote.co.uk/t/westminster-decorating-services,myjobquote
Westminster decorating services,,Painter Decorator,,,4.68,0,,ID Checked,,,2020,https://www.myjobquote.co.uk/t/rockroll-painting-decorating-service,myjobquote
Billy Renovation,,Painter Decorator,,,4.68,0,,ID Checked,,,2021,https://www.myjobquote.co.uk/t/billy-renovation,myjobquote
Billy Renovation,,Painter Decorator,,,4.68,0,,,,,Feb 2024,https://www.myjobquote.co.uk/t/georgichalov,myjobquote
GeorgiChalov,,Painter Decorator,,,4.68,0,,ID Checked,,,May 2025,https://www.myjobquote.co.uk/t/clarks-3,myjobquote