company_name,owner_name,trade_type,location,website_url,overall_rating,review_count,phone,verification_status,services,coverage_area,member_since,profile_url,source_platform
Regent roofing services Limited,,Guttering,,,4.6,35,,ID Checked,,,2016,https://www.myjobquote.co.uk/t/regent-roofing-services-limited,myjobquote
Marius,,Guttering,,,5,13,,ID Checked,,,2005,https://www.myjobquote.co.uk/t/marius-9,myjobquote
London Town Roofing,,Guttering,,,5,8,,ID Checked,,,1987,https://www.myjobquote.co.uk/t/london-town-roofing,myjobquote
Executive roofing and building services,,Guttering,,,5,7,,ID Checked,,,Feb 2024,https://www.myjobquote.co.uk/t/executive-roofing-and-building-services,myjobquote
to repair and installation,,Guttering,,,5,6,07418367597,ID Checked,,,2025,https://www.myjobquote.co.uk/t/to-repair-and-installation,myjobquote
Goldstar roofing uk Ltd,,Guttering,,,4,3,,ID Checked,,,1987,https://www.myjobquote.co.uk/t/goldstar-roofing-uk-ltd,myjobquote
Nuaj construction,,Guttering,,,5,38,07418341696,ID Checked,,,2022,https://www.myjobquote.co.uk/t/nuaj-construction,myjobquote
Berkeley Roofing and Building,,Guttering,,,5,8,,ID Checked,,,2000,https://www.myjobquote.co.uk/t/berkeley-roofing-and-building-1,myjobquote
DC Roofing and Property Maintenance,,Guttering,,,5,2,,ID Checked,,,Feb 2025,https://www.myjobquote.co.uk/t/dc-roofing-and-property-maintenance-2,myjobquote
London Architectural roofing ltd,,Guttering,,,5,84,,ID Checked; Public Liability Insurance,,,2004,https://www.myjobquote.co.uk/t/london-architectural-roofing-ltd,myjobquote
Havering Roofing and Building Ltd,,Guttering,,,5,44,,ID Checked; Public Liability Insurance,,,2019,https://www.myjobquote.co.uk/t/havering-roofing-and-building-ltd,myjobquote
Truetop Roofing Ltd,,Guttering,,,5,8,,ID Checked,,,2010,https://www.myjobquote.co.uk/t/truetop-roofing-ltd,myjobquote
Roof surge group Ltd,,Guttering,,,4,1,,ID Checked,,,2025,https://www.myjobquote.co.uk/t/roof-surge-group-ltd,myjobquote
Bright Day Services,,Guttering,,,5,33,07441473219,ID Checked,,,2015,https://www.myjobquote.co.uk/t/bright-day-services,myjobquote
Homebase roofing Ltd,,Guttering,,,5,23,,ID Checked,,,2015,https://www.myjobquote.co.uk/t/homebase-roofing-ltd,myjobquote
Roofco home improvements,,Guttering,,,5,9,,ID Checked; Public Liability Insurance,,,1985,https://www.myjobquote.co.uk/t/roofco-home-improvements,myjobquote
Roofing solutions,,Guttering,,,5,4,,ID Checked,,,2024,https://www.myjobquote.co.uk/t/roofing-solutions-8,myjobquote
North London roofing,,Guttering,,,5,3,07418373788,ID Checked,,,1997,https://www.myjobquote.co.uk/t/north-london-roofing,myjobquote
Titan roofing,,Guttering,,,5,2,,ID Checked; Public Liability Insurance,,,2025,https://www.myjobquote.co.uk/t/titan-roofing-5,myjobquote
BROMLEY ROOFER LTD,,Guttering,,,5,2,07418360547,ID Checked,,,Oct 2022,https://www.myjobquote.co.uk/t/bromley-roofer-ltd,myjobquote
Smart clean,,Guttering,,,4.9,8,07451260890,ID Checked,,,2015,https://www.myjobquote.co.uk/t/smart-clean,myjobquote
MBs building services,,Guttering,,,4,4,,ID Checked,,,2019,https://www.myjobquote.co.uk/t/mbs-building-services,myjobquote
Hindle roofing,,Guttering,,,5,3,,ID Checked,,,2010,https://www.myjobquote.co.uk/t/hindle-roofing,myjobquote
A1 ROOFING SERVICE AND UPVC,,Guttering,,,5,3,,ID Checked,,,1990,https://www.myjobquote.co.uk/t/a1-roofing-service-and-upvc,myjobquote
SkyLine RoofCare,,Guttering,,,5,2,,ID Checked,,,Oct 2025,https://www.myjobquote.co.uk/t/skyline-roofcare,myjobquote
Mayfair Property Solutions LTD,,Guttering,,,5,1,,ID Checked,,,1998,https://www.myjobquote.co.uk/t/mayfair-property-solutions-ltd,myjobquote
Shield roofing & build,,Guttering,,,4,1,,ID Checked,,,Oct 2025,https://www.myjobquote.co.uk/t/shield-roofing-build,myjobquote
AC ROOFING & BUILDING LTD,,Guttering,,,4,1,,ID Checked; Public Liability Insurance,,,Feb 2024,https://www.myjobquote.co.uk/t/ac-roofing-building-ltd,myjobquote
Platinum stone,,Guttering,,,5,1,,ID Checked,,,Nov 2025,https://www.myjobquote.co.uk/t/platinum-stone,myjobquote
TC home improvements,,Guttering,,,5,5,,ID Checked,,,2003,https://www.myjobquote.co.uk/t/tc-home-improvements-3,myjobquote
Supreme O Roofing Ltd,,Guttering,,,4,1,07418317156,ID Checked; Public Liability Insurance,,,2018,https://www.myjobquote.co.uk/t/supreme-o-roofing-ltd,myjobquote
The L&C Group Ltd,,Guttering,,,5,3,,ID Checked,,,2000,https://www.myjobquote.co.uk/t/the-lc-group-ltd,myjobquote
J&B Roofing,,Guttering,,,5,3,,ID Checked,,,2022,https://www.myjobquote.co.uk/t/jb-roofing-14,myjobquote
HighRise Roofing&Building,,Guttering,,,5,2,,ID Checked,,,2018,https://www.myjobquote.co.uk/t/highrise-roofingbuilding,myjobquote
Lewis & Sons Home Improvements Ltd,,Guttering,,,5,2,,ID Checked,,,May 2025,https://www.myjobquote.co.uk/t/lewis-sons-home-improvements-ltd,myjobquote
Peak perfection,,Guttering,,,4,1,,ID Checked,,,Sep 2025,https://www.myjobquote.co.uk/t/peak-perfection-1,myjobquote
Complex roofing & general maintenance,,Guttering,,,5,1,,ID Checked,,,2019,https://www.myjobquote.co.uk/t/complex-roofing-general-maintenance,myjobquote
W.martin roofing&contractors ltd,,Guttering,,,5,1,,ID Checked,,,Sep 2025,https://www.myjobquote.co.uk/t/wmartin-roofingcontractors-ltd,myjobquote
UK ROOFING CONTRACTORS LIMITED,,Guttering,,,5,1,,ID Checked,,,2018,https://www.myjobquote.co.uk/t/uk-roofing-contractors-limited-1,myjobquote
STORM GUARD ROOFING & BUILDING LTD,,Guttering,,,5,9,07418369101,ID Checked,,,2023,https://www.myjobquote.co.uk/t/storm-guard-roofing-building-ltd,myjobquote
A.N.R roofing,,Guttering,,,4.8,13,07418368334,ID Checked; Public Liability Insurance,,,2016,https://www.myjobquote.co.uk/t/anr-roofing,myjobquote
Inner City Roofing,,Guttering,,,4,10,,ID Checked,,,2005,https://www.myjobquote.co.uk/t/inner-city-roofing-1,myjobquote
T&M Home improvement Ltd,,Guttering,,,3.9,13,07418318714,ID Checked; Public Liability Insurance,,,2014,https://www.myjobquote.co.uk/t/tm-home-improvement-ltd,myjobquote
Hybrid Roofing,,Guttering,,,5,4,,ID Checked; Public Liability Insurance,,,Aug 2020,https://www.myjobquote.co.uk/t/hybrid-roofing,myjobquote
Flow right,,Guttering,,,5,2,07451261274,ID Checked,,,Mar 2023,https://www.myjobquote.co.uk/t/flow-right-2,myjobquote
Access Home Improvements,,Guttering,,,5,4,,ID Checked,,,Feb 2026,https://www.myjobquote.co.uk/t/access-home-improvements,myjobquote
Johnroofing ltd,,Guttering,,,5,1,07451261256,ID Checked,,,2005,https://www.myjobquote.co.uk/t/johnroofing-ltd,myjobquote
SK CONSULTING AND SERVICES LIMITED,,Guttering,,,5,2,,ID Checked,,,2022,https://www.myjobquote.co.uk/t/sk-consulting-and-services-limited,myjobquote
Nrs roofing services,,Guttering,,,5,1,07418317352,ID Checked,,,2012,https://www.myjobquote.co.uk/t/nrs-roofing-services,myjobquote
Howdens Roofing and Building Ltd,,Guttering,,,5,2,07418349032,ID Checked,,,Aug 2025,https://www.myjobquote.co.uk/t/howdens-roofing-and-building-ltd,myjobquote
Active home improvements,,Guttering,,,4,1,,ID Checked,,,Aug 2025,https://www.myjobquote.co.uk/t/active-home-improvements,myjobquote
Ayres Building&Roofing LTD,,Guttering,,,5,1,,ID Checked,,,Nov 2023,https://www.myjobquote.co.uk/t/ayres-buildingroofing-ltd,myjobquote
Tuti Builders,,Guttering,,,5,6,07418340400,ID Checked,,,2018,https://www.myjobquote.co.uk/t/tuti-builders,myjobquote
S.O Roofing,,Guttering,,,5,15,,ID Checked,,,Jul 2025,https://www.myjobquote.co.uk/t/so-roofing,myjobquote
Cornerstone Property Solutions UK Ltd,,Guttering,,,5,4,,ID Checked,,,2020,https://www.myjobquote.co.uk/t/cornerstone-property-solutions-uk-ltd,myjobquote
Pow Wash,,Guttering,,,5,2,,ID Checked,,,Jul 2025,https://www.myjobquote.co.uk/t/pow-wash,myjobquote
Alpha Construction,,Guttering,,,5,2,,ID Checked,,,1982,https://www.myjobquote.co.uk/t/alpha-construction-6,myjobquote
Ervis Cakoni,,Guttering,,,5,5,,ID Checked,,,2019,https://www.myjobquote.co.uk/t/ervis-cakoni,myjobquote
TM Exterior Property Maintenance,,Guttering,,,4.3,15,,ID Checked,,,2018,https://www.myjobquote.co.uk/t/tm-exterior-property-maintenance,myjobquote
Tar Village,,Guttering,,,5,3,,ID Checked,,,Sep 2023,https://www.myjobquote.co.uk/t/tar-village,myjobquote
Thomas ball property services,,Guttering,,,4.8,19,07441440879,ID Checked,,,1999,https://www.myjobquote.co.uk/t/thomas-ball-property-services-1,myjobquote
Xpert Builders,,Guttering,,,4.4,8,,ID Checked,,,Oct 2018,https://www.myjobquote.co.uk/t/xpert-builders,myjobquote
RainMaster roofing & building ltd,,Guttering,,,3,1,,ID Checked,,,2013,https://www.myjobquote.co.uk/t/rainmaster-roofing-building-ltd,myjobquote
Oakland Gardening Maintenance,,Guttering,,,3,1,,ID Checked,,,2016,https://www.myjobquote.co.uk/t/oakland-gardening-maintenance-1,myjobquote
Roof Rite Roofing and Building,,Guttering,,,1,1,,ID Checked; Public Liability Insurance,,,Jan 2024,https://www.myjobquote.co.uk/t/roof-rite-roofing-and-building,myjobquote
Instant roofing and Guttering,,Guttering,,,1,1,,ID Checked; Public Liability Insurance,,,1996,https://www.myjobquote.co.uk/t/instant-roofing-and-guttering,myjobquote
Apex Sealants Ltd,,Guttering,,,3,1,,ID Checked,,,2023,https://www.myjobquote.co.uk/t/apex-sealants-ltd,myjobquote
Prime home improvements Ltd,,Guttering,,,1,1,,ID Checked,,,2020,https://www.myjobquote.co.uk/t/prime-home-improvements-ltd,myjobquote
Eagle Construction and Renovation Ltd,,Guttering,,,3,1,,ID Checked,,,1995,https://www.myjobquote.co.uk/t/eagle-construction-and-renovation-ltd,myjobquote
LS&Sons,,Guttering,,,1,1,,ID Checked,,,2018,https://www.myjobquote.co.uk/t/lssons,myjobquote
Mahakal roofer private limited,,Guttering,,,4.68,0,,ID Checked,,,Sep 2018,https://www.myjobquote.co.uk/t/mahakal-roofer-private-limited,myjobquote
Masterplan roofing,,Guttering,,,4.68,0,,,,,Aug 2024,https://www.myjobquote.co.uk/t/masterplan-roofing,myjobquote
Charles james roofing,,Guttering,,,4.68,0,,,,,Nov 2024,https://www.myjobquote.co.uk/t/charles-james-roofing-1,myjobquote
Build To Last Roofing Ltd,,Guttering,,,4.68,0,,,,,Jul 2025,https://www.myjobquote.co.uk/t/build-to-last-roofing-ltd,myjobquote
Everview Roofing And Guttering Ltd,,Guttering,,,4.68,0,,ID Checked,,,2003,https://www.myjobquote.co.uk/t/everview-roofing-and-guttering-ltd,myjobquote
Topsteplofts,,Guttering,,,4.68,0,,ID Checked,,,2019,https://www.myjobquote.co.uk/t/topsteplofts,myjobquote
ADE roofing&maintenace,,Guttering,,,4.68,0,,ID Checked,,,Sep 2019,https://www.myjobquote.co.uk/t/ade-roofingmaintenace,myjobquote
NBroofing,,Guttering,,,4.68,0,,ID Checked; Public Liability Insurance,,,Apr 2025,https://www.myjobquote.co.uk/t/nbroofing,myjobquote
Oakwood roofing,,Guttering,,,4.68,0,,ID Checked,,,Mar 2025,https://www.myjobquote.co.uk/t/oakwood-roofing,myjobquote
JCS ROOFING,,Guttering,,,4.68,0,,ID Checked,,,2021,https://www.myjobquote.co.uk/t/jcs-roofing-3,myjobquote
Traditional roofing specialists,,Guttering,,,4.68,0,,ID Checked,,,2010,https://www.myjobquote.co.uk/t/traditional-roofing-specialists,myjobquote
D&C Roofers and Decoraters,,Guttering,,,4.68,0,,ID Checked,,,2024,https://www.myjobquote.co.uk/t/dc-roofers-and-decoraters,myjobquote
Killick roofing ltd,,Guttering,,,4.68,0,,ID Checked,,,Sep 2024,https://www.myjobquote.co.uk/t/killick-roofing-ltd-1,myjobquote
First choice plastics &roofing ltd,,Guttering,,,4.68,0,,ID Checked,,,2019,https://www.myjobquote.co.uk/t/first-choice-plastics-roofing-ltd,myjobquote
EH Roofing,,Guttering,,,4.68,0,,ID Checked,,,2021,https://www.myjobquote.co.uk/t/eh-roofing-1,myjobquote
B&C Roofing Services,,Guttering,,,4.68,0,,ID Checked,,,Feb 2025,https://www.myjobquote.co.uk/t/bc-roofing-services,myjobquote
NCR Building Services,,Guttering,,,4.68,0,,ID Checked,,,2020,https://www.myjobquote.co.uk/t/ncr-building-services,myjobquote
PV ROOFING,,Guttering,,,4.68,0,,,,,Jan 2021,https://www.myjobquote.co.uk/t/pv-roofing,myjobquote
A&S COOL ROOF LTD,,Guttering,,,4.68,0,,ID Checked,,,2021,https://www.myjobquote.co.uk/t/as-cool-roof-ltd,myjobquote
Brotheroofing,,Guttering,,,4.68,0,,ID Checked,,,2019,https://www.myjobquote.co.uk/t/brotheroofing,myjobquote
Alexandru Petronel Stefanovici,,Guttering,,,4.68,0,,ID Checked,,,2015,https://www.myjobquote.co.uk/t/alexandru-petronel-stefanovici,myjobquote
Sean’s Roofing & Building,,Guttering,,,4.68,0,,ID Checked,,,2018,https://www.myjobquote.co.uk/t/seans-roofing-building,myjobquote
Brother roofing,,Guttering,,,4.68,0,,ID Checked,,,Dec 2023,https://www.myjobquote.co.uk/t/brother-roofing,myjobquote
Brother roofing,,Guttering,,,4.68,0,,ID Checked,,,Jan 2026,https://www.myjobquote.co.uk/t/islybuilder,myjobquote
Gm roofing,,Guttering,,,4.68,0,,Public Liability Insurance,,,2000,https://www.myjobquote.co.uk/t/gm-roofing-3,myjobquote
D. Sterlini Roofing & Building,,Guttering,,,4.68,0,,ID Checked,,,2010,https://www.myjobquote.co.uk/t/d-sterlini-roofing-building,myjobquote
S.R.J. Roofing,,Guttering,,,4.68,0,,ID Checked,,,2014,https://www.myjobquote.co.uk/t/srj-roofing,myjobquote
A&M Builders,,Guttering,,,4.68,0,,ID Checked,,,Apr 2016,https://www.myjobquote.co.uk/t/am-builders-7,myjobquote
G&L Roofing Specialists,,Guttering,,,4.68,0,,ID Checked,,,Jun 2024,https://www.myjobquote.co.uk/t/gl-roofing-specialists,myjobquote
Mick79,,Guttering,,,4.68,0,,ID Checked,,,2024,https://www.myjobquote.co.uk/t/mick79,myjobquote
4 Seasons roofing and maintenance,,Guttering,,,5,2,,ID Checked,,,2025,https://www.myjobquote.co.uk/t/4-seasons-roofing-and-maintenance,myjobquote
CM Construction,,Guttering,,,5,1,,ID Checked,,,2014,https://www.myjobquote.co.uk/t/cm-construction-10,myjobquote
Ultimate Roofing services,,Guttering,,,5,26,,ID Checked,,,May 2025,https://www.myjobquote.co.uk/t/ultimate-roofing-services,myjobquote
AJC Roofing,,Guttering,,,5,7,,ID Checked; Public Liability Insurance,,,2020,https://www.myjobquote.co.uk/t/ajc-roofing-1,myjobquote
Tj roofing and building,,Guttering,,,5,2,,ID Checked; Public Liability Insurance,,,1997,https://www.myjobquote.co.uk/t/tj-roofing-and-building-1,myjobquote
Roofing and Guttering,,Guttering,,,5,2,,ID Checked,,,2021,https://www.myjobquote.co.uk/t/roofing-and-guttering-1,myjobquote
PJ Roofing and Building,,Guttering,,,4.2,5,,Public Liability Insurance,,,1988,https://www.myjobquote.co.uk/t/pj-roofing-and-building,myjobquote
Manusrl,,Guttering,,,4.68,0,,Public Liability Insurance,,,Jan 2021,https://www.myjobquote.co.uk/t/manusrl,myjobquote
Manusrl,,Guttering,,,4.68,0,,ID Checked,,,Mar 2026,https://www.myjobquote.co.uk/t/tunn-roofing-and-cladding,myjobquote
Marvin haynes,,Guttering,,,4.68,0,,ID Checked,,,2020,https://www.myjobquote.co.uk/t/marvin-haynes,myjobquote
PB Building and Roofing Services,,Guttering,,,5,11,,ID Checked,,,2013,https://www.myjobquote.co.uk/t/pb-building-and-roofing-services,myjobquote
Dripstop roofing,,Guttering,,,5,7,07451260929,ID Checked; Public Liability Insurance,,,2025,https://www.myjobquote.co.uk/t/dripstop-roofing,myjobquote
Low cost roofing ltd,,Guttering,,,5,2,,ID Checked,,,Jan 2026,https://www.myjobquote.co.uk/t/low-cost-roofing-ltd,myjobquote
MAE roofing & guttering specialists,,Guttering,,,5,5,,ID Checked,,,2002,https://www.myjobquote.co.uk/t/mae-roofing-guttering-specialists,myjobquote
Highsky roofing ltd,,Guttering,,,5,10,,ID Checked,,,2024,https://www.myjobquote.co.uk/t/highsky-roofing-ltd,myjobquote
HM Roofing,,Guttering,,,5,2,,ID Checked; Public Liability Insurance,,,Dec 2019,https://www.myjobquote.co.uk/t/hm-roofing-3,myjobquote
RM Roofing&Guttering,,Guttering,,,5,2,,ID Checked,,,2025,https://www.myjobquote.co.uk/t/rm-roofingguttering,myjobquote
Hnl refurbishments,,Guttering,,,5,44,,ID Checked,,,2016,https://www.myjobquote.co.uk/t/hnl-refurbishments,myjobquote
ELITE CONTRACTORS,,Guttering,,,5,1,,ID Checked,,,Jan 2017,https://www.myjobquote.co.uk/t/elite-contractors-3,myjobquote
ARC guttering & roofing services,,Guttering,,,5,40,07418364398,ID Checked,,,2001,https://www.myjobquote.co.uk/t/arc-guttering-roofing-services,myjobquote
Sky Roofing Services,,Guttering,,,5,15,,ID Checked; Public Liability Insurance,,,2018,https://www.myjobquote.co.uk/t/sky-roofing-services,myjobquote
JS Roofing Services,,Guttering,,,5,5,07418369179,ID Checked,,,2007,https://www.myjobquote.co.uk/t/js-roofing-services-9,myjobquote
TE property maintenance,,Guttering,,,5,1,,ID Checked,,,Apr 2025,https://www.myjobquote.co.uk/t/te-property-maintenance,myjobquote
Jack’s Roofing,,Guttering,,,4,16,,ID Checked,,,2015,https://www.myjobquote.co.uk/t/jacks-roofing,myjobquote
Crystal Build Home Improvements Ltd,,Guttering,,,5,9,,ID Checked; Public Liability Insurance,,,2023,https://www.myjobquote.co.uk/t/crystal-build-home-improvements-ltd,myjobquote
Sm Building and Roofing Specialist LTD,,Guttering,,,5,4,,ID Checked; Public Liability Insurance,,,2005,https://www.myjobquote.co.uk/t/sm-building-and-roofing-specialist-ltd,myjobquote
Roofing High Ltd,,Guttering,,,5,17,,ID Checked,,,2024,https://www.myjobquote.co.uk/t/roofing-high-ltd,myjobquote
Roof2Roof,,Guttering,,,5,21,,ID Checked,,,2001,https://www.myjobquote.co.uk/t/roof2roof-2,myjobquote
Sussex roofing and landscaping,,Guttering,,,5,3,,ID Checked,,,2018,https://www.myjobquote.co.uk/t/sussex-roofing-and-landscaping,myjobquote
SD Roofing & Building Ltd,,Guttering,,,5,4,,ID Checked,,,2020,https://www.myjobquote.co.uk/t/sd-roofing-building-ltd-1,myjobquote
Johnstone Roofing LTD,,Guttering,,,5,4,,ID Checked,,,2021,https://www.myjobquote.co.uk/t/johnstone-roofing-ltd,myjobquote
Professional Roofing Repairs Ltd,,Guttering,,,5,45,07418368573,ID Checked; Public Liability Insurance,,,2023,https://www.myjobquote.co.uk/t/professional-roofing-repairs-ltd,myjobquote
21st Century Roofing,,Guttering,,,5,1,,ID Checked,,,Sep 2025,https://www.myjobquote.co.uk/t/21st-century-roofing,myjobquote
KGR Pro Roofing,,Guttering,,,5,4,,ID Checked,,,2019,https://www.myjobquote.co.uk/t/kgr-pro-roofing,myjobquote
Residential Roofing Specialists,,Guttering,,,5,12,,ID Checked; Public Liability Insurance,,,Nov 2022,https://www.myjobquote.co.uk/t/residential-roofing-specialists,myjobquote
Cc roofing,,Guttering,,,5,10,,ID Checked; Public Liability Insurance,,,1999,https://www.myjobquote.co.uk/t/cc-roofing-2,myjobquote
First Class Roofing,,Guttering,,,5,26,,ID Checked,,,1990,https://www.myjobquote.co.uk/t/first-class-roofing-3,myjobquote
HALLMARK ROOFING AND GUTTERING LTD,,Guttering,,,5,2,,ID Checked,,,2024,https://www.myjobquote.co.uk/t/hallmark-roofing-and-guttering-ltd,myjobquote
Orlando property maintenance,,Guttering,,,4,1,,ID Checked,,,Feb 2024,https://www.myjobquote.co.uk/t/orlando-property-maintenance,myjobquote
J.G Roofing Services,,Guttering,,,4,21,,ID Checked,,,2023,https://www.myjobquote.co.uk/t/jg-roofing-services-1,myjobquote
TMC Roofing and Guttering LTD,,Guttering,,,5,2,,,,,2004,https://www.myjobquote.co.uk/t/tmc-roofing-and-guttering-ltd,myjobquote
H C roofing & guttering,,Guttering,,,4.8,34,,ID Checked; Public Liability Insurance,,,1999,https://www.myjobquote.co.uk/t/h-c-roofing-guttering,myjobquote
P.B.S Builders,,Guttering,,,4.9,17,,ID Checked,,,2015,https://www.myjobquote.co.uk/t/pbs-builders,myjobquote
Kofib,,Guttering,,,5,1,,ID Checked,,,2000,https://www.myjobquote.co.uk/t/kofib,myjobquote
Paul Patrick,,Guttering,,,4.9,30,,ID Checked,,,2000,https://www.myjobquote.co.uk/t/paul-patrick-1,myjobquote
Crownstyle Roofing Solutions Ltd,,Guttering,,,5,1,,ID Checked,,,2005,https://www.myjobquote.co.uk/t/crownstyle-roofing-solutions-ltd,myjobquote
Fast Fix - Roofing and Drainage Specialists,,Guttering,,,5,2,,ID Checked,,,2015,https://www.myjobquote.co.uk/t/fast-fix-roofing-and-drainage-specialists,myjobquote
Tj roofing specialist,,Guttering,,,4.68,0,,ID Checked,,,Oct 2020,https://www.myjobquote.co.uk/t/tj-roofing-specialist,myjobquote
Tj roofing specialist,,Guttering,,,4.68,0,,ID Checked,,,2019,https://www.myjobquote.co.uk/t/gcard-roofing,myjobquote
Roof pro roofing ltd,,Guttering,,,4.68,0,,ID Checked,,,2023,https://www.myjobquote.co.uk/t/roof-pro-roofing-ltd,myjobquote
Lifetime Roofing & Guttering,,Guttering,,,4.68,0,,ID Checked,,,2001,https://www.myjobquote.co.uk/t/lifetime-roofing-guttering,myjobquote
Ambroofing end building,,Guttering,,,4.68,0,,ID Checked,,,2021,https://www.myjobquote.co.uk/t/ambroofing-end-building,myjobquote
IONUT LTD,,Guttering,,,4.68,0,,ID Checked,,,2020,https://www.myjobquote.co.uk/t/ionut-ltd-4,myjobquote
Jmlroofingandbuildingcontractors@outlook.com,,Guttering,,,4.68,0,,ID Checked,,,Mar 2026,https://www.myjobquote.co.uk/t/jmlroofingandbuildingcontractors-at-outlookcom,myjobquote
Jmlroofingandbuildingcontractors@outlook.com,,Guttering,,,4.68,0,,,,,Dec 2024,https://www.myjobquote.co.uk/t/orest-3,myjobquote
Daleions,,Guttering,,,4.68,0,,,,,Mar 2025,https://www.myjobquote.co.uk/t/daleions,myjobquote
Daleions,,Guttering,,,4.68,0,,ID Checked,,,2018,https://www.myjobquote.co.uk/t/ts-roofing-services,myjobquote
Radnikovs,,Guttering,,,4.68,0,,ID Checked,,,2022,https://www.myjobquote.co.uk/t/radnikovs,myjobquote
Roofer,,Guttering,,,4.68,0,,ID Checked,,,2014,https://www.myjobquote.co.uk/t/roofer-39,myjobquote
Skyline roofing & guttering,,Guttering,,,4.68,0,,ID Checked,,,Sep 2023,https://www.myjobquote.co.uk/t/skyline-roofing-guttering,myjobquote
Universal home solutions,,Guttering,,,4.68,0,,ID Checked,,,2005,https://www.myjobquote.co.uk/t/universal-home-solutions,myjobquote
Aurel,,Guttering,,,4.68,0,,ID Checked,,,Mar 2021,https://www.myjobquote.co.uk/t/aurel-4,myjobquote
Aurel,,Guttering,,,4.68,0,,ID Checked,,,Sep 2025,https://www.myjobquote.co.uk/t/crb-group-construction-roofing-building-ltd,myjobquote
Nostalgia construction group ltd,,Guttering,,,4.68,0,,ID Checked,,,Nov 2023,https://www.myjobquote.co.uk/t/nostalgia-construction-group-ltd,myjobquote
Healy Roofing & Leadwork Ltd,,Guttering,,,4.68,0,,ID Checked; Public Liability Insurance,,,2025,https://www.myjobquote.co.uk/t/healy-roofing-leadwork-ltd,myjobquote
Hamiltonroofing&gutteringLTD,,Guttering,,,4.68,0,,ID Checked,,,2024,https://www.myjobquote.co.uk/t/hamiltonroofinggutteringltd,myjobquote
Premier Guttering & Flat Roofing,,Guttering,,,4.4,20,,ID Checked,,,2020,https://www.myjobquote.co.uk/t/premier-guttering-flat-roofing,myjobquote
MattnificentRoofingServices,,Guttering,,,5,1,,ID Checked,,,Nov 2022,https://www.myjobquote.co.uk/t/mattnificentroofingservices,myjobquote
Abbeysure rendering services,,Guttering,,,5,5,,ID Checked,,,2000,https://www.myjobquote.co.uk/t/abbeysure-rendering-services,myjobquote
Homewise roofing,,Guttering,,,5,1,,ID Checked,,,Oct 2022,https://www.myjobquote.co.uk/t/homewise-roofing,myjobquote
Homecare Home Improvements Ltd,,Guttering,,,5,1,,ID Checked,,,Sep 2023,https://www.myjobquote.co.uk/t/homecare-home-improvements-ltd,myjobquote
Citywideroofingandguttering,,Guttering,,,4.68,0,,ID Checked,,,Mar 2017,https://www.myjobquote.co.uk/t/citywideroofingandguttering-1,myjobquote
Citywideroofingandguttering,,Guttering,,,4.68,0,,ID Checked,,,Feb 2025,https://www.myjobquote.co.uk/t/rj-services-7,myjobquote
Nostalgic roofing group,,Guttering,,,4.68,0,,ID Checked,,,Feb 2025,https://www.myjobquote.co.uk/t/nostalgic-roofing-group,myjobquote
Nostalgic roofing group,,Guttering,,,4.68,0,,ID Checked,,,2000,https://www.myjobquote.co.uk/t/dpateyroofing,myjobquote
Michael Howell,,Guttering,,,4.68,0,,ID Checked,,,Feb 2025,https://www.myjobquote.co.uk/t/michael-howell,myjobquote
K.Marney property maintenance,,Guttering,,,4.68,0,,,,,Feb 2026,https://www.myjobquote.co.uk/t/kmarney-property-maintenance,myjobquote
Community Renovations,,Guttering,,,4.68,0,,ID Checked,,,2014,https://www.myjobquote.co.uk/t/community-renovations,myjobquote
Fox CONTRACTS,,Guttering,,,5,6,07418317065,ID Checked,,,1982,https://www.myjobquote.co.uk/t/fox-contracts,myjobquote
Timberline roofing & building,,Guttering,,,5,2,,ID Checked,,,2018,https://www.myjobquote.co.uk/t/timberline-roofing-building,myjobquote
Allfix roofing and building Ltd,,Guttering,,,5,1,,ID Checked,,,2022,https://www.myjobquote.co.uk/t/allfix-roofing-and-building-ltd,myjobquote
Pro roofing soloutions,,Guttering,,,5,3,,ID Checked,,,2018,https://www.myjobquote.co.uk/t/pro-roofing-soloutions,myjobquote
JS roofing,,Guttering,,,5,1,,ID Checked,,,Jun 2019,https://www.myjobquote.co.uk/t/js-roofing-38,myjobquote
Elite Construction & Property Maintenance,,Guttering,,,4,51,07451270157,ID Checked,,,2009,https://www.myjobquote.co.uk/t/elite-construction-property-maintenance,myjobquote
Elite property maintenance,,Guttering,,,4.5,13,07418369794,ID Checked,,,,https://www.myjobquote.co.uk/t/elite-property-maintenance-15,myjobquote
Mc roofing & landscapes,,Guttering,,,5,8,,ID Checked,,,2020,https://www.myjobquote.co.uk/t/mc-roofing-landscapes,myjobquote
A&t landscaping,,Guttering,,,5,2,07418372856,ID Checked,,,2000,https://www.myjobquote.co.uk/t/at-landscaping-1,myjobquote
One Call Property Group,,Guttering,,,5,10,,ID Checked,,,2015,https://www.myjobquote.co.uk/t/one-call-property-group,myjobquote
Kray Building & Roofing specialist,,Guttering,,,5,4,,ID Checked,,,2023,https://www.myjobquote.co.uk/t/kray-building-roofing-specialist,myjobquote
Rafter Roofing,,Guttering,,,4.68,0,,ID Checked,,,Feb 2024,https://www.myjobquote.co.uk/t/rafter-roofing,myjobquote
Rafter Roofing,,Guttering,,,4.68,0,,ID Checked,,,Feb 2023,https://www.myjobquote.co.uk/t/clifton-roofing,myjobquote
Clifton Roofing,,Guttering,,,4,1,,ID Checked,,,2014,https://www.myjobquote.co.uk/t/sd-roofing-sw,myjobquote
G.McKenzie Maintenance,,Guttering,,,4,3,,ID Checked; Public Liability Insurance,,,2025,https://www.myjobquote.co.uk/t/gmckenzie-maintenance,myjobquote
Skyline roofing,,Guttering,,,3,11,,ID Checked,,,Jan 2026,https://www.myjobquote.co.uk/t/skyline-roofing-7,myjobquote
Elly-Marie Attwell,,Guttering,,,5,1,,ID Checked,,,2023,https://www.myjobquote.co.uk/t/elly-marie-attwell,myjobquote
GB property services,,Guttering,,,4,2,,ID Checked,,,2015,https://www.myjobquote.co.uk/t/gb-property-services-2,myjobquote
Altitude roofing Gloucestershire ltd,,Guttering,,,5,4,07451260891,ID Checked,,,2012,https://www.myjobquote.co.uk/t/altitude-roofing-gloucestershire-ltd,myjobquote
LJ roofing and building,,Guttering,,,5,3,,ID Checked,,,2001,https://www.myjobquote.co.uk/t/lj-roofing-and-building-1,myjobquote
Ashtons finishing touches,,Guttering,,,5,31,,ID Checked,,,2018,https://www.myjobquote.co.uk/t/ashtons-finishing-touches-1,myjobquote
Roofing Co,,Guttering,,,5,12,07418361028,ID Checked,,,2020,https://www.myjobquote.co.uk/t/roofing-co-2,myjobquote
AGL HOME IMPROVEMENTS,,Guttering,,,5,3,,ID Checked,,,Feb 2024,https://www.myjobquote.co.uk/t/agl-home-improvements,myjobquote
Squeegee King Window & Gutter Cleaning,,Guttering,,,4,1,,ID Checked,,,2025,https://www.myjobquote.co.uk/t/squeegee-king-window-gutter-cleaning,myjobquote
Gentle wash,,Guttering,,,5,2,,ID Checked,,,Nov 2025,https://www.myjobquote.co.uk/t/gentle-wash,myjobquote
Constructiv. Roofing and Building services.,,Guttering,,,5,14,,ID Checked,,,2013,https://www.myjobquote.co.uk/t/constructiv-roofing-and-building-services,myjobquote
Kevin roofing & property maintenance,,Guttering,,,4.8,6,,ID Checked,,,2019,https://www.myjobquote.co.uk/t/kevin-roofing-property-maintenance,myjobquote
RRBS (Royal roofing and building Services),,Guttering,,,5,15,07451260541,ID Checked,,,2023,https://www.myjobquote.co.uk/t/rrbs-royal-roofing-and-building-services,myjobquote
Weatherlock property care,,Guttering,,,5,3,,ID Checked,,,Feb 2022,https://www.myjobquote.co.uk/t/weatherlock-property-care,myjobquote
Spartan Roofing,,Guttering,,,5,1,,ID Checked,,,2015,https://www.myjobquote.co.uk/t/spartan-roofing-6,myjobquote
C&Mroofing speciaist and ground matanence,,Guttering,,,5,9,,ID Checked,,,2022,https://www.myjobquote.co.uk/t/cmroofing-speciaist-and-ground-matanence,myjobquote
Riversideroofing,,Guttering,,,5,4,,ID Checked,,,1990,https://www.myjobquote.co.uk/t/riversideroofing,myjobquote
J&J roofing & guttering LTD,,Guttering,,,5,2,,ID Checked,,,2018,https://www.myjobquote.co.uk/t/jj-roofing-guttering-ltd,myjobquote
jemoba pressure washing services ltd,,Guttering,,,5,2,07418371187,ID Checked,,,2013,https://www.myjobquote.co.uk/t/jemoba-pressure-washing-services-ltd,myjobquote
M&M roofing,,Guttering,,,5,1,,ID Checked,,,2025,https://www.myjobquote.co.uk/t/mm-roofing-6,myjobquote
JT Roofing,,Guttering,,,5,3,,ID Checked,,,1989,https://www.myjobquote.co.uk/t/jt-roofing-14,myjobquote
SouthStar Roofing LTD,,Guttering,,,5,3,,ID Checked,,,2016,https://www.myjobquote.co.uk/t/southstar-roofing-ltd,myjobquote
Resistant roofing.,,Guttering,,,4,1,,ID Checked,,,Mar 2024,https://www.myjobquote.co.uk/t/resistant-roofing,myjobquote
Plastamast,,Guttering,,,5,142,,ID Checked; Public Liability Insurance,,,2017,https://www.myjobquote.co.uk/t/plastamast,myjobquote
Rutherford Roofing,,Guttering,,,4,3,,ID Checked,,,2024,https://www.myjobquote.co.uk/t/rutherford-roofing,myjobquote
Acp home improvements,,Guttering,,,5,4,07418364774,ID Checked,,,Mar 2025,https://www.myjobquote.co.uk/t/acp-home-improvements,myjobquote
DHL Developments Ltd,,Guttering,,,4,5,,ID Checked,,,2018,https://www.myjobquote.co.uk/t/dhl-developments-ltd,myjobquote
Ak2 roofing,,Guttering,,,5,7,,ID Checked,,,2024,https://www.myjobquote.co.uk/t/ak2-roofing-1,myjobquote
Pro-tech roofing&Building limited,,Guttering,,,5,1,,ID Checked,,,May 2025,https://www.myjobquote.co.uk/t/pro-tech-roofingbuilding-limited,myjobquote
Total secure roofing ltd,,Guttering,,,5,1,,ID Checked,,,Apr 2025,https://www.myjobquote.co.uk/t/total-secure-roofing-ltd,myjobquote
b1 plastering,,Guttering,,,5,3,,ID Checked,,,2024,https://www.myjobquote.co.uk/t/b1-plastering-1,myjobquote
Riley D Roofing ltd,,Guttering,,,5,1,,ID Checked,,,,https://www.myjobquote.co.uk/t/riley-d-roofing-ltd,myjobquote
Everbest Roofing & Building,,Guttering,,,5,1,,ID Checked,,,2019,https://www.myjobquote.co.uk/t/everbest-roofing-building,myjobquote
Solid rock roofing and building,,Guttering,,,5,2,,ID Checked,,,2023,https://www.myjobquote.co.uk/t/solid-rock-roofing-and-building,myjobquote
Regency Group,,Guttering,,,5,3,,ID Checked,,,Oct 2025,https://www.myjobquote.co.uk/t/regency-group,myjobquote
Capital roofing and landscapes Ltd,,Guttering,,,5,2,,ID Checked; Public Liability Insurance,,,Sep 2025,https://www.myjobquote.co.uk/t/capital-roofing-and-landscapes-ltd,myjobquote
Stone House Brother Ltd,,Guttering,,,4,1,,ID Checked,,,2025,https://www.myjobquote.co.uk/t/stone-house-brother-ltd,myjobquote
Js roofing,,Guttering,,,5,2,,ID Checked,,,Jul 2025,https://www.myjobquote.co.uk/t/js-roofing-27,myjobquote
Green Roofing (Bristol),,Guttering,,,5,1,,ID Checked,,,2017,https://www.myjobquote.co.uk/t/green-roofing-bristol,myjobquote
Patina Roofing Services,,Guttering,,,5,17,,ID Checked,,,2013,https://www.myjobquote.co.uk/t/patina-roofing-services,myjobquote
Alby property maintenance,,Guttering,,,4,4,,ID Checked,,,1995,https://www.myjobquote.co.uk/t/alby-property-maintenance,myjobquote
K clad industrial roofing and cladding,,Guttering,,,5,6,,ID Checked; Public Liability Insurance,,,1998,https://www.myjobquote.co.uk/t/k-clad-industrial-roofing-and-cladding,myjobquote
Rapid Roofing and Driveways Ltd Roofing and Driveways specialist,,Guttering,,,5,1,,ID Checked,,,2000,https://www.myjobquote.co.uk/t/rapid-roofing-and-driveways-ltd-roofing-and-driveways-specialist,myjobquote
Roofing,,Guttering,,,4.8,8,,ID Checked,,,2020,https://www.myjobquote.co.uk/t/roofing-71,myjobquote
TPS Roofing and Maintenance,,Guttering,,,4.8,32,07418365448,ID Checked,,,2010,https://www.myjobquote.co.uk/t/tps-roofing-and-maintenance,myjobquote
R E General Builders,,Guttering,,,4.5,16,,ID Checked; Public Liability Insurance,,,2013,https://www.myjobquote.co.uk/t/r-e-general-builders,myjobquote
Glppp,,Guttering,,,4.7,3,,Public Liability Insurance,,,2017,https://www.myjobquote.co.uk/t/glppp,myjobquote
TNT Roofing,,Guttering,,,4.9,8,,ID Checked,,,Nov 2023,https://www.myjobquote.co.uk/t/tnt-roofing-2,myjobquote
Pro Build,,Guttering,,,4.6,8,,ID Checked,,,2016,https://www.myjobquote.co.uk/t/pro-build-6,myjobquote
Eco roofing,,Guttering,,,5,1,,ID Checked,,,2018,https://www.myjobquote.co.uk/t/eco-roofing-5,myjobquote
Get-plastered,,Guttering,,,5,13,,ID Checked,,,1978,https://www.myjobquote.co.uk/t/get-plastered-4,myjobquote
Roofgaurd,,Guttering,,,4,3,,ID Checked,,,2013,https://www.myjobquote.co.uk/t/roofgaurd,myjobquote
Approved Roofing Southwest Ltd,,Guttering,,,5,5,,ID Checked,,,2020,https://www.myjobquote.co.uk/t/approved-roofing-southwest-ltd,myjobquote
JS Property maintenance,,Guttering,,,5,1,,ID Checked,,,2013,https://www.myjobquote.co.uk/t/js-property-maintenance-6,myjobquote
R.S.M Roofing Bristol,,Guttering,,,4,1,,ID Checked,,,2015,https://www.myjobquote.co.uk/t/rsm-roofing-bristol,myjobquote
Workman Roofing / Building Maintenance,,Guttering,,,5,4,,ID Checked,,,1993,https://www.myjobquote.co.uk/t/workman-roofing-building-maintenance,myjobquote
ABC build & maintenance,,Guttering,,,4.9,8,,ID Checked; Public Liability Insurance,,,2006,https://www.myjobquote.co.uk/t/abc-build-maintenance,myjobquote
MRC Roofing,,Guttering,,,4,1,,ID Checked,,,2018,https://www.myjobquote.co.uk/t/mrc-roofing,myjobquote
Fortify Roofing,,Guttering,,,4.68,0,,ID Checked,,,2024,https://www.myjobquote.co.uk/t/fortify-roofing,myjobquote
Mondo’s roofing services,,Guttering,,,4.68,0,,ID Checked,,,Mar 2025,https://www.myjobquote.co.uk/t/mondos-roofing-services,myjobquote
Roof&build property maintenance,,Guttering,,,4.68,0,,ID Checked,,,Aug 2025,https://www.myjobquote.co.uk/t/roofbuild-property-maintenance,myjobquote
Sb exterior cleaning,,Guttering,,,4.68,0,,ID Checked,,,May 2025,https://www.myjobquote.co.uk/t/sb-exterior-cleaning,myjobquote
Sb exterior cleaning,,Guttering,,,4.68,0,,ID Checked,,,2013,https://www.myjobquote.co.uk/t/pjsons-roofing,myjobquote
Master Roofing & Cleaning Services,,Guttering,,,4.68,0,,ID Checked,,,2010,https://www.myjobquote.co.uk/t/master-roofing-cleaning-services,myjobquote
SBR LTD,,Guttering,,,4.68,0,,ID Checked,,,Apr 2023,https://www.myjobquote.co.uk/t/sbr-ltd,myjobquote
SBR LTD,,Guttering,,,4.68,0,,ID Checked,,,2009,https://www.myjobquote.co.uk/t/capital-roofing-2,myjobquote
LGB Roofing,,Guttering,,,4.68,0,,ID Checked,,,1998,https://www.myjobquote.co.uk/t/lgb-roofing,myjobquote
Trident roofing,,Guttering,,,,,,ID Checked,,,Aug 2020,https://www.myjobquote.co.uk/t/trident-roofing,myjobquote
Casey&#039;s roofing&building ltd,,Guttering,,,4.68,0,,ID Checked,,,Sep 2024,https://www.myjobquote.co.uk/t/caseys-roofingbuilding-ltd,myjobquote
KGP ROOFING,,Guttering,,,4.68,0,,ID Checked,,,Jan 2024,https://www.myjobquote.co.uk/t/kgp-roofing,myjobquote
Skyline home improvements,,Guttering,,,4.68,0,,ID Checked,,,2008,https://www.myjobquote.co.uk/t/skyline-home-improvements-2,myjobquote
JC Roofing and Carpentry,,Guttering,,,4.68,0,,,,,2023,https://www.myjobquote.co.uk/t/jc-roofing-and-carpentry,myjobquote
Phoenix Roofing Southwest,,Guttering,,,4.68,0,,ID Checked,,,Oct 2024,https://www.myjobquote.co.uk/t/phoenix-roofing-southwest,myjobquote
Phoenix Roofing Southwest,,Guttering,,,4.68,0,,ID Checked,,,May 2024,https://www.myjobquote.co.uk/t/chapman-roofing-ltd,myjobquote
Emergency roofng and guttering,,Guttering,,,4.68,0,,ID Checked,,,2006,https://www.myjobquote.co.uk/t/emergency-roofng-and-guttering,myjobquote
Jcr homemaintenance,,Guttering,,,4.68,0,,ID Checked,,,2015,https://www.myjobquote.co.uk/t/jcr-homemaintenance,myjobquote
Complete home maintenance,,Guttering,,,4.68,0,,ID Checked,,,2005,https://www.myjobquote.co.uk/t/complete-home-maintenance,myjobquote
Jjb roofing and construction,,Guttering,,,4.68,0,,ID Checked,,,2017,https://www.myjobquote.co.uk/t/jjb-roofing-and-construction,myjobquote
Lee wilson,,Guttering,,,4.68,0,,,,,Apr 2025,https://www.myjobquote.co.uk/t/lee-wilson-1,myjobquote
Lee wilson,,Guttering,,,4.68,0,,ID Checked,,,Mar 2024,https://www.myjobquote.co.uk/t/smartway-roofing,myjobquote
AandT property,,Guttering,,,4.68,0,,ID Checked,,,Oct 2024,https://www.myjobquote.co.uk/t/aandt-property,myjobquote
Handy man,,Guttering,,,4.68,0,,ID Checked,,,Mar 2024,https://www.myjobquote.co.uk/t/handy-man-81,myjobquote
Ridgeways roofing,,Guttering,,,4.68,0,,ID Checked,,,2013,https://www.myjobquote.co.uk/t/ridgeways-roofing,myjobquote
Brunel roofing and property services,,Guttering,,,4.68,0,,ID Checked,,,1985,https://www.myjobquote.co.uk/t/brunel-roofing-and-property-services,myjobquote
JD Roofing,,Guttering,,,4.68,0,,ID Checked,,,Nov 2024,https://www.myjobquote.co.uk/t/jd-roofing-20,myjobquote
JD Roofing,,Guttering,,,4.68,0,,,,,Jun 2025,https://www.myjobquote.co.uk/t/dynamic-roofing-and-building-ltd,myjobquote
Monarch roofing Bristol,,Guttering,,,4.68,0,,ID Checked,,,2025,https://www.myjobquote.co.uk/t/monarch-roofing-bristol,myjobquote
Cjs Roofing Bristol ltd,,Guttering,,,4.68,0,,ID Checked,,,2021,https://www.myjobquote.co.uk/t/cjs-roofing-bristol-ltd,myjobquote
Avon building and roofing,,Guttering,,,4.68,0,,ID Checked,,,Oct 2024,https://www.myjobquote.co.uk/t/avon-building-and-roofing-1,myjobquote
Walsh And Son Roofing contractors,,Guttering,,,4.68,0,,ID Checked,,,2009,https://www.myjobquote.co.uk/t/walsh-and-son-roofing-contractors,myjobquote
Mick&#039;s roofing maintenance and waste clearance,,Guttering,,,4.68,0,,ID Checked,,,2022,https://www.myjobquote.co.uk/t/micks-roofing-maintenance-and-waste-clearance,myjobquote
Apw roofing and roughcasting ltd,,Guttering,,,5,3,,ID Checked,,,2025,https://www.myjobquote.co.uk/t/apw-roofing-and-roughcasting-ltd,myjobquote
Accurate Roofing & Property Care,,Guttering,,,5,2,,ID Checked,,,2002,https://www.myjobquote.co.uk/t/accurate-roofing-property-care,myjobquote
Emergancy roofing services,,Guttering,,,5,3,,ID Checked; Public Liability Insurance,,,2020,https://www.myjobquote.co.uk/t/emergancy-roofing-services,myjobquote
Edinburgh property care,,Guttering,,,5,21,,ID Checked,,,2010,https://www.myjobquote.co.uk/t/edinburgh-property-care,myjobquote
K-1 roofing and building contractors,,Guttering,,,5,23,,ID Checked,,,1990,https://www.myjobquote.co.uk/t/k-1-roofing-and-building-contractors,myjobquote
GSH Roofing & Building ltd,,Guttering,,,5,4,,ID Checked,,,2022,https://www.myjobquote.co.uk/t/gsh-roofing-building-ltd,myjobquote
DNA Roofing Specialists,,Guttering,,,4,1,,ID Checked,,,2024,https://www.myjobquote.co.uk/t/dna-roofing-specialists,myjobquote
Revive roofing painting & property maintenance,,Guttering,,,5,1,,ID Checked,,,2020,https://www.myjobquote.co.uk/t/revive-roofing-painting-property-maintenance,myjobquote
Mcmillan roofing and building,,Guttering,,,4,1,,ID Checked,,,2019,https://www.myjobquote.co.uk/t/mcmillan-roofing-and-building,myjobquote
CJU Roofing Specialists,,Guttering,,,5,5,,ID Checked,,,2021,https://www.myjobquote.co.uk/t/cju-roofing-specialists,myjobquote
Sgw contracts,,Guttering,,,5,1,,ID Checked,,,1980,https://www.myjobquote.co.uk/t/sgw-contracts,myjobquote
Young Property Care,,Guttering,,,5,9,07418319020,ID Checked,,,2021,https://www.myjobquote.co.uk/t/young-property-care-1,myjobquote
Central Scotland Roofing,,Guttering,,,4,3,07418349769,ID Checked,,,1998,https://www.myjobquote.co.uk/t/central-scotland-roofing,myjobquote
Wash wizard maintenance services,,Guttering,,,4,1,,ID Checked,,,Aug 2023,https://www.myjobquote.co.uk/t/wash-wizard-maintenance-services,myjobquote
SK ROOFS AND REPAIRS,,Guttering,,,4,3,,ID Checked,,,Jan 2026,https://www.myjobquote.co.uk/t/sk-roofs-and-repairs,myjobquote
Barrier improvements limited,,Guttering,,,4,1,,ID Checked,,,2020,https://www.myjobquote.co.uk/t/barrier-improvements-limited,myjobquote
External Maintenance Solutions,,Guttering,,,5,9,,ID Checked,,,2024,https://www.myjobquote.co.uk/t/external-maintenance-solutions,myjobquote
Jay Colborne,,Guttering,,,5,1,,ID Checked,,,2025,https://www.myjobquote.co.uk/t/jay-colborne,myjobquote
Eco Roofing and Building Ltd,,Guttering,,,5,8,,ID Checked,,,2022,https://www.myjobquote.co.uk/t/eco-roofing-and-building-ltd-1,myjobquote
Strathclyde Roofing Services,,Guttering,,,5,2,,ID Checked,,,2000,https://www.myjobquote.co.uk/t/strathclyde-roofing-services,myjobquote
Casey,,Guttering,,,5,2,,ID Checked,,,2024,https://www.myjobquote.co.uk/t/casey-14,myjobquote
Assure Roofing Solutions,,Guttering,,,5,3,,ID Checked,,,2003,https://www.myjobquote.co.uk/t/assure-roofing-solutions,myjobquote
Macdonald. Roofing & building,,Guttering,,,5,5,,ID Checked,,,1990,https://www.myjobquote.co.uk/t/macdonald-roofing-building,myjobquote
Thomson roofing,,Guttering,,,5,1,,ID Checked,,,Sep 2024,https://www.myjobquote.co.uk/t/thomson-roofing-2,myjobquote
Klc home Improvements,,Guttering,,,5,14,,ID Checked,,,2016,https://www.myjobquote.co.uk/t/klc-home-improvements,myjobquote
Integrity Property Maintenance,,Guttering,,,5,2,,ID Checked,,,2025,https://www.myjobquote.co.uk/t/integrity-property-maintenance,myjobquote
Ij&a construction.com,,Guttering,,,5,3,,ID Checked,,,Sep 2025,https://www.myjobquote.co.uk/t/ija-constructioncom,myjobquote
Heritage roofing and slating,,Guttering,,,5,1,07418347705,ID Checked,,,2025,https://www.myjobquote.co.uk/t/heritage-roofing-and-slating,myjobquote
L C roofing,,Guttering,,,5,1,,ID Checked,,,2025,https://www.myjobquote.co.uk/t/l-c-roofing,myjobquote
GM Property Maintenance,,Guttering,,,5,29,07441443264,ID Checked,,,2017,https://www.myjobquote.co.uk/t/gm-property-maintenance,myjobquote
Pristine Roofing & Property Maintenance,,Guttering,,,5,16,,ID Checked,,,2016,https://www.myjobquote.co.uk/t/pristine-roofing-property-maintenance-1,myjobquote
LMB Roofing Ltd,,Guttering,,,5,4,,ID Checked,,,2025,https://www.myjobquote.co.uk/t/lmb-roofing-ltd,myjobquote
L&C Roofing,,Guttering,,,5,5,,ID Checked,,,2018,https://www.myjobquote.co.uk/t/lc-roofing-2,myjobquote
Mark sturgeon,,Guttering,,,4,3,,ID Checked,,,May 2023,https://www.myjobquote.co.uk/t/mark-sturgeon,myjobquote
"T,Q,Roofing",,Guttering,,,5,4,,ID Checked,,,2019,https://www.myjobquote.co.uk/t/tqroofing,myjobquote
Airdrie roofing services,,Guttering,,,4.9,45,,ID Checked,,,2022,https://www.myjobquote.co.uk/t/airdrie-roofing-services,myjobquote
JMGardeners Builders and roofers Edinburgh,,Guttering,,,4.9,17,,ID Checked,,,2001,https://www.myjobquote.co.uk/t/jmgardeners-builders-and-roofers-edinburgh,myjobquote
A team roofing,,Guttering,,,5,9,,ID Checked,,,2001,https://www.myjobquote.co.uk/t/a-team-roofing-1,myjobquote
Talented Tradesmen,,Guttering,,,4.9,7,,ID Checked,,,2017,https://www.myjobquote.co.uk/t/talented-tradesmen,myjobquote
Edinburgh Roofing & Building,,Guttering,,,4,1,,ID Checked,,,2020,https://www.myjobquote.co.uk/t/edinburgh-roofing-building,myjobquote
Platinum roofing,,Guttering,,,5,7,,ID Checked,,,2016,https://www.myjobquote.co.uk/t/platinum-roofing-6,myjobquote
Rm property maintenance,,Guttering,,,4.8,16,,ID Checked,,,2007,https://www.myjobquote.co.uk/t/rm-property-maintenance,myjobquote
Rhino Roofing,,Guttering,,,4.8,4,,ID Checked,,,2010,https://www.myjobquote.co.uk/t/rhino-roofing,myjobquote
Montgomery Roofcare,,Guttering,,,4.6,12,,ID Checked,,,2014,https://www.myjobquote.co.uk/t/montgomery-roofcare,myjobquote
D.W. Painting solutions,,Guttering,,,4.68,0,,ID Checked,,,Aug 2020,https://www.myjobquote.co.uk/t/dw-painting-solutions,myjobquote
D.W. Painting solutions,,Guttering,,,4.68,0,,ID Checked; Public Liability Insurance,,,2016,https://www.myjobquote.co.uk/t/ridgepoint-roofing-2,myjobquote
VINS Roofing,,Guttering,,,4.68,0,,Public Liability Insurance,,,Feb 2026,https://www.myjobquote.co.uk/t/vins-roofing,myjobquote
Donaldson roofing services,,Guttering,,,4.68,0,,,,,Feb 2026,https://www.myjobquote.co.uk/t/donaldson-roofing-services,myjobquote
KL Roofing,,Guttering,,,4.68,0,,ID Checked,,,May 2022,https://www.myjobquote.co.uk/t/kl-roofing-1,myjobquote
Reformhomesolutions@gmail.com,,Guttering,,,4.68,0,,ID Checked,,,Jul 2023,https://www.myjobquote.co.uk/t/reformhomesolutions-at-gmailcom,myjobquote
Wjm Propertycare,,Guttering,,,4.68,0,,ID Checked,,,2024,https://www.myjobquote.co.uk/t/wjm-propertycare,myjobquote
Edinburgh’s first response Roofing ltd,,Guttering,,,4.68,0,,ID Checked,,,Jan 2025,https://www.myjobquote.co.uk/t/edinburghs-first-response-roofing-ltd,myjobquote
Eagle Building Services,,Guttering,,,4.68,0,,ID Checked,,,2016,https://www.myjobquote.co.uk/t/eagle-building-services,myjobquote
iain r smith roofing,,Guttering,,,4.68,0,,ID Checked,,,Aug 2023,https://www.myjobquote.co.uk/t/iain-r-smith-roofing,myjobquote
iain r smith roofing,,Guttering,,,4.68,0,,ID Checked,,,2016,https://www.myjobquote.co.uk/t/moore-roofing,myjobquote
Elevate Roofing Group Ltd,,Guttering,,,4.68,0,,ID Checked,,,Feb 2022,https://www.myjobquote.co.uk/t/elevate-roofing-group-ltd,myjobquote
Easton Roofing,,Guttering,,,4.68,0,,ID Checked,,,2023,https://www.myjobquote.co.uk/t/easton-roofing-1,myjobquote
Thistle roofing,,Guttering,,,4.68,0,,ID Checked,,,2002,https://www.myjobquote.co.uk/t/thistle-roofing-1,myjobquote
Andrii,,Guttering,,,5,1,,ID Checked,,,Jun 2023,https://www.myjobquote.co.uk/t/andrii-39,myjobquote
BSHenderson roofing services,,Guttering,,,5,1,,ID Checked,,,Nov 2025,https://www.myjobquote.co.uk/t/bshenderson-roofing-services,myjobquote
Coyle Joinery and Roofing,,Guttering,,,4.68,0,,,,,Jan 2026,https://www.myjobquote.co.uk/t/coyle-joinery-and-roofing,myjobquote
Steven,,Guttering,,,4.68,0,,,,,Jan 2026,https://www.myjobquote.co.uk/t/steven-41,myjobquote
Steven,,Guttering,,,4.68,0,,,,,Jul 2023,https://www.myjobquote.co.uk/t/rlm-roofing-and-building-maintenance,myjobquote
Besi roofing company ltd,,Guttering,,,4.68,0,,,,,2019,https://www.myjobquote.co.uk/t/besi-roofing-company-ltd,myjobquote
Besi roofing company ltd,,Guttering,,,4.68,0,,,,,Sep 2023,https://www.myjobquote.co.uk/t/kevin-102,myjobquote
P.A.D roofing,,Guttering,,,4.68,0,,,,,Jun 2025,https://www.myjobquote.co.uk/t/pad-roofing,myjobquote
P.A.D roofing,,Guttering,,,4.68,0,,ID Checked,,,Feb 2026,https://www.myjobquote.co.uk/t/roof-repair-edinburgh-limited,myjobquote
G.I roofing,,Guttering,,,4.68,0,,ID Checked,,,Mar 2023,https://www.myjobquote.co.uk/t/gi-roofing-1,myjobquote
Sm construction,,Guttering,,,4.68,0,,,,,Sep 2025,https://www.myjobquote.co.uk/t/sm-construction-3,myjobquote
Sm construction,,Guttering,,,4.68,0,,,,,Oct 2022,https://www.myjobquote.co.uk/t/tgw-roofing-and-building,myjobquote
TGW Roofing and Building,,Guttering,,,4.68,0,,,,,Dec 2025,https://www.myjobquote.co.uk/t/coastline-roofing-2,myjobquote
Coastline roofing,,Guttering,,,4.68,0,,,,,Apr 2025,https://www.myjobquote.co.uk/t/gs-property-care,myjobquote
B.C.W Roofing and Building,,Guttering,,,4.68,0,,,,,Jan 2024,https://www.myjobquote.co.uk/t/bcw-roofing-and-building,myjobquote
B.C.W Roofing and Building,,Guttering,,,4.68,0,,ID Checked,,,2019,https://www.myjobquote.co.uk/t/forbes-roofing-services,myjobquote
Forbes roofing services,,Guttering,,,4.68,0,,ID Checked,,,Jan 2021,https://www.myjobquote.co.uk/t/shayne-1,myjobquote
Shayne,,Guttering,,,4.68,0,,,,,2015,https://www.myjobquote.co.uk/t/clarks-gutters,myjobquote
Jopparoofing and building,,Guttering,,,4.68,0,,,,,May 2016,https://www.myjobquote.co.uk/t/jopparoofing-and-building,myjobquote
Jopparoofing and building,,Guttering,,,4.68,0,,,,,Apr 2022,https://www.myjobquote.co.uk/t/pc-roofing-4,myjobquote
07921006609,,Guttering,,,4.68,0,,,,,Mar 2026,https://www.myjobquote.co.uk/t/07921006609,myjobquote
07921006609,,Guttering,,,4.8,9,,ID Checked,,,Oct 2023,https://www.myjobquote.co.uk/t/rowan-2,myjobquote
Active property care,,Guttering,,,5,1,,ID Checked,,,2017,https://www.myjobquote.co.uk/t/active-property-care,myjobquote
Renovation roofing and building,,Guttering,,,5,1,,ID Checked,,,Jun 2020,https://www.myjobquote.co.uk/t/renovation-roofing-and-building,myjobquote
Jhs roofing and building,,Guttering,,,5,2,,ID Checked,,,1900,https://www.myjobquote.co.uk/t/jhs-roofing-and-building-1,myjobquote
B G Roofing and painting Services,,Guttering,,,5,1,,ID Checked,,,May 2025,https://www.myjobquote.co.uk/t/b-g-roofing-and-painting-services,myjobquote
AMC Roofing and Building Ltd,,Guttering,,,5,3,,ID Checked,,,2025,https://www.myjobquote.co.uk/t/amc-roofing-and-building-ltd,myjobquote
R Galloway roofing services,,Guttering,,,5,1,,ID Checked,,,2020,https://www.myjobquote.co.uk/t/r-galloway-roofing-services-1,myjobquote
Premium Roofing,,Guttering,,,5,1,,ID Checked,,,2024,https://www.myjobquote.co.uk/t/premium-roofing-4,myjobquote
AS Property Care,,Guttering,,,4.7,35,07441442632,ID Checked,,,2009,https://www.myjobquote.co.uk/t/as-property-care,myjobquote
Able Roofing,,Guttering,,,5,1,,ID Checked,,,1981,https://www.myjobquote.co.uk/t/able-roofing,myjobquote
Christopher godden roofing&building soloutions ltd,,Guttering,,,5,9,,ID Checked,,,2023,https://www.myjobquote.co.uk/t/christopher-godden-roofingbuilding-soloutions-ltd,myjobquote
J&w Property solutions,,Guttering,,,4.2,5,,ID Checked,,,Jun 2023,https://www.myjobquote.co.uk/t/jw-property-solutions-1,myjobquote
Edinburgh Lothian’s Roofing Services,,Guttering,,,4.2,5,,ID Checked,,,2023,https://www.myjobquote.co.uk/t/edinburgh-lothians-roofing-services,myjobquote
R.C. Propeety Care,,Guttering,,,4.5,33,,ID Checked,,,2022,https://www.myjobquote.co.uk/t/rc-propeety-care,myjobquote
Edinburgh and Fife roofing,,Guttering,,,5,3,,ID Checked,,,2021,https://www.myjobquote.co.uk/t/edinburgh-and-fife-roofing,myjobquote
Allpurposepropertycareltd,,Guttering,,,4,1,,ID Checked,,,Aug 2021,https://www.myjobquote.co.uk/t/allpurposepropertycareltd,myjobquote
firstresponseroofing,,Guttering,,,4,1,,ID Checked,,,2019,https://www.myjobquote.co.uk/t/firstresponseroofing,myjobquote
Liberton Roofing & Building ltd,,Guttering,,,3.8,4,,ID Checked,,,2016,https://www.myjobquote.co.uk/t/liberton-roofing-building-ltd-1,myjobquote
S.Ross Roofing,,Guttering,,,4.6,5,,ID Checked,,,2017,https://www.myjobquote.co.uk/t/sross-roofing,myjobquote
Cj home improvements,,Guttering,,,4.68,0,,ID Checked,,,Oct 2018,https://www.myjobquote.co.uk/t/cj-home-improvements-3,myjobquote
Cj home improvements,,Guttering,,,4.68,0,,ID Checked,,,Aug 2024,https://www.myjobquote.co.uk/t/deddington-property-care,myjobquote
Scots Roofing Ltd,,Guttering,,,4.4,30,,ID Checked,,,2004,https://www.myjobquote.co.uk/t/scots-roofing-ltd,myjobquote
James Sherry Roofing and Builders,,Guttering,,,5,20,,ID Checked,,,2004,https://www.myjobquote.co.uk/t/james-sherry-roofing-and-builders,myjobquote
Mark roofing & building,,Guttering,,,5,2,,ID Checked,,,2015,https://www.myjobquote.co.uk/t/mark-roofing-building-2,myjobquote
Midlothian Roofing and Building,,Guttering,,,4,74,07441448924,ID Checked,,,2004,https://www.myjobquote.co.uk/t/midlothian-roofing-and-building-1,myjobquote
McKenzie roofing services,,Guttering,,,5,4,,ID Checked,,,2019,https://www.myjobquote.co.uk/t/mckenzie-roofing-services,myjobquote
A and N home improvements,,Guttering,,,5,7,,ID Checked,,,2025,https://www.myjobquote.co.uk/t/a-and-n-home-improvements,myjobquote
Jr roofing,,Guttering,,,5,1,,ID Checked,,,2010,https://www.myjobquote.co.uk/t/jr-roofing-18,myjobquote
GJ Building Solutions,,Guttering,,,5,1,,ID Checked,,,2014,https://www.myjobquote.co.uk/t/gj-building-solutions,myjobquote
Diego,,Guttering,,,4.68,0,,ID Checked,,,Oct 2024,https://www.myjobquote.co.uk/t/diego-12,myjobquote
Derek McEwan T/A Dmr Contracts Ltd,,Guttering,,,4.68,0,,,,,Oct 2025,https://www.myjobquote.co.uk/t/derek-mcewan-ta-dmr-contracts-ltd,myjobquote
Master Home Improvements,,Guttering,,,4,6,,ID Checked,,,2004,https://www.myjobquote.co.uk/t/master-home-improvements,myjobquote
National roof services,,Guttering,,,4.6,16,,ID Checked,,,2018,https://www.myjobquote.co.uk/t/national-roof-services-2,myjobquote
DARA Property Maintenance,,Guttering,,,4.9,24,,ID Checked,,,2016,https://www.myjobquote.co.uk/t/dara-property-maintenance,myjobquote
Lifetime Improvement Group Ltd,,Guttering,,,4.68,0,,ID Checked,,,Nov 2015,https://www.myjobquote.co.uk/t/lifetime-improvement-group-ltd,myjobquote
Catalyst Property Services Ltd,,Guttering,,,4.68,0,,ID Checked,,,Jan 2025,https://www.myjobquote.co.uk/t/catalyst-property-services-ltd,myjobquote
Catalyst Property Services Ltd,,Guttering,,,4.68,0,,ID Checked,,,2014,https://www.myjobquote.co.uk/t/royal-roofing-solutions-3,myjobquote
Watertight roofing,,Guttering,,,4.68,0,,ID Checked,,,Feb 2026,https://www.myjobquote.co.uk/t/watertight-roofing-2,myjobquote
Watertight roofing,,Guttering,,,5,8,,ID Checked,,,2020,https://www.myjobquote.co.uk/t/ct-property-maintenance-4,myjobquote
Barrhead roofing,,Guttering,,,5,7,,ID Checked,,,2007,https://www.myjobquote.co.uk/t/barrhead-roofing,myjobquote
Cameronroofcare,,Guttering,,,4.68,0,,ID Checked,,,Aug 2024,https://www.myjobquote.co.uk/t/cameronroofcare,myjobquote
Cameronroofcare,,Guttering,,,5,3,,ID Checked; Public Liability Insurance,,,Aug 2024,https://www.myjobquote.co.uk/t/almond-roofing-and-building,myjobquote
MC Property Maintenance,,Guttering,,,5,9,,ID Checked,,,Oct 2025,https://www.myjobquote.co.uk/t/mc-property-maintenance-3,myjobquote
Valley roofing and roughcasting ltd,,Guttering,,,4,1,,ID Checked,,,2000,https://www.myjobquote.co.uk/t/valley-roofing-and-roughcasting-ltd,myjobquote
Apex Roofing & Building,,Guttering,,,5,2,,ID Checked,,,2014,https://www.myjobquote.co.uk/t/apex-roofing-building-4,myjobquote
Mwhiteroofingandbuildingltd,,Guttering,,,5,1,,ID Checked,,,2000,https://www.myjobquote.co.uk/t/mwhiteroofingandbuildingltd,myjobquote
Lasswade Roofing&Building,,Guttering,,,5,1,,ID Checked,,,1997,https://www.myjobquote.co.uk/t/lasswade-roofingbuilding,myjobquote
On top roofing ltd,,Guttering,,,5,5,,ID Checked,,,2024,https://www.myjobquote.co.uk/t/on-top-roofing-ltd,myjobquote
East Lothian roofing & building services,,Guttering,,,5,8,,ID Checked,,,2023,https://www.myjobquote.co.uk/t/east-lothian-roofing-building-services,myjobquote
JJK Roofing,,Guttering,,,5,13,07418362617,ID Checked,,,2021,https://www.myjobquote.co.uk/t/jjk-roofing,myjobquote
Mason and Sons,,Guttering,,,5,20,07418348927,ID Checked,,,Dec 2023,https://www.myjobquote.co.uk/t/mason-and-sons,myjobquote
RMcD roofing services,,Guttering,,,5,1,,ID Checked,,,2024,https://www.myjobquote.co.uk/t/rmcd-roofing-services,myjobquote
Cleanaway,,Guttering,,,4.5,42,,ID Checked,,,2020,https://www.myjobquote.co.uk/t/cleanaway,myjobquote
PSW Roofing and building ltd,,Guttering,,,4.8,60,,ID Checked,,,2010,https://www.myjobquote.co.uk/t/psw-roofing-and-building-ltd,myjobquote
ASM contracts,,Guttering,,,4.8,9,,ID Checked,,,2016,https://www.myjobquote.co.uk/t/asm-contracts,myjobquote
Ridgeline home improvements,,Guttering,,,3.9,15,,ID Checked,,,2004,https://www.myjobquote.co.uk/t/ridgeline-home-improvements,myjobquote
E Stewart roofing & roughcasting Ltd,,Guttering,,,5,4,,ID Checked,,,2008,https://www.myjobquote.co.uk/t/e-stewart-roofing-roughcasting-ltd,myjobquote
Jamie Choi Joinery and Building,,Guttering,,,4,3,,ID Checked,,,2019,https://www.myjobquote.co.uk/t/jamie-choi-joinery-and-building,myjobquote
J.s roofing,,Guttering,,,4.8,18,,ID Checked,,,2015,https://www.myjobquote.co.uk/t/js-roofing-7,myjobquote
first response roofing,,Guttering,,,5,17,,ID Checked,,,2016,https://www.myjobquote.co.uk/t/first-response-roofing-3,myjobquote
National Contracts Company,,Guttering,,,4.68,0,,ID Checked,,,2006,https://www.myjobquote.co.uk/t/national-contracts-company,myjobquote
PJM property care ltd,,Guttering,,,4.68,0,,ID Checked,,,2010,https://www.myjobquote.co.uk/t/pjm-property-care-ltd,myjobquote
ORCON Roofing & Building Maintenance Ltd,,Guttering,,,4.68,0,,ID Checked,,,Aug 2021,https://www.myjobquote.co.uk/t/orcon-roofing-building-maintenance-ltd,myjobquote
365 Flat Roofing,,Guttering,,,4.68,0,,ID Checked,,,Jan 2026,https://www.myjobquote.co.uk/t/365-flat-roofing,myjobquote
AR TRADESERVICES,,Guttering,,,4.68,0,,ID Checked,,,Aug 2023,https://www.myjobquote.co.uk/t/ar-tradeservices,myjobquote
CCC Roofing & Building Maintenance,,Guttering,,,4.68,0,,ID Checked,,,1990,https://www.myjobquote.co.uk/t/ccc-roofing-building-maintenance,myjobquote
Pro Roof Scotland,,Guttering,,,4.68,0,,ID Checked,,,Jan 2026,https://www.myjobquote.co.uk/t/pro-roof-scotland,myjobquote
DRS ROOFING,,Guttering,,,4.68,0,,ID Checked,,,Jan 2026,https://www.myjobquote.co.uk/t/drs-roofing-2,myjobquote
DRS ROOFING,,Guttering,,,4.68,0,,ID Checked,,,2015,https://www.myjobquote.co.uk/t/love-roofing,myjobquote
M2G Roofing & Property Services,,Guttering,,,4.68,0,,ID Checked,,,2019,https://www.myjobquote.co.uk/t/m2g-roofing-property-services,myjobquote
Briggs roofing and roughcasting,,Guttering,,,4.68,0,,,,,Feb 2018,https://www.myjobquote.co.uk/t/briggs-roofing-and-roughcasting,myjobquote
Briggs roofing and roughcasting,,Guttering,,,4.68,0,,,,,Jan 2026,https://www.myjobquote.co.uk/t/scott-hannah,myjobquote
Quality roofing specialists,,Guttering,,,4.68,0,,ID Checked,,,Apr 2022,https://www.myjobquote.co.uk/t/quality-roofing-specialists,myjobquote
Reilly roofing & builders Ltd,,Guttering,,,4.68,0,,ID Checked,,,2009,https://www.myjobquote.co.uk/t/reilly-roofing-builders-ltd,myjobquote
Centiam Home Improvements,,Guttering,,,4.68,0,,ID Checked,,,2012,https://www.myjobquote.co.uk/t/centiam-home-improvements,myjobquote
All Season ECM,,Guttering,,,4.68,0,,ID Checked,,,2017,https://www.myjobquote.co.uk/t/all-season-ecm,myjobquote
Kingfisher roofing,,Guttering,,,4.68,0,,ID Checked,,,,https://www.myjobquote.co.uk/t/kingfisher-roofing,myjobquote
MF ROOFING AND BUILDING MAINTENANCE LTD,,Guttering,,,4.68,0,,ID Checked,,,May 2025,https://www.myjobquote.co.uk/t/mf-roofing-and-building-maintenance-ltd,myjobquote
P.F.S MAINTENENCE,,Guttering,,,4.68,0,,ID Checked,,,Aug 2023,https://www.myjobquote.co.uk/t/pfs-maintenence,myjobquote
ja roofing & property maintenance,,Guttering,,,4.68,0,,ID Checked,,,Nov 2024,https://www.myjobquote.co.uk/t/ja-roofing-property-maintenance,myjobquote
Ian mathieson,,Guttering,,,4.68,0,,,,,Nov 2024,https://www.myjobquote.co.uk/t/ian-mathieson,myjobquote
Ian mathieson,,Guttering,,,4.68,0,,ID Checked,,,2022,https://www.myjobquote.co.uk/t/dsl-roofing-ltd,myjobquote
Buildscape scotland,,Guttering,,,4.68,0,,ID Checked,,,2015,https://www.myjobquote.co.uk/t/buildscape-scotland,myjobquote
Pw roofing and building maintenance,,Guttering,,,4.68,0,,ID Checked,,,Jan 2025,https://www.myjobquote.co.uk/t/pw-roofing-and-building-maintenance,myjobquote
Jjp roofing,,Guttering,,,4.68,0,,,,,2015,https://www.myjobquote.co.uk/t/jjp-roofing,myjobquote
Lion heart roofing,,Guttering,,,4.68,0,,,,,Mar 2024,https://www.myjobquote.co.uk/t/lion-heart-roofing,myjobquote
adam roofing services glasgow ltd,,Guttering,,,4.68,0,,ID Checked,,,2025,https://www.myjobquote.co.uk/t/adam-roofing-services-glasgow-ltd,myjobquote
Muirend roofing & building,,Guttering,,,4.68,0,,ID Checked,,,2020,https://www.myjobquote.co.uk/t/muirend-roofing-building,myjobquote
Doherty Roofing,,Guttering,,,4.68,0,,ID Checked; Public Liability Insurance,,,Apr 2025,https://www.myjobquote.co.uk/t/doherty-roofing,myjobquote
Trainer Exterior Cleaning,,Guttering,,,4.68,0,,ID Checked,,,Feb 2024,https://www.myjobquote.co.uk/t/trainer-exterior-cleaning,myjobquote
P&L Roofing,,Guttering,,,4.68,0,,ID Checked,,,Jul 2025,https://www.myjobquote.co.uk/t/pl-roofing,myjobquote
John McDonald,,Guttering,,,4.68,0,,,,,Mar 2024,https://www.myjobquote.co.uk/t/john-mcdonald,myjobquote
Md roofing contractors,,Guttering,,,4.68,0,,ID Checked,,,2022,https://www.myjobquote.co.uk/t/md-roofing-contractors-7,myjobquote
C Montgomery Roofing,,Guttering,,,4.68,0,,ID Checked,,,2021,https://www.myjobquote.co.uk/t/c-montgomery-roofing,myjobquote
Countrywide Roof and Walls,,Guttering,,,4.68,0,,ID Checked,,,Jan 2019,https://www.myjobquote.co.uk/t/countrywide-roof-and-walls,myjobquote
L1 property maintenance,,Guttering,,,4.68,0,,ID Checked,,,Aug 2018,https://www.myjobquote.co.uk/t/l1-property-maintenance,myjobquote
MacDonald worx,,Guttering,,,5,2,,ID Checked,,,2010,https://www.myjobquote.co.uk/t/macdonald-worx,myjobquote
A&S roofing and groundswork,,Guttering,,,5,5,,ID Checked,,,2019,https://www.myjobquote.co.uk/t/as-roofing-and-groundswork,myjobquote
A&A roofing,,Guttering,,,4.68,0,,ID Checked,,,Dec 2024,https://www.myjobquote.co.uk/t/aa-roofing-6,myjobquote
Ajw Roofing,,Guttering,,,4,1,,ID Checked,,,2001,https://www.myjobquote.co.uk/t/ajw-roofing-2,myjobquote
O&H Roofing,,Guttering,,,5,3,,ID Checked; Public Liability Insurance,,,2025,https://www.myjobquote.co.uk/t/oh-roofing-1,myjobquote
Jms roofing,,Guttering,,,4.68,0,,,,,Apr 2023,https://www.myjobquote.co.uk/t/jms-roofing,myjobquote
Jms roofing,,Guttering,,,4.68,0,,ID Checked,,,2007,https://www.myjobquote.co.uk/t/stewarts-contracts,myjobquote
JM maintainence,,Guttering,,,4.68,0,,ID Checked,,,2009,https://www.myjobquote.co.uk/t/jm-maintainence,myjobquote
McCallum Contracts,,Guttering,,,5,1,,ID Checked,,,2017,https://www.myjobquote.co.uk/t/mccallum-contracts,myjobquote
Bulldog building services,,Guttering,,,5,11,,ID Checked; Public Liability Insurance,,,2005,https://www.myjobquote.co.uk/t/bulldog-building-services,myjobquote
BCM Roofing,,Guttering,,,5,2,,ID Checked; Public Liability Insurance,,,Jun 2020,https://www.myjobquote.co.uk/t/bcm-roofing,myjobquote
DC roofing and electrical services,,Guttering,,,5,1,,ID Checked,,,2025,https://www.myjobquote.co.uk/t/dc-roofing-and-electrical-services,myjobquote
RW Roofing&Building,,Guttering,,,5,1,,ID Checked,,,2015,https://www.myjobquote.co.uk/t/rw-roofingbuilding-1,myjobquote
Hitch Roofing,,Guttering,,,5,4,,ID Checked,,,2025,https://www.myjobquote.co.uk/t/hitch-roofing,myjobquote
Propertyze property maintenance,,Guttering,,,5,1,,ID Checked,,,2010,https://www.myjobquote.co.uk/t/propertyze-property-maintenance,myjobquote
MacDonald contracts,,Guttering,,,3.7,3,,ID Checked,,,2008,https://www.myjobquote.co.uk/t/macdonald-contracts,myjobquote
Spectrum Sprayers,,Guttering,,,4.8,5,,ID Checked,,,2020,https://www.myjobquote.co.uk/t/spectrum-sprayers-1,myjobquote
Storm guard  roofing & building,,Guttering,,,4.8,15,07441440580,ID Checked,,,2015,https://www.myjobquote.co.uk/t/storm-guard-roofing-building,myjobquote
Roofmate roofing,,Guttering,,,4.5,2,,ID Checked,,,2017,https://www.myjobquote.co.uk/t/roofmate-roofing,myjobquote
Gw property maintenance,,Guttering,,,4.8,3,,ID Checked,,,2000,https://www.myjobquote.co.uk/t/gw-property-maintenance,myjobquote
Roofcheck,,Guttering,,,5,1,,ID Checked,,,1999,https://www.myjobquote.co.uk/t/roofcheck,myjobquote
KMB Building Services,,Guttering,,,4.68,0,,ID Checked,,,2021,https://www.myjobquote.co.uk/t/kmb-building-services,myjobquote
T.johnstone property Maintenance,,Guttering,,,4.68,0,,ID Checked,,,2016,https://www.myjobquote.co.uk/t/tjohnstone-property-maintenance,myjobquote
JJ roofing,,Guttering,,,4.68,0,,ID Checked,,,Aug 2025,https://www.myjobquote.co.uk/t/jj-roofing-15,myjobquote
JJ roofing,,Guttering,,,4.68,0,,ID Checked,,,Sep 2024,https://www.myjobquote.co.uk/t/jm-roofing-18,myjobquote
Alba property care,,Guttering,,,4.68,0,,ID Checked,,,2011,https://www.myjobquote.co.uk/t/alba-property-care,myjobquote
Central contractors,,Guttering,,,4.68,0,,ID Checked,,,1988,https://www.myjobquote.co.uk/t/central-contractors,myjobquote
Roofing bureau,,Guttering,,,4.68,0,,ID Checked,,,Feb 2021,https://www.myjobquote.co.uk/t/roofing-bureau,myjobquote
Roofing bureau,,Guttering,,,4.68,0,,ID Checked,,,2021,https://www.myjobquote.co.uk/t/cz-roofing,myjobquote
Ballantyne roofing and sons,,Guttering,,,4.68,0,,ID Checked,,,Nov 2024,https://www.myjobquote.co.uk/t/ballantyne-roofing-and-sons,myjobquote
C&M ROOFING SOLUTIONS,,Guttering,,,4.68,0,,ID Checked,,,Dec 2025,https://www.myjobquote.co.uk/t/cm-roofing-solutions,myjobquote
SSR Roofing,,Guttering,,,4,18,,ID Checked,,,2011,https://www.myjobquote.co.uk/t/ssr-roofing,myjobquote
Apex roofing and cleaning,,Guttering,,,4.68,0,,ID Checked,,,Dec 2017,https://www.myjobquote.co.uk/t/apex-roofing-and-cleaning,myjobquote
Monument roofing and coating for roof and wall,,Guttering,,,4.68,0,,ID Checked,,,2022,https://www.myjobquote.co.uk/t/monument-roofing-and-coating-for-roof-and-wall,myjobquote
TNT roofing,,Guttering,,,4.68,0,,ID Checked,,,Jul 2024,https://www.myjobquote.co.uk/t/tnt-roofing-3,myjobquote
TNT roofing,,Guttering,,,4.68,0,,,,,Sep 2024,https://www.myjobquote.co.uk/t/mrl-roofing,myjobquote
MRL roofing,,Guttering,,,4.68,0,,ID Checked,,,Sep 2023,https://www.myjobquote.co.uk/t/s-mullan-roofing,myjobquote
S Mullan Roofing,,Guttering,,,4.68,0,,ID Checked,,,Jul 2016,https://www.myjobquote.co.uk/t/local-roffer,myjobquote
K Leslie Group Ltd,,Guttering,,,5,2,,ID Checked,,,2016,https://www.myjobquote.co.uk/t/k-leslie-group-ltd,myjobquote
Strathclyde Roofers and Builders Ltd,,Guttering,,,5,1,,ID Checked,,,2012,https://www.myjobquote.co.uk/t/strathclyde-roofers-and-builders-ltd,myjobquote
Ecopro home,,Guttering,,,5,1,,ID Checked,,,Oct 2024,https://www.myjobquote.co.uk/t/ecopro-home,myjobquote
TRL PROPERTY MAINTENANCE,,Guttering,,,5,21,,ID Checked,,,2016,https://www.myjobquote.co.uk/t/trl-property-maintenance,myjobquote
DM Property Maintenance,,Guttering,,,5,2,,ID Checked,,,2017,https://www.myjobquote.co.uk/t/dm-property-maintenance-4,myjobquote
Macdonald roofing,,Guttering,,,4.68,0,,ID Checked,,,1999,https://www.myjobquote.co.uk/t/macdonald-roofing-4,myjobquote
Diamond Roofing,,Guttering,,,5,6,,ID Checked,,,2011,https://www.myjobquote.co.uk/t/diamond-roofing-13,myjobquote
Johnston Roofing & Solar,,Guttering,,,5,8,,ID Checked,,,2021,https://www.myjobquote.co.uk/t/johnston-roofing-solar,myjobquote
Nugen Exteriors,,Guttering,,,5,1,,ID Checked,,,Oct 2023,https://www.myjobquote.co.uk/t/nugen-exteriors,myjobquote
McPhee&Sons,,Guttering,,,4.6,8,07418367308,ID Checked,,,2009,https://www.myjobquote.co.uk/t/mcpheesons,myjobquote
Brucefield roofing & building ltd,,Guttering,,,4,1,,ID Checked,,,2022,https://www.myjobquote.co.uk/t/brucefield-roofing-building-ltd,myjobquote
Imperial Roofing Building,,Guttering,,,5,2,,ID Checked,,,2018,https://www.myjobquote.co.uk/t/imperial-roofing-building-1,myjobquote
J.w.miller property maintenance,,Guttering,,,4.68,0,,ID Checked,,,Mar 2023,https://www.myjobquote.co.uk/t/jwmiller-property-maintenance,myjobquote
Ascot roofing scot ltd,,Guttering,,,4.68,0,,ID Checked,,,Dec 2017,https://www.myjobquote.co.uk/t/ascot-roofing-scot-ltd,myjobquote
Saltire property maintenance,,Guttering,,,4.68,0,,,,,Sep 2025,https://www.myjobquote.co.uk/t/saltire-property-maintenance,myjobquote
Saltire property maintenance,,Guttering,,,4.68,0,,ID Checked,,,2002,https://www.myjobquote.co.uk/t/a-white-roofing,myjobquote
T Morgan roofing,,Guttering,,,5,7,,ID Checked; Public Liability Insurance,,,Jun 2023,https://www.myjobquote.co.uk/t/t-morgan-roofing,myjobquote
Helix property maintenance,,Guttering,,,5,15,,Public Liability Insurance,,,2017,https://www.myjobquote.co.uk/t/helix-property-maintenance,myjobquote
Roofline solutions,,Guttering,,,4.68,0,,,,,Jun 2021,https://www.myjobquote.co.uk/t/roofline-solutions-2,myjobquote
Imperial roofing,,Guttering,,,4.68,0,,ID Checked,,,Aug 2023,https://www.myjobquote.co.uk/t/imperial-roofing-1,myjobquote
Anderson roofing,,Guttering,,,4.68,0,,ID Checked,,,2018,https://www.myjobquote.co.uk/t/anderson-roofing-2,myjobquote
Castle Roofing and Property Maintenance,,Guttering,,,4.68,0,,ID Checked,,,Oct 2023,https://www.myjobquote.co.uk/t/castle-roofing-and-property-maintenance,myjobquote
North Yorks roofing services,,Guttering,,,4.68,0,,ID Checked,,,Oct 2024,https://www.myjobquote.co.uk/t/north-yorks-roofing-services,myjobquote
Roofs by SHS LTD,,Guttering,,,4.68,0,,ID Checked,,,Dec 2025,https://www.myjobquote.co.uk/t/roofs-by-shs-ltd,myjobquote
Roofs by SHS LTD,,Guttering,,,4.68,0,,ID Checked,,,2020,https://www.myjobquote.co.uk/t/jm-roofingbuilding,myjobquote
Ferris Gutters,,Guttering,,,4.68,0,,ID Checked,,,2010,https://www.myjobquote.co.uk/t/ferris-gutters,myjobquote
Ferris Gutters,,Guttering,,,4.68,0,,ID Checked,,,2025,https://www.myjobquote.co.uk/t/c-paterson-roofing,myjobquote
Bm property maintenance and roofing,,Guttering,,,4.68,0,,ID Checked,,,Jan 2026,https://www.myjobquote.co.uk/t/bm-property-maintenance-and-roofing,myjobquote
Bm property maintenance and roofing,,Guttering,,,4.68,0,,ID Checked,,,Mar 2026,https://www.myjobquote.co.uk/t/smroofing-2,myjobquote
David binnie,,Guttering,,,4.68,0,,ID Checked,,,Feb 2026,https://www.myjobquote.co.uk/t/david-binnie,myjobquote
PT roofing ltd,,Guttering,,,4.68,0,,ID Checked,,,2013,https://www.myjobquote.co.uk/t/pt-roofing-ltd,myjobquote
Reliable Roofing,,Guttering,,,4.68,0,,ID Checked,,,Nov 2025,https://www.myjobquote.co.uk/t/reliable-roofing-6,myjobquote
Brian,,Guttering,,,4.68,0,,ID Checked,,,Apr 2022,https://www.myjobquote.co.uk/t/brian-65,myjobquote
Brian,,Guttering,,,4.68,0,,,,,Nov 2024,https://www.myjobquote.co.uk/t/gkr-foodstores,myjobquote
Gkr foodstores,,Guttering,,,4.68,0,,,,,Jan 2023,https://www.myjobquote.co.uk/t/jb-slatingroofing,myjobquote
JB slating/roofing,,Guttering,,,4.68,0,,,,,Mar 2022,https://www.myjobquote.co.uk/t/sandstone-restorations-and-roofing-services-ltd,myjobquote
Sandstone restorations and roofing services ltd,,Guttering,,,4.68,0,,,,,Nov 2024,https://www.myjobquote.co.uk/t/liamstra,myjobquote
1st call roofing,,Guttering,,,5,10,,ID Checked,,,May 2025,https://www.myjobquote.co.uk/t/1st-call-roofing-1,myjobquote
Apm services,,Guttering,,,4,3,,ID Checked,,,2024,https://www.myjobquote.co.uk/t/apm-services-5,myjobquote
MG Pro care,,Guttering,,,5,1,,ID Checked,,,2024,https://www.myjobquote.co.uk/t/mg-pro-care,myjobquote
"AR Fencing, Landscaping & Roofing",,Guttering,,,4,2,,ID Checked,,,Jan 2025,https://www.myjobquote.co.uk/t/ar-fencing-landscaping-roofing,myjobquote
Signature roofing international,,Guttering,,,4.68,0,,ID Checked,,,Jan 2026,https://www.myjobquote.co.uk/t/signature-roofing-international,myjobquote
Elite cleaning,,Guttering,,,5,1,,ID Checked,,,2003,https://www.myjobquote.co.uk/t/elite-cleaning-8,myjobquote
Classic home improvements,,Guttering,,,5,3,,ID Checked,,,Jan 2026,https://www.myjobquote.co.uk/t/classic-home-improvements-1,myjobquote
IP Industrial Services Ltd,,Guttering,,,4.68,0,,,,,Oct 2024,https://www.myjobquote.co.uk/t/ip-industrial-services-ltd,myjobquote
IP Industrial Services Ltd,,Guttering,,,4.8,4,,ID Checked; Public Liability Insurance,,,2026,https://www.myjobquote.co.uk/t/no-limits-contractors-ltd,myjobquote
Trust in us property care,,Guttering,,,4.68,0,,Public Liability Insurance,,,Jan 2026,https://www.myjobquote.co.uk/t/trust-in-us-property-care,myjobquote
Irion clad roofing,,Guttering,,,4.68,0,,,,,Oct 2024,https://www.myjobquote.co.uk/t/irion-clad-roofing,myjobquote
BDS ROOFING,,Guttering,,,3.5,2,,ID Checked; Public Liability Insurance,,,2004,https://www.myjobquote.co.uk/t/bds-roofing-1,myjobquote
TG Garden&Homeimprovments,,Guttering,,,5,2,,ID Checked,,,2015,https://www.myjobquote.co.uk/t/tg-gardenhomeimprovments,myjobquote
Mc services roofing specialist,,Guttering,,,5,11,,ID Checked,,,Mar 2026,https://www.myjobquote.co.uk/t/mc-services-roofing-specialist,myjobquote
City Roofing & Upvc,,Guttering,,,5,4,,ID Checked,,,2010,https://www.myjobquote.co.uk/t/city-roofing-upvc,myjobquote
Webuild Cymru,,Guttering,,,5,1,,ID Checked,,,1994,https://www.myjobquote.co.uk/t/webuild-cymru-1,myjobquote
B&R Property Maintenance,,Guttering,,,5,4,,ID Checked,,,2020,https://www.myjobquote.co.uk/t/br-property-maintenance-1,myjobquote
Ashtcal roofing,,Guttering,,,5,3,,ID Checked,,,2020,https://www.myjobquote.co.uk/t/ashtcal-roofing,myjobquote
Ridgeline Roofing Hereford,,Guttering,,,4,1,07418318436,ID Checked,,,2022,https://www.myjobquote.co.uk/t/ridgeline-roofing-hereford,myjobquote
J&M Roofing and Landscaping,,Guttering,,,3,1,,ID Checked,,,Jan 2026,https://www.myjobquote.co.uk/t/jm-roofing-and-landscaping,myjobquote
Supreme roofers limited,,Guttering,,,5,2,,ID Checked,,,2009,https://www.myjobquote.co.uk/t/supreme-roofers-limited,myjobquote
JN Building Services & Property Development Limited,,Guttering,,,4,1,,ID Checked; Public Liability Insurance,,,2025,https://www.myjobquote.co.uk/t/jn-building-services-property-development-limited,myjobquote
Local roofing,,Guttering,,,5,1,,ID Checked,,,2000,https://www.myjobquote.co.uk/t/local-roofing-3,myjobquote
Advanced Roofing,,Guttering,,,5,1,,ID Checked,,,1999,https://www.myjobquote.co.uk/t/advanced-roofing-11,myjobquote
RT home improvements,,Guttering,,,5,1,,ID Checked,,,2025,https://www.myjobquote.co.uk/t/rt-home-improvements-1,myjobquote
Trueline Roofing & Plastics,,Guttering,,,5,3,,ID Checked,,,2024,https://www.myjobquote.co.uk/t/trueline-roofing-plastics,myjobquote
All seasons roofing & building,,Guttering,,,5,2,,ID Checked,,,2022,https://www.myjobquote.co.uk/t/all-seasons-roofing-building,myjobquote
DDR development,,Guttering,,,5,1,,ID Checked,,,2022,https://www.myjobquote.co.uk/t/ddr-development,myjobquote
Precision Exterior Cleaning & Maintenance,,Guttering,,,5,1,,ID Checked,,,2022,https://www.myjobquote.co.uk/t/precision-exterior-cleaning-maintenance,myjobquote
Celtic Roofing,,Guttering,,,5,3,,ID Checked,,,2007,https://www.myjobquote.co.uk/t/celtic-roofing,myjobquote
Jc home improvements,,Guttering,,,4.9,11,,ID Checked,,,2017,https://www.myjobquote.co.uk/t/jc-home-improvements-6,myjobquote
proficient roofing solutions,,Guttering,,,5,1,,ID Checked; Public Liability Insurance,,,2010,https://www.myjobquote.co.uk/t/proficient-roofing-solutions,myjobquote
Beachwood tree and landscaping,,Guttering,,,4.5,14,,Public Liability Insurance,,,2015,https://www.myjobquote.co.uk/t/beachwood-tree-and-landscaping,myjobquote
I c maintenance,,Guttering,,,4.3,16,,ID Checked,,,2022,https://www.myjobquote.co.uk/t/i-c-maintenance-1,myjobquote
Jack of all trades,,Guttering,,,5,2,07418369256,ID Checked,,,2019,https://www.myjobquote.co.uk/t/jack-of-all-trades-6,myjobquote
DCW property maintenance services,,Guttering,,,4.8,6,,ID Checked,,,2023,https://www.myjobquote.co.uk/t/dcw-property-maintenance-services-2,myjobquote
Newport Building And Home Improvements,,Guttering,,,5,12,,ID Checked,,,2012,https://www.myjobquote.co.uk/t/newport-building-and-home-improvements,myjobquote
Bath and wilts roofing,,Guttering,,,5,1,,ID Checked,,,Sep 2021,https://www.myjobquote.co.uk/t/bath-and-wilts-roofing,myjobquote
Roofer,,Guttering,,,5,1,,ID Checked,,,2022,https://www.myjobquote.co.uk/t/roofer-33,myjobquote
Richards&Co,,Guttering,,,5,4,,ID Checked,,,2010,https://www.myjobquote.co.uk/t/richardsco,myjobquote
LML Roofing,,Guttering,,,4.6,10,,ID Checked,,,2006,https://www.myjobquote.co.uk/t/lml-roofing,myjobquote
ALA Roofing and Building,,Guttering,,,4.4,13,,ID Checked,,,2009,https://www.myjobquote.co.uk/t/ala-roofing-and-building,myjobquote
Landgate paving & development,,Guttering,,,4.68,0,,ID Checked,,,Jun 2020,https://www.myjobquote.co.uk/t/landgate-paving-development,myjobquote
Forestry tree surgeon & O Sullivan & Sons Roofing,,Guttering,,,4.68,0,,ID Checked,,,2010,https://www.myjobquote.co.uk/t/forestry-tree-surgeon-o-sullivan-sons-roofing,myjobquote
Liam lovell,,Guttering,,,4.68,0,,ID Checked,,,2012,https://www.myjobquote.co.uk/t/liam-lovell,myjobquote
Perfect clean,,Guttering,,,4.68,0,,ID Checked,,,Aug 2023,https://www.myjobquote.co.uk/t/perfect-clean-4,myjobquote
Perfect clean,,Guttering,,,4.68,0,,ID Checked,,,2019,https://www.myjobquote.co.uk/t/dps-roofing-and-building,myjobquote
Ioroofingsolutions,,Guttering,,,4.68,0,,ID Checked,,,2018,https://www.myjobquote.co.uk/t/ioroofingsolutions,myjobquote
Gwent roofing & property maintance,,Guttering,,,4.68,0,,ID Checked,,,Oct 2024,https://www.myjobquote.co.uk/t/gwent-roofing-property-maintance,myjobquote
Rtlewis son,,Guttering,,,4.68,0,,ID Checked,,,1983,https://www.myjobquote.co.uk/t/rtlewis-son,myjobquote
Rainbow roofing and cleaning service,,Guttering,,,4.68,0,,ID Checked,,,2020,https://www.myjobquote.co.uk/t/rainbow-roofing-and-cleaning-service,myjobquote
J&lroofing,,Guttering,,,4.68,0,,ID Checked,,,Feb 2026,https://www.myjobquote.co.uk/t/jlroofing-1,myjobquote
Webberts LTD,,Guttering,,,4.68,0,,ID Checked,,,Sep 2025,https://www.myjobquote.co.uk/t/webberts-ltd,myjobquote
Manufacturing Performance Solutions Ltd,,Guttering,,,4.68,0,,ID Checked,,,2021,https://www.myjobquote.co.uk/t/manufacturing-performance-solutions-ltd,myjobquote
R&J roofing,,Guttering,,,4.68,0,,ID Checked,,,Oct 2025,https://www.myjobquote.co.uk/t/rj-roofing-10,myjobquote
Wf roofing,,Guttering,,,4.68,0,,ID Checked,,,2010,https://www.myjobquote.co.uk/t/wf-roofing-1,myjobquote
T & R GUTTERING & ROOFING,,Guttering,,,4.68,0,,ID Checked,,,Sep 2024,https://www.myjobquote.co.uk/t/t-r-guttering-roofing,myjobquote
Redeemed roofing,,Guttering,,,4.68,0,,ID Checked,,,Oct 2024,https://www.myjobquote.co.uk/t/redeemed-roofing,myjobquote
Thomas Roofing,,Guttering,,,4.68,0,,ID Checked,,,2004,https://www.myjobquote.co.uk/t/thomas-roofing,myjobquote
My roofer,,Guttering,,,4.68,0,,ID Checked,,,2019,https://www.myjobquote.co.uk/t/my-roofer-2,myjobquote
My roofer,,Guttering,,,4.68,0,,ID Checked,,,Mar 2019,https://www.myjobquote.co.uk/t/highdry-roofing,myjobquote
Gibbs roofing & guttering,,Guttering,,,4.68,0,,ID Checked,,,2024,https://www.myjobquote.co.uk/t/gibbs-roofing-guttering,myjobquote
C.H roofing,,Guttering,,,4.68,0,,ID Checked,,,Apr 2025,https://www.myjobquote.co.uk/t/ch-roofing-4,myjobquote
C.H roofing,,Guttering,,,4.68,0,,ID Checked,,,Aug 2025,https://www.myjobquote.co.uk/t/enviro-flat-roofing,myjobquote
City roofing,,Guttering,,,4.68,0,,ID Checked,,,Jan 2024,https://www.myjobquote.co.uk/t/city-roofing-13,myjobquote
J&S roofing & Landscapes,,Guttering,,,4.68,0,,ID Checked,,,2015,https://www.myjobquote.co.uk/t/js-roofing-landscapes,myjobquote
Superior Maintenance and Development LTD,,Guttering,,,4.68,0,,ID Checked,,,2020,https://www.myjobquote.co.uk/t/superior-maintenance-and-development-ltd,myjobquote
Twobrothersroofing,,Guttering,,,4.68,0,,ID Checked,,,Nov 2023,https://www.myjobquote.co.uk/t/twobrothersroofing,myjobquote
A.A Roofing & landscaping,,Guttering,,,4.68,0,,ID Checked,,,Mar 2026,https://www.myjobquote.co.uk/t/aa-roofing-landscaping,myjobquote
A.A Roofing & landscaping,,Guttering,,,5,2,,ID Checked,,,Apr 2024,https://www.myjobquote.co.uk/t/rs-tree-services,myjobquote
Jaspal,,Guttering,,,4.68,0,,ID Checked,,,Jul 2024,https://www.myjobquote.co.uk/t/jaspal-6,myjobquote
Jaspal,,Guttering,,,4.68,0,,ID Checked,,,Oct 2025,https://www.myjobquote.co.uk/t/ll-dectech,myjobquote
JSET Roofing and Construction,,Guttering,,,4.7,26,,ID Checked,,,1990,https://www.myjobquote.co.uk/t/jset-roofing-and-construction,myjobquote
J&B Building & Roofing contractors,,Guttering,,,5,1,,ID Checked,,,2000,https://www.myjobquote.co.uk/t/jb-building-roofing-contractors,myjobquote
Valley Home Improvement & Roofing,,Guttering,,,5,8,,ID Checked,,,2010,https://www.myjobquote.co.uk/t/valley-home-improvement-roofing,myjobquote
Ace Home improvements,,Guttering,,,5,1,,ID Checked,,,2008,https://www.myjobquote.co.uk/t/ace-home-improvements-8,myjobquote
Ridgeplus roofing solutions,,Guttering,,,5,39,,ID Checked,,,2020,https://www.myjobquote.co.uk/t/ridgeplus-roofing-solutions,myjobquote
Clear view Roofing & building solutions,,Guttering,,,5,15,,ID Checked,,,2013,https://www.myjobquote.co.uk/t/clear-view-roofing-building-solutions,myjobquote
BDB Roofing specialist,,Guttering,,,5,1,,ID Checked,,,2015,https://www.myjobquote.co.uk/t/bdb-roofing-specialist,myjobquote
Ifix roofing contractors Ltd,,Guttering,,,4,1,,ID Checked,,,2000,https://www.myjobquote.co.uk/t/ifix-roofing-contractors-ltd,myjobquote
S & Son Home Improvements,,Guttering,,,5,7,,ID Checked,,,2004,https://www.myjobquote.co.uk/t/s-son-home-improvements,myjobquote
Roofix,,Guttering,,,5,8,,ID Checked,,,2014,https://www.myjobquote.co.uk/t/roofix-5,myjobquote
storm king roofing,,Guttering,,,5,4,,ID Checked; Public Liability Insurance,,,2024,https://www.myjobquote.co.uk/t/storm-king-roofing,myjobquote
Phs Roofing services,,Guttering,,,5,15,,ID Checked,,,2008,https://www.myjobquote.co.uk/t/phs-roofing-services,myjobquote
V roofing,,Guttering,,,4,1,,ID Checked,,,May 2024,https://www.myjobquote.co.uk/t/v-roofing,myjobquote
Precise Roofing Ltd,,Guttering,,,5,1,07418370132,ID Checked,,,Oct 2025,https://www.myjobquote.co.uk/t/precise-roofing-ltd,myjobquote
Mr Maintenance,,Guttering,,,4,4,,ID Checked,,,1998,https://www.myjobquote.co.uk/t/mr-maintenance-11,myjobquote
Pavlovi,,Guttering,,,4.68,0,,,,,Sep 2025,https://www.myjobquote.co.uk/t/pavlovi,myjobquote
Pavlovi,,Guttering,,,4.68,0,,ID Checked,,,2014,https://www.myjobquote.co.uk/t/local-roofer,myjobquote
Northern roofing,,Guttering,,,4.68,0,,ID Checked,,,Aug 2025,https://www.myjobquote.co.uk/t/northern-roofing-1,myjobquote
Northern roofing,,Guttering,,,4.68,0,,ID Checked,,,2017,https://www.myjobquote.co.uk/t/heritage-roofing-and-building-contractors-3,myjobquote
SJ Roofing,,Guttering,,,4.68,0,,ID Checked,,,Sep 2022,https://www.myjobquote.co.uk/t/sj-roofing-6,myjobquote
Thomas Ellis Property Care,,Guttering,,,5,6,,ID Checked,,,1998,https://www.myjobquote.co.uk/t/thomas-ellis-property-care,myjobquote
All side roofing ltd,,Guttering,,,5,2,,ID Checked,,,2023,https://www.myjobquote.co.uk/t/all-side-roofing-ltd-1,myjobquote
Owens roofing Cheshire,,Guttering,,,5,5,,ID Checked,,,2019,https://www.myjobquote.co.uk/t/owens-roofing-cheshire,myjobquote
All aspects,,Guttering,,,5,2,,ID Checked,,,2025,https://www.myjobquote.co.uk/t/all-aspects-13,myjobquote
Revival property maintenance,,Guttering,,,5,8,,ID Checked,,,2014,https://www.myjobquote.co.uk/t/revival-property-maintenance,myjobquote
TM Property Maintenance,,Guttering,,,5,2,,ID Checked,,,2012,https://www.myjobquote.co.uk/t/tm-property-maintenance-13,myjobquote
J & M Roofing,,Guttering,,,5,72,,ID Checked,,,2010,https://www.myjobquote.co.uk/t/j-m-roofing-2,myjobquote
TOPSTYLE ROOFING SOLUTIONS,,Guttering,,,5,1,,ID Checked,,,2020,https://www.myjobquote.co.uk/t/topstyle-roofing-solutions,myjobquote
County Roofing & Home Improvements,,Guttering,,,5,22,,ID Checked,,,1998,https://www.myjobquote.co.uk/t/county-roofing-home-improvements,myjobquote
AT Roofing,,Guttering,,,5,16,,ID Checked,,,2016,https://www.myjobquote.co.uk/t/at-roofing-3,myjobquote
PD & Sons,,Guttering,,,5,3,,ID Checked,,,Dec 2020,https://www.myjobquote.co.uk/t/pd-sons,myjobquote
Drone Roofing,,Guttering,,,4,14,,ID Checked,,,2022,https://www.myjobquote.co.uk/t/drone-roofing-1,myjobquote
Ridgeline,,Guttering,,,5,2,,ID Checked,,,2000,https://www.myjobquote.co.uk/t/ridgeline-1,myjobquote
Trust Style Roofing,,Guttering,,,5,64,,ID Checked,,,2006,https://www.myjobquote.co.uk/t/trust-style-roofing,myjobquote
Tip Top Roofing & Groundwork,,Guttering,,,5,2,,ID Checked,,,2016,https://www.myjobquote.co.uk/t/tip-top-roofing-groundwork,myjobquote
D&s roofing,,Guttering,,,5,3,,ID Checked,,,2019,https://www.myjobquote.co.uk/t/ds-roofing-10,myjobquote
Tile style roofing,,Guttering,,,5,16,,ID Checked,,,2023,https://www.myjobquote.co.uk/t/tile-style-roofing,myjobquote
N&E ROOFING CONTRACTORS,,Guttering,,,5,2,,ID Checked,,,2017,https://www.myjobquote.co.uk/t/ne-roofing-contractors,myjobquote
Ridgeline roofing,,Guttering,,,5,3,,ID Checked,,,2009,https://www.myjobquote.co.uk/t/ridgeline-roofing-15,myjobquote
DPC driveway & patio control,,Guttering,,,5,1,,ID Checked,,,Feb 2024,https://www.myjobquote.co.uk/t/dpc-driveway-patio-control,myjobquote
A & L Roofing and groundworks,,Guttering,,,5,1,,,,,,https://www.myjobquote.co.uk/t/a-l-roofing-and-groundworks,myjobquote
M&s construction Wrexham,,Guttering,,,5,9,,ID Checked,,,2022,https://www.myjobquote.co.uk/t/ms-construction-wrexham,myjobquote
Have it your way roof solutions,,Guttering,,,4.68,0,,ID Checked,,,Dec 2022,https://www.myjobquote.co.uk/t/have-it-your-way-roof-solutions,myjobquote
CJ roofing,,Guttering,,,4.68,0,,ID Checked,,,2004,https://www.myjobquote.co.uk/t/cj-roofing-9,myjobquote
CJ roofing,,Guttering,,,4.68,0,,ID Checked,,,Feb 2024,https://www.myjobquote.co.uk/t/mbhomeinprovements,myjobquote
MBhomeinprovements,,Guttering,,,4.68,0,,ID Checked,,,2020,https://www.myjobquote.co.uk/t/j-g-roofing,myjobquote
RSS FLAT ROOFING AND SYSTEMS,,Guttering,,,4.68,0,,ID Checked,,,2023,https://www.myjobquote.co.uk/t/rss-flat-roofing-and-systems,myjobquote
LN Roofing,,Guttering,,,4.68,0,,ID Checked,,,2021,https://www.myjobquote.co.uk/t/ln-roofing,myjobquote
Starline roofing & property maintenance,,Guttering,,,4.68,0,,,,,Nov 2019,https://www.myjobquote.co.uk/t/starline-roofing-property-maintenance,myjobquote
Acs home improvements,,Guttering,,,4.68,0,,ID Checked,,,Feb 2024,https://www.myjobquote.co.uk/t/acs-home-improvements-2,myjobquote
A.Pritchards roofing repair services,,Guttering,,,4.68,0,,ID Checked,,,2015,https://www.myjobquote.co.uk/t/apritchards-roofing-repair-services,myjobquote
STAY DRY ROOFING,,Guttering,,,4.68,0,,ID Checked,,,2000,https://www.myjobquote.co.uk/t/stay-dry-roofing-8,myjobquote
Quality roofing&building,,Guttering,,,4.68,0,,ID Checked,,,2009,https://www.myjobquote.co.uk/t/quality-roofingbuilding,myjobquote
On top roofing,,Guttering,,,4.68,0,,ID Checked,,,Jan 2026,https://www.myjobquote.co.uk/t/on-top-roofing-6,myjobquote
On top roofing,,Guttering,,,4.68,0,,ID Checked,,,2023,https://www.myjobquote.co.uk/t/visionary-roofing-and-groundworks,myjobquote
Roofing masters,,Guttering,,,4.68,0,,ID Checked,,,Jan 2025,https://www.myjobquote.co.uk/t/roofing-masters,myjobquote
Roofing masters,,Guttering,,,4.6,11,,ID Checked,,,1994,https://www.myjobquote.co.uk/t/lg-roofing-and-building,myjobquote
HUGHS HOME MAINTENANCE,,Guttering,,,5,2,,ID Checked,,,2020,https://www.myjobquote.co.uk/t/hughs-home-maintenance-1,myjobquote
Levi’s joinery,,Guttering,,,4.5,2,,ID Checked,,,Nov 2024,https://www.myjobquote.co.uk/t/levis-joinery,myjobquote
S jones building and roofing,,Guttering,,,4.5,2,,ID Checked,,,1980,https://www.myjobquote.co.uk/t/s-jones-building-and-roofing,myjobquote
Jac Davies,,Guttering,,,4.68,0,,,,,Feb 2025,https://www.myjobquote.co.uk/t/jac-davies,myjobquote
Jac Davies,,Guttering,,,4.68,0,,,,,Feb 2025,https://www.myjobquote.co.uk/t/ace-felt-roofing-ltd,myjobquote
ACE FELT ROOFING LTD,,Guttering,,,4.68,0,,ID Checked,,,Oct 2022,https://www.myjobquote.co.uk/t/smithsroofing,myjobquote
Roberts roofing Ltd,,Guttering,,,4.68,0,,ID Checked,,,Apr 2024,https://www.myjobquote.co.uk/t/roberts-roofing-ltd,myjobquote
OG Roofing and Building Maintenance,,Guttering,,,4.68,0,,,,,Jun 2023,https://www.myjobquote.co.uk/t/og-roofing-and-building-maintenance,myjobquote
Cameron,,Guttering,,,4.68,0,,,,,Apr 2023,https://www.myjobquote.co.uk/t/cameron-29,myjobquote
Cameron,,Guttering,,,4.68,0,,,,,Feb 2023,https://www.myjobquote.co.uk/t/ng-warburton-roofing-contractor,myjobquote
Ng warburton roofing contractor,,Guttering,,,4.68,0,,ID Checked,,,May 2024,https://www.myjobquote.co.uk/t/dh-home-improvements-2,myjobquote
J&R landscaping,,Guttering,,,4.68,0,,ID Checked,,,May 2024,https://www.myjobquote.co.uk/t/jr-landscaping-2,myjobquote
J&R landscaping,,Guttering,,,4.7,7,,ID Checked; Public Liability Insurance,,,Apr 2025,https://www.myjobquote.co.uk/t/burrows-roofing,myjobquote
Royal Home Improvements,,Guttering,,,5,2,07418365835,ID Checked; Public Liability Insurance,,,2013,https://www.myjobquote.co.uk/t/royal-home-improvements-3,myjobquote
JL roofing and maintenance,,Guttering,,,5,1,,ID Checked,,,Apr 2025,https://www.myjobquote.co.uk/t/jl-roofing-and-maintenance,myjobquote
Assured roofing,,Guttering,,,4,5,07441473244,ID Checked; Public Liability Insurance,,,1900,https://www.myjobquote.co.uk/t/assured-roofing-2,myjobquote
All about roofing,,Guttering,,,5,1,,ID Checked,,,2020,https://www.myjobquote.co.uk/t/all-about-roofing-5,myjobquote
Tried and true construction,,Guttering,,,5,1,,ID Checked,,,2002,https://www.myjobquote.co.uk/t/tried-and-true-construction,myjobquote
P D Roofing & Building Contractors,,Guttering,,,5,4,07418362286,ID Checked,,,2006,https://www.myjobquote.co.uk/t/p-d-roofing-building-contractors,myjobquote
Rebuild roofing & guttering LTD,,Guttering,,,5,1,,ID Checked; Public Liability Insurance,,,2015,https://www.myjobquote.co.uk/t/rebuild-roofing-guttering-ltd,myjobquote
M&m roofing,,Guttering,,,5,1,,ID Checked,,,Jan 2026,https://www.myjobquote.co.uk/t/mm-roofing-2,myjobquote
SR StormGuide Roofing,,Guttering,,,5,1,,ID Checked,,,2023,https://www.myjobquote.co.uk/t/sr-stormguide-roofing,myjobquote
Apex roofing and property maintenance,,Guttering,,,5,2,,ID Checked,,,2015,https://www.myjobquote.co.uk/t/apex-roofing-and-property-maintenance-1,myjobquote
Act fast roofing ltd,,Guttering,,,5,1,,ID Checked,,,2001,https://www.myjobquote.co.uk/t/act-fast-roofing-ltd,myjobquote
WB property maintenance,,Guttering,,,5,2,07441449115,ID Checked,,,1993,https://www.myjobquote.co.uk/t/wb-property-maintenance-1,myjobquote
LW home improvements,,Guttering,,,5,1,,ID Checked,,,1992,https://www.myjobquote.co.uk/t/lw-home-improvements-1,myjobquote
Titanium Roofing,,Guttering,,,5,2,07418349565,ID Checked,,,2023,https://www.myjobquote.co.uk/t/titanium-roofing,myjobquote
All Aspect roofing and joinery,,Guttering,,,4,1,,ID Checked,,,Nov 2025,https://www.myjobquote.co.uk/t/all-aspect-roofing-and-joinery,myjobquote
SJ Construction,,Guttering,,,5,13,,ID Checked,,,1990,https://www.myjobquote.co.uk/t/sj-construction-2,myjobquote
Green Home Maintenance And Handyman services,,Guttering,,,5,62,,ID Checked,,,2018,https://www.myjobquote.co.uk/t/green-home-maintenance-and-handyman-services,myjobquote
BMW roofing & building,,Guttering,,,5,1,,ID Checked,,,2016,https://www.myjobquote.co.uk/t/bmw-roofing-building,myjobquote
Expert Roofing For You,,Guttering,,,5,3,,ID Checked,,,Nov 2025,https://www.myjobquote.co.uk/t/expert-roofing-for-you,myjobquote
Lad Roofing & Damp Proofing,,Guttering,,,4,17,,ID Checked,,,2002,https://www.myjobquote.co.uk/t/lad-roofing-damp-proofing,myjobquote
Skyline roofing and construction,,Guttering,,,5,1,,ID Checked,,,2024,https://www.myjobquote.co.uk/t/skyline-roofing-and-construction-1,myjobquote
Royale property care,,Guttering,,,5,1,,ID Checked,,,Nov 2025,https://www.myjobquote.co.uk/t/royale-property-care-1,myjobquote
Skyward Roofing and Gutter,,Guttering,,,5,2,,ID Checked,,,Nov 2025,https://www.myjobquote.co.uk/t/skyward-roofing-and-gutter,myjobquote
Cal&#039;s Roofing UK - Roofing specialists,,Guttering,,,5,2,,ID Checked,,,2020,https://www.myjobquote.co.uk/t/cals-roofing-uk-roofing-specialists,myjobquote
Sams Roof Repairs,,Guttering,,,5,53,,ID Checked,,,Sep 2024,https://www.myjobquote.co.uk/t/sams-roof-repairs,myjobquote
M Blackwell Roofing,,Guttering,,,5,5,,ID Checked,,,1989,https://www.myjobquote.co.uk/t/m-blackwell-roofing,myjobquote
CPR Roofing & Building,,Guttering,,,4,7,,ID Checked,,,2020,https://www.myjobquote.co.uk/t/cpr-roofing-building,myjobquote
Northridge Roofing Contractors,,Guttering,,,4,1,,ID Checked,,,Mar 2023,https://www.myjobquote.co.uk/t/northridge-roofing-contractors-1,myjobquote
SJ Roofing & Property Maintenance,,Guttering,,,5,1,,ID Checked,,,2009,https://www.myjobquote.co.uk/t/sj-roofing-property-maintenance-1,myjobquote
Honestus Roofing ltd,,Guttering,,,5,5,07418374643,ID Checked,,,1994,https://www.myjobquote.co.uk/t/honestus-roofing-ltd,myjobquote
Regent roofing services Limited,,Guttering,,,4.6,35,,ID Checked,,,2016,https://www.myjobquote.co.uk/t/regent-roofing-services-limited,myjobquote
Marius,,Guttering,,,5,13,,ID Checked,,,2005,https://www.myjobquote.co.uk/t/marius-9,myjobquote
London Town Roofing,,Guttering,,,5,8,,ID Checked,,,1987,https://www.myjobquote.co.uk/t/london-town-roofing,myjobquote
Executive roofing and building services,,Guttering,,,5,7,,ID Checked,,,Feb 2024,https://www.myjobquote.co.uk/t/executive-roofing-and-building-services,myjobquote
to repair and installation,,Guttering,,,5,6,07418367597,ID Checked,,,2025,https://www.myjobquote.co.uk/t/to-repair-and-installation,myjobquote
Goldstar roofing uk Ltd,,Guttering,,,4,3,,ID Checked,,,1987,https://www.myjobquote.co.uk/t/goldstar-roofing-uk-ltd,myjobquote
Nuaj construction,,Guttering,,,5,38,07418341696,ID Checked,,,2022,https://www.myjobquote.co.uk/t/nuaj-construction,myjobquote
Berkeley Roofing and Building,,Guttering,,,5,8,,ID Checked,,,2000,https://www.myjobquote.co.uk/t/berkeley-roofing-and-building-1,myjobquote
DC Roofing and Property Maintenance,,Guttering,,,5,2,,ID Checked,,,Feb 2025,https://www.myjobquote.co.uk/t/dc-roofing-and-property-maintenance-2,myjobquote
London Architectural roofing ltd,,Guttering,,,5,84,,ID Checked; Public Liability Insurance,,,2004,https://www.myjobquote.co.uk/t/london-architectural-roofing-ltd,myjobquote
Havering Roofing and Building Ltd,,Guttering,,,5,44,,ID Checked; Public Liability Insurance,,,2019,https://www.myjobquote.co.uk/t/havering-roofing-and-building-ltd,myjobquote
Truetop Roofing Ltd,,Guttering,,,5,8,,ID Checked,,,2010,https://www.myjobquote.co.uk/t/truetop-roofing-ltd,myjobquote
Roof surge group Ltd,,Guttering,,,4,1,,ID Checked,,,2025,https://www.myjobquote.co.uk/t/roof-surge-group-ltd,myjobquote
Bright Day Services,,Guttering,,,5,33,07441473219,ID Checked,,,2015,https://www.myjobquote.co.uk/t/bright-day-services,myjobquote
Homebase roofing Ltd,,Guttering,,,5,23,,ID Checked,,,2015,https://www.myjobquote.co.uk/t/homebase-roofing-ltd,myjobquote
Roofco home improvements,,Guttering,,,5,9,,ID Checked; Public Liability Insurance,,,1985,https://www.myjobquote.co.uk/t/roofco-home-improvements,myjobquote
Roofing solutions,,Guttering,,,5,4,,ID Checked,,,2024,https://www.myjobquote.co.uk/t/roofing-solutions-8,myjobquote
North London roofing,,Guttering,,,5,3,07418373788,ID Checked,,,1997,https://www.myjobquote.co.uk/t/north-london-roofing,myjobquote
Titan roofing,,Guttering,,,5,2,,ID Checked; Public Liability Insurance,,,2025,https://www.myjobquote.co.uk/t/titan-roofing-5,myjobquote
BROMLEY ROOFER LTD,,Guttering,,,5,2,07418360547,ID Checked,,,Oct 2022,https://www.myjobquote.co.uk/t/bromley-roofer-ltd,myjobquote
ELITE CONTRACTORS,,Guttering,,,5,1,,ID Checked,,,,https://www.myjobquote.co.uk/t/elite-contractors-3,myjobquote
Smart clean,,Guttering,,,5,8,07451260890,ID Checked,,,2015,https://www.myjobquote.co.uk/t/smart-clean,myjobquote
MBs building services,,Guttering,,,4,4,,ID Checked,,,2019,https://www.myjobquote.co.uk/t/mbs-building-services,myjobquote
Hindle roofing,,Guttering,,,5,3,,ID Checked,,,2010,https://www.myjobquote.co.uk/t/hindle-roofing,myjobquote
A1 ROOFING SERVICE AND UPVC,,Guttering,,,5,3,,ID Checked,,,1990,https://www.myjobquote.co.uk/t/a1-roofing-service-and-upvc,myjobquote
SkyLine RoofCare,,Guttering,,,5,2,,ID Checked,,,Oct 2025,https://www.myjobquote.co.uk/t/skyline-roofcare,myjobquote
Platinum stone,,Guttering,,,5,1,,ID Checked,,,Oct 2025,https://www.myjobquote.co.uk/t/platinum-stone,myjobquote
Mayfair Property Solutions LTD,,Guttering,,,5,1,,ID Checked,,,1998,https://www.myjobquote.co.uk/t/mayfair-property-solutions-ltd,myjobquote
Shield roofing & build,,Guttering,,,4,1,,ID Checked,,,Oct 2025,https://www.myjobquote.co.uk/t/shield-roofing-build,myjobquote
AC ROOFING & BUILDING LTD,,Guttering,,,4,1,,ID Checked; Public Liability Insurance,,,Feb 2024,https://www.myjobquote.co.uk/t/ac-roofing-building-ltd,myjobquote
TC home improvements,,Guttering,,,5,5,,ID Checked,,,2003,https://www.myjobquote.co.uk/t/tc-home-improvements-3,myjobquote
Supreme O Roofing Ltd,,Guttering,,,4,1,07418317156,ID Checked; Public Liability Insurance,,,2018,https://www.myjobquote.co.uk/t/supreme-o-roofing-ltd,myjobquote
J&B Roofing,,Guttering,,,5,3,,ID Checked,,,2022,https://www.myjobquote.co.uk/t/jb-roofing-14,myjobquote
The L&C Group Ltd,,Guttering,,,5,3,,ID Checked,,,2000,https://www.myjobquote.co.uk/t/the-lc-group-ltd,myjobquote
HighRise Roofing&Building,,Guttering,,,5,2,,ID Checked,,,2018,https://www.myjobquote.co.uk/t/highrise-roofingbuilding,myjobquote
Lewis & Sons Home Improvements Ltd,,Guttering,,,5,2,,ID Checked,,,May 2025,https://www.myjobquote.co.uk/t/lewis-sons-home-improvements-ltd,myjobquote
UK ROOFING CONTRACTORS LIMITED,,Guttering,,,4,1,,ID Checked,,,2018,https://www.myjobquote.co.uk/t/uk-roofing-contractors-limited-1,myjobquote
Peak perfection,,Guttering,,,5,1,,ID Checked,,,Jul 2023,https://www.myjobquote.co.uk/t/peak-perfection-1,myjobquote
W.martin roofing&contractors ltd,,Guttering,,,5,1,,ID Checked,,,Sep 2025,https://www.myjobquote.co.uk/t/wmartin-roofingcontractors-ltd,myjobquote
Complex roofing & general maintenance,,Guttering,,,5,1,,ID Checked,,,2019,https://www.myjobquote.co.uk/t/complex-roofing-general-maintenance,myjobquote
STORM GUARD ROOFING & BUILDING LTD,,Guttering,,,4.9,9,07418369101,ID Checked,,,2023,https://www.myjobquote.co.uk/t/storm-guard-roofing-building-ltd,myjobquote
A.N.R roofing,,Guttering,,,5,13,07418368334,ID Checked; Public Liability Insurance,,,2016,https://www.myjobquote.co.uk/t/anr-roofing,myjobquote
Inner City Roofing,,Guttering,,,4,10,,ID Checked,,,2005,https://www.myjobquote.co.uk/t/inner-city-roofing-1,myjobquote
T&M Home improvement Ltd,,Guttering,,,3.9,13,07418318714,ID Checked; Public Liability Insurance,,,2014,https://www.myjobquote.co.uk/t/tm-home-improvement-ltd,myjobquote
Hybrid Roofing,,Guttering,,,5,4,,ID Checked; Public Liability Insurance,,,Aug 2020,https://www.myjobquote.co.uk/t/hybrid-roofing,myjobquote
Access Home Improvements,,Guttering,,,5,4,,ID Checked,,,Mar 2023,https://www.myjobquote.co.uk/t/access-home-improvements,myjobquote
Johnroofing ltd,,Guttering,,,5,1,07451261256,ID Checked,,,2005,https://www.myjobquote.co.uk/t/johnroofing-ltd,myjobquote
SK CONSULTING AND SERVICES LIMITED,,Guttering,,,5,2,,ID Checked,,,2022,https://www.myjobquote.co.uk/t/sk-consulting-and-services-limited,myjobquote
Nrs roofing services,,Guttering,,,5,1,07418317352,ID Checked,,,2012,https://www.myjobquote.co.uk/t/nrs-roofing-services,myjobquote
Howdens Roofing and Building Ltd,,Guttering,,,5,2,07418349032,ID Checked,,,Aug 2025,https://www.myjobquote.co.uk/t/howdens-roofing-and-building-ltd,myjobquote
Ayres Building&Roofing LTD,,Guttering,,,4,1,,ID Checked,,,Aug 2025,https://www.myjobquote.co.uk/t/ayres-buildingroofing-ltd,myjobquote
Active home improvements,,Guttering,,,5,1,,ID Checked,,,Sep 2025,https://www.myjobquote.co.uk/t/active-home-improvements,myjobquote
Tuti Builders,,Guttering,,,5,6,07418340400,ID Checked,,,2018,https://www.myjobquote.co.uk/t/tuti-builders,myjobquote
S.O Roofing,,Guttering,,,5,15,,ID Checked,,,Jul 2025,https://www.myjobquote.co.uk/t/so-roofing,myjobquote
Cornerstone Property Solutions UK Ltd,,Guttering,,,5,4,,ID Checked,,,2020,https://www.myjobquote.co.uk/t/cornerstone-property-solutions-uk-ltd,myjobquote
Pow Wash,,Guttering,,,5,2,,ID Checked,,,Jul 2025,https://www.myjobquote.co.uk/t/pow-wash,myjobquote
Alpha Construction,,Guttering,,,5,2,,ID Checked,,,1982,https://www.myjobquote.co.uk/t/alpha-construction-6,myjobquote
Ervis Cakoni,,Guttering,,,5,5,,ID Checked,,,2019,https://www.myjobquote.co.uk/t/ervis-cakoni,myjobquote
TM Exterior Property Maintenance,,Guttering,,,4.3,15,,ID Checked,,,2018,https://www.myjobquote.co.uk/t/tm-exterior-property-maintenance,myjobquote
Tar Village,,Guttering,,,5,3,,ID Checked,,,Sep 2023,https://www.myjobquote.co.uk/t/tar-village,myjobquote
Thomas ball property services,,Guttering,,,4.8,19,07441440879,ID Checked,,,1999,https://www.myjobquote.co.uk/t/thomas-ball-property-services-1,myjobquote
Xpert Builders,,Guttering,,,4.4,8,,ID Checked,,,Oct 2018,https://www.myjobquote.co.uk/t/xpert-builders,myjobquote
Apex Sealants Ltd,,Guttering,,,3,1,,ID Checked,,,2023,https://www.myjobquote.co.uk/t/apex-sealants-ltd,myjobquote
Prime home improvements Ltd,,Guttering,,,1,1,,ID Checked,,,2020,https://www.myjobquote.co.uk/t/prime-home-improvements-ltd,myjobquote
Eagle Construction and Renovation Ltd,,Guttering,,,3,1,,ID Checked,,,1995,https://www.myjobquote.co.uk/t/eagle-construction-and-renovation-ltd,myjobquote
LS&Sons,,Guttering,,,1,1,,ID Checked,,,2018,https://www.myjobquote.co.uk/t/lssons,myjobquote
RainMaster roofing & building ltd,,Guttering,,,3,1,,ID Checked,,,2013,https://www.myjobquote.co.uk/t/rainmaster-roofing-building-ltd,myjobquote
Oakland Gardening Maintenance,,Guttering,,,3,1,,ID Checked,,,2016,https://www.myjobquote.co.uk/t/oakland-gardening-maintenance-1,myjobquote
Roof Rite Roofing and Building,,Guttering,,,1,1,,ID Checked; Public Liability Insurance,,,Jan 2024,https://www.myjobquote.co.uk/t/roof-rite-roofing-and-building,myjobquote
Instant roofing and Guttering,,Guttering,,,1,1,,ID Checked; Public Liability Insurance,,,1996,https://www.myjobquote.co.uk/t/instant-roofing-and-guttering,myjobquote
ML roofing,,Guttering,,,4.68,0,,ID Checked,,,Oct 2025,https://www.myjobquote.co.uk/t/ml-roofing-3,myjobquote
Jandsrooflines,,Guttering,,,4.68,0,,ID Checked,,,Oct 2025,https://www.myjobquote.co.uk/t/jandsrooflines,myjobquote
Hicks roofing,,Guttering,,,4.68,0,,,,,Aug 2023,https://www.myjobquote.co.uk/t/hicks-roofing-1,myjobquote
Hicks roofing,,Guttering,,,4.68,0,,,,,Feb 2025,https://www.myjobquote.co.uk/t/crown-roofing-ltd,myjobquote
SAS Roofing,,Guttering,,,4.68,0,,ID Checked,,,Apr 2024,https://www.myjobquote.co.uk/t/sas-roofing-1,myjobquote
Tp building &. Brolin,,Guttering,,,4.68,0,,Public Liability Insurance,,,Sep 2024,https://www.myjobquote.co.uk/t/tp-building-brolin,myjobquote
Johal roofing,,Guttering,,,4.68,0,,ID Checked,,,2004,https://www.myjobquote.co.uk/t/johal-roofing-1,myjobquote
Goldline Roofing And Guttering,,Guttering,,,4.68,0,,ID Checked,,,Apr 2024,https://www.myjobquote.co.uk/t/goldline-roofing-and-guttering,myjobquote
Vtech Roofing And Building ltd,,Guttering,,,4.68,0,,ID Checked,,,1990,https://www.myjobquote.co.uk/t/vtech-roofing-and-building-ltd,myjobquote
International roofing ltd,,Guttering,,,4.68,0,,ID Checked; Public Liability Insurance,,,Jan 2024,https://www.myjobquote.co.uk/t/international-roofing-ltd,myjobquote
Approved roofing solutions,,Guttering,,,4.68,0,,ID Checked,,,,https://www.myjobquote.co.uk/t/approved-roofing-solutions,myjobquote
Pro Property Improvements,,Guttering,,,4.68,0,,ID Checked,,,2020,https://www.myjobquote.co.uk/t/pro-property-improvements,myjobquote
Orest,,Guttering,,,4.68,0,,ID Checked,,,Oct 2025,https://www.myjobquote.co.uk/t/orest-3,myjobquote
J&C homework’s Ltd,,Guttering,,,4.68,0,,ID Checked,,,Mar 2025,https://www.myjobquote.co.uk/t/jc-homeworks-ltd,myjobquote
J&C homework’s Ltd,,Guttering,,,4.68,0,,ID Checked,,,Feb 2026,https://www.myjobquote.co.uk/t/summit-services,myjobquote
R&R ROOFING,,Guttering,,,4.68,0,,ID Checked,,,2013,https://www.myjobquote.co.uk/t/rr-roofing-15,myjobquote
skyline,,Guttering,,,4.68,0,,ID Checked,,,Jan 2026,https://www.myjobquote.co.uk/t/skyline-3,myjobquote
skyline,,Guttering,,,4.68,0,,,,,2018,https://www.myjobquote.co.uk/t/active-roofing-and-building-ltd,myjobquote
A star roofing and building,,Guttering,,,4.68,0,,ID Checked,,,2004,https://www.myjobquote.co.uk/t/a-star-roofing-and-building,myjobquote
Revolution roofing,,Guttering,,,4.68,0,,ID Checked,,,2017,https://www.myjobquote.co.uk/t/revolution-roofing-1,myjobquote
loyalty13 ltd,,Guttering,,,4.68,0,,ID Checked,,,2015,https://www.myjobquote.co.uk/t/loyalty13-ltd,myjobquote
Owen Flat Roofing,,Guttering,,,4.68,0,,ID Checked,,,Dec 2018,https://www.myjobquote.co.uk/t/owen-flat-roofing,myjobquote
KINGSLEYROOFING&GUTTERING,,Guttering,,,4.68,0,,ID Checked,,,Oct 2024,https://www.myjobquote.co.uk/t/kingsleyroofingguttering,myjobquote
Gb roofing contractors ltd,,Guttering,,,4.68,0,,ID Checked,,,Nov 2025,https://www.myjobquote.co.uk/t/gb-roofing-contractors-ltd,myjobquote
Sam&#039;s Gutters,,Guttering,,,4.68,0,,ID Checked,,,2009,https://www.myjobquote.co.uk/t/sams-gutters,myjobquote
Quantity Building Services Ltd,,Guttering,,,4.68,0,,ID Checked,,,2025,https://www.myjobquote.co.uk/t/quantity-building-services-ltd,myjobquote
Ground to roof developments,,Guttering,,,4.68,0,,ID Checked,,,2016,https://www.myjobquote.co.uk/t/ground-to-roof-developments,myjobquote
Roofer,,Guttering,,,4.68,0,,,,,Jul 2023,https://www.myjobquote.co.uk/t/roofer-19,myjobquote
Roofer,,Guttering,,,4.68,0,,,,,Dec 2022,https://www.myjobquote.co.uk/t/roofer-63,myjobquote
Roofer,,Guttering,,,4.68,0,,,,,May 2024,https://www.myjobquote.co.uk/t/rightway-roofing-cleaning,myjobquote
4 Seasons roofing and maintenance,,Guttering,,,5,2,,ID Checked,,,2025,https://www.myjobquote.co.uk/t/4-seasons-roofing-and-maintenance,myjobquote
CM Construction,,Guttering,,,5,1,,ID Checked,,,2014,https://www.myjobquote.co.uk/t/cm-construction-10,myjobquote
Ultimate Roofing services,,Guttering,,,5,26,,ID Checked,,,May 2025,https://www.myjobquote.co.uk/t/ultimate-roofing-services,myjobquote
AJC Roofing,,Guttering,,,5,7,,ID Checked; Public Liability Insurance,,,2020,https://www.myjobquote.co.uk/t/ajc-roofing-1,myjobquote
Tj roofing and building,,Guttering,,,5,2,,ID Checked; Public Liability Insurance,,,1997,https://www.myjobquote.co.uk/t/tj-roofing-and-building-1,myjobquote
Roofing and Guttering,,Guttering,,,5,2,,ID Checked,,,2021,https://www.myjobquote.co.uk/t/roofing-and-guttering-1,myjobquote
PJ Roofing and Building,,Guttering,,,4.2,5,,Public Liability Insurance,,,1988,https://www.myjobquote.co.uk/t/pj-roofing-and-building,myjobquote
Manusrl,,Guttering,,,4.68,0,,Public Liability Insurance,,,Jan 2021,https://www.myjobquote.co.uk/t/manusrl,myjobquote
Manusrl,,Guttering,,,4.68,0,,ID Checked,,,Mar 2026,https://www.myjobquote.co.uk/t/tunn-roofing-and-cladding,myjobquote
Marvin haynes,,Guttering,,,4.68,0,,ID Checked,,,2020,https://www.myjobquote.co.uk/t/marvin-haynes,myjobquote
PB Building and Roofing Services,,Guttering,,,5,11,,ID Checked,,,2013,https://www.myjobquote.co.uk/t/pb-building-and-roofing-services,myjobquote
Dripstop roofing,,Guttering,,,5,7,07451260929,ID Checked; Public Liability Insurance,,,2025,https://www.myjobquote.co.uk/t/dripstop-roofing,myjobquote
Low cost roofing ltd,,Guttering,,,5,2,,ID Checked,,,Jan 2026,https://www.myjobquote.co.uk/t/low-cost-roofing-ltd,myjobquote
MAE roofing & guttering specialists,,Guttering,,,5,5,,ID Checked,,,2002,https://www.myjobquote.co.uk/t/mae-roofing-guttering-specialists,myjobquote
Highsky roofing ltd,,Guttering,,,5,10,,ID Checked,,,2024,https://www.myjobquote.co.uk/t/highsky-roofing-ltd,myjobquote
LMB ROOFING & BUILDING,,Guttering,,,5,3,07418362395,ID Checked,,,2020,https://www.myjobquote.co.uk/t/lmb-roofing-building,myjobquote
HM Roofing,,Guttering,,,5,2,,ID Checked; Public Liability Insurance,,,Dec 2019,https://www.myjobquote.co.uk/t/hm-roofing-3,myjobquote
RM Roofing&Guttering,,Guttering,,,5,2,,ID Checked,,,2025,https://www.myjobquote.co.uk/t/rm-roofingguttering,myjobquote
Hnl refurbishments,,Guttering,,,5,44,,ID Checked,,,2016,https://www.myjobquote.co.uk/t/hnl-refurbishments,myjobquote
ARC guttering & roofing services,,Guttering,,,5,40,07418364398,ID Checked,,,2001,https://www.myjobquote.co.uk/t/arc-guttering-roofing-services,myjobquote
Sky Roofing Services,,Guttering,,,5,15,,ID Checked; Public Liability Insurance,,,2018,https://www.myjobquote.co.uk/t/sky-roofing-services,myjobquote
JS Roofing Services,,Guttering,,,5,5,07418369179,ID Checked,,,2007,https://www.myjobquote.co.uk/t/js-roofing-services-9,myjobquote
TE property maintenance,,Guttering,,,5,1,,ID Checked,,,Apr 2025,https://www.myjobquote.co.uk/t/te-property-maintenance,myjobquote
Jack’s Roofing,,Guttering,,,4,16,,ID Checked,,,2015,https://www.myjobquote.co.uk/t/jacks-roofing,myjobquote
Crystal Build Home Improvements Ltd,,Guttering,,,4.9,9,,ID Checked; Public Liability Insurance,,,2023,https://www.myjobquote.co.uk/t/crystal-build-home-improvements-ltd,myjobquote
Sm Building and Roofing Specialist LTD,,Guttering,,,5,4,,ID Checked; Public Liability Insurance,,,2005,https://www.myjobquote.co.uk/t/sm-building-and-roofing-specialist-ltd,myjobquote
Roofing High Ltd,,Guttering,,,5,17,,ID Checked,,,2024,https://www.myjobquote.co.uk/t/roofing-high-ltd,myjobquote
Roof2Roof,,Guttering,,,5,21,,ID Checked,,,2001,https://www.myjobquote.co.uk/t/roof2roof-2,myjobquote
Sussex roofing and landscaping,,Guttering,,,5,3,,ID Checked,,,2018,https://www.myjobquote.co.uk/t/sussex-roofing-and-landscaping,myjobquote
SD Roofing & Building Ltd,,Guttering,,,5,4,,ID Checked,,,2020,https://www.myjobquote.co.uk/t/sd-roofing-building-ltd-1,myjobquote
Johnstone Roofing LTD,,Guttering,,,5,4,,ID Checked,,,2021,https://www.myjobquote.co.uk/t/johnstone-roofing-ltd,myjobquote
Professional Roofing Repairs Ltd,,Guttering,,,5,45,07418368573,ID Checked; Public Liability Insurance,,,2023,https://www.myjobquote.co.uk/t/professional-roofing-repairs-ltd,myjobquote
21st Century Roofing,,Guttering,,,5,1,,ID Checked,,,Sep 2025,https://www.myjobquote.co.uk/t/21st-century-roofing,myjobquote
KGR Pro Roofing,,Guttering,,,5,4,,ID Checked,,,2019,https://www.myjobquote.co.uk/t/kgr-pro-roofing,myjobquote
Residential Roofing Specialists,,Guttering,,,5,12,,ID Checked; Public Liability Insurance,,,Nov 2022,https://www.myjobquote.co.uk/t/residential-roofing-specialists,myjobquote
Cc roofing,,Guttering,,,5,10,,ID Checked; Public Liability Insurance,,,1999,https://www.myjobquote.co.uk/t/cc-roofing-2,myjobquote
First Class Roofing,,Guttering,,,5,26,,ID Checked,,,1990,https://www.myjobquote.co.uk/t/first-class-roofing-3,myjobquote
HALLMARK ROOFING AND GUTTERING LTD,,Guttering,,,5,2,,ID Checked,,,2024,https://www.myjobquote.co.uk/t/hallmark-roofing-and-guttering-ltd,myjobquote
Orlando property maintenance,,Guttering,,,4,1,,ID Checked,,,Feb 2024,https://www.myjobquote.co.uk/t/orlando-property-maintenance,myjobquote
J.G Roofing Services,,Guttering,,,5,21,,ID Checked,,,2023,https://www.myjobquote.co.uk/t/jg-roofing-services-1,myjobquote
TMC Roofing and Guttering LTD,,Guttering,,,5,2,,ID Checked,,,2004,https://www.myjobquote.co.uk/t/tmc-roofing-and-guttering-ltd,myjobquote
H C roofing & guttering,,Guttering,,,4.8,34,,ID Checked; Public Liability Insurance,,,1999,https://www.myjobquote.co.uk/t/h-c-roofing-guttering,myjobquote
P.B.S Builders,,Guttering,,,4.9,17,,ID Checked,,,2015,https://www.myjobquote.co.uk/t/pbs-builders,myjobquote
Kofib,,Guttering,,,5,1,,ID Checked,,,2000,https://www.myjobquote.co.uk/t/kofib,myjobquote
Paul Patrick,,Guttering,,,4.9,30,,ID Checked,,,2000,https://www.myjobquote.co.uk/t/paul-patrick-1,myjobquote
Crownstyle Roofing Solutions Ltd,,Guttering,,,5,1,,ID Checked,,,2005,https://www.myjobquote.co.uk/t/crownstyle-roofing-solutions-ltd,myjobquote
Fast Fix - Roofing and Drainage Specialists,,Guttering,,,5,2,,ID Checked,,,2015,https://www.myjobquote.co.uk/t/fast-fix-roofing-and-drainage-specialists,myjobquote
Tj roofing specialist,,Guttering,,,4.68,0,,ID Checked,,,Oct 2020,https://www.myjobquote.co.uk/t/tj-roofing-specialist,myjobquote
Tj roofing specialist,,Guttering,,,4.68,0,,ID Checked,,,2019,https://www.myjobquote.co.uk/t/gcard-roofing,myjobquote
Roof pro roofing ltd,,Guttering,,,4.68,0,,ID Checked,,,2023,https://www.myjobquote.co.uk/t/roof-pro-roofing-ltd,myjobquote
Lifetime Roofing & Guttering,,Guttering,,,4.68,0,,ID Checked,,,2001,https://www.myjobquote.co.uk/t/lifetime-roofing-guttering,myjobquote
Ambroofing end building,,Guttering,,,4.68,0,,ID Checked,,,2021,https://www.myjobquote.co.uk/t/ambroofing-end-building,myjobquote
IONUT LTD,,Guttering,,,4.68,0,,ID Checked,,,2020,https://www.myjobquote.co.uk/t/ionut-ltd-4,myjobquote
Jmlroofingandbuildingcontractors@outlook.com,,Guttering,,,4.68,0,,ID Checked,,,Mar 2026,https://www.myjobquote.co.uk/t/jmlroofingandbuildingcontractors-at-outlookcom,myjobquote
Daleions,,Guttering,,,4.68,0,,,,,Mar 2025,https://www.myjobquote.co.uk/t/daleions,myjobquote
Daleions,,Guttering,,,4.68,0,,ID Checked,,,2018,https://www.myjobquote.co.uk/t/ts-roofing-services,myjobquote
Radnikovs,,Guttering,,,4.68,0,,ID Checked,,,2022,https://www.myjobquote.co.uk/t/radnikovs,myjobquote
Roofer,,Guttering,,,4.68,0,,,,,2014,https://www.myjobquote.co.uk/t/roofer-39,myjobquote
1st fix roofing solutions Ltd,,Guttering,,,4.68,0,,ID Checked,,,2024,https://www.myjobquote.co.uk/t/1st-fix-roofing-solutions-ltd,myjobquote
Skyline roofing & guttering,,Guttering,,,4.68,0,,ID Checked,,,Jan 2025,https://www.myjobquote.co.uk/t/skyline-roofing-guttering,myjobquote
Universal home solutions,,Guttering,,,4.68,0,,ID Checked,,,2005,https://www.myjobquote.co.uk/t/universal-home-solutions,myjobquote
Aurel,,Guttering,,,4.68,0,,ID Checked,,,Mar 2021,https://www.myjobquote.co.uk/t/aurel-4,myjobquote
Aurel,,Guttering,,,4.68,0,,ID Checked,,,Sep 2025,https://www.myjobquote.co.uk/t/crb-group-construction-roofing-building-ltd,myjobquote
Nostalgia construction group ltd,,Guttering,,,4.68,0,,ID Checked,,,Nov 2023,https://www.myjobquote.co.uk/t/nostalgia-construction-group-ltd,myjobquote
Healy Roofing & Leadwork Ltd,,Guttering,,,4.68,0,,ID Checked; Public Liability Insurance,,,2025,https://www.myjobquote.co.uk/t/healy-roofing-leadwork-ltd,myjobquote
Hamiltonroofing&gutteringLTD,,Guttering,,,4.68,0,,ID Checked,,,2024,https://www.myjobquote.co.uk/t/hamiltonroofinggutteringltd,myjobquote
Premier Guttering & Flat Roofing,,Guttering,,,4.4,20,,ID Checked,,,2020,https://www.myjobquote.co.uk/t/premier-guttering-flat-roofing,myjobquote
MattnificentRoofingServices,,Guttering,,,5,1,,ID Checked,,,Nov 2022,https://www.myjobquote.co.uk/t/mattnificentroofingservices,myjobquote
Abbeysure rendering services,,Guttering,,,5,5,,ID Checked,,,2000,https://www.myjobquote.co.uk/t/abbeysure-rendering-services,myjobquote
Homewise roofing,,Guttering,,,5,1,,ID Checked,,,Oct 2022,https://www.myjobquote.co.uk/t/homewise-roofing,myjobquote
Homecare Home Improvements Ltd,,Guttering,,,5,1,,ID Checked,,,Sep 2023,https://www.myjobquote.co.uk/t/homecare-home-improvements-ltd,myjobquote
Citywideroofingandguttering,,Guttering,,,4.68,0,,ID Checked,,,Mar 2017,https://www.myjobquote.co.uk/t/citywideroofingandguttering-1,myjobquote
Citywideroofingandguttering,,Guttering,,,4.68,0,,ID Checked,,,Feb 2025,https://www.myjobquote.co.uk/t/rj-services-7,myjobquote
Nostalgic roofing group,,Guttering,,,4.68,0,,ID Checked,,,Feb 2025,https://www.myjobquote.co.uk/t/nostalgic-roofing-group,myjobquote
Nostalgic roofing group,,Guttering,,,4.68,0,,ID Checked,,,2000,https://www.myjobquote.co.uk/t/dpateyroofing,myjobquote
Michael Howell,,Guttering,,,4.68,0,,ID Checked,,,Feb 2025,https://www.myjobquote.co.uk/t/michael-howell,myjobquote
K.Marney property maintenance,,Guttering,,,4.68,0,,,,,Feb 2026,https://www.myjobquote.co.uk/t/kmarney-property-maintenance,myjobquote
Fox CONTRACTS,,Guttering,,,5,6,07418317065,ID Checked,,,1982,https://www.myjobquote.co.uk/t/fox-contracts,myjobquote
Timberline roofing & building,,Guttering,,,5,2,,ID Checked,,,2018,https://www.myjobquote.co.uk/t/timberline-roofing-building,myjobquote
Allfix roofing and building Ltd,,Guttering,,,5,1,,ID Checked,,,2022,https://www.myjobquote.co.uk/t/allfix-roofing-and-building-ltd,myjobquote
Pro roofing soloutions,,Guttering,,,5,3,,ID Checked,,,2018,https://www.myjobquote.co.uk/t/pro-roofing-soloutions,myjobquote
JS roofing,,Guttering,,,5,1,,ID Checked,,,Jun 2019,https://www.myjobquote.co.uk/t/js-roofing-38,myjobquote
Elite Construction & Property Maintenance,,Guttering,,,4,51,07451270157,ID Checked,,,2009,https://www.myjobquote.co.uk/t/elite-construction-property-maintenance,myjobquote
Elite property maintenance,,Guttering,,,4.5,13,07418369794,ID Checked,,,,https://www.myjobquote.co.uk/t/elite-property-maintenance-15,myjobquote
Mc roofing & landscapes,,Guttering,,,5,8,,ID Checked,,,2020,https://www.myjobquote.co.uk/t/mc-roofing-landscapes,myjobquote
A&t landscaping,,Guttering,,,5,2,07418372856,ID Checked,,,2000,https://www.myjobquote.co.uk/t/at-landscaping-1,myjobquote
One Call Property Group,,Guttering,,,5,10,,ID Checked,,,2015,https://www.myjobquote.co.uk/t/one-call-property-group,myjobquote
Kray Building & Roofing specialist,,Guttering,,,5,4,,ID Checked,,,2023,https://www.myjobquote.co.uk/t/kray-building-roofing-specialist,myjobquote
Rafter Roofing,,Guttering,,,4.68,0,,ID Checked,,,Feb 2024,https://www.myjobquote.co.uk/t/rafter-roofing,myjobquote
Rafter Roofing,,Guttering,,,4.68,0,,ID Checked,,,Feb 2023,https://www.myjobquote.co.uk/t/clifton-roofing,myjobquote
Clifton Roofing,,Guttering,,,4,1,,ID Checked,,,2014,https://www.myjobquote.co.uk/t/sd-roofing-sw,myjobquote
G.McKenzie Maintenance,,Guttering,,,4,3,,ID Checked; Public Liability Insurance,,,2025,https://www.myjobquote.co.uk/t/gmckenzie-maintenance,myjobquote
Skyline roofing,,Guttering,,,3,11,,ID Checked,,,Jan 2026,https://www.myjobquote.co.uk/t/skyline-roofing-7,myjobquote
Elly-Marie Attwell,,Guttering,,,5,1,,ID Checked,,,2023,https://www.myjobquote.co.uk/t/elly-marie-attwell,myjobquote
GB property services,,Guttering,,,4,2,,ID Checked,,,2015,https://www.myjobquote.co.uk/t/gb-property-services-2,myjobquote
Altitude roofing Gloucestershire ltd,,Guttering,,,5,4,07451260891,ID Checked,,,2012,https://www.myjobquote.co.uk/t/altitude-roofing-gloucestershire-ltd,myjobquote
LJ roofing and building,,Guttering,,,5,3,,ID Checked,,,2001,https://www.myjobquote.co.uk/t/lj-roofing-and-building-1,myjobquote
Ashtons finishing touches,,Guttering,,,5,31,,ID Checked,,,2018,https://www.myjobquote.co.uk/t/ashtons-finishing-touches-1,myjobquote
Roofing Co,,Guttering,,,5,12,07418361028,ID Checked,,,2020,https://www.myjobquote.co.uk/t/roofing-co-2,myjobquote
AGL HOME IMPROVEMENTS,,Guttering,,,5,3,,ID Checked,,,Feb 2024,https://www.myjobquote.co.uk/t/agl-home-improvements,myjobquote
Squeegee King Window & Gutter Cleaning,,Guttering,,,4,1,,ID Checked,,,2025,https://www.myjobquote.co.uk/t/squeegee-king-window-gutter-cleaning,myjobquote
Gentle wash,,Guttering,,,5,2,,ID Checked,,,Nov 2025,https://www.myjobquote.co.uk/t/gentle-wash,myjobquote
Constructiv. Roofing and Building services.,,Guttering,,,5,14,,ID Checked,,,2013,https://www.myjobquote.co.uk/t/constructiv-roofing-and-building-services,myjobquote
Kevin roofing & property maintenance,,Guttering,,,4.8,6,,ID Checked,,,2019,https://www.myjobquote.co.uk/t/kevin-roofing-property-maintenance,myjobquote
RRBS (Royal roofing and building Services),,Guttering,,,5,15,07451260541,ID Checked,,,2023,https://www.myjobquote.co.uk/t/rrbs-royal-roofing-and-building-services,myjobquote
Weatherlock property care,,Guttering,,,5,3,,ID Checked,,,Feb 2022,https://www.myjobquote.co.uk/t/weatherlock-property-care,myjobquote
Spartan Roofing,,Guttering,,,5,1,,ID Checked,,,2015,https://www.myjobquote.co.uk/t/spartan-roofing-6,myjobquote
C&Mroofing speciaist and ground matanence,,Guttering,,,5,9,,ID Checked,,,2022,https://www.myjobquote.co.uk/t/cmroofing-speciaist-and-ground-matanence,myjobquote
Riversideroofing,,Guttering,,,5,4,,ID Checked,,,1990,https://www.myjobquote.co.uk/t/riversideroofing,myjobquote
J&J roofing & guttering LTD,,Guttering,,,5,2,,ID Checked,,,2018,https://www.myjobquote.co.uk/t/jj-roofing-guttering-ltd,myjobquote
jemoba pressure washing services ltd,,Guttering,,,5,2,07418371187,ID Checked,,,2013,https://www.myjobquote.co.uk/t/jemoba-pressure-washing-services-ltd,myjobquote
M&M roofing,,Guttering,,,5,1,,ID Checked,,,2025,https://www.myjobquote.co.uk/t/mm-roofing-6,myjobquote
JT Roofing,,Guttering,,,5,3,,ID Checked,,,1989,https://www.myjobquote.co.uk/t/jt-roofing-14,myjobquote
SouthStar Roofing LTD,,Guttering,,,5,3,,ID Checked,,,2016,https://www.myjobquote.co.uk/t/southstar-roofing-ltd,myjobquote
Resistant roofing.,,Guttering,,,4,1,,ID Checked,,,Mar 2024,https://www.myjobquote.co.uk/t/resistant-roofing,myjobquote
Plastamast,,Guttering,,,5,142,,ID Checked; Public Liability Insurance,,,2017,https://www.myjobquote.co.uk/t/plastamast,myjobquote
Rutherford Roofing,,Guttering,,,4,3,,ID Checked,,,2024,https://www.myjobquote.co.uk/t/rutherford-roofing,myjobquote
Acp home improvements,,Guttering,,,5,4,07418364774,ID Checked,,,Mar 2025,https://www.myjobquote.co.uk/t/acp-home-improvements,myjobquote
DHL Developments Ltd,,Guttering,,,4,5,,ID Checked,,,2018,https://www.myjobquote.co.uk/t/dhl-developments-ltd,myjobquote
Ak2 roofing,,Guttering,,,5,7,,ID Checked,,,2024,https://www.myjobquote.co.uk/t/ak2-roofing-1,myjobquote
Pro-tech roofing&Building limited,,Guttering,,,5,1,,ID Checked,,,May 2025,https://www.myjobquote.co.uk/t/pro-tech-roofingbuilding-limited,myjobquote
Total secure roofing ltd,,Guttering,,,5,1,,ID Checked,,,Apr 2025,https://www.myjobquote.co.uk/t/total-secure-roofing-ltd,myjobquote
b1 plastering,,Guttering,,,5,3,,ID Checked,,,2024,https://www.myjobquote.co.uk/t/b1-plastering-1,myjobquote
Riley D Roofing ltd,,Guttering,,,5,1,,ID Checked,,,,https://www.myjobquote.co.uk/t/riley-d-roofing-ltd,myjobquote
Everbest Roofing & Building,,Guttering,,,5,1,,ID Checked,,,2019,https://www.myjobquote.co.uk/t/everbest-roofing-building,myjobquote
Solid rock roofing and building,,Guttering,,,5,2,,ID Checked,,,2023,https://www.myjobquote.co.uk/t/solid-rock-roofing-and-building,myjobquote
Regency Group,,Guttering,,,5,3,,ID Checked,,,Oct 2025,https://www.myjobquote.co.uk/t/regency-group,myjobquote
Capital roofing and landscapes Ltd,,Guttering,,,5,2,,ID Checked; Public Liability Insurance,,,Sep 2025,https://www.myjobquote.co.uk/t/capital-roofing-and-landscapes-ltd,myjobquote
Stone House Brother Ltd,,Guttering,,,4,1,,ID Checked,,,2025,https://www.myjobquote.co.uk/t/stone-house-brother-ltd,myjobquote
Js roofing,,Guttering,,,5,2,,ID Checked,,,Jul 2025,https://www.myjobquote.co.uk/t/js-roofing-27,myjobquote
Green Roofing (Bristol),,Guttering,,,5,1,,ID Checked,,,2017,https://www.myjobquote.co.uk/t/green-roofing-bristol,myjobquote
Patina Roofing Services,,Guttering,,,5,17,,ID Checked,,,2013,https://www.myjobquote.co.uk/t/patina-roofing-services,myjobquote
Alby property maintenance,,Guttering,,,4,4,,ID Checked,,,1995,https://www.myjobquote.co.uk/t/alby-property-maintenance,myjobquote
K clad industrial roofing and cladding,,Guttering,,,5,6,,ID Checked; Public Liability Insurance,,,1998,https://www.myjobquote.co.uk/t/k-clad-industrial-roofing-and-cladding,myjobquote
Rapid Roofing and Driveways Ltd Roofing and Driveways specialist,,Guttering,,,5,1,,ID Checked,,,2000,https://www.myjobquote.co.uk/t/rapid-roofing-and-driveways-ltd-roofing-and-driveways-specialist,myjobquote
Roofing,,Guttering,,,4.8,8,,ID Checked,,,2020,https://www.myjobquote.co.uk/t/roofing-71,myjobquote
TPS Roofing and Maintenance,,Guttering,,,4.8,32,07418365448,ID Checked,,,2010,https://www.myjobquote.co.uk/t/tps-roofing-and-maintenance,myjobquote
R E General Builders,,Guttering,,,4.5,16,,ID Checked; Public Liability Insurance,,,2013,https://www.myjobquote.co.uk/t/r-e-general-builders,myjobquote
Glppp,,Guttering,,,4.7,3,,Public Liability Insurance,,,2017,https://www.myjobquote.co.uk/t/glppp,myjobquote
TNT Roofing,,Guttering,,,4.9,8,,ID Checked,,,Nov 2023,https://www.myjobquote.co.uk/t/tnt-roofing-2,myjobquote
Pro Build,,Guttering,,,4.6,8,,ID Checked,,,2016,https://www.myjobquote.co.uk/t/pro-build-6,myjobquote
Eco roofing,,Guttering,,,5,1,,ID Checked,,,2018,https://www.myjobquote.co.uk/t/eco-roofing-5,myjobquote
Get-plastered,,Guttering,,,5,13,,ID Checked,,,1978,https://www.myjobquote.co.uk/t/get-plastered-4,myjobquote
Roofgaurd,,Guttering,,,4,3,,ID Checked,,,2013,https://www.myjobquote.co.uk/t/roofgaurd,myjobquote
Approved Roofing Southwest Ltd,,Guttering,,,5,5,,ID Checked,,,2020,https://www.myjobquote.co.uk/t/approved-roofing-southwest-ltd,myjobquote
JS Property maintenance,,Guttering,,,5,1,,ID Checked,,,2013,https://www.myjobquote.co.uk/t/js-property-maintenance-6,myjobquote
R.S.M Roofing Bristol,,Guttering,,,4,1,,ID Checked,,,2015,https://www.myjobquote.co.uk/t/rsm-roofing-bristol,myjobquote
Workman Roofing / Building Maintenance,,Guttering,,,5,4,,ID Checked,,,1993,https://www.myjobquote.co.uk/t/workman-roofing-building-maintenance,myjobquote
ABC build & maintenance,,Guttering,,,4.9,8,,ID Checked; Public Liability Insurance,,,2006,https://www.myjobquote.co.uk/t/abc-build-maintenance,myjobquote
MRC Roofing,,Guttering,,,4,1,,ID Checked,,,2018,https://www.myjobquote.co.uk/t/mrc-roofing,myjobquote
Fortify Roofing,,Guttering,,,4.68,0,,ID Checked,,,2024,https://www.myjobquote.co.uk/t/fortify-roofing,myjobquote
Mondo’s roofing services,,Guttering,,,4.68,0,,ID Checked,,,Mar 2025,https://www.myjobquote.co.uk/t/mondos-roofing-services,myjobquote
Roof&build property maintenance,,Guttering,,,4.68,0,,ID Checked,,,Aug 2025,https://www.myjobquote.co.uk/t/roofbuild-property-maintenance,myjobquote
Sb exterior cleaning,,Guttering,,,4.68,0,,ID Checked,,,May 2025,https://www.myjobquote.co.uk/t/sb-exterior-cleaning,myjobquote
Sb exterior cleaning,,Guttering,,,4.68,0,,ID Checked,,,2013,https://www.myjobquote.co.uk/t/pjsons-roofing,myjobquote
Master Roofing & Cleaning Services,,Guttering,,,4.68,0,,ID Checked,,,2010,https://www.myjobquote.co.uk/t/master-roofing-cleaning-services,myjobquote
SBR LTD,,Guttering,,,4.68,0,,ID Checked,,,Apr 2023,https://www.myjobquote.co.uk/t/sbr-ltd,myjobquote
SBR LTD,,Guttering,,,4.68,0,,ID Checked,,,2009,https://www.myjobquote.co.uk/t/capital-roofing-2,myjobquote
LGB Roofing,,Guttering,,,4.68,0,,ID Checked,,,1998,https://www.myjobquote.co.uk/t/lgb-roofing,myjobquote
Trident roofing,,Guttering,,,4.68,0,,ID Checked,,,Aug 2020,https://www.myjobquote.co.uk/t/trident-roofing,myjobquote
Casey&#039;s roofing&building ltd,,Guttering,,,4.68,0,,ID Checked,,,Sep 2024,https://www.myjobquote.co.uk/t/caseys-roofingbuilding-ltd,myjobquote
KGP ROOFING,,Guttering,,,4.68,0,,ID Checked,,,Jan 2024,https://www.myjobquote.co.uk/t/kgp-roofing,myjobquote
Skyline home improvements,,Guttering,,,4.68,0,,ID Checked,,,2008,https://www.myjobquote.co.uk/t/skyline-home-improvements-2,myjobquote
JC Roofing and Carpentry,,Guttering,,,4.68,0,,,,,2023,https://www.myjobquote.co.uk/t/jc-roofing-and-carpentry,myjobquote
Phoenix Roofing Southwest,,Guttering,,,4.68,0,,ID Checked,,,Oct 2024,https://www.myjobquote.co.uk/t/phoenix-roofing-southwest,myjobquote
Phoenix Roofing Southwest,,Guttering,,,4.68,0,,ID Checked,,,May 2024,https://www.myjobquote.co.uk/t/chapman-roofing-ltd,myjobquote
Jcr homemaintenance,,Guttering,,,4.68,0,,ID Checked,,,2015,https://www.myjobquote.co.uk/t/jcr-homemaintenance,myjobquote
Complete home maintenance,,Guttering,,,4.68,0,,ID Checked,,,2005,https://www.myjobquote.co.uk/t/complete-home-maintenance,myjobquote
Emergency roofng and guttering,,Guttering,,,4.68,0,,ID Checked,,,2006,https://www.myjobquote.co.uk/t/emergency-roofng-and-guttering,myjobquote
Jjb roofing and construction,,Guttering,,,4.68,0,,ID Checked,,,2017,https://www.myjobquote.co.uk/t/jjb-roofing-and-construction,myjobquote
Lee wilson,,Guttering,,,4.68,0,,,,,Apr 2025,https://www.myjobquote.co.uk/t/lee-wilson-1,myjobquote
Lee wilson,,Guttering,,,4.68,0,,ID Checked,,,Mar 2024,https://www.myjobquote.co.uk/t/smartway-roofing,myjobquote
AandT property,,Guttering,,,4.68,0,,ID Checked,,,Oct 2024,https://www.myjobquote.co.uk/t/aandt-property,myjobquote
Handy man,,Guttering,,,4.68,0,,ID Checked,,,Mar 2024,https://www.myjobquote.co.uk/t/handy-man-81,myjobquote
Ridgeways roofing,,Guttering,,,4.68,0,,ID Checked,,,2013,https://www.myjobquote.co.uk/t/ridgeways-roofing,myjobquote
Brunel roofing and property services,,Guttering,,,4.68,0,,ID Checked,,,1985,https://www.myjobquote.co.uk/t/brunel-roofing-and-property-services,myjobquote
JD Roofing,,Guttering,,,4.68,0,,ID Checked,,,Nov 2024,https://www.myjobquote.co.uk/t/jd-roofing-20,myjobquote
JD Roofing,,Guttering,,,4.68,0,,,,,Jun 2025,https://www.myjobquote.co.uk/t/dynamic-roofing-and-building-ltd,myjobquote
Monarch roofing Bristol,,Guttering,,,4.68,0,,ID Checked,,,2025,https://www.myjobquote.co.uk/t/monarch-roofing-bristol,myjobquote
Cjs Roofing Bristol ltd,,Guttering,,,4.68,0,,ID Checked,,,2021,https://www.myjobquote.co.uk/t/cjs-roofing-bristol-ltd,myjobquote
Avon building and roofing,,Guttering,,,4.68,0,,ID Checked,,,Oct 2024,https://www.myjobquote.co.uk/t/avon-building-and-roofing-1,myjobquote
Walsh And Son Roofing contractors,,Guttering,,,4.68,0,,ID Checked,,,2009,https://www.myjobquote.co.uk/t/walsh-and-son-roofing-contractors,myjobquote
Mick&#039;s roofing maintenance and waste clearance,,Guttering,,,4.68,0,,ID Checked,,,2022,https://www.myjobquote.co.uk/t/micks-roofing-maintenance-and-waste-clearance,myjobquote
Apw roofing and roughcasting ltd,,Guttering,,,5,3,,ID Checked,,,2025,https://www.myjobquote.co.uk/t/apw-roofing-and-roughcasting-ltd,myjobquote
Accurate Roofing & Property Care,,Guttering,,,5,2,,ID Checked,,,2002,https://www.myjobquote.co.uk/t/accurate-roofing-property-care,myjobquote
Emergancy roofing services,,Guttering,,,5,3,,ID Checked; Public Liability Insurance,,,2020,https://www.myjobquote.co.uk/t/emergancy-roofing-services,myjobquote
Edinburgh property care,,Guttering,,,5,21,,ID Checked,,,2010,https://www.myjobquote.co.uk/t/edinburgh-property-care,myjobquote
K-1 roofing and building contractors,,Guttering,,,5,23,,ID Checked,,,1990,https://www.myjobquote.co.uk/t/k-1-roofing-and-building-contractors,myjobquote
GSH Roofing & Building ltd,,Guttering,,,5,4,,ID Checked,,,2022,https://www.myjobquote.co.uk/t/gsh-roofing-building-ltd,myjobquote
DNA Roofing Specialists,,Guttering,,,4,1,,ID Checked,,,2024,https://www.myjobquote.co.uk/t/dna-roofing-specialists,myjobquote
Revive roofing painting & property maintenance,,Guttering,,,5,1,,ID Checked,,,2020,https://www.myjobquote.co.uk/t/revive-roofing-painting-property-maintenance,myjobquote
Mcmillan roofing and building,,Guttering,,,4,1,,ID Checked,,,2019,https://www.myjobquote.co.uk/t/mcmillan-roofing-and-building,myjobquote
CJU Roofing Specialists,,Guttering,,,5,5,,ID Checked,,,2021,https://www.myjobquote.co.uk/t/cju-roofing-specialists,myjobquote
Sgw contracts,,Guttering,,,5,1,,ID Checked,,,1980,https://www.myjobquote.co.uk/t/sgw-contracts,myjobquote
Young Property Care,,Guttering,,,5,9,07418319020,ID Checked,,,2021,https://www.myjobquote.co.uk/t/young-property-care-1,myjobquote
Central Scotland Roofing,,Guttering,,,4,3,07418349769,ID Checked,,,1998,https://www.myjobquote.co.uk/t/central-scotland-roofing,myjobquote
Wash wizard maintenance services,,Guttering,,,4,1,,ID Checked,,,Aug 2023,https://www.myjobquote.co.uk/t/wash-wizard-maintenance-services,myjobquote
SK ROOFS AND REPAIRS,,Guttering,,,4,3,,ID Checked,,,Jan 2026,https://www.myjobquote.co.uk/t/sk-roofs-and-repairs,myjobquote
Barrier improvements limited,,Guttering,,,4,1,,ID Checked,,,2020,https://www.myjobquote.co.uk/t/barrier-improvements-limited,myjobquote
External Maintenance Solutions,,Guttering,,,5,9,,ID Checked,,,2024,https://www.myjobquote.co.uk/t/external-maintenance-solutions,myjobquote
Jay Colborne,,Guttering,,,5,1,,ID Checked,,,2025,https://www.myjobquote.co.uk/t/jay-colborne,myjobquote
Eco Roofing and Building Ltd,,Guttering,,,5,8,,ID Checked,,,2022,https://www.myjobquote.co.uk/t/eco-roofing-and-building-ltd-1,myjobquote
Strathclyde Roofing Services,,Guttering,,,5,2,,ID Checked,,,2000,https://www.myjobquote.co.uk/t/strathclyde-roofing-services,myjobquote
Casey,,Guttering,,,5,2,,ID Checked,,,2024,https://www.myjobquote.co.uk/t/casey-14,myjobquote
Assure Roofing Solutions,,Guttering,,,5,3,,ID Checked,,,2003,https://www.myjobquote.co.uk/t/assure-roofing-solutions,myjobquote
Macdonald. Roofing & building,,Guttering,,,5,5,,ID Checked,,,1990,https://www.myjobquote.co.uk/t/macdonald-roofing-building,myjobquote
Thomson roofing,,Guttering,,,5,1,,ID Checked,,,Sep 2024,https://www.myjobquote.co.uk/t/thomson-roofing-2,myjobquote
Klc home Improvements,,Guttering,,,5,14,,ID Checked,,,2016,https://www.myjobquote.co.uk/t/klc-home-improvements,myjobquote
Integrity Property Maintenance,,Guttering,,,5,2,,ID Checked,,,2025,https://www.myjobquote.co.uk/t/integrity-property-maintenance,myjobquote
Ij&a construction.com,,Guttering,,,5,3,,ID Checked,,,Sep 2025,https://www.myjobquote.co.uk/t/ija-constructioncom,myjobquote
Heritage roofing and slating,,Guttering,,,5,1,07418347705,ID Checked,,,2025,https://www.myjobquote.co.uk/t/heritage-roofing-and-slating,myjobquote
L C roofing,,Guttering,,,5,1,,ID Checked,,,2025,https://www.myjobquote.co.uk/t/l-c-roofing,myjobquote
GM Property Maintenance,,Guttering,,,5,29,07441443264,ID Checked,,,2017,https://www.myjobquote.co.uk/t/gm-property-maintenance,myjobquote
Pristine Roofing & Property Maintenance,,Guttering,,,5,16,,ID Checked,,,2016,https://www.myjobquote.co.uk/t/pristine-roofing-property-maintenance-1,myjobquote
LMB Roofing Ltd,,Guttering,,,5,4,,ID Checked,,,2025,https://www.myjobquote.co.uk/t/lmb-roofing-ltd,myjobquote
L&C Roofing,,Guttering,,,5,5,,ID Checked,,,2018,https://www.myjobquote.co.uk/t/lc-roofing-2,myjobquote
Mark sturgeon,,Guttering,,,4,3,,ID Checked,,,May 2023,https://www.myjobquote.co.uk/t/mark-sturgeon,myjobquote
"T,Q,Roofing",,Guttering,,,5,4,,ID Checked,,,2019,https://www.myjobquote.co.uk/t/tqroofing,myjobquote
Airdrie roofing services,,Guttering,,,4.9,45,,ID Checked,,,2022,https://www.myjobquote.co.uk/t/airdrie-roofing-services,myjobquote
JMGardeners Builders and roofers Edinburgh,,Guttering,,,4.9,17,,ID Checked,,,2001,https://www.myjobquote.co.uk/t/jmgardeners-builders-and-roofers-edinburgh,myjobquote
A team roofing,,Guttering,,,5,9,,ID Checked,,,2001,https://www.myjobquote.co.uk/t/a-team-roofing-1,myjobquote
Talented Tradesmen,,Guttering,,,4.9,7,,ID Checked,,,2017,https://www.myjobquote.co.uk/t/talented-tradesmen,myjobquote
Edinburgh Roofing & Building,,Guttering,,,4,1,,ID Checked,,,2020,https://www.myjobquote.co.uk/t/edinburgh-roofing-building,myjobquote
Platinum roofing,,Guttering,,,5,7,,ID Checked,,,2016,https://www.myjobquote.co.uk/t/platinum-roofing-6,myjobquote
Rm property maintenance,,Guttering,,,4.8,16,,ID Checked,,,2007,https://www.myjobquote.co.uk/t/rm-property-maintenance,myjobquote
Rhino Roofing,,Guttering,,,4.8,4,,ID Checked,,,2010,https://www.myjobquote.co.uk/t/rhino-roofing,myjobquote
Montgomery Roofcare,,Guttering,,,4.6,12,,ID Checked,,,2014,https://www.myjobquote.co.uk/t/montgomery-roofcare,myjobquote
D.W. Painting solutions,,Guttering,,,4.68,0,,ID Checked,,,Aug 2020,https://www.myjobquote.co.uk/t/dw-painting-solutions,myjobquote
D.W. Painting solutions,,Guttering,,,4.68,0,,ID Checked; Public Liability Insurance,,,2016,https://www.myjobquote.co.uk/t/ridgepoint-roofing-2,myjobquote
VINS Roofing,,Guttering,,,4.68,0,,Public Liability Insurance,,,Feb 2026,https://www.myjobquote.co.uk/t/vins-roofing,myjobquote
Donaldson roofing services,,Guttering,,,4.68,0,,,,,Feb 2026,https://www.myjobquote.co.uk/t/donaldson-roofing-services,myjobquote
KL Roofing,,Guttering,,,4.68,0,,ID Checked,,,May 2022,https://www.myjobquote.co.uk/t/kl-roofing-1,myjobquote
Reformhomesolutions@gmail.com,,Guttering,,,4.68,0,,ID Checked,,,Jul 2023,https://www.myjobquote.co.uk/t/reformhomesolutions-at-gmailcom,myjobquote
Wjm Propertycare,,Guttering,,,4.68,0,,ID Checked,,,2024,https://www.myjobquote.co.uk/t/wjm-propertycare,myjobquote
Edinburgh’s first response Roofing ltd,,Guttering,,,4.68,0,,ID Checked,,,Jan 2025,https://www.myjobquote.co.uk/t/edinburghs-first-response-roofing-ltd,myjobquote
Eagle Building Services,,Guttering,,,4.68,0,,ID Checked,,,2016,https://www.myjobquote.co.uk/t/eagle-building-services,myjobquote
iain r smith roofing,,Guttering,,,4.68,0,,ID Checked,,,Aug 2023,https://www.myjobquote.co.uk/t/iain-r-smith-roofing,myjobquote
iain r smith roofing,,Guttering,,,4.68,0,,ID Checked,,,2016,https://www.myjobquote.co.uk/t/moore-roofing,myjobquote
Elevate Roofing Group Ltd,,Guttering,,,4.68,0,,ID Checked,,,Feb 2022,https://www.myjobquote.co.uk/t/elevate-roofing-group-ltd,myjobquote
Easton Roofing,,Guttering,,,4.68,0,,ID Checked,,,2023,https://www.myjobquote.co.uk/t/easton-roofing-1,myjobquote
Thistle roofing,,Guttering,,,4.68,0,,ID Checked,,,2002,https://www.myjobquote.co.uk/t/thistle-roofing-1,myjobquote
Andrii,,Guttering,,,5,1,,ID Checked,,,Jun 2023,https://www.myjobquote.co.uk/t/andrii-39,myjobquote
BSHenderson roofing services,,Guttering,,,5,1,,ID Checked,,,Nov 2025,https://www.myjobquote.co.uk/t/bshenderson-roofing-services,myjobquote
Coyle Joinery and Roofing,,Guttering,,,4.68,0,,,,,Jan 2026,https://www.myjobquote.co.uk/t/coyle-joinery-and-roofing,myjobquote
Steven,,Guttering,,,4.68,0,,,,,Jan 2026,https://www.myjobquote.co.uk/t/steven-41,myjobquote
Steven,,Guttering,,,4.68,0,,,,,Jul 2023,https://www.myjobquote.co.uk/t/rlm-roofing-and-building-maintenance,myjobquote
Besi roofing company ltd,,Guttering,,,4.68,0,,,,,2019,https://www.myjobquote.co.uk/t/besi-roofing-company-ltd,myjobquote
Besi roofing company ltd,,Guttering,,,4.68,0,,,,,Sep 2023,https://www.myjobquote.co.uk/t/kevin-102,myjobquote
P.A.D roofing,,Guttering,,,4.68,0,,,,,Jun 2025,https://www.myjobquote.co.uk/t/pad-roofing,myjobquote
P.A.D roofing,,Guttering,,,4.68,0,,ID Checked,,,Feb 2026,https://www.myjobquote.co.uk/t/roof-repair-edinburgh-limited,myjobquote
G.I roofing,,Guttering,,,4.68,0,,ID Checked,,,Mar 2023,https://www.myjobquote.co.uk/t/gi-roofing-1,myjobquote
Sm construction,,Guttering,,,4.68,0,,,,,Sep 2025,https://www.myjobquote.co.uk/t/sm-construction-3,myjobquote
Sm construction,,Guttering,,,4.68,0,,,,,Oct 2022,https://www.myjobquote.co.uk/t/tgw-roofing-and-building,myjobquote
TGW Roofing and Building,,Guttering,,,4.68,0,,,,,Dec 2025,https://www.myjobquote.co.uk/t/coastline-roofing-2,myjobquote
Coastline roofing,,Guttering,,,4.68,0,,,,,Apr 2025,https://www.myjobquote.co.uk/t/gs-property-care,myjobquote
B.C.W Roofing and Building,,Guttering,,,4.68,0,,,,,Jan 2024,https://www.myjobquote.co.uk/t/bcw-roofing-and-building,myjobquote
B.C.W Roofing and Building,,Guttering,,,4.68,0,,ID Checked,,,2019,https://www.myjobquote.co.uk/t/forbes-roofing-services,myjobquote
Forbes roofing services,,Guttering,,,4.68,0,,ID Checked,,,Jan 2021,https://www.myjobquote.co.uk/t/shayne-1,myjobquote
Shayne,,Guttering,,,4.68,0,,,,,2015,https://www.myjobquote.co.uk/t/clarks-gutters,myjobquote
Jopparoofing and building,,Guttering,,,4.68,0,,,,,May 2016,https://www.myjobquote.co.uk/t/jopparoofing-and-building,myjobquote
Jopparoofing and building,,Guttering,,,4.68,0,,,,,Apr 2022,https://www.myjobquote.co.uk/t/pc-roofing-4,myjobquote
07921006609,,Guttering,,,4.68,0,,,,,Mar 2026,https://www.myjobquote.co.uk/t/07921006609,myjobquote
07921006609,,Guttering,,,4.8,9,,ID Checked,,,Oct 2023,https://www.myjobquote.co.uk/t/rowan-2,myjobquote
Active property care,,Guttering,,,5,1,,ID Checked,,,2017,https://www.myjobquote.co.uk/t/active-property-care,myjobquote
Renovation roofing and building,,Guttering,,,5,1,,ID Checked,,,Jun 2020,https://www.myjobquote.co.uk/t/renovation-roofing-and-building,myjobquote
Jhs roofing and building,,Guttering,,,5,2,,ID Checked,,,1900,https://www.myjobquote.co.uk/t/jhs-roofing-and-building-1,myjobquote
B G Roofing and painting Services,,Guttering,,,5,1,,ID Checked,,,May 2025,https://www.myjobquote.co.uk/t/b-g-roofing-and-painting-services,myjobquote
AMC Roofing and Building Ltd,,Guttering,,,5,3,,ID Checked,,,2025,https://www.myjobquote.co.uk/t/amc-roofing-and-building-ltd,myjobquote
R Galloway roofing services,,Guttering,,,5,1,,ID Checked,,,2020,https://www.myjobquote.co.uk/t/r-galloway-roofing-services-1,myjobquote
Premium Roofing,,Guttering,,,5,1,,ID Checked,,,2024,https://www.myjobquote.co.uk/t/premium-roofing-4,myjobquote
AS Property Care,,Guttering,,,4.7,35,07441442632,ID Checked,,,2009,https://www.myjobquote.co.uk/t/as-property-care,myjobquote
Able Roofing,,Guttering,,,5,1,,ID Checked,,,1981,https://www.myjobquote.co.uk/t/able-roofing,myjobquote
Christopher godden roofing&building soloutions ltd,,Guttering,,,5,9,,ID Checked,,,2023,https://www.myjobquote.co.uk/t/christopher-godden-roofingbuilding-soloutions-ltd,myjobquote
J&w Property solutions,,Guttering,,,4.2,5,,ID Checked,,,Jun 2023,https://www.myjobquote.co.uk/t/jw-property-solutions-1,myjobquote
Edinburgh Lothian’s Roofing Services,,Guttering,,,4.2,5,,ID Checked,,,2023,https://www.myjobquote.co.uk/t/edinburgh-lothians-roofing-services,myjobquote
R.C. Propeety Care,,Guttering,,,4.5,33,,ID Checked,,,2022,https://www.myjobquote.co.uk/t/rc-propeety-care,myjobquote
Edinburgh and Fife roofing,,Guttering,,,5,3,,ID Checked,,,2021,https://www.myjobquote.co.uk/t/edinburgh-and-fife-roofing,myjobquote
Allpurposepropertycareltd,,Guttering,,,4,1,,ID Checked,,,Aug 2021,https://www.myjobquote.co.uk/t/allpurposepropertycareltd,myjobquote
firstresponseroofing,,Guttering,,,4,1,,ID Checked,,,2019,https://www.myjobquote.co.uk/t/firstresponseroofing,myjobquote
Liberton Roofing & Building ltd,,Guttering,,,3.8,4,,ID Checked,,,2016,https://www.myjobquote.co.uk/t/liberton-roofing-building-ltd-1,myjobquote
S.Ross Roofing,,Guttering,,,4.6,5,,ID Checked,,,2017,https://www.myjobquote.co.uk/t/sross-roofing,myjobquote
Cj home improvements,,Guttering,,,4.68,0,,ID Checked,,,Oct 2018,https://www.myjobquote.co.uk/t/cj-home-improvements-3,myjobquote
Cj home improvements,,Guttering,,,4.68,0,,ID Checked,,,Aug 2024,https://www.myjobquote.co.uk/t/deddington-property-care,myjobquote
Scots Roofing Ltd,,Guttering,,,4.4,30,,ID Checked,,,2004,https://www.myjobquote.co.uk/t/scots-roofing-ltd,myjobquote
James Sherry Roofing and Builders,,Guttering,,,5,20,,ID Checked,,,2004,https://www.myjobquote.co.uk/t/james-sherry-roofing-and-builders,myjobquote
Mark roofing & building,,Guttering,,,5,2,,ID Checked,,,2015,https://www.myjobquote.co.uk/t/mark-roofing-building-2,myjobquote
Midlothian Roofing and Building,,Guttering,,,4,74,07441448924,ID Checked,,,2004,https://www.myjobquote.co.uk/t/midlothian-roofing-and-building-1,myjobquote
McKenzie roofing services,,Guttering,,,5,4,,ID Checked,,,2019,https://www.myjobquote.co.uk/t/mckenzie-roofing-services,myjobquote
A and N home improvements,,Guttering,,,5,7,,ID Checked,,,2025,https://www.myjobquote.co.uk/t/a-and-n-home-improvements,myjobquote
Jr roofing,,Guttering,,,5,1,,ID Checked,,,2010,https://www.myjobquote.co.uk/t/jr-roofing-18,myjobquote
GJ Building Solutions,,Guttering,,,5,1,,ID Checked,,,2014,https://www.myjobquote.co.uk/t/gj-building-solutions,myjobquote
Diego,,Guttering,,,4.68,0,,ID Checked,,,Oct 2024,https://www.myjobquote.co.uk/t/diego-12,myjobquote
Derek McEwan T/A Dmr Contracts Ltd,,Guttering,,,4.68,0,,,,,Oct 2025,https://www.myjobquote.co.uk/t/derek-mcewan-ta-dmr-contracts-ltd,myjobquote
Master Home Improvements,,Guttering,,,4,6,,ID Checked,,,2004,https://www.myjobquote.co.uk/t/master-home-improvements,myjobquote
National roof services,,Guttering,,,4.6,16,,ID Checked,,,2018,https://www.myjobquote.co.uk/t/national-roof-services-2,myjobquote
DARA Property Maintenance,,Guttering,,,4.9,24,,ID Checked,,,2016,https://www.myjobquote.co.uk/t/dara-property-maintenance,myjobquote
Lifetime Improvement Group Ltd,,Guttering,,,4.68,0,,ID Checked,,,Nov 2015,https://www.myjobquote.co.uk/t/lifetime-improvement-group-ltd,myjobquote
Catalyst Property Services Ltd,,Guttering,,,4.68,0,,ID Checked,,,Jan 2025,https://www.myjobquote.co.uk/t/catalyst-property-services-ltd,myjobquote
Catalyst Property Services Ltd,,Guttering,,,4.68,0,,ID Checked,,,2014,https://www.myjobquote.co.uk/t/royal-roofing-solutions-3,myjobquote
Watertight roofing,,Guttering,,,4.68,0,,ID Checked,,,Feb 2026,https://www.myjobquote.co.uk/t/watertight-roofing-2,myjobquote
Watertight roofing,,Guttering,,,5,8,,ID Checked,,,2020,https://www.myjobquote.co.uk/t/ct-property-maintenance-4,myjobquote
Barrhead roofing,,Guttering,,,5,7,,ID Checked,,,2007,https://www.myjobquote.co.uk/t/barrhead-roofing,myjobquote
Cameronroofcare,,Guttering,,,4.68,0,,ID Checked,,,Aug 2024,https://www.myjobquote.co.uk/t/cameronroofcare,myjobquote
Cameronroofcare,,Guttering,,,5,3,,ID Checked; Public Liability Insurance,,,Aug 2024,https://www.myjobquote.co.uk/t/almond-roofing-and-building,myjobquote
MC Property Maintenance,,Guttering,,,5,9,,ID Checked,,,Oct 2025,https://www.myjobquote.co.uk/t/mc-property-maintenance-3,myjobquote
Valley roofing and roughcasting ltd,,Guttering,,,4,1,,ID Checked,,,2000,https://www.myjobquote.co.uk/t/valley-roofing-and-roughcasting-ltd,myjobquote
Apex Roofing & Building,,Guttering,,,5,2,,ID Checked,,,2014,https://www.myjobquote.co.uk/t/apex-roofing-building-4,myjobquote
Mwhiteroofingandbuildingltd,,Guttering,,,5,1,,ID Checked,,,2000,https://www.myjobquote.co.uk/t/mwhiteroofingandbuildingltd,myjobquote
Lasswade Roofing&Building,,Guttering,,,5,1,,ID Checked,,,1997,https://www.myjobquote.co.uk/t/lasswade-roofingbuilding,myjobquote
On top roofing ltd,,Guttering,,,5,5,,ID Checked,,,2024,https://www.myjobquote.co.uk/t/on-top-roofing-ltd,myjobquote
East Lothian roofing & building services,,Guttering,,,5,8,,ID Checked,,,2023,https://www.myjobquote.co.uk/t/east-lothian-roofing-building-services,myjobquote
JJK Roofing,,Guttering,,,5,13,07418362617,ID Checked,,,2021,https://www.myjobquote.co.uk/t/jjk-roofing,myjobquote
Mason and Sons,,Guttering,,,5,20,07418348927,ID Checked,,,Dec 2023,https://www.myjobquote.co.uk/t/mason-and-sons,myjobquote
RMcD roofing services,,Guttering,,,5,1,,ID Checked,,,2024,https://www.myjobquote.co.uk/t/rmcd-roofing-services,myjobquote
Cleanaway,,Guttering,,,4.5,42,,ID Checked,,,2020,https://www.myjobquote.co.uk/t/cleanaway,myjobquote
PSW Roofing and building ltd,,Guttering,,,4.8,60,,ID Checked,,,2010,https://www.myjobquote.co.uk/t/psw-roofing-and-building-ltd,myjobquote
ASM contracts,,Guttering,,,4.8,9,,ID Checked,,,2016,https://www.myjobquote.co.uk/t/asm-contracts,myjobquote
Ridgeline home improvements,,Guttering,,,3.9,15,,ID Checked,,,2004,https://www.myjobquote.co.uk/t/ridgeline-home-improvements,myjobquote
E Stewart roofing & roughcasting Ltd,,Guttering,,,5,4,,ID Checked,,,2008,https://www.myjobquote.co.uk/t/e-stewart-roofing-roughcasting-ltd,myjobquote
Jamie Choi Joinery and Building,,Guttering,,,4,3,,ID Checked,,,2019,https://www.myjobquote.co.uk/t/jamie-choi-joinery-and-building,myjobquote
J.s roofing,,Guttering,,,4.8,18,,ID Checked,,,2015,https://www.myjobquote.co.uk/t/js-roofing-7,myjobquote
first response roofing,,Guttering,,,5,17,,ID Checked,,,2016,https://www.myjobquote.co.uk/t/first-response-roofing-3,myjobquote
National Contracts Company,,Guttering,,,4.68,0,,ID Checked,,,2006,https://www.myjobquote.co.uk/t/national-contracts-company,myjobquote
PJM property care ltd,,Guttering,,,4.68,0,,ID Checked,,,2010,https://www.myjobquote.co.uk/t/pjm-property-care-ltd,myjobquote
ORCON Roofing & Building Maintenance Ltd,,Guttering,,,4.68,0,,ID Checked,,,Aug 2021,https://www.myjobquote.co.uk/t/orcon-roofing-building-maintenance-ltd,myjobquote
365 Flat Roofing,,Guttering,,,4.68,0,,ID Checked,,,Jan 2026,https://www.myjobquote.co.uk/t/365-flat-roofing,myjobquote
AR TRADESERVICES,,Guttering,,,4.68,0,,ID Checked,,,Aug 2023,https://www.myjobquote.co.uk/t/ar-tradeservices,myjobquote
CCC Roofing & Building Maintenance,,Guttering,,,4.68,0,,ID Checked,,,1990,https://www.myjobquote.co.uk/t/ccc-roofing-building-maintenance,myjobquote
Pro Roof Scotland,,Guttering,,,4.68,0,,ID Checked,,,Jan 2026,https://www.myjobquote.co.uk/t/pro-roof-scotland,myjobquote
DRS ROOFING,,Guttering,,,4.68,0,,ID Checked,,,Jan 2026,https://www.myjobquote.co.uk/t/drs-roofing-2,myjobquote
DRS ROOFING,,Guttering,,,4.68,0,,ID Checked,,,2015,https://www.myjobquote.co.uk/t/love-roofing,myjobquote
M2G Roofing & Property Services,,Guttering,,,4.68,0,,ID Checked,,,2019,https://www.myjobquote.co.uk/t/m2g-roofing-property-services,myjobquote
Briggs roofing and roughcasting,,Guttering,,,4.68,0,,,,,Feb 2018,https://www.myjobquote.co.uk/t/briggs-roofing-and-roughcasting,myjobquote
Briggs roofing and roughcasting,,Guttering,,,4.68,0,,ID Checked,,,Jan 2026,https://www.myjobquote.co.uk/t/quality-roofing-specialists,myjobquote
Scott hannah,,Guttering,,,4.68,0,,ID Checked,,,Feb 2025,https://www.myjobquote.co.uk/t/scott-hannah,myjobquote
Reilly roofing & builders Ltd,,Guttering,,,4.68,0,,,,,2009,https://www.myjobquote.co.uk/t/reilly-roofing-builders-ltd,myjobquote
Centiam Home Improvements,,Guttering,,,4.68,0,,ID Checked,,,2012,https://www.myjobquote.co.uk/t/centiam-home-improvements,myjobquote
All Season ECM,,Guttering,,,4.68,0,,ID Checked,,,2017,https://www.myjobquote.co.uk/t/all-season-ecm,myjobquote
Kingfisher roofing,,Guttering,,,4.68,0,,ID Checked,,,,https://www.myjobquote.co.uk/t/kingfisher-roofing,myjobquote
MF ROOFING AND BUILDING MAINTENANCE LTD,,Guttering,,,4.68,0,,ID Checked,,,May 2025,https://www.myjobquote.co.uk/t/mf-roofing-and-building-maintenance-ltd,myjobquote
P.F.S MAINTENENCE,,Guttering,,,4.68,0,,ID Checked,,,Aug 2023,https://www.myjobquote.co.uk/t/pfs-maintenence,myjobquote
ja roofing & property maintenance,,Guttering,,,4.68,0,,ID Checked,,,Nov 2024,https://www.myjobquote.co.uk/t/ja-roofing-property-maintenance,myjobquote
Ian mathieson,,Guttering,,,4.68,0,,,,,Nov 2024,https://www.myjobquote.co.uk/t/ian-mathieson,myjobquote
Ian mathieson,,Guttering,,,4.68,0,,ID Checked,,,2022,https://www.myjobquote.co.uk/t/dsl-roofing-ltd,myjobquote
Buildscape scotland,,Guttering,,,4.68,0,,ID Checked,,,2015,https://www.myjobquote.co.uk/t/buildscape-scotland,myjobquote
Pw roofing and building maintenance,,Guttering,,,4.68,0,,ID Checked,,,Jan 2025,https://www.myjobquote.co.uk/t/pw-roofing-and-building-maintenance,myjobquote
Jjp roofing,,Guttering,,,4.68,0,,,,,2015,https://www.myjobquote.co.uk/t/jjp-roofing,myjobquote
Lion heart roofing,,Guttering,,,4.68,0,,,,,Mar 2024,https://www.myjobquote.co.uk/t/lion-heart-roofing,myjobquote
adam roofing services glasgow ltd,,Guttering,,,4.68,0,,ID Checked,,,2025,https://www.myjobquote.co.uk/t/adam-roofing-services-glasgow-ltd,myjobquote
Muirend roofing & building,,Guttering,,,4.68,0,,ID Checked,,,2020,https://www.myjobquote.co.uk/t/muirend-roofing-building,myjobquote
Doherty Roofing,,Guttering,,,4.68,0,,ID Checked; Public Liability Insurance,,,Apr 2025,https://www.myjobquote.co.uk/t/doherty-roofing,myjobquote
Trainer Exterior Cleaning,,Guttering,,,4.68,0,,ID Checked,,,Feb 2024,https://www.myjobquote.co.uk/t/trainer-exterior-cleaning,myjobquote
P&L Roofing,,Guttering,,,4.68,0,,ID Checked,,,Jul 2025,https://www.myjobquote.co.uk/t/pl-roofing,myjobquote
John McDonald,,Guttering,,,4.68,0,,,,,Mar 2024,https://www.myjobquote.co.uk/t/john-mcdonald,myjobquote
Md roofing contractors,,Guttering,,,4.68,0,,ID Checked,,,2022,https://www.myjobquote.co.uk/t/md-roofing-contractors-7,myjobquote
C Montgomery Roofing,,Guttering,,,4.68,0,,ID Checked,,,2021,https://www.myjobquote.co.uk/t/c-montgomery-roofing,myjobquote
Countrywide Roof and Walls,,Guttering,,,4.68,0,,ID Checked,,,Jan 2019,https://www.myjobquote.co.uk/t/countrywide-roof-and-walls,myjobquote
L1 property maintenance,,Guttering,,,4.68,0,,ID Checked,,,Aug 2018,https://www.myjobquote.co.uk/t/l1-property-maintenance,myjobquote
MacDonald worx,,Guttering,,,5,2,,ID Checked,,,2010,https://www.myjobquote.co.uk/t/macdonald-worx,myjobquote
A&S roofing and groundswork,,Guttering,,,5,5,,ID Checked,,,2019,https://www.myjobquote.co.uk/t/as-roofing-and-groundswork,myjobquote
A&A roofing,,Guttering,,,4.68,0,,ID Checked,,,Dec 2024,https://www.myjobquote.co.uk/t/aa-roofing-6,myjobquote
Ajw Roofing,,Guttering,,,4,1,,ID Checked,,,2001,https://www.myjobquote.co.uk/t/ajw-roofing-2,myjobquote
O&H Roofing,,Guttering,,,5,3,,ID Checked; Public Liability Insurance,,,2025,https://www.myjobquote.co.uk/t/oh-roofing-1,myjobquote
Jms roofing,,Guttering,,,4.68,0,,,,,Apr 2023,https://www.myjobquote.co.uk/t/jms-roofing,myjobquote
Jms roofing,,Guttering,,,4.68,0,,ID Checked,,,2007,https://www.myjobquote.co.uk/t/stewarts-contracts,myjobquote
JM maintainence,,Guttering,,,4.68,0,,ID Checked,,,2009,https://www.myjobquote.co.uk/t/jm-maintainence,myjobquote
McCallum Contracts,,Guttering,,,5,1,,ID Checked,,,2017,https://www.myjobquote.co.uk/t/mccallum-contracts,myjobquote
Bulldog building services,,Guttering,,,5,11,,ID Checked; Public Liability Insurance,,,2005,https://www.myjobquote.co.uk/t/bulldog-building-services,myjobquote
BCM Roofing,,Guttering,,,5,2,,ID Checked; Public Liability Insurance,,,Jun 2020,https://www.myjobquote.co.uk/t/bcm-roofing,myjobquote
DC roofing and electrical services,,Guttering,,,5,1,,ID Checked,,,2025,https://www.myjobquote.co.uk/t/dc-roofing-and-electrical-services,myjobquote
RW Roofing&Building,,Guttering,,,5,1,,ID Checked,,,2015,https://www.myjobquote.co.uk/t/rw-roofingbuilding-1,myjobquote
Hitch Roofing,,Guttering,,,5,4,,ID Checked,,,2025,https://www.myjobquote.co.uk/t/hitch-roofing,myjobquote
Propertyze property maintenance,,Guttering,,,5,1,,ID Checked,,,2010,https://www.myjobquote.co.uk/t/propertyze-property-maintenance,myjobquote
MacDonald contracts,,Guttering,,,3.7,3,,ID Checked,,,2008,https://www.myjobquote.co.uk/t/macdonald-contracts,myjobquote
Spectrum Sprayers,,Guttering,,,4.8,5,,ID Checked,,,2020,https://www.myjobquote.co.uk/t/spectrum-sprayers-1,myjobquote
Storm guard  roofing & building,,Guttering,,,4.8,15,07441440580,ID Checked,,,2015,https://www.myjobquote.co.uk/t/storm-guard-roofing-building,myjobquote
Roofmate roofing,,Guttering,,,4.5,2,,ID Checked,,,2017,https://www.myjobquote.co.uk/t/roofmate-roofing,myjobquote
Gw property maintenance,,Guttering,,,4.8,3,,ID Checked,,,2000,https://www.myjobquote.co.uk/t/gw-property-maintenance,myjobquote
Roofcheck,,Guttering,,,5,1,,ID Checked,,,1999,https://www.myjobquote.co.uk/t/roofcheck,myjobquote
KMB Building Services,,Guttering,,,4.68,0,,ID Checked,,,2021,https://www.myjobquote.co.uk/t/kmb-building-services,myjobquote
T.johnstone property Maintenance,,Guttering,,,4.68,0,,ID Checked,,,2016,https://www.myjobquote.co.uk/t/tjohnstone-property-maintenance,myjobquote
JJ roofing,,Guttering,,,4.68,0,,ID Checked,,,Aug 2025,https://www.myjobquote.co.uk/t/jj-roofing-15,myjobquote
JJ roofing,,Guttering,,,4.68,0,,ID Checked,,,Sep 2024,https://www.myjobquote.co.uk/t/jm-roofing-18,myjobquote
Alba property care,,Guttering,,,4.68,0,,ID Checked,,,2011,https://www.myjobquote.co.uk/t/alba-property-care,myjobquote
Central contractors,,Guttering,,,4.68,0,,ID Checked,,,1988,https://www.myjobquote.co.uk/t/central-contractors,myjobquote
Roofing bureau,,Guttering,,,4.68,0,,ID Checked,,,Feb 2021,https://www.myjobquote.co.uk/t/roofing-bureau,myjobquote
Roofing bureau,,Guttering,,,4.68,0,,ID Checked,,,2021,https://www.myjobquote.co.uk/t/cz-roofing,myjobquote
Ballantyne roofing and sons,,Guttering,,,4.68,0,,ID Checked,,,Nov 2024,https://www.myjobquote.co.uk/t/ballantyne-roofing-and-sons,myjobquote
C&M ROOFING SOLUTIONS,,Guttering,,,4.68,0,,ID Checked,,,Dec 2025,https://www.myjobquote.co.uk/t/cm-roofing-solutions,myjobquote
SSR Roofing,,Guttering,,,4,18,,ID Checked,,,2011,https://www.myjobquote.co.uk/t/ssr-roofing,myjobquote
Apex roofing and cleaning,,Guttering,,,4.68,0,,ID Checked,,,Dec 2017,https://www.myjobquote.co.uk/t/apex-roofing-and-cleaning,myjobquote
Monument roofing and coating for roof and wall,,Guttering,,,4.68,0,,ID Checked,,,2022,https://www.myjobquote.co.uk/t/monument-roofing-and-coating-for-roof-and-wall,myjobquote
TNT roofing,,Guttering,,,4.68,0,,ID Checked,,,Jul 2024,https://www.myjobquote.co.uk/t/tnt-roofing-3,myjobquote
TNT roofing,,Guttering,,,4.68,0,,,,,Sep 2024,https://www.myjobquote.co.uk/t/mrl-roofing,myjobquote
MRL roofing,,Guttering,,,4.68,0,,ID Checked,,,Sep 2023,https://www.myjobquote.co.uk/t/s-mullan-roofing,myjobquote
S Mullan Roofing,,Guttering,,,4.68,0,,ID Checked,,,Jul 2016,https://www.myjobquote.co.uk/t/local-roffer,myjobquote
K Leslie Group Ltd,,Guttering,,,5,2,,ID Checked,,,2016,https://www.myjobquote.co.uk/t/k-leslie-group-ltd,myjobquote
Strathclyde Roofers and Builders Ltd,,Guttering,,,5,1,,ID Checked,,,2012,https://www.myjobquote.co.uk/t/strathclyde-roofers-and-builders-ltd,myjobquote
Ecopro home,,Guttering,,,5,1,,ID Checked,,,Oct 2024,https://www.myjobquote.co.uk/t/ecopro-home,myjobquote
TRL PROPERTY MAINTENANCE,,Guttering,,,5,21,,ID Checked,,,2016,https://www.myjobquote.co.uk/t/trl-property-maintenance,myjobquote
DM Property Maintenance,,Guttering,,,5,2,,ID Checked,,,2017,https://www.myjobquote.co.uk/t/dm-property-maintenance-4,myjobquote
Macdonald roofing,,Guttering,,,4.68,0,,ID Checked,,,1999,https://www.myjobquote.co.uk/t/macdonald-roofing-4,myjobquote
Diamond Roofing,,Guttering,,,5,6,,ID Checked,,,2011,https://www.myjobquote.co.uk/t/diamond-roofing-13,myjobquote
Johnston Roofing & Solar,,Guttering,,,5,8,,ID Checked,,,2021,https://www.myjobquote.co.uk/t/johnston-roofing-solar,myjobquote
Nugen Exteriors,,Guttering,,,5,1,,ID Checked,,,Oct 2023,https://www.myjobquote.co.uk/t/nugen-exteriors,myjobquote
McPhee&Sons,,Guttering,,,4.6,8,07418367308,ID Checked,,,2009,https://www.myjobquote.co.uk/t/mcpheesons,myjobquote
Brucefield roofing & building ltd,,Guttering,,,4,1,,ID Checked,,,2022,https://www.myjobquote.co.uk/t/brucefield-roofing-building-ltd,myjobquote
Imperial Roofing Building,,Guttering,,,5,2,,ID Checked,,,2018,https://www.myjobquote.co.uk/t/imperial-roofing-building-1,myjobquote
J.w.miller property maintenance,,Guttering,,,4.68,0,,ID Checked,,,Mar 2023,https://www.myjobquote.co.uk/t/jwmiller-property-maintenance,myjobquote
Ascot roofing scot ltd,,Guttering,,,4.68,0,,ID Checked,,,Dec 2017,https://www.myjobquote.co.uk/t/ascot-roofing-scot-ltd,myjobquote
Saltire property maintenance,,Guttering,,,4.68,0,,,,,Sep 2025,https://www.myjobquote.co.uk/t/saltire-property-maintenance,myjobquote
Saltire property maintenance,,Guttering,,,4.68,0,,ID Checked,,,2002,https://www.myjobquote.co.uk/t/a-white-roofing,myjobquote
T Morgan roofing,,Guttering,,,5,7,,ID Checked; Public Liability Insurance,,,Jun 2023,https://www.myjobquote.co.uk/t/t-morgan-roofing,myjobquote
Helix property maintenance,,Guttering,,,5,15,,Public Liability Insurance,,,2017,https://www.myjobquote.co.uk/t/helix-property-maintenance,myjobquote
Roofline solutions,,Guttering,,,4.68,0,,,,,Jun 2021,https://www.myjobquote.co.uk/t/roofline-solutions-2,myjobquote
Imperial roofing,,Guttering,,,4.68,0,,ID Checked,,,Aug 2023,https://www.myjobquote.co.uk/t/imperial-roofing-1,myjobquote
Anderson roofing,,Guttering,,,4.68,0,,ID Checked,,,2018,https://www.myjobquote.co.uk/t/anderson-roofing-2,myjobquote
Castle Roofing and Property Maintenance,,Guttering,,,4.68,0,,ID Checked,,,Oct 2023,https://www.myjobquote.co.uk/t/castle-roofing-and-property-maintenance,myjobquote
North Yorks roofing services,,Guttering,,,4.68,0,,ID Checked,,,Oct 2024,https://www.myjobquote.co.uk/t/north-yorks-roofing-services,myjobquote
Roofs by SHS LTD,,Guttering,,,4.68,0,,ID Checked,,,Dec 2025,https://www.myjobquote.co.uk/t/roofs-by-shs-ltd,myjobquote
Roofs by SHS LTD,,Guttering,,,4.68,0,,ID Checked,,,2020,https://www.myjobquote.co.uk/t/jm-roofingbuilding,myjobquote
Ferris Gutters,,Guttering,,,4.68,0,,ID Checked,,,2010,https://www.myjobquote.co.uk/t/ferris-gutters,myjobquote
Ferris Gutters,,Guttering,,,4.68,0,,ID Checked,,,2025,https://www.myjobquote.co.uk/t/c-paterson-roofing,myjobquote
Bm property maintenance and roofing,,Guttering,,,4.68,0,,ID Checked,,,Jan 2026,https://www.myjobquote.co.uk/t/bm-property-maintenance-and-roofing,myjobquote
Bm property maintenance and roofing,,Guttering,,,4.68,0,,ID Checked,,,Mar 2026,https://www.myjobquote.co.uk/t/smroofing-2,myjobquote
David binnie,,Guttering,,,4.68,0,,ID Checked,,,Feb 2026,https://www.myjobquote.co.uk/t/david-binnie,myjobquote
PT roofing ltd,,Guttering,,,4.68,0,,ID Checked,,,2013,https://www.myjobquote.co.uk/t/pt-roofing-ltd,myjobquote
Reliable Roofing,,Guttering,,,4.68,0,,ID Checked,,,Nov 2025,https://www.myjobquote.co.uk/t/reliable-roofing-6,myjobquote
Brian,,Guttering,,,4.68,0,,ID Checked,,,Apr 2022,https://www.myjobquote.co.uk/t/brian-65,myjobquote
Brian,,Guttering,,,4.68,0,,,,,Nov 2024,https://www.myjobquote.co.uk/t/gkr-foodstores,myjobquote
Gkr foodstores,,Guttering,,,4.68,0,,,,,Jan 2023,https://www.myjobquote.co.uk/t/jb-slatingroofing,myjobquote
JB slating/roofing,,Guttering,,,4.68,0,,,,,Mar 2022,https://www.myjobquote.co.uk/t/sandstone-restorations-and-roofing-services-ltd,myjobquote
Sandstone restorations and roofing services ltd,,Guttering,,,4.68,0,,,,,Nov 2024,https://www.myjobquote.co.uk/t/liamstra,myjobquote
1st call roofing,,Guttering,,,5,10,,ID Checked,,,May 2025,https://www.myjobquote.co.uk/t/1st-call-roofing-1,myjobquote
Apm services,,Guttering,,,4,3,,ID Checked,,,2024,https://www.myjobquote.co.uk/t/apm-services-5,myjobquote
MG Pro care,,Guttering,,,5,1,,ID Checked,,,2024,https://www.myjobquote.co.uk/t/mg-pro-care,myjobquote
"AR Fencing, Landscaping & Roofing",,Guttering,,,4,2,,ID Checked,,,Jan 2025,https://www.myjobquote.co.uk/t/ar-fencing-landscaping-roofing,myjobquote
Signature roofing international,,Guttering,,,4.68,0,,ID Checked,,,Jan 2026,https://www.myjobquote.co.uk/t/signature-roofing-international,myjobquote
Elite cleaning,,Guttering,,,5,1,,ID Checked,,,2003,https://www.myjobquote.co.uk/t/elite-cleaning-8,myjobquote
Classic home improvements,,Guttering,,,5,3,,ID Checked,,,Jan 2026,https://www.myjobquote.co.uk/t/classic-home-improvements-1,myjobquote
IP Industrial Services Ltd,,Guttering,,,4.68,0,,,,,Oct 2024,https://www.myjobquote.co.uk/t/ip-industrial-services-ltd,myjobquote
IP Industrial Services Ltd,,Guttering,,,4.8,4,,ID Checked; Public Liability Insurance,,,2026,https://www.myjobquote.co.uk/t/no-limits-contractors-ltd,myjobquote
Trust in us property care,,Guttering,,,4.68,0,,Public Liability Insurance,,,Jan 2026,https://www.myjobquote.co.uk/t/trust-in-us-property-care,myjobquote
Irion clad roofing,,Guttering,,,4.68,0,,,,,Oct 2024,https://www.myjobquote.co.uk/t/irion-clad-roofing,myjobquote
BDS ROOFING,,Guttering,,,3.5,2,,ID Checked; Public Liability Insurance,,,2004,https://www.myjobquote.co.uk/t/bds-roofing-1,myjobquote
TG Garden&Homeimprovments,,Guttering,,,5,2,,ID Checked,,,2015,https://www.myjobquote.co.uk/t/tg-gardenhomeimprovments,myjobquote
Mc services roofing specialist,,Guttering,,,5,11,,ID Checked,,,Mar 2026,https://www.myjobquote.co.uk/t/mc-services-roofing-specialist,myjobquote
City Roofing & Upvc,,Guttering,,,5,4,,ID Checked,,,2010,https://www.myjobquote.co.uk/t/city-roofing-upvc,myjobquote
Webuild Cymru,,Guttering,,,5,1,,ID Checked,,,1994,https://www.myjobquote.co.uk/t/webuild-cymru-1,myjobquote
B&R Property Maintenance,,Guttering,,,5,4,,ID Checked,,,2020,https://www.myjobquote.co.uk/t/br-property-maintenance-1,myjobquote
Ashtcal roofing,,Guttering,,,5,3,,ID Checked,,,2020,https://www.myjobquote.co.uk/t/ashtcal-roofing,myjobquote
Ridgeline Roofing Hereford,,Guttering,,,4,1,07418318436,ID Checked,,,2022,https://www.myjobquote.co.uk/t/ridgeline-roofing-hereford,myjobquote
J&M Roofing and Landscaping,,Guttering,,,3,1,,ID Checked,,,Jan 2026,https://www.myjobquote.co.uk/t/jm-roofing-and-landscaping,myjobquote
Supreme roofers limited,,Guttering,,,5,2,,ID Checked,,,2009,https://www.myjobquote.co.uk/t/supreme-roofers-limited,myjobquote
JN Building Services & Property Development Limited,,Guttering,,,4,1,,ID Checked; Public Liability Insurance,,,2025,https://www.myjobquote.co.uk/t/jn-building-services-property-development-limited,myjobquote
Local roofing,,Guttering,,,5,1,,ID Checked,,,2000,https://www.myjobquote.co.uk/t/local-roofing-3,myjobquote
Advanced Roofing,,Guttering,,,5,1,,ID Checked,,,1999,https://www.myjobquote.co.uk/t/advanced-roofing-11,myjobquote
RT home improvements,,Guttering,,,5,1,,ID Checked,,,2025,https://www.myjobquote.co.uk/t/rt-home-improvements-1,myjobquote
Trueline Roofing & Plastics,,Guttering,,,5,3,,ID Checked,,,2024,https://www.myjobquote.co.uk/t/trueline-roofing-plastics,myjobquote
All seasons roofing & building,,Guttering,,,5,2,,ID Checked,,,2022,https://www.myjobquote.co.uk/t/all-seasons-roofing-building,myjobquote
DDR development,,Guttering,,,5,1,,ID Checked,,,2022,https://www.myjobquote.co.uk/t/ddr-development,myjobquote
Precision Exterior Cleaning & Maintenance,,Guttering,,,5,1,,ID Checked,,,2022,https://www.myjobquote.co.uk/t/precision-exterior-cleaning-maintenance,myjobquote
Celtic Roofing,,Guttering,,,5,3,,ID Checked,,,2007,https://www.myjobquote.co.uk/t/celtic-roofing,myjobquote
Jc home improvements,,Guttering,,,4.9,11,,ID Checked,,,2017,https://www.myjobquote.co.uk/t/jc-home-improvements-6,myjobquote
proficient roofing solutions,,Guttering,,,5,1,,ID Checked; Public Liability Insurance,,,2010,https://www.myjobquote.co.uk/t/proficient-roofing-solutions,myjobquote
Beachwood tree and landscaping,,Guttering,,,4.5,14,,Public Liability Insurance,,,2015,https://www.myjobquote.co.uk/t/beachwood-tree-and-landscaping,myjobquote
I c maintenance,,Guttering,,,4.3,16,,ID Checked,,,2022,https://www.myjobquote.co.uk/t/i-c-maintenance-1,myjobquote
Jack of all trades,,Guttering,,,5,2,07418369256,ID Checked,,,2019,https://www.myjobquote.co.uk/t/jack-of-all-trades-6,myjobquote
DCW property maintenance services,,Guttering,,,4.8,6,,ID Checked,,,2023,https://www.myjobquote.co.uk/t/dcw-property-maintenance-services-2,myjobquote
Newport Building And Home Improvements,,Guttering,,,5,12,,ID Checked,,,2012,https://www.myjobquote.co.uk/t/newport-building-and-home-improvements,myjobquote
Bath and wilts roofing,,Guttering,,,5,1,,ID Checked,,,Sep 2021,https://www.myjobquote.co.uk/t/bath-and-wilts-roofing,myjobquote
Roofer,,Guttering,,,5,1,,ID Checked,,,2022,https://www.myjobquote.co.uk/t/roofer-33,myjobquote
Richards&Co,,Guttering,,,5,4,,ID Checked,,,2010,https://www.myjobquote.co.uk/t/richardsco,myjobquote
LML Roofing,,Guttering,,,4.6,10,,ID Checked,,,2006,https://www.myjobquote.co.uk/t/lml-roofing,myjobquote
ALA Roofing and Building,,Guttering,,,4.4,13,,ID Checked,,,2009,https://www.myjobquote.co.uk/t/ala-roofing-and-building,myjobquote
Landgate paving & development,,Guttering,,,4.68,0,,ID Checked,,,Jun 2020,https://www.myjobquote.co.uk/t/landgate-paving-development,myjobquote
Forestry tree surgeon & O Sullivan & Sons Roofing,,Guttering,,,4.68,0,,ID Checked,,,2010,https://www.myjobquote.co.uk/t/forestry-tree-surgeon-o-sullivan-sons-roofing,myjobquote
Liam lovell,,Guttering,,,4.68,0,,ID Checked,,,2012,https://www.myjobquote.co.uk/t/liam-lovell,myjobquote
Perfect clean,,Guttering,,,4.68,0,,ID Checked,,,Aug 2023,https://www.myjobquote.co.uk/t/perfect-clean-4,myjobquote
Perfect clean,,Guttering,,,4.68,0,,ID Checked,,,2019,https://www.myjobquote.co.uk/t/dps-roofing-and-building,myjobquote
Ioroofingsolutions,,Guttering,,,4.68,0,,ID Checked,,,2018,https://www.myjobquote.co.uk/t/ioroofingsolutions,myjobquote
Gwent roofing & property maintance,,Guttering,,,4.68,0,,ID Checked,,,Oct 2024,https://www.myjobquote.co.uk/t/gwent-roofing-property-maintance,myjobquote
Rtlewis son,,Guttering,,,4.68,0,,ID Checked,,,1983,https://www.myjobquote.co.uk/t/rtlewis-son,myjobquote
Rainbow roofing and cleaning service,,Guttering,,,4.68,0,,ID Checked,,,2020,https://www.myjobquote.co.uk/t/rainbow-roofing-and-cleaning-service,myjobquote
J&lroofing,,Guttering,,,4.68,0,,ID Checked,,,Feb 2026,https://www.myjobquote.co.uk/t/jlroofing-1,myjobquote
Webberts LTD,,Guttering,,,4.68,0,,ID Checked,,,Sep 2025,https://www.myjobquote.co.uk/t/webberts-ltd,myjobquote
Manufacturing Performance Solutions Ltd,,Guttering,,,4.68,0,,ID Checked,,,2021,https://www.myjobquote.co.uk/t/manufacturing-performance-solutions-ltd,myjobquote
R&J roofing,,Guttering,,,4.68,0,,ID Checked,,,Oct 2025,https://www.myjobquote.co.uk/t/rj-roofing-10,myjobquote
Wf roofing,,Guttering,,,4.68,0,,ID Checked,,,2010,https://www.myjobquote.co.uk/t/wf-roofing-1,myjobquote
T & R GUTTERING & ROOFING,,Guttering,,,4.68,0,,ID Checked,,,Sep 2024,https://www.myjobquote.co.uk/t/t-r-guttering-roofing,myjobquote
Redeemed roofing,,Guttering,,,4.68,0,,ID Checked,,,Oct 2024,https://www.myjobquote.co.uk/t/redeemed-roofing,myjobquote
Thomas Roofing,,Guttering,,,4.68,0,,ID Checked,,,2004,https://www.myjobquote.co.uk/t/thomas-roofing,myjobquote
High&dry roofing,,Guttering,,,4.68,0,,ID Checked,,,Jan 2015,https://www.myjobquote.co.uk/t/highdry-roofing,myjobquote
My roofer,,Guttering,,,4.68,0,,ID Checked,,,2019,https://www.myjobquote.co.uk/t/my-roofer-2,myjobquote
My roofer,,Guttering,,,4.68,0,,ID Checked,,,2024,https://www.myjobquote.co.uk/t/gibbs-roofing-guttering,myjobquote
C.H roofing,,Guttering,,,4.68,0,,ID Checked,,,Apr 2025,https://www.myjobquote.co.uk/t/ch-roofing-4,myjobquote
C.H roofing,,Guttering,,,4.68,0,,ID Checked,,,Aug 2025,https://www.myjobquote.co.uk/t/enviro-flat-roofing,myjobquote
City roofing,,Guttering,,,4.68,0,,ID Checked,,,Jan 2024,https://www.myjobquote.co.uk/t/city-roofing-13,myjobquote
J&S roofing & Landscapes,,Guttering,,,4.68,0,,ID Checked,,,2015,https://www.myjobquote.co.uk/t/js-roofing-landscapes,myjobquote
Superior Maintenance and Development LTD,,Guttering,,,4.68,0,,ID Checked,,,2020,https://www.myjobquote.co.uk/t/superior-maintenance-and-development-ltd,myjobquote
Twobrothersroofing,,Guttering,,,4.68,0,,ID Checked,,,Nov 2023,https://www.myjobquote.co.uk/t/twobrothersroofing,myjobquote
A.A Roofing & landscaping,,Guttering,,,4.68,0,,ID Checked,,,Mar 2026,https://www.myjobquote.co.uk/t/aa-roofing-landscaping,myjobquote
A.A Roofing & landscaping,,Guttering,,,5,2,,ID Checked,,,Apr 2024,https://www.myjobquote.co.uk/t/rs-tree-services,myjobquote
Jaspal,,Guttering,,,4.68,0,,ID Checked,,,Jul 2024,https://www.myjobquote.co.uk/t/jaspal-6,myjobquote
Jaspal,,Guttering,,,4.68,0,,ID Checked,,,Oct 2025,https://www.myjobquote.co.uk/t/ll-dectech,myjobquote
JSET Roofing and Construction,,Guttering,,,4.7,26,,ID Checked,,,1990,https://www.myjobquote.co.uk/t/jset-roofing-and-construction,myjobquote
J&B Building & Roofing contractors,,Guttering,,,5,1,,ID Checked,,,2000,https://www.myjobquote.co.uk/t/jb-building-roofing-contractors,myjobquote
Valley Home Improvement & Roofing,,Guttering,,,5,8,,ID Checked,,,2010,https://www.myjobquote.co.uk/t/valley-home-improvement-roofing,myjobquote
Ace Home improvements,,Guttering,,,5,1,,ID Checked,,,2008,https://www.myjobquote.co.uk/t/ace-home-improvements-8,myjobquote
Ridgeplus roofing solutions,,Guttering,,,5,39,,ID Checked,,,2020,https://www.myjobquote.co.uk/t/ridgeplus-roofing-solutions,myjobquote
Clear view Roofing & building solutions,,Guttering,,,5,15,,ID Checked,,,2013,https://www.myjobquote.co.uk/t/clear-view-roofing-building-solutions,myjobquote
BDB Roofing specialist,,Guttering,,,5,1,,ID Checked,,,2015,https://www.myjobquote.co.uk/t/bdb-roofing-specialist,myjobquote
Ifix roofing contractors Ltd,,Guttering,,,4,1,,ID Checked,,,2000,https://www.myjobquote.co.uk/t/ifix-roofing-contractors-ltd,myjobquote
S & Son Home Improvements,,Guttering,,,5,7,,ID Checked,,,2004,https://www.myjobquote.co.uk/t/s-son-home-improvements,myjobquote
Roofix,,Guttering,,,5,8,,ID Checked,,,2014,https://www.myjobquote.co.uk/t/roofix-5,myjobquote
storm king roofing,,Guttering,,,5,4,,ID Checked; Public Liability Insurance,,,2024,https://www.myjobquote.co.uk/t/storm-king-roofing,myjobquote
Phs Roofing services,,Guttering,,,5,15,,ID Checked,,,2008,https://www.myjobquote.co.uk/t/phs-roofing-services,myjobquote
V roofing,,Guttering,,,4,1,,ID Checked,,,May 2024,https://www.myjobquote.co.uk/t/v-roofing,myjobquote
Precise Roofing Ltd,,Guttering,,,5,1,07418370132,ID Checked,,,Oct 2025,https://www.myjobquote.co.uk/t/precise-roofing-ltd,myjobquote
Mr Maintenance,,Guttering,,,4,4,,ID Checked,,,1998,https://www.myjobquote.co.uk/t/mr-maintenance-11,myjobquote
Pavlovi,,Guttering,,,4.68,0,,,,,Sep 2025,https://www.myjobquote.co.uk/t/pavlovi,myjobquote
Pavlovi,,Guttering,,,4.68,0,,ID Checked,,,2014,https://www.myjobquote.co.uk/t/local-roofer,myjobquote
Northern roofing,,Guttering,,,4.68,0,,ID Checked,,,Aug 2025,https://www.myjobquote.co.uk/t/northern-roofing-1,myjobquote
Northern roofing,,Guttering,,,4.68,0,,ID Checked,,,2017,https://www.myjobquote.co.uk/t/heritage-roofing-and-building-contractors-3,myjobquote
SJ Roofing,,Guttering,,,4.68,0,,ID Checked,,,Sep 2022,https://www.myjobquote.co.uk/t/sj-roofing-6,myjobquote
Thomas Ellis Property Care,,Guttering,,,5,6,,ID Checked,,,1998,https://www.myjobquote.co.uk/t/thomas-ellis-property-care,myjobquote
All side roofing ltd,,Guttering,,,5,2,,ID Checked,,,2023,https://www.myjobquote.co.uk/t/all-side-roofing-ltd-1,myjobquote
Owens roofing Cheshire,,Guttering,,,5,5,,ID Checked,,,2019,https://www.myjobquote.co.uk/t/owens-roofing-cheshire,myjobquote
All aspects,,Guttering,,,5,2,,ID Checked,,,2025,https://www.myjobquote.co.uk/t/all-aspects-13,myjobquote
Revival property maintenance,,Guttering,,,5,8,,ID Checked,,,2014,https://www.myjobquote.co.uk/t/revival-property-maintenance,myjobquote
TM Property Maintenance,,Guttering,,,5,2,,ID Checked,,,2012,https://www.myjobquote.co.uk/t/tm-property-maintenance-13,myjobquote
J & M Roofing,,Guttering,,,5,72,,ID Checked,,,2010,https://www.myjobquote.co.uk/t/j-m-roofing-2,myjobquote
TOPSTYLE ROOFING SOLUTIONS,,Guttering,,,5,1,,ID Checked,,,2020,https://www.myjobquote.co.uk/t/topstyle-roofing-solutions,myjobquote
County Roofing & Home Improvements,,Guttering,,,5,22,,ID Checked,,,1998,https://www.myjobquote.co.uk/t/county-roofing-home-improvements,myjobquote
AT Roofing,,Guttering,,,5,16,,ID Checked,,,2016,https://www.myjobquote.co.uk/t/at-roofing-3,myjobquote
PD & Sons,,Guttering,,,5,3,,ID Checked,,,Dec 2020,https://www.myjobquote.co.uk/t/pd-sons,myjobquote
Drone Roofing,,Guttering,,,4,14,,ID Checked,,,2022,https://www.myjobquote.co.uk/t/drone-roofing-1,myjobquote
Ridgeline,,Guttering,,,5,2,,ID Checked,,,2000,https://www.myjobquote.co.uk/t/ridgeline-1,myjobquote
Trust Style Roofing,,Guttering,,,5,64,,ID Checked,,,2006,https://www.myjobquote.co.uk/t/trust-style-roofing,myjobquote
Tip Top Roofing & Groundwork,,Guttering,,,5,2,,ID Checked,,,2016,https://www.myjobquote.co.uk/t/tip-top-roofing-groundwork,myjobquote
D&s roofing,,Guttering,,,5,3,,ID Checked,,,2019,https://www.myjobquote.co.uk/t/ds-roofing-10,myjobquote
Tile style roofing,,Guttering,,,5,16,,ID Checked,,,2023,https://www.myjobquote.co.uk/t/tile-style-roofing,myjobquote
N&E ROOFING CONTRACTORS,,Guttering,,,5,2,,ID Checked,,,2017,https://www.myjobquote.co.uk/t/ne-roofing-contractors,myjobquote
Ridgeline roofing,,Guttering,,,5,3,,ID Checked,,,2009,https://www.myjobquote.co.uk/t/ridgeline-roofing-15,myjobquote
DPC driveway & patio control,,Guttering,,,5,1,,ID Checked,,,Feb 2024,https://www.myjobquote.co.uk/t/dpc-driveway-patio-control,myjobquote
A & L Roofing and groundworks,,Guttering,,,5,1,,,,,,https://www.myjobquote.co.uk/t/a-l-roofing-and-groundworks,myjobquote
M&s construction Wrexham,,Guttering,,,5,9,,ID Checked,,,2022,https://www.myjobquote.co.uk/t/ms-construction-wrexham,myjobquote
Have it your way roof solutions,,Guttering,,,4.68,0,,ID Checked,,,Dec 2022,https://www.myjobquote.co.uk/t/have-it-your-way-roof-solutions,myjobquote
CJ roofing,,Guttering,,,4.68,0,,ID Checked,,,2004,https://www.myjobquote.co.uk/t/cj-roofing-9,myjobquote
CJ roofing,,Guttering,,,4.68,0,,ID Checked,,,Feb 2024,https://www.myjobquote.co.uk/t/mbhomeinprovements,myjobquote
MBhomeinprovements,,Guttering,,,4.68,0,,ID Checked,,,2020,https://www.myjobquote.co.uk/t/j-g-roofing,myjobquote
RSS FLAT ROOFING AND SYSTEMS,,Guttering,,,4.68,0,,ID Checked,,,2023,https://www.myjobquote.co.uk/t/rss-flat-roofing-and-systems,myjobquote
LN Roofing,,Guttering,,,4.68,0,,ID Checked,,,2021,https://www.myjobquote.co.uk/t/ln-roofing,myjobquote
Starline roofing & property maintenance,,Guttering,,,4.68,0,,,,,Nov 2019,https://www.myjobquote.co.uk/t/starline-roofing-property-maintenance,myjobquote
Acs home improvements,,Guttering,,,4.68,0,,ID Checked,,,Feb 2024,https://www.myjobquote.co.uk/t/acs-home-improvements-2,myjobquote
A.Pritchards roofing repair services,,Guttering,,,4.68,0,,ID Checked,,,2015,https://www.myjobquote.co.uk/t/apritchards-roofing-repair-services,myjobquote
STAY DRY ROOFING,,Guttering,,,4.68,0,,ID Checked,,,2000,https://www.myjobquote.co.uk/t/stay-dry-roofing-8,myjobquote
Quality roofing&building,,Guttering,,,4.68,0,,ID Checked,,,2009,https://www.myjobquote.co.uk/t/quality-roofingbuilding,myjobquote
On top roofing,,Guttering,,,4.68,0,,ID Checked,,,Jan 2026,https://www.myjobquote.co.uk/t/on-top-roofing-6,myjobquote
On top roofing,,Guttering,,,4.68,0,,ID Checked,,,2023,https://www.myjobquote.co.uk/t/visionary-roofing-and-groundworks,myjobquote
Roofing masters,,Guttering,,,4.68,0,,ID Checked,,,Jan 2025,https://www.myjobquote.co.uk/t/roofing-masters,myjobquote
Roofing masters,,Guttering,,,4.6,11,,ID Checked,,,1994,https://www.myjobquote.co.uk/t/lg-roofing-and-building,myjobquote
HUGHS HOME MAINTENANCE,,Guttering,,,5,2,,ID Checked,,,2020,https://www.myjobquote.co.uk/t/hughs-home-maintenance-1,myjobquote
Levi’s joinery,,Guttering,,,4.5,2,,ID Checked,,,Nov 2024,https://www.myjobquote.co.uk/t/levis-joinery,myjobquote
S jones building and roofing,,Guttering,,,4.5,2,,ID Checked,,,1980,https://www.myjobquote.co.uk/t/s-jones-building-and-roofing,myjobquote
Jac Davies,,Guttering,,,4.68,0,,,,,Feb 2025,https://www.myjobquote.co.uk/t/jac-davies,myjobquote
Jac Davies,,Guttering,,,4.68,0,,,,,Feb 2025,https://www.myjobquote.co.uk/t/ace-felt-roofing-ltd,myjobquote
ACE FELT ROOFING LTD,,Guttering,,,4.68,0,,ID Checked,,,Oct 2022,https://www.myjobquote.co.uk/t/smithsroofing,myjobquote
Roberts roofing Ltd,,Guttering,,,4.68,0,,ID Checked,,,Apr 2024,https://www.myjobquote.co.uk/t/roberts-roofing-ltd,myjobquote
OG Roofing and Building Maintenance,,Guttering,,,4.68,0,,,,,Jun 2023,https://www.myjobquote.co.uk/t/og-roofing-and-building-maintenance,myjobquote
Cameron,,Guttering,,,4.68,0,,,,,Apr 2023,https://www.myjobquote.co.uk/t/cameron-29,myjobquote
Cameron,,Guttering,,,4.68,0,,,,,Feb 2023,https://www.myjobquote.co.uk/t/ng-warburton-roofing-contractor,myjobquote
Ng warburton roofing contractor,,Guttering,,,4.68,0,,ID Checked,,,May 2024,https://www.myjobquote.co.uk/t/dh-home-improvements-2,myjobquote
J&R landscaping,,Guttering,,,4.68,0,,ID Checked,,,May 2024,https://www.myjobquote.co.uk/t/jr-landscaping-2,myjobquote
J&R landscaping,,Guttering,,,4.7,7,,ID Checked; Public Liability Insurance,,,Apr 2025,https://www.myjobquote.co.uk/t/burrows-roofing,myjobquote
Royal Home Improvements,,Guttering,,,5,2,07418365835,ID Checked; Public Liability Insurance,,,2013,https://www.myjobquote.co.uk/t/royal-home-improvements-3,myjobquote
JL roofing and maintenance,,Guttering,,,5,1,,ID Checked,,,Apr 2025,https://www.myjobquote.co.uk/t/jl-roofing-and-maintenance,myjobquote
Assured roofing,,Guttering,,,4,5,07441473244,ID Checked; Public Liability Insurance,,,1900,https://www.myjobquote.co.uk/t/assured-roofing-2,myjobquote
All about roofing,,Guttering,,,5,1,,ID Checked,,,2020,https://www.myjobquote.co.uk/t/all-about-roofing-5,myjobquote
Tried and true construction,,Guttering,,,5,1,,ID Checked,,,2002,https://www.myjobquote.co.uk/t/tried-and-true-construction,myjobquote
P D Roofing & Building Contractors,,Guttering,,,5,4,07418362286,ID Checked,,,2006,https://www.myjobquote.co.uk/t/p-d-roofing-building-contractors,myjobquote
Rebuild roofing & guttering LTD,,Guttering,,,5,1,,ID Checked; Public Liability Insurance,,,2015,https://www.myjobquote.co.uk/t/rebuild-roofing-guttering-ltd,myjobquote
M&m roofing,,Guttering,,,5,1,,ID Checked,,,Jan 2026,https://www.myjobquote.co.uk/t/mm-roofing-2,myjobquote
SR StormGuide Roofing,,Guttering,,,5,1,,ID Checked,,,2023,https://www.myjobquote.co.uk/t/sr-stormguide-roofing,myjobquote
Apex roofing and property maintenance,,Guttering,,,5,2,,ID Checked,,,2015,https://www.myjobquote.co.uk/t/apex-roofing-and-property-maintenance-1,myjobquote
Act fast roofing ltd,,Guttering,,,5,1,,ID Checked,,,2001,https://www.myjobquote.co.uk/t/act-fast-roofing-ltd,myjobquote
WB property maintenance,,Guttering,,,5,2,07441449115,ID Checked,,,1993,https://www.myjobquote.co.uk/t/wb-property-maintenance-1,myjobquote
LW home improvements,,Guttering,,,5,1,,ID Checked,,,1992,https://www.myjobquote.co.uk/t/lw-home-improvements-1,myjobquote
Titanium Roofing,,Guttering,,,5,2,07418349565,ID Checked,,,2023,https://www.myjobquote.co.uk/t/titanium-roofing,myjobquote
All Aspect roofing and joinery,,Guttering,,,4,1,,ID Checked,,,Nov 2025,https://www.myjobquote.co.uk/t/all-aspect-roofing-and-joinery,myjobquote
SJ Construction,,Guttering,,,5,13,,ID Checked,,,1990,https://www.myjobquote.co.uk/t/sj-construction-2,myjobquote
Green Home Maintenance And Handyman services,,Guttering,,,5,62,,ID Checked,,,2018,https://www.myjobquote.co.uk/t/green-home-maintenance-and-handyman-services,myjobquote
BMW roofing & building,,Guttering,,,5,1,,ID Checked,,,2016,https://www.myjobquote.co.uk/t/bmw-roofing-building,myjobquote
Expert Roofing For You,,Guttering,,,5,3,,ID Checked,,,Nov 2025,https://www.myjobquote.co.uk/t/expert-roofing-for-you,myjobquote
Lad Roofing & Damp Proofing,,Guttering,,,4,17,,ID Checked,,,2002,https://www.myjobquote.co.uk/t/lad-roofing-damp-proofing,myjobquote
Skyline roofing and construction,,Guttering,,,5,1,,ID Checked,,,2024,https://www.myjobquote.co.uk/t/skyline-roofing-and-construction-1,myjobquote
Royale property care,,Guttering,,,5,1,,ID Checked,,,Nov 2025,https://www.myjobquote.co.uk/t/royale-property-care-1,myjobquote
Skyward Roofing and Gutter,,Guttering,,,5,2,,ID Checked,,,Nov 2025,https://www.myjobquote.co.uk/t/skyward-roofing-and-gutter,myjobquote
Cal&#039;s Roofing UK - Roofing specialists,,Guttering,,,5,2,,ID Checked,,,2020,https://www.myjobquote.co.uk/t/cals-roofing-uk-roofing-specialists,myjobquote
Sams Roof Repairs,,Guttering,,,5,53,,ID Checked,,,Sep 2024,https://www.myjobquote.co.uk/t/sams-roof-repairs,myjobquote
M Blackwell Roofing,,Guttering,,,5,5,,ID Checked,,,1989,https://www.myjobquote.co.uk/t/m-blackwell-roofing,myjobquote
CPR Roofing & Building,,Guttering,,,4,7,,ID Checked,,,2020,https://www.myjobquote.co.uk/t/cpr-roofing-building,myjobquote
Northridge Roofing Contractors,,Guttering,,,4,1,,ID Checked,,,Mar 2023,https://www.myjobquote.co.uk/t/northridge-roofing-contractors-1,myjobquote
SJ Roofing & Property Maintenance,,Guttering,,,5,1,,ID Checked,,,2009,https://www.myjobquote.co.uk/t/sj-roofing-property-maintenance-1,myjobquote
Honestus Roofing ltd,,Guttering,,,5,5,07418374643,ID Checked,,,1994,https://www.myjobquote.co.uk/t/honestus-roofing-ltd,myjobquote