company_name,owner_name,trade_type,location,website_url,overall_rating,review_count,phone,verification_status,services,coverage_area,member_since,profile_url,source_platform
Ioan Borzos,,Gardener,,,4.8,75,,ID Checked,,,2014,https://www.myjobquote.co.uk/t/ioan-borzos,myjobquote
MG Gardening & Landscaping,,Gardener,,,5,40,07451286745,ID Checked,,,2015,https://www.myjobquote.co.uk/t/mg-gardening-landscaping,myjobquote
ManjLandscapes Ltd,,Gardener,,,5,22,,ID Checked,,,2019,https://www.myjobquote.co.uk/t/manjlandscapes-ltd,myjobquote
The Turf Laying Experts,,Gardener,,,4,14,,ID Checked,,,2011,https://www.myjobquote.co.uk/t/the-turf-laying-experts,myjobquote
OGD Gardening,,Gardener,,,5,10,,ID Checked,,,2018,https://www.myjobquote.co.uk/t/ogd-gardening,myjobquote
Ed & Bela Garden Services,,Gardener,,,5,10,,ID Checked,,,Nov 2022,https://www.myjobquote.co.uk/t/ed-bela-garden-services,myjobquote
Benjamin Landscapes,,Gardener,,,5,9,,ID Checked,,,Apr 2025,https://www.myjobquote.co.uk/t/benjamin-landscapes,myjobquote
W A Services,,Gardener,,,5,6,,ID Checked,,,2015,https://www.myjobquote.co.uk/t/w-a-services,myjobquote
Buffalo Gardening,,Gardener,,,5,5,,ID Checked,,,Feb 2026,https://www.myjobquote.co.uk/t/buffalo-gardening,myjobquote
Sauleskians tree services and landscapes,,Gardener,,,5,5,07418317206,ID Checked,,,2001,https://www.myjobquote.co.uk/t/sauleskians-tree-services-and-landscapes,myjobquote
Ednimi Limited,,Gardener,,,5,2,,ID Checked; Public Liability Insurance,,,2021,https://www.myjobquote.co.uk/t/ednimi-limited,myjobquote
DD Building Services,,Gardener,,,5,2,,ID Checked,,,2014,https://www.myjobquote.co.uk/t/dd-building-services-2,myjobquote
TeamFix Handyman service,,Gardener,,,5,1,,ID Checked,,,2024,https://www.myjobquote.co.uk/t/teamfix-handyman-service,myjobquote
Noka Landscaping & Driveways Services,,Gardener,,,4,1,07451260815,ID Checked,,,2019,https://www.myjobquote.co.uk/t/noka-landscaping-driveways-services,myjobquote
Brownes Property Improvements,,Gardener,,,5,1,,ID Checked,,,2020,https://www.myjobquote.co.uk/t/brownes-property-improvements,myjobquote
Evergreen,,Gardener,,,5,1,,ID Checked,,,2000,https://www.myjobquote.co.uk/t/evergreen-17,myjobquote
Peakview Lawn & Landscape,,Gardener,,,5,27,,ID Checked,,,2015,https://www.myjobquote.co.uk/t/peakview-lawn-landscape,myjobquote
2020 fencing and landscapes,,Gardener,,,5,8,,ID Checked,,,Sep 2024,https://www.myjobquote.co.uk/t/2020-fencing-and-landscapes,myjobquote
Bespoke Landscaping Garden Services Ltd,,Gardener,,,5,6,,ID Checked,,,2009,https://www.myjobquote.co.uk/t/bespoke-landscaping-garden-services-ltd,myjobquote
WP Landscapes,,Gardener,,,4,3,,ID Checked,,,2021,https://www.myjobquote.co.uk/t/wp-landscapes-2,myjobquote
Arts & Graft,,Gardener,,,5,6,,ID Checked; Public Liability Insurance,,,2010,https://www.myjobquote.co.uk/t/arts-graft,myjobquote
C Squared Gardening Services,,Gardener,,,5,1,,Public Liability Insurance,,,2025,https://www.myjobquote.co.uk/t/c-squared-gardening-services,myjobquote
GATT&SON’S scrap and rubbish clearance,,Gardener,,,5,1,,ID Checked,,,2020,https://www.myjobquote.co.uk/t/gattsons-scrap-and-rubbish-clearance,myjobquote
J Hanrahan Services,,Gardener,,,5,1,,ID Checked,,,Sep 2025,https://www.myjobquote.co.uk/t/j-hanrahan-services,myjobquote
johnhume,,Gardener,,,5,1,,ID Checked,,,1985,https://www.myjobquote.co.uk/t/johnhume,myjobquote
Jozsef Gomboci,,Gardener,,,5,1,,ID Checked,,,2016,https://www.myjobquote.co.uk/t/jozsef-gomboci-1,myjobquote
Cooper Fencing Limited,,Gardener,,,5,1,,ID Checked,,,2025,https://www.myjobquote.co.uk/t/cooper-fencing-limited,myjobquote
Darius driveway,,Gardener,,,5,1,,ID Checked,,,Oct 2024,https://www.myjobquote.co.uk/t/darius-driveway,myjobquote
Bright Day Services,,Gardener,,,5,33,07441473219,ID Checked,,,2015,https://www.myjobquote.co.uk/t/bright-day-services,myjobquote
CL Williams Landscaping,,Gardener,,,5,19,,ID Checked,,,2018,https://www.myjobquote.co.uk/t/cl-williams-landscaping,myjobquote
Town and District Landscapes,,Gardener,,,5,19,,ID Checked,,,1986,https://www.myjobquote.co.uk/t/town-and-district-landscapes,myjobquote
Declutter Sevices,,Gardener,,,5,15,,ID Checked; Public Liability Insurance,,,2020,https://www.myjobquote.co.uk/t/declutter-sevices,myjobquote
Regency Quality Building Services /Handyperson Services,,Gardener,,,5,8,,ID Checked,,,1990,https://www.myjobquote.co.uk/t/regency-quality-building-services-handyperson-services,myjobquote
Shedly,,Gardener,,,5,6,,ID Checked,,,2016,https://www.myjobquote.co.uk/t/shedly,myjobquote
Access Trees,,Gardener,,,5,5,,ID Checked,,,1998,https://www.myjobquote.co.uk/t/access-trees,myjobquote
Greenscapes Gardens Ltd,,Gardener,,,5,4,,ID Checked,,,2024,https://www.myjobquote.co.uk/t/greenscapes-gardens-ltd,myjobquote
CS Trees,,Gardener,,,5,4,07418317461,ID Checked,,,2019,https://www.myjobquote.co.uk/t/cs-trees,myjobquote
JQMD LTD,,Gardener,,,5,3,,ID Checked; Public Liability Insurance,,,Jan 2026,https://www.myjobquote.co.uk/t/jqmd-ltd,myjobquote
Tobias jessup,,Gardener,,,5,1,,ID Checked,,,Aug 2025,https://www.myjobquote.co.uk/t/tobias-jessup,myjobquote
Jones handy service&#039;s,,Gardener,,,5,1,,ID Checked,,,Feb 2025,https://www.myjobquote.co.uk/t/jones-handy-services,myjobquote
CJP Garden and Tree care,,Gardener,,,5,20,,ID Checked,,,2015,https://www.myjobquote.co.uk/t/cjp-garden-and-tree-care-1,myjobquote
Calin,,Gardener,,,5,10,,ID Checked; Public Liability Insurance,,,2014,https://www.myjobquote.co.uk/t/calin-5,myjobquote
The Tree Man,,Gardener,,,5,6,,ID Checked,,,2017,https://www.myjobquote.co.uk/t/the-tree-man-1,myjobquote
Access Home Improvements,,Gardener,,,5,4,,ID Checked,,,Jan 2025,https://www.myjobquote.co.uk/t/access-home-improvements,myjobquote
Guri garden services Ltd,,Gardener,,,5,2,,ID Checked,,,2021,https://www.myjobquote.co.uk/t/guri-garden-services-ltd,myjobquote
Johnroofing ltd,,Gardener,,,5,1,07451261256,ID Checked,,,2005,https://www.myjobquote.co.uk/t/johnroofing-ltd,myjobquote
DC Roofing and Property Maintenance,,Gardener,,,5,2,,ID Checked,,,Jan 2026,https://www.myjobquote.co.uk/t/dc-roofing-and-property-maintenance-2,myjobquote
TM Exterior Property Maintenance,,Gardener,,,5,15,,ID Checked,,,2018,https://www.myjobquote.co.uk/t/tm-exterior-property-maintenance,myjobquote
EagleEye,,Gardener,,,5,6,,ID Checked,,,Sep 2023,https://www.myjobquote.co.uk/t/eagleeye,myjobquote
Task plan development ltd,,Gardener,,,5,2,,ID Checked,,,2014,https://www.myjobquote.co.uk/t/task-plan-development-ltd,myjobquote
Active home improvements,,Gardener,,,5,1,,ID Checked,,,Mar 2025,https://www.myjobquote.co.uk/t/active-home-improvements,myjobquote
Sharpz,,Gardener,,,5,1,,ID Checked,,,Nov 2023,https://www.myjobquote.co.uk/t/sharpz,myjobquote
GHEORGHITA LTD,,Gardener,,,5,19,,ID Checked,,,2013,https://www.myjobquote.co.uk/t/gheorghita-ltd,myjobquote
Flooring by Errol,,Gardener,,,5,14,,ID Checked,,,2019,https://www.myjobquote.co.uk/t/flooring-by-errol,myjobquote
ESM AGENCY LTD,,Gardener,,,5,3,,ID Checked,,,2020,https://www.myjobquote.co.uk/t/esm-agency-ltd,myjobquote
MER Solutions,,Gardener,,,5,1,,ID Checked; Public Liability Insurance,,,2025,https://www.myjobquote.co.uk/t/mer-solutions,myjobquote
Sorin Marcu,,Gardener,,,5,12,,ID Checked,,,2017,https://www.myjobquote.co.uk/t/sorin-marcu,myjobquote
Gazza&#039;s handyman & gardening services,,Gardener,,,5,6,,ID Checked,,,Nov 2020,https://www.myjobquote.co.uk/t/gazzas-handyman-gardening-services,myjobquote
LH Trees and Gardens,,Gardener,,,5,24,,ID Checked,,,2021,https://www.myjobquote.co.uk/t/lh-trees-and-gardens,myjobquote
Garys gardens,,Gardener,,,5,1,,ID Checked,,,Jul 2023,https://www.myjobquote.co.uk/t/garys-gardens-1,myjobquote
Rainbow group,,Gardener,,,5,2,,,,,2022,https://www.myjobquote.co.uk/t/rainbow-group-1,myjobquote
Rain Gardens,,Gardener,,,5,1,,ID Checked,,,2025,https://www.myjobquote.co.uk/t/rain-gardens,myjobquote
PH Building Construction,,Gardener,,,4,49,,ID Checked,,,Aug 2025,https://www.myjobquote.co.uk/t/ph-building-construction,myjobquote
Fibretec cleaning services,,Gardener,,,4,2,,ID Checked,,,2017,https://www.myjobquote.co.uk/t/fibretec-cleaning-services,myjobquote
brian Howard ltd,,Gardener,,,5,2,,ID Checked,,,Oct 2024,https://www.myjobquote.co.uk/t/brian-howard-ltd,myjobquote
Pm gardens,,Gardener,,,5,1,,ID Checked,,,Feb 2026,https://www.myjobquote.co.uk/t/pm-gardens-1,myjobquote
Surrey London Builds LTD,,Gardener,,,5,1,,ID Checked,,,2025,https://www.myjobquote.co.uk/t/surrey-london-builds-ltd-1,myjobquote
OX Construction,,Gardener,,,5,2,,ID Checked,,,2024,https://www.myjobquote.co.uk/t/ox-construction-1,myjobquote
J.c.s landscaping & building ltd,,Gardener,,,5,1,,ID Checked,,,2018,https://www.myjobquote.co.uk/t/jcs-landscaping-building-ltd,myjobquote
T&J Fencing,,Gardener,,,5,1,,ID Checked,,,2022,https://www.myjobquote.co.uk/t/tj-fencing-2,myjobquote
Mark Barnes,,Gardener,,,5,1,,ID Checked,,,Aug 2025,https://www.myjobquote.co.uk/t/mark-barnes,myjobquote
Unified Landscapes,,Gardener,,,5,1,,ID Checked; Public Liability Insurance,,,2022,https://www.myjobquote.co.uk/t/unified-landscapes,myjobquote
TLC Maintenance,,Gardener,,,5,2,,ID Checked,,,2017,https://www.myjobquote.co.uk/t/tlc-maintenance-2,myjobquote
GreenFeat Gardening,,Gardener,,,5,15,,ID Checked,,,2000,https://www.myjobquote.co.uk/t/greenfeat-gardening,myjobquote
Our beautiful gardens,,Gardener,,,5,2,,ID Checked,,,2020,https://www.myjobquote.co.uk/t/our-beautiful-gardens,myjobquote
Gardening,,Gardener,,,5,1,,ID Checked,,,Jul 2024,https://www.myjobquote.co.uk/t/gardening-25,myjobquote
Ian ware,,Gardener,,,5,20,,ID Checked,,,Jun 2022,https://www.myjobquote.co.uk/t/ian-ware,myjobquote
V&D CONSTRUCTION LTD,,Gardener,,,5,1,,ID Checked,,,2024,https://www.myjobquote.co.uk/t/vd-construction-ltd,myjobquote
George Calin,,Gardener,,,2,1,,ID Checked,,,2016,https://www.myjobquote.co.uk/t/george-calin,myjobquote
Garden Avengers,,Gardener,,,1,1,,,,,2005,https://www.myjobquote.co.uk/t/garden-avengers,myjobquote
ANG Property Services,,Gardener,,,1,1,,ID Checked,,,2010,https://www.myjobquote.co.uk/t/ang-property-services,myjobquote
Tm roofers,,Gardener,,,1,1,,ID Checked,,,Sep 2021,https://www.myjobquote.co.uk/t/tm-roofers,myjobquote
Sow grow,,Gardener,,,4.68,0,,ID Checked,,,Sep 2024,https://www.myjobquote.co.uk/t/sow-grow,myjobquote
Sow grow,,Gardener,,,4.68,0,,ID Checked,,,2020,https://www.myjobquote.co.uk/t/dots-secret-garden,myjobquote
Mr George Garden and Landscaping,,Gardener,,,4.68,0,,ID Checked,,,2019,https://www.myjobquote.co.uk/t/mr-george-garden-and-landscaping,myjobquote
Houston Gardening,,Gardener,,,4.68,0,,ID Checked,,,Nov 2022,https://www.myjobquote.co.uk/t/houston-gardening,myjobquote
Vinnie&#039;s Services,,Gardener,,,4.68,0,,ID Checked,,,Jul 2024,https://www.myjobquote.co.uk/t/vinnies-services,myjobquote
C L GARDEN SERVICES,,Gardener,,,4.68,0,,ID Checked,,,2024,https://www.myjobquote.co.uk/t/c-l-garden-services,myjobquote
Bbfencing/paving,,Gardener,,,4.68,0,,ID Checked,,,1999,https://www.myjobquote.co.uk/t/bbfencingpaving,myjobquote
Giorgio,,Gardener,,,4.68,0,,ID Checked,,,2020,https://www.myjobquote.co.uk/t/giorgio-4,myjobquote
The Greenfingered Gardener,,Gardener,,,4.68,0,,ID Checked,,,May 2024,https://www.myjobquote.co.uk/t/the-greenfingered-gardener,myjobquote
Garden services,,Gardener,,,4.68,0,,ID Checked,,,Nov 2024,https://www.myjobquote.co.uk/t/garden-services-20,myjobquote
South East garden services,,Gardener,,,4.68,0,,ID Checked,,,May 2024,https://www.myjobquote.co.uk/t/south-east-garden-services,myjobquote
Tedgroundworksltd@gmail.com,,Gardener,,,4.68,0,,ID Checked,,,Nov 2024,https://www.myjobquote.co.uk/t/tedgroundworksltd-at-gmailcom,myjobquote
A&D construction,,Gardener,,,4.68,0,,ID Checked,,,Oct 2024,https://www.myjobquote.co.uk/t/ad-construction-12,myjobquote
All Rich Lawns,,Gardener,,,4.68,0,,ID Checked,,,Apr 2025,https://www.myjobquote.co.uk/t/all-rich-lawns,myjobquote
All Rich Lawns,,Gardener,,,4.68,0,,ID Checked,,,2016,https://www.myjobquote.co.uk/t/hr-maintenance,myjobquote
Maximys,,Gardener,,,4.68,0,,ID Checked,,,Nov 2025,https://www.myjobquote.co.uk/t/maximys,myjobquote
Maximys,,Gardener,,,4.68,0,,ID Checked,,,2018,https://www.myjobquote.co.uk/t/zizucleaning,myjobquote
R B MAINTAINACE,,Gardener,,,5,20,,ID Checked,,,2023,https://www.myjobquote.co.uk/t/r-b-maintainace,myjobquote
Sezers Outdoor Services,,Gardener,,,5,3,,ID Checked,,,2020,https://www.myjobquote.co.uk/t/sezers-outdoor-services,myjobquote
Leatherhead Lawns,,Gardener,,,5,1,,ID Checked,,,Oct 2024,https://www.myjobquote.co.uk/t/leatherhead-lawns,myjobquote
B&M Landscapes,,Gardener,,,4,9,,ID Checked,,,2025,https://www.myjobquote.co.uk/t/bm-landscapes-2,myjobquote
v c garden fencing,,Gardener,,,5,26,,ID Checked,,,1988,https://www.myjobquote.co.uk/t/v-c-garden-fencing,myjobquote
Jrlandsons ltd,,Gardener,,,5,3,,ID Checked,,,2024,https://www.myjobquote.co.uk/t/jrlandsons-ltd,myjobquote
CJB Property Maintenance,,Gardener,,,5,10,,ID Checked,,,2000,https://www.myjobquote.co.uk/t/cjb-property-maintenance,myjobquote
Peters perfect fencing plus (ppfp),,Gardener,,,5,2,,ID Checked; Public Liability Insurance,,,2020,https://www.myjobquote.co.uk/t/peters-perfect-fencing-plus-ppfp,myjobquote
H&T Landscapes,,Gardener,,,5,2,,ID Checked,,,2023,https://www.myjobquote.co.uk/t/ht-landscapes,myjobquote
MK Gas & Electric,,Gardener,,,4,2,,ID Checked,,,2021,https://www.myjobquote.co.uk/t/mk-gas-electric,myjobquote
ECgardeningand landscapes,,Gardener,,,5,1,,ID Checked,,,Sep 2023,https://www.myjobquote.co.uk/t/ecgardeningand-landscapes,myjobquote
C.A. Fencing & Property Services,,Gardener,,,5,16,,ID Checked,,,1990,https://www.myjobquote.co.uk/t/ca-fencing-property-services,myjobquote
Webeley landscaping,,Gardener,,,5,24,07418370729,ID Checked,,,2023,https://www.myjobquote.co.uk/t/webeley-landscaping,myjobquote
Southcoastlandscapes,,Gardener,,,5,2,,ID Checked,,,2025,https://www.myjobquote.co.uk/t/southcoastlandscapes,myjobquote
Designerpavingandlandscaping,,Gardener,,,5,5,,ID Checked,,,2024,https://www.myjobquote.co.uk/t/designerpavingandlandscaping-1,myjobquote
Field Landscapes,,Gardener,,,5,4,,ID Checked; Public Liability Insurance,,,Nov 2022,https://www.myjobquote.co.uk/t/field-landscapes,myjobquote
Top improvements,,Gardener,,,5,5,,ID Checked,,,2003,https://www.myjobquote.co.uk/t/top-improvements,myjobquote
Architectural Landscapes LTD,,Gardener,,,5,6,,ID Checked,,,2023,https://www.myjobquote.co.uk/t/architectural-landscapes-ltd,myjobquote
Ashbridge fencing,,Gardener,,,5,1,,ID Checked,,,2015,https://www.myjobquote.co.uk/t/ashbridge-fencing,myjobquote
Grant Gardening and Maintenance Services,,Gardener,,,5,41,,ID Checked,,,2016,https://www.myjobquote.co.uk/t/grant-gardening-and-maintenance-services,myjobquote
MB landscapes & paving,,Gardener,,,5,3,,ID Checked,,,2023,https://www.myjobquote.co.uk/t/mb-landscapes-paving,myjobquote
sos garden services,,Gardener,,,5,6,,ID Checked,,,1984,https://www.myjobquote.co.uk/t/sos-garden-services,myjobquote
Greenleaf Landscaping,,Gardener,,,5,9,,ID Checked,,,2007,https://www.myjobquote.co.uk/t/greenleaf-landscaping,myjobquote
LJ Landscape & Groundwork,,Gardener,,,4,2,,ID Checked,,,2016,https://www.myjobquote.co.uk/t/lj-landscape-groundwork,myjobquote
"Msskinner fencing, patio",,Gardener,,,5,1,,ID Checked,,,1986,https://www.myjobquote.co.uk/t/msskinner-fencing-patio,myjobquote
Straight up fencing and repointing,,Gardener,,,5,2,,ID Checked,,,2019,https://www.myjobquote.co.uk/t/straight-up-fencing-and-repointing,myjobquote
Thegardenwow Limited,,Gardener,,,5,3,,ID Checked,,,2023,https://www.myjobquote.co.uk/t/thegardenwow-limited,myjobquote
William Bradley Fencing,,Gardener,,,4,7,,ID Checked,,,2022,https://www.myjobquote.co.uk/t/william-bradley-fencing,myjobquote
GREENEDGE GROUNDS MAINTENANCE LTD,,Gardener,,,5,1,,ID Checked,,,2025,https://www.myjobquote.co.uk/t/greenedge-grounds-maintenance-ltd,myjobquote
The artificial grass maintenance man,,Gardener,,,5,6,,ID Checked,,,2015,https://www.myjobquote.co.uk/t/the-artificial-grass-maintenance-man,myjobquote
Stefan Construct Gardens,,Gardener,,,5,70,,ID Checked,,,2014,https://www.myjobquote.co.uk/t/stefan-construct-gardens,myjobquote
Surrey Berkshire Home Improvements,,Gardener,,,5,1,,ID Checked,,,2014,https://www.myjobquote.co.uk/t/surrey-berkshire-home-improvements,myjobquote
Adrian Gardens,,Gardener,,,5,8,,ID Checked,,,2022,https://www.myjobquote.co.uk/t/adrian-gardens,myjobquote
M.J.Field Gardening Services,,Gardener,,,5,21,07418319412,ID Checked; Public Liability Insurance,,,1993,https://www.myjobquote.co.uk/t/mjfield-gardening-services,myjobquote
AK gardening and landscaping services,,Gardener,,,5,3,,ID Checked,,,2006,https://www.myjobquote.co.uk/t/ak-gardening-and-landscaping-services,myjobquote
LOCKEY’S LANDSCAPES,,Gardener,,,5,1,,ID Checked,,,2023,https://www.myjobquote.co.uk/t/lockeys-landscapes,myjobquote
PRIME WORK LTD,,Gardener,,,5,1,,ID Checked,,,2022,https://www.myjobquote.co.uk/t/prime-work-ltd,myjobquote
Ovidiu Borzos,,Gardener,,,5,64,07418347483,ID Checked,,,1900,https://www.myjobquote.co.uk/t/ovidiu-borzos,myjobquote
Rgs Gardening,,Gardener,,,5,6,,ID Checked,,,2018,https://www.myjobquote.co.uk/t/rgs-gardening,myjobquote
Restore Cleaning Services,,Gardener,,,5,4,,ID Checked,,,2023,https://www.myjobquote.co.uk/t/restore-cleaning-services,myjobquote
Alexandru Padurariu,,Gardener,,,5,2,,ID Checked,,,Oct 2024,https://www.myjobquote.co.uk/t/alexandru-padurariu,myjobquote
J&S Services,,Gardener,,,5,3,,ID Checked,,,Sep 2025,https://www.myjobquote.co.uk/t/js-services-19,myjobquote
R2sevices,,Gardener,,,5,4,,ID Checked,,,Oct 2025,https://www.myjobquote.co.uk/t/r2sevices,myjobquote
Alexandru gardening,,Gardener,,,5,12,,ID Checked,,,2017,https://www.myjobquote.co.uk/t/alexandru-gardening,myjobquote
Total garden solutions,,Gardener,,,5,1,,ID Checked,,,2010,https://www.myjobquote.co.uk/t/total-garden-solutions,myjobquote
Cutters Of Twickenham,,Gardener,,,5,1,,ID Checked,,,2024,https://www.myjobquote.co.uk/t/cutters-of-twickenham,myjobquote
Green Mission Gardening & Landscaping,,Gardener,,,5,1,,ID Checked; Public Liability Insurance,,,Oct 2025,https://www.myjobquote.co.uk/t/green-mission-gardening-landscaping,myjobquote
Maceys Garden Services,,Gardener,,,5,3,,ID Checked,,,Oct 2025,https://www.myjobquote.co.uk/t/maceys-garden-services,myjobquote
Hercules Gardening,,Gardener,,,5,6,,ID Checked,,,2016,https://www.myjobquote.co.uk/t/hercules-gardening,myjobquote
Royal Estate Property improvements,,Gardener,,,5,13,,ID Checked,,,2022,https://www.myjobquote.co.uk/t/royal-estate-property-improvements,myjobquote
Hamilton landscapes LTD,,Gardener,,,5,2,,ID Checked,,,2010,https://www.myjobquote.co.uk/t/hamilton-landscapes-ltd,myjobquote
A2B Fencing,,Gardener,,,5,1,,ID Checked; Public Liability Insurance,,,2025,https://www.myjobquote.co.uk/t/a2b-fencing,myjobquote
Harris&#039; Fencing & Landscape Designs,,Gardener,,,5,2,,ID Checked,,,Mar 2024,https://www.myjobquote.co.uk/t/harris-fencing-landscape-designs,myjobquote
Daniel_sticlaru@yahoo.com,,Gardener,,,5,21,,,,,,https://www.myjobquote.co.uk/t/daniel-sticlaru-at-yahoocom,myjobquote
DIA Team Gardeners,,Gardener,,,5,5,,ID Checked,,,2019,https://www.myjobquote.co.uk/t/dia-team-gardeners,myjobquote
Nmdesignandbuild,,Gardener,,,5,2,,ID Checked,,,2018,https://www.myjobquote.co.uk/t/nmdesignandbuild,myjobquote
A&E Gardens,,Gardener,,,5,2,,ID Checked,,,2024,https://www.myjobquote.co.uk/t/ae-gardens-1,myjobquote
Soumerica Works Ltd.,,Gardener,,,5,2,,ID Checked,,,2020,https://www.myjobquote.co.uk/t/soumerica-works-ltd,myjobquote
Eagle Lanscaping,,Gardener,,,5,1,,ID Checked,,,2024,https://www.myjobquote.co.uk/t/eagle-lanscaping,myjobquote
Sw fencing,,Gardener,,,5,2,,ID Checked,,,1986,https://www.myjobquote.co.uk/t/sw-fencing,myjobquote
Fangxiao Cheng,,Gardener,,,5,2,,ID Checked,,,2022,https://www.myjobquote.co.uk/t/fangxiao-cheng,myjobquote
Danny Handyman,,Gardener,,,5,2,,ID Checked,,,2010,https://www.myjobquote.co.uk/t/danny-handyman-1,myjobquote
SR Handyman & Gardening,,Gardener,,,5,1,,ID Checked,,,May 2022,https://www.myjobquote.co.uk/t/sr-handyman-gardening,myjobquote
1 & only building services,,Gardener,,,5,1,,ID Checked,,,2020,https://www.myjobquote.co.uk/t/1-only-building-services,myjobquote
DW Gardening,,Gardener,,,4,2,,ID Checked,,,2018,https://www.myjobquote.co.uk/t/dw-gardening-1,myjobquote
Greens landscaping&property maintainance,,Gardener,,,5,2,,ID Checked,,,2018,https://www.myjobquote.co.uk/t/greens-landscapingproperty-maintainance,myjobquote
Heads Landscaping,,Gardener,,,4,1,,ID Checked,,,2015,https://www.myjobquote.co.uk/t/heads-landscaping,myjobquote
Bala Fencing,,Gardener,,,4.68,0,,ID Checked,,,Jul 2016,https://www.myjobquote.co.uk/t/bala-fencing,myjobquote
Lawrence,,Gardener,,,4.68,0,,ID Checked,,,Apr 2022,https://www.myjobquote.co.uk/t/lawrence-4,myjobquote
Lawrence,,Gardener,,,4.68,0,,ID Checked,,,Dec 2022,https://www.myjobquote.co.uk/t/gardens-by-benny,myjobquote
Elena Gael,,Gardener,,,4.68,0,,ID Checked,,,Aug 2025,https://www.myjobquote.co.uk/t/elena-gael,myjobquote
Elena Gael,,Gardener,,,4.68,0,,,,,Jan 2023,https://www.myjobquote.co.uk/t/brit-drives,myjobquote
UTOS Group Limited,,Gardener,,,5,22,,ID Checked,,,2011,https://www.myjobquote.co.uk/t/utos-group-limited,myjobquote
Ds Kay property services,,Gardener,,,5,24,,ID Checked,,,2008,https://www.myjobquote.co.uk/t/ds-kay-property-services,myjobquote
Elite Construction & Property Maintenance,,Gardener,,,5,51,07451270157,ID Checked,,,2009,https://www.myjobquote.co.uk/t/elite-construction-property-maintenance,myjobquote
Swift Gardening Services,,Gardener,,,5,2,,ID Checked,,,2025,https://www.myjobquote.co.uk/t/swift-gardening-services,myjobquote
Keith Edwards Garden,,Gardener,,,5,23,,ID Checked,,,1995,https://www.myjobquote.co.uk/t/keith-edwards-garden,myjobquote
Roterra Services ltd,,Gardener,,,5,3,,ID Checked,,,2016,https://www.myjobquote.co.uk/t/roterra-services-ltd,myjobquote
Phillips Horticulture,,Gardener,,,5,3,,ID Checked; Public Liability Insurance,,,2022,https://www.myjobquote.co.uk/t/phillips-horticulture,myjobquote
GreenFleet,,Gardener,,,5,1,,ID Checked,,,Jan 2025,https://www.myjobquote.co.uk/t/greenfleet,myjobquote
KJI Fencing & Landscaping,,Gardener,,,5,9,,ID Checked,,,2017,https://www.myjobquote.co.uk/t/kji-fencing-landscaping,myjobquote
JGM Groundwork&#039;s & Construction,,Gardener,,,5,2,,ID Checked,,,2024,https://www.myjobquote.co.uk/t/jgm-groundworks-construction,myjobquote
Nick’s Garden Services,,Gardener,,,5,1,,ID Checked,,,2022,https://www.myjobquote.co.uk/t/nicks-garden-services-2,myjobquote
W W home and property maintenance,,Gardener,,,5,1,,ID Checked,,,Aug 2025,https://www.myjobquote.co.uk/t/w-w-home-and-property-maintenance,myjobquote
R.b garden services,,Gardener,,,5,3,,ID Checked,,,Oct 2025,https://www.myjobquote.co.uk/t/rb-garden-services-1,myjobquote
LH Fencing and Landscaping,,Gardener,,,5,7,,ID Checked; Public Liability Insurance,,,Oct 2025,https://www.myjobquote.co.uk/t/lh-fencing-and-landscaping,myjobquote
Discounted garden maintenance and tree services,,Gardener,,,5,2,07418372460,ID Checked,,,2020,https://www.myjobquote.co.uk/t/discounted-garden-maintenance-and-tree-services,myjobquote
L & R Services,,Gardener,,,4,2,,ID Checked,,,2025,https://www.myjobquote.co.uk/t/l-r-services,myjobquote
Foster and Sons Landscaping,,Gardener,,,5,6,,ID Checked,,,2012,https://www.myjobquote.co.uk/t/foster-and-sons-landscaping-1,myjobquote
HS Home Improvements,,Gardener,,,5,5,,ID Checked,,,2022,https://www.myjobquote.co.uk/t/hs-home-improvements-3,myjobquote
Home & Garden Help,,Gardener,,,4,1,,ID Checked,,,2009,https://www.myjobquote.co.uk/t/home-garden-help,myjobquote
Shift Waste,,Gardener,,,5,8,,ID Checked,,,Jul 2025,https://www.myjobquote.co.uk/t/shift-waste,myjobquote
GK Landscapers,,Gardener,,,5,2,,ID Checked,,,2010,https://www.myjobquote.co.uk/t/gk-landscapers,myjobquote
The Gardening Companion,,Gardener,,,4.68,0,,ID Checked,,,Jun 2022,https://www.myjobquote.co.uk/t/the-gardening-companion,myjobquote
The Gardening Companion,,Gardener,,,4.68,0,,,,,Nov 2025,https://www.myjobquote.co.uk/t/harry-165,myjobquote
Harry,,Gardener,,,4.68,0,,ID Checked,,,2022,https://www.myjobquote.co.uk/t/mscott-garden-care,myjobquote
Scapesmiths Garden Design,,Gardener,,,4.68,0,,ID Checked,,,May 2023,https://www.myjobquote.co.uk/t/scapesmiths-garden-design,myjobquote
Evergreen Gardening Services,,Gardener,,,4.68,0,,ID Checked,,,2018,https://www.myjobquote.co.uk/t/evergreen-gardening-services-2,myjobquote
AM Landscapes,,Gardener,,,4.68,0,,ID Checked,,,May 2020,https://www.myjobquote.co.uk/t/am-landscapes-4,myjobquote
ShehiBuilder Ltd,,Gardener,,,4.68,0,,ID Checked,,,May 2020,https://www.myjobquote.co.uk/t/shehibuilder-ltd,myjobquote
ShehiBuilder Ltd,,Gardener,,,4.68,0,,ID Checked,,,Mar 2025,https://www.myjobquote.co.uk/t/govinda,myjobquote
Deepa,,Gardener,,,4.68,0,,,,,Sep 2024,https://www.myjobquote.co.uk/t/deepa-2,myjobquote
DM GARDEN SERVICES,,Gardener,,,4.68,0,,,,,Oct 2024,https://www.myjobquote.co.uk/t/dm-garden-services-2,myjobquote
Clemaron Garden Maintenance,,Gardener,,,5,2,,ID Checked,,,Apr 2020,https://www.myjobquote.co.uk/t/clemaron-garden-maintenance,myjobquote
OpenLeafGardens,,Gardener,,,5,1,,ID Checked,,,Aug 2025,https://www.myjobquote.co.uk/t/openleafgardens,myjobquote
LEL Gardening,,Gardener,,,4.8,54,,ID Checked,,,2020,https://www.myjobquote.co.uk/t/lel-gardening,myjobquote
Lindsay Property services,,Gardener,,,5,12,,ID Checked,,,2020,https://www.myjobquote.co.uk/t/lindsay-property-services,myjobquote
The Edinburgh Landscapers,,Gardener,,,5,10,,ID Checked,,,Sep 2024,https://www.myjobquote.co.uk/t/the-edinburgh-landscapers,myjobquote
ALT Joinery & Building,,Gardener,,,5,16,07451260557,ID Checked,,,2019,https://www.myjobquote.co.uk/t/alt-joinery-building,myjobquote
Edinburgh Roof Repairs and Landscaping,,Gardener,,,5,3,,ID Checked,,,2015,https://www.myjobquote.co.uk/t/edinburgh-roof-repairs-and-landscaping,myjobquote
Scotspine Landscapes,,Gardener,,,5,1,,ID Checked,,,1997,https://www.myjobquote.co.uk/t/scotspine-landscapes-1,myjobquote
Ms landscaping,,Gardener,,,4.68,0,,ID Checked,,,May 2025,https://www.myjobquote.co.uk/t/ms-landscaping-1,myjobquote
North Larch landscapes,,Gardener,,,4.9,32,,ID Checked,,,2004,https://www.myjobquote.co.uk/t/north-larch-landscapes,myjobquote
R&M builders and landscapers,,Gardener,,,5,12,,ID Checked,,,2021,https://www.myjobquote.co.uk/t/rm-builders-and-landscapers,myjobquote
A and S landscapes,,Gardener,,,5,21,,ID Checked,,,2013,https://www.myjobquote.co.uk/t/a-and-s-landscapes,myjobquote
Clark fencing,,Gardener,,,5,9,,ID Checked,,,2020,https://www.myjobquote.co.uk/t/clark-fencing,myjobquote
Currie and sons,,Gardener,,,5,3,,ID Checked,,,Jan 2022,https://www.myjobquote.co.uk/t/currie-and-sons,myjobquote
M.D contracts,,Gardener,,,5,1,,ID Checked,,,Nov 2023,https://www.myjobquote.co.uk/t/md-contracts-1,myjobquote
K&L fencing,,Gardener,,,4,1,,ID Checked,,,2025,https://www.myjobquote.co.uk/t/kl-fencing,myjobquote
Billy&#039;s Landscaping Services,,Gardener,,,5,21,,ID Checked; Public Liability Insurance,,,1992,https://www.myjobquote.co.uk/t/billys-landscaping-services,myjobquote
Victoria Property Maintenance,,Gardener,,,5,11,07441473496,ID Checked,,,Jul 2023,https://www.myjobquote.co.uk/t/victoria-property-maintenance,myjobquote
All Star paving and landscapes,,Gardener,,,5,10,,ID Checked,,,2017,https://www.myjobquote.co.uk/t/all-star-paving-and-landscapes,myjobquote
Rc Property & Maintenance,,Gardener,,,5,7,07418372852,ID Checked,,,2014,https://www.myjobquote.co.uk/t/rc-property-maintenance-1,myjobquote
Adamson’s independent traders Ltd,,Gardener,,,5,1,,ID Checked,,,2022,https://www.myjobquote.co.uk/t/adamsons-independent-traders-ltd,myjobquote
Garden Specialist Services,,Gardener,,,5,5,,ID Checked,,,Sep 2025,https://www.myjobquote.co.uk/t/garden-specialist-services,myjobquote
Glasgow fencing and landscaping,,Gardener,,,5,1,,ID Checked,,,2011,https://www.myjobquote.co.uk/t/glasgow-fencing-and-landscaping,myjobquote
JR Tree & Landscapes,,Gardener,,,5,19,,ID Checked,,,2020,https://www.myjobquote.co.uk/t/jr-tree-landscapes,myjobquote
Oakwood treecare&landscapes,,Gardener,,,5,2,,ID Checked; Public Liability Insurance,,,2003,https://www.myjobquote.co.uk/t/oakwood-treecarelandscapes,myjobquote
Newlife tree care,,Gardener,,,5,13,,ID Checked,,,2013,https://www.myjobquote.co.uk/t/newlife-tree-care,myjobquote
IK Building Landscaping,,Gardener,,,5,1,,ID Checked,,,2013,https://www.myjobquote.co.uk/t/ik-building-landscaping,myjobquote
Macdonald. Roofing & building,,Gardener,,,5,5,,ID Checked,,,1990,https://www.myjobquote.co.uk/t/macdonald-roofing-building,myjobquote
Leaf It clean gardens,,Gardener,,,5,1,,ID Checked,,,2020,https://www.myjobquote.co.uk/t/leaf-it-clean-gardens,myjobquote
J.rae property maintenance,,Gardener,,,5,1,,ID Checked,,,2024,https://www.myjobquote.co.uk/t/jrae-property-maintenance,myjobquote
Jhs roofing and building,,Gardener,,,5,2,,ID Checked,,,1900,https://www.myjobquote.co.uk/t/jhs-roofing-and-building-1,myjobquote
DLD contractors,,Gardener,,,5,11,,ID Checked,,,2021,https://www.myjobquote.co.uk/t/dld-contractors,myjobquote
Paul Innes,,Gardener,,,5,6,,ID Checked,,,2019,https://www.myjobquote.co.uk/t/paul-innes,myjobquote
Mcmanus,,Gardener,,,5,3,,ID Checked,,,2007,https://www.myjobquote.co.uk/t/mcmanus,myjobquote
GM Property Maintenance,,Gardener,,,5,29,07441443264,ID Checked,,,2017,https://www.myjobquote.co.uk/t/gm-property-maintenance,myjobquote
Bright Worx Scotland,,Gardener,,,5,7,,ID Checked,,,2017,https://www.myjobquote.co.uk/t/bright-worx-scotland,myjobquote
Property Maintenance Services,,Gardener,,,5,10,,ID Checked; Public Liability Insurance,,,2025,https://www.myjobquote.co.uk/t/property-maintenance-services-9,myjobquote
Wildflower Gardening,,Gardener,,,5,2,,ID Checked,,,2025,https://www.myjobquote.co.uk/t/wildflower-gardening,myjobquote
D&J Landscaping,,Gardener,,,5,2,,ID Checked,,,Aug 2025,https://www.myjobquote.co.uk/t/dj-landscaping,myjobquote
Edinburgh property care,,Gardener,,,5,21,,ID Checked,,,2010,https://www.myjobquote.co.uk/t/edinburgh-property-care,myjobquote
Four seasons gardening services,,Gardener,,,5,1,,ID Checked,,,Jan 2024,https://www.myjobquote.co.uk/t/four-seasons-gardening-services-3,myjobquote
Paving pros,,Gardener,,,5,6,07418317764,ID Checked,,,2010,https://www.myjobquote.co.uk/t/paving-pros,myjobquote
J precision paths&patios,,Gardener,,,4,4,,ID Checked,,,2020,https://www.myjobquote.co.uk/t/j-precision-pathspatios,myjobquote
Home Wise landscapes,,Gardener,,,5,2,,ID Checked,,,2012,https://www.myjobquote.co.uk/t/home-wise-landscapes,myjobquote
Green Thistle Landscaping and Gardens,,Gardener,,,4.8,5,,ID Checked,,,2020,https://www.myjobquote.co.uk/t/green-thistle-landscaping-and-gardens,myjobquote
G&R Contracts,,Gardener,,,4.8,20,,ID Checked,,,2012,https://www.myjobquote.co.uk/t/gr-contracts,myjobquote
Grange Landscaping,,Gardener,,,4.68,0,,ID Checked,,,Mar 2020,https://www.myjobquote.co.uk/t/grange-landscaping-1,myjobquote
Edinburgh Green,,Gardener,,,4.68,0,,ID Checked,,,2020,https://www.myjobquote.co.uk/t/edinburgh-green,myjobquote
Cj home improvements,,Gardener,,,4.68,0,,ID Checked,,,Dec 2025,https://www.myjobquote.co.uk/t/cj-home-improvements-3,myjobquote
Cj home improvements,,Gardener,,,4.68,0,,ID Checked,,,Aug 2024,https://www.myjobquote.co.uk/t/aj-garden-care,myjobquote
NilNil,,Gardener,,,4.68,0,,,,,Feb 2023,https://www.myjobquote.co.uk/t/nilnil,myjobquote
Kingdom tree & garden services,,Gardener,,,4.68,0,,ID Checked,,,1998,https://www.myjobquote.co.uk/t/kingdom-tree-garden-services,myjobquote
Robert,,Gardener,,,4.68,0,,ID Checked,,,2023,https://www.myjobquote.co.uk/t/robert-31,myjobquote
Eden garden services,,Gardener,,,4.68,0,,ID Checked,,,2001,https://www.myjobquote.co.uk/t/eden-garden-services-2,myjobquote
Pamphylia Gardening,,Gardener,,,4.68,0,,ID Checked,,,Jan 2026,https://www.myjobquote.co.uk/t/pamphylia-gardening,myjobquote
GRM property care and landscaping,,Gardener,,,4.68,0,,ID Checked,,,2017,https://www.myjobquote.co.uk/t/grm-property-care-and-landscaping,myjobquote
JJgardening,,Gardener,,,4.68,0,,ID Checked,,,Nov 2025,https://www.myjobquote.co.uk/t/jjgardening,myjobquote
JJgardening,,Gardener,,,4.68,0,,,,,Jun 2025,https://www.myjobquote.co.uk/t/ladybug-gardening,myjobquote
JerryGardener,,Gardener,,,4.68,0,,ID Checked,,,Nov 2025,https://www.myjobquote.co.uk/t/jerrygardener,myjobquote
Edem gardens tree and landscaping services,,Gardener,,,4.68,0,,ID Checked,,,1990,https://www.myjobquote.co.uk/t/edem-gardens-tree-and-landscaping-services,myjobquote
Prime home and garden,,Gardener,,,4.68,0,,ID Checked,,,2021,https://www.myjobquote.co.uk/t/prime-home-and-garden,myjobquote
GC property maintenance,,Gardener,,,4.68,0,,ID Checked,,,Mar 2025,https://www.myjobquote.co.uk/t/gc-property-maintenance-3,myjobquote
Pm gardening sevices,,Gardener,,,4.68,0,,,,,2000,https://www.myjobquote.co.uk/t/pm-gardening-sevices,myjobquote
Pm gardening sevices,,Gardener,,,4.68,0,,,,,May 2023,https://www.myjobquote.co.uk/t/karzan-gardner,myjobquote
Karzan Gardner,,Gardener,,,5,1,,ID Checked,,,Mar 2026,https://www.myjobquote.co.uk/t/all-cut-tree-care-1,myjobquote
SJR Garden Services,,Gardener,,,5,4,,ID Checked; Public Liability Insurance,,,Feb 2026,https://www.myjobquote.co.uk/t/sjr-garden-services-1,myjobquote
Tom Christie,,Gardener,,,4.5,2,,ID Checked,,,2022,https://www.myjobquote.co.uk/t/tom-christie,myjobquote
P&c home improvements,,Gardener,,,4.68,0,,ID Checked,,,2016,https://www.myjobquote.co.uk/t/pc-home-improvements,myjobquote
Darren,,Gardener,,,4.68,0,,ID Checked,,,Nov 2024,https://www.myjobquote.co.uk/t/darren-127,myjobquote
Darren,,Gardener,,,4.68,0,,,,,Nov 2025,https://www.myjobquote.co.uk/t/florian-19,myjobquote
Florian,,Gardener,,,4.68,0,,,,,Jul 2025,https://www.myjobquote.co.uk/t/jamie-142,myjobquote
Jamie,,Gardener,,,4.68,0,,,,,Apr 2024,https://www.myjobquote.co.uk/t/clgreenfingers,myjobquote
C&Lgreenfingers,,Gardener,,,4.68,0,,ID Checked,,,Sep 2025,https://www.myjobquote.co.uk/t/landscape-ladies,myjobquote
Tomiii,,Gardener,,,4.68,0,,ID Checked,,,Mar 2024,https://www.myjobquote.co.uk/t/tomiii,myjobquote
Macdonald  Landscape and garden  services,,Gardener,,,4.5,29,,ID Checked,,,2010,https://www.myjobquote.co.uk/t/macdonald-landscape-and-garden-services,myjobquote
Kbt lady garners,,Gardener,,,4,1,,ID Checked,,,Jan 2023,https://www.myjobquote.co.uk/t/kbt-lady-garners,myjobquote
A & G landscaping,,Gardener,,,5,4,,ID Checked; Public Liability Insurance,,,1985,https://www.myjobquote.co.uk/t/a-g-landscaping,myjobquote
Gary McRobbie Handyman,,Gardener,,,5,1,,ID Checked,,,Sep 2024,https://www.myjobquote.co.uk/t/gary-mcrobbie-handyman,myjobquote
Central Construction Scotland,,Gardener,,,5,5,,ID Checked,,,2020,https://www.myjobquote.co.uk/t/central-construction-scotland,myjobquote
GJ Wright Civils,,Gardener,,,5,5,,ID Checked,,,1998,https://www.myjobquote.co.uk/t/gj-wright-civils,myjobquote
Seedling edinburgh,,Gardener,,,5,1,,ID Checked,,,2005,https://www.myjobquote.co.uk/t/seedling-edinburgh,myjobquote
Ntk fencing and landscaping,,Gardener,,,5,4,,ID Checked,,,May 2025,https://www.myjobquote.co.uk/t/ntk-fencing-and-landscaping,myjobquote
Crawford&#039;s Garden Services,,Gardener,,,5,2,,ID Checked; Public Liability Insurance,,,2025,https://www.myjobquote.co.uk/t/crawfords-garden-services,myjobquote
JMGardeners Builders and roofers Edinburgh,,Gardener,,,5,17,,ID Checked,,,2001,https://www.myjobquote.co.uk/t/jmgardeners-builders-and-roofers-edinburgh,myjobquote
R&C Garden Services,,Gardener,,,5,4,,ID Checked,,,2023,https://www.myjobquote.co.uk/t/rc-garden-services,myjobquote
Edson Costa Services,,Gardener,,,5,6,,ID Checked,,,2018,https://www.myjobquote.co.uk/t/edson-costa-services,myjobquote
Ian Taylor’s Garden Services,,Gardener,,,5,2,,ID Checked,,,2024,https://www.myjobquote.co.uk/t/ian-taylors-garden-services,myjobquote
"T,Q,Roofing",,Gardener,,,5,4,,ID Checked,,,2019,https://www.myjobquote.co.uk/t/tqroofing,myjobquote
Quicktile Developments.,,Gardener,,,5,2,,ID Checked,,,2007,https://www.myjobquote.co.uk/t/quicktile-developments,myjobquote
Finest trades group est 1990,,Gardener,,,5,3,,ID Checked,,,2000,https://www.myjobquote.co.uk/t/finest-trades-group-est-1990-1,myjobquote
Landscape Lord & Lady,,Gardener,,,5,2,,ID Checked,,,2018,https://www.myjobquote.co.uk/t/landscape-lord-lady,myjobquote
Dennis MacLeod,,Gardener,,,4.5,2,,ID Checked,,,2017,https://www.myjobquote.co.uk/t/dennis-macleod,myjobquote
Precision Painters,,Gardener,,,4.9,7,,ID Checked,,,2017,https://www.myjobquote.co.uk/t/precision-painters-2,myjobquote
Roberts Garden Services Landscaping  & Lawn Care,,Gardener,,,5,1,,ID Checked,,,2022,https://www.myjobquote.co.uk/t/roberts-garden-services-landscaping-lawn-care,myjobquote
Kejbuilders,,Gardener,,,5,2,,ID Checked,,,2014,https://www.myjobquote.co.uk/t/kejbuilders,myjobquote
km building homeimprovements,,Gardener,,,4.68,0,,ID Checked,,,Aug 2017,https://www.myjobquote.co.uk/t/km-building-homeimprovements,myjobquote
Handy Andy,,Gardener,,,4.68,0,,,,,Feb 2025,https://www.myjobquote.co.uk/t/handy-andy-26,myjobquote
Deddington  property care,,Gardener,,,4.68,0,,ID Checked,,,Jan 2024,https://www.myjobquote.co.uk/t/deddington-property-care,myjobquote
EDINBURGH PROPERTY SERVICES,,Gardener,,,4.68,0,,ID Checked,,,Feb 2024,https://www.myjobquote.co.uk/t/edinburgh-property-services,myjobquote
Tarci’s work,,Gardener,,,4.68,0,,,,,Dec 2021,https://www.myjobquote.co.uk/t/tarcis-work,myjobquote
Tarci’s work,,Gardener,,,4.68,0,,ID Checked,,,2025,https://www.myjobquote.co.uk/t/sbservices-2,myjobquote
K Vincent & Son,,Gardener,,,4.68,0,,ID Checked,,,2008,https://www.myjobquote.co.uk/t/k-vincent-son,myjobquote
ATA gardening,,Gardener,,,5,2,,ID Checked,,,,https://www.myjobquote.co.uk/t/ata-gardening,myjobquote
Woodlands Tree Care and Landscapes,,Gardener,,,5,1,,ID Checked,,,2012,https://www.myjobquote.co.uk/t/woodlands-tree-care-and-landscapes,myjobquote
Alba Boundaries,,Gardener,,,5,1,,ID Checked,,,2026,https://www.myjobquote.co.uk/t/alba-boundaries,myjobquote
WD Fencing And Joinery,,Gardener,,,5,1,,ID Checked,,,2024,https://www.myjobquote.co.uk/t/wd-fencing-and-joinery,myjobquote
DARA Property Maintenance,,Gardener,,,5,24,,ID Checked,,,2016,https://www.myjobquote.co.uk/t/dara-property-maintenance,myjobquote
Marc Dobbing,,Gardener,,,5,15,,ID Checked,,,2019,https://www.myjobquote.co.uk/t/marc-dobbing,myjobquote
Northern Landscapes,,Gardener,,,5,1,,ID Checked,,,2018,https://www.myjobquote.co.uk/t/northern-landscapes,myjobquote
True North Landscaping,,Gardener,,,5,1,,ID Checked,,,2025,https://www.myjobquote.co.uk/t/true-north-landscaping,myjobquote
McDonald Landscapes,,Gardener,,,5,12,,ID Checked,,,2016,https://www.myjobquote.co.uk/t/mcdonald-landscapes,myjobquote
Neat & Tidy Landscapes,,Gardener,,,5,32,,ID Checked,,,2016,https://www.myjobquote.co.uk/t/neat-tidy-landscapes,myjobquote
Green leaf,,Gardener,,,5,13,,ID Checked,,,1996,https://www.myjobquote.co.uk/t/green-leaf-2,myjobquote
AM PAINT & LANDSCAPING SERVICES,,Gardener,,,5,19,,ID Checked,,,2020,https://www.myjobquote.co.uk/t/am-paint-landscaping-services,myjobquote
royal cleaning services,,Gardener,,,5,2,,ID Checked,,,2015,https://www.myjobquote.co.uk/t/royal-cleaning-services,myjobquote
Macdtreesurgeons,,Gardener,,,5,2,07418361784,ID Checked; Public Liability Insurance,,,1981,https://www.myjobquote.co.uk/t/macdtreesurgeons,myjobquote
Forth tree garden landscaping,,Gardener,,,5,9,07418361668,ID Checked,,,2023,https://www.myjobquote.co.uk/t/forth-tree-garden-landscaping,myjobquote
student,,Gardener,,,4.68,0,,ID Checked,,,Feb 2024,https://www.myjobquote.co.uk/t/student-17,myjobquote
student,,Gardener,,,4.68,0,,ID Checked,,,2023,https://www.myjobquote.co.uk/t/viva-natura-gardening,myjobquote
Studdart,,Gardener,,,4.68,0,,ID Checked,,,Nov 2024,https://www.myjobquote.co.uk/t/studdart,myjobquote
Studdart,,Gardener,,,4.68,0,,,,,Apr 2025,https://www.myjobquote.co.uk/t/central-landscapes-and-driveways,myjobquote
Jh Paving&Landscaping,,Gardener,,,4.68,0,,ID Checked,,,2021,https://www.myjobquote.co.uk/t/jh-pavinglandscaping,myjobquote
G40 landscapes,,Gardener,,,4.68,0,,ID Checked,,,2016,https://www.myjobquote.co.uk/t/g40-landscapes,myjobquote
Blairadam landscapes,,Gardener,,,5,1,,ID Checked,,,Jul 2022,https://www.myjobquote.co.uk/t/blairadam-landscapes,myjobquote
Nsh waste removal,,Gardener,,,4.68,0,,ID Checked,,,Nov 2022,https://www.myjobquote.co.uk/t/nsh-waste-removal,myjobquote
Pressure pro landscaping,,Gardener,,,4.68,0,,,,,Oct 2023,https://www.myjobquote.co.uk/t/pressure-pro-landscaping-1,myjobquote
Amandhadwar,,Gardener,,,4.68,0,,,,,Jul 2025,https://www.myjobquote.co.uk/t/amandhadwar,myjobquote
Thistle home improvements,,Gardener,,,5,1,,ID Checked,,,2012,https://www.myjobquote.co.uk/t/thistle-home-improvements-2,myjobquote
Cleanaway,,Gardener,,,5,42,,ID Checked,,,2020,https://www.myjobquote.co.uk/t/cleanaway,myjobquote
RXB Building and Landscapes ltd,,Gardener,,,5,1,,ID Checked,,,2025,https://www.myjobquote.co.uk/t/rxb-building-and-landscapes-ltd,myjobquote
The Tree Business,,Gardener,,,5,7,,ID Checked,,,2023,https://www.myjobquote.co.uk/t/the-tree-business,myjobquote
CHF Landscaping and Building,,Gardener,,,5,1,,ID Checked,,,1993,https://www.myjobquote.co.uk/t/chf-landscaping-and-building,myjobquote
LTM Property Maintenance,,Gardener,,,5,1,,ID Checked,,,Sep 2025,https://www.myjobquote.co.uk/t/ltm-property-maintenance,myjobquote
Appleton&#039;s Landscaping Services,,Gardener,,,4,3,,ID Checked,,,2019,https://www.myjobquote.co.uk/t/appletons-landscaping-services,myjobquote
JMP landscape and gardening,,Gardener,,,4,1,,ID Checked,,,2024,https://www.myjobquote.co.uk/t/jmp-landscape-and-gardening,myjobquote
Not applicable,,Gardener,,,4.7,7,,ID Checked,,,2008,https://www.myjobquote.co.uk/t/not-applicable-104,myjobquote
Steve tha gardener,,Gardener,,,5,1,,ID Checked,,,1991,https://www.myjobquote.co.uk/t/steve-tha-gardener,myjobquote
AM Gardening Services,,Gardener,,,5,3,,ID Checked,,,2024,https://www.myjobquote.co.uk/t/am-gardening-services-1,myjobquote
Appollo services,,Gardener,,,5,3,,ID Checked,,,2023,https://www.myjobquote.co.uk/t/appollo-services,myjobquote
Scott,,Gardener,,,4.8,4,,ID Checked,,,2024,https://www.myjobquote.co.uk/t/scott-55,myjobquote
KM Gardening and Landscaping,,Gardener,,,4.8,2,,ID Checked,,,2020,https://www.myjobquote.co.uk/t/km-gardening-and-landscaping,myjobquote
MacArthur Maintenance,,Gardener,,,5,2,,ID Checked,,,2020,https://www.myjobquote.co.uk/t/macarthur-maintenance,myjobquote
Prima Gardens,,Gardener,,,5,3,,ID Checked,,,2022,https://www.myjobquote.co.uk/t/prima-gardens,myjobquote
West Home Maintenance,,Gardener,,,5,2,,ID Checked,,,2022,https://www.myjobquote.co.uk/t/west-home-maintenance,myjobquote
Haps Scotland,,Gardener,,,5,2,,ID Checked,,,2018,https://www.myjobquote.co.uk/t/haps-scotland,myjobquote
Proper Paving,,Gardener,,,5,2,,ID Checked,,,2020,https://www.myjobquote.co.uk/t/proper-paving,myjobquote
Heritage paving ltd,,Gardener,,,4.68,0,,ID Checked,,,Jun 2021,https://www.myjobquote.co.uk/t/heritage-paving-ltd,myjobquote
Mahan Landscaping,,Gardener,,,4.68,0,,,,,2024,https://www.myjobquote.co.uk/t/mahan-landscaping,myjobquote
Timeless driveways & groundwork’s,,Gardener,,,4.68,0,,,,,Sep 2024,https://www.myjobquote.co.uk/t/timeless-driveways-groundworks,myjobquote
Stone-Flow Paving,,Gardener,,,4.68,0,,ID Checked,,,2023,https://www.myjobquote.co.uk/t/stone-flow-paving,myjobquote
Magical gardens,,Gardener,,,4.68,0,,ID Checked,,,Apr 2025,https://www.myjobquote.co.uk/t/magical-gardens-1,myjobquote
Magical gardens,,Gardener,,,4.68,0,,ID Checked,,,2010,https://www.myjobquote.co.uk/t/llaveshi-general-building,myjobquote
LLAVESHI General Building,,Gardener,,,4.68,0,,ID Checked,,,Aug 2023,https://www.myjobquote.co.uk/t/phoenix-landscapes-2,myjobquote
V&C. Gardens,,Gardener,,,4.68,0,,ID Checked,,,May 2024,https://www.myjobquote.co.uk/t/vc-gardens,myjobquote
Reilly&#039;s gardening services,,Gardener,,,4.68,0,,ID Checked,,,2025,https://www.myjobquote.co.uk/t/reillys-gardening-services,myjobquote
Moe Your Lawn,,Gardener,,,4.68,0,,,,,Jul 2025,https://www.myjobquote.co.uk/t/moe-your-lawn,myjobquote
Moe Your Lawn,,Gardener,,,4.68,0,,,,,Apr 2025,https://www.myjobquote.co.uk/t/raymond-cheung,myjobquote
Plan a landscaping,,Gardener,,,4.68,0,,ID Checked,,,2015,https://www.myjobquote.co.uk/t/plan-a-landscaping,myjobquote
Cutz landscaping,,Gardener,,,4.68,0,,ID Checked,,,Jan 2026,https://www.myjobquote.co.uk/t/cutz-landscaping,myjobquote
Cutz landscaping,,Gardener,,,4.68,0,,ID Checked,,,2024,https://www.myjobquote.co.uk/t/alfies-garden-services,myjobquote
Southside Landscaping,,Gardener,,,4.68,0,,ID Checked,,,Oct 2024,https://www.myjobquote.co.uk/t/southside-landscaping,myjobquote
Ks gardener,,Gardener,,,4.68,0,,ID Checked,,,Jan 2024,https://www.myjobquote.co.uk/t/ks-gardener,myjobquote
Ks gardener,,Gardener,,,4.68,0,,ID Checked,,,2018,https://www.myjobquote.co.uk/t/alltrees-landscapeing,myjobquote
Clyde gardens,,Gardener,,,1,1,,ID Checked,,,Oct 2025,https://www.myjobquote.co.uk/t/clyde-gardens,myjobquote
GoldenGardeningservice,,Gardener,,,4.68,0,,ID Checked,,,Jun 2023,https://www.myjobquote.co.uk/t/goldengardeningservice-1,myjobquote
R&G Landscaping,,Gardener,,,4.68,0,,,,,,https://www.myjobquote.co.uk/t/rg-landscaping-4,myjobquote
Robert paterson,,Gardener,,,4.68,0,,ID Checked,,,May 2022,https://www.myjobquote.co.uk/t/robert-paterson,myjobquote
Robert paterson,,Gardener,,,4.68,0,,ID Checked,,,2016,https://www.myjobquote.co.uk/t/grafters,myjobquote
D.K. Landscaping,,Gardener,,,4.68,0,,ID Checked,,,Jan 2022,https://www.myjobquote.co.uk/t/dk-landscaping-3,myjobquote
SMC Deckings/fencing,,Gardener,,,4.68,0,,ID Checked,,,2025,https://www.myjobquote.co.uk/t/smc-deckingsfencing,myjobquote
Adam Johnston Garden Design,,Gardener,,,4.68,0,,ID Checked,,,2019,https://www.myjobquote.co.uk/t/adam-johnston-garden-design,myjobquote
Gary’s Gardens,,Gardener,,,4.68,0,,ID Checked,,,Nov 2025,https://www.myjobquote.co.uk/t/garys-gardens,myjobquote
imc landscaping,,Gardener,,,4.68,0,,ID Checked,,,2017,https://www.myjobquote.co.uk/t/imc-landscaping,myjobquote
Mcintosh garden services,,Gardener,,,4.68,0,,ID Checked,,,2025,https://www.myjobquote.co.uk/t/mcintosh-garden-services,myjobquote
The Hedge Guy LTD,,Gardener,,,4.68,0,,ID Checked; Public Liability Insurance,,,2026,https://www.myjobquote.co.uk/t/the-hedge-guy-ltd,myjobquote
Olga Begeba,,Gardener,,,4.68,0,,Public Liability Insurance,,,Jan 2026,https://www.myjobquote.co.uk/t/olga-begeba,myjobquote
Oc decking,,Gardener,,,1,1,,ID Checked,,,2016,https://www.myjobquote.co.uk/t/oc-decking,myjobquote
Elite landscaping and cleaning,,Gardener,,,4.68,0,,ID Checked,,,Jun 2017,https://www.myjobquote.co.uk/t/elite-landscaping-and-cleaning,myjobquote
Rightchoice landscaper,,Gardener,,,4.68,0,,ID Checked,,,2017,https://www.myjobquote.co.uk/t/rightchoice-landscaper,myjobquote
A1 property care,,Gardener,,,4.68,0,,ID Checked,,,1991,https://www.myjobquote.co.uk/t/a1-property-care-3,myjobquote
Garden Boys Glasgow,,Gardener,,,4.68,0,,ID Checked,,,Feb 2026,https://www.myjobquote.co.uk/t/garden-boys-glasgow,myjobquote
Garden Boys Glasgow,,Gardener,,,4.68,0,,ID Checked,,,2024,https://www.myjobquote.co.uk/t/gk-garden-maintenance-miles,myjobquote
Alan&#039;s turf wars,,Gardener,,,4.68,0,,ID Checked,,,2018,https://www.myjobquote.co.uk/t/alans-turf-wars,myjobquote
Gml landscapes and drivways,,Gardener,,,4.68,0,,ID Checked,,,2009,https://www.myjobquote.co.uk/t/gml-landscapes-and-drivways,myjobquote
Advance Landscaping,,Gardener,,,4.68,0,,ID Checked; Public Liability Insurance,,,2025,https://www.myjobquote.co.uk/t/advance-landscaping,myjobquote
Four Seasons Stirling,,Gardener,,,5,9,,ID Checked,,,2015,https://www.myjobquote.co.uk/t/four-seasons-stirling,myjobquote
R.M.J MONTEITH,,Gardener,,,4.68,0,,ID Checked,,,Jun 2023,https://www.myjobquote.co.uk/t/rmj-monteith,myjobquote
Ayrshire gardening services,,Gardener,,,5,3,,ID Checked; Public Liability Insurance,,,2020,https://www.myjobquote.co.uk/t/ayrshire-gardening-services,myjobquote
A.M Contracts,,Gardener,,,5,1,,ID Checked,,,2024,https://www.myjobquote.co.uk/t/am-contracts-3,myjobquote
"MJK Forestry, Fencing & Garden Maintenance",,Gardener,,,4.68,0,,ID Checked,,,Aug 2024,https://www.myjobquote.co.uk/t/mjk-forestry-fencing-garden-maintenance,myjobquote
ACE 1 gardening and landscaping,,Gardener,,,4.68,0,,ID Checked,,,Aug 2023,https://www.myjobquote.co.uk/t/ace-1-gardening-and-landscaping,myjobquote
Ljh Landscape Gardeners & Stump Removal,,Gardener,,,4.68,0,,ID Checked,,,Jun 2025,https://www.myjobquote.co.uk/t/ljh-landscape-gardeners-stump-removal,myjobquote
RoanMckenzie,,Gardener,,,4.68,0,,ID Checked,,,Sep 2024,https://www.myjobquote.co.uk/t/roanmckenzie,myjobquote
A&A roofing,,Gardener,,,4.68,0,,ID Checked,,,Nov 2022,https://www.myjobquote.co.uk/t/aa-roofing-6,myjobquote
Simon Donaldson Gardening,,Gardener,,,4.68,0,,Public Liability Insurance,,,Dec 2025,https://www.myjobquote.co.uk/t/simon-donaldson-gardening,myjobquote
Em landscapes,,Gardener,,,5,8,,ID Checked,,,Oct 2019,https://www.myjobquote.co.uk/t/em-landscapes,myjobquote
Platinum Paving,,Gardener,,,5,2,,ID Checked,,,2012,https://www.myjobquote.co.uk/t/platinum-paving-2,myjobquote
Clb home and garden,,Gardener,,,5,2,,ID Checked,,,2021,https://www.myjobquote.co.uk/t/clb-home-and-garden,myjobquote
All green services,,Gardener,,,5,5,,ID Checked,,,1999,https://www.myjobquote.co.uk/t/all-green-services,myjobquote
Jk landscapes,,Gardener,,,5,2,,ID Checked,,,Aug 2025,https://www.myjobquote.co.uk/t/jk-landscapes-1,myjobquote
J&m property maintenance,,Gardener,,,5,2,,ID Checked,,,Aug 2024,https://www.myjobquote.co.uk/t/jm-property-maintenance-9,myjobquote
Greenacres property care,,Gardener,,,5,1,,ID Checked,,,1977,https://www.myjobquote.co.uk/t/greenacres-property-care,myjobquote
Rm plumbing and bathrooms,,Gardener,,,4.68,0,,ID Checked,,,Jan 2020,https://www.myjobquote.co.uk/t/rm-plumbing-and-bathrooms,myjobquote
Stewarts contracts,,Gardener,,,4.68,0,,ID Checked,,,2007,https://www.myjobquote.co.uk/t/stewarts-contracts,myjobquote
JM maintainence,,Gardener,,,4.68,0,,ID Checked,,,2009,https://www.myjobquote.co.uk/t/jm-maintainence,myjobquote
JM maintainence,,Gardener,,,4.68,0,,ID Checked; Public Liability Insurance,,,Nov 2024,https://www.myjobquote.co.uk/t/rs-garden-services-ltd,myjobquote
MTB Fencing,,Gardener,,,4.68,0,,Public Liability Insurance,,,Dec 2025,https://www.myjobquote.co.uk/t/mtb-fencing,myjobquote
MTB Fencing,,Gardener,,,4.68,0,,ID Checked,,,1985,https://www.myjobquote.co.uk/t/jh-landscaping-4,myjobquote
C & L Landscaping,,Gardener,,,4.68,0,,ID Checked,,,2017,https://www.myjobquote.co.uk/t/c-l-landscaping,myjobquote
Garden Makeover Designs,,Gardener,,,4.68,0,,ID Checked,,,2002,https://www.myjobquote.co.uk/t/garden-makeover-designs-1,myjobquote
Scottys fencing&landscaping,,Gardener,,,4.68,0,,ID Checked,,,1998,https://www.myjobquote.co.uk/t/scottys-fencinglandscaping,myjobquote
Maxwell&#039;s Property Maintenance,,Gardener,,,4.68,0,,ID Checked,,,2018,https://www.myjobquote.co.uk/t/maxwells-property-maintenance,myjobquote
CC Outdoor & Garden Services,,Gardener,,,4.68,0,,ID Checked,,,Oct 2023,https://www.myjobquote.co.uk/t/cc-outdoor-garden-services,myjobquote
Lonebow,,Gardener,,,4.68,0,,ID Checked,,,2024,https://www.myjobquote.co.uk/t/lonebow,myjobquote
Lonebow,,Gardener,,,4.68,0,,ID Checked,,,2010,https://www.myjobquote.co.uk/t/town-country-landscapes,myjobquote
Rm maintenance,,Gardener,,,4.68,0,,ID Checked,,,Mar 2020,https://www.myjobquote.co.uk/t/rm-maintenance-5,myjobquote
S&a landscaping,,Gardener,,,4.68,0,,,,,Oct 2024,https://www.myjobquote.co.uk/t/sa-landscaping,myjobquote
Shaiasta,,Gardener,,,4.68,0,,,,,Jan 2022,https://www.myjobquote.co.uk/t/shaiasta,myjobquote
Shaiasta,,Gardener,,,4.68,0,,,,,Mar 2022,https://www.myjobquote.co.uk/t/peter-127,myjobquote
A&J property maintenance,,Gardener,,,4.68,0,,ID Checked,,,May 2024,https://www.myjobquote.co.uk/t/aj-property-maintenance-11,myjobquote
A&J property maintenance,,Gardener,,,4.68,0,,ID Checked,,,May 2025,https://www.myjobquote.co.uk/t/luxury-landscapes-10,myjobquote
Ben clark,,Gardener,,,4.68,0,,ID Checked,,,Jan 2026,https://www.myjobquote.co.uk/t/ben-clark-3,myjobquote
Ben clark,,Gardener,,,4.68,0,,,,,Mar 2025,https://www.myjobquote.co.uk/t/jw-fencing-2,myjobquote
J.W fencing,,Gardener,,,4.68,0,,,,,Dec 2024,https://www.myjobquote.co.uk/t/leven-landscaping,myjobquote
Proclean,,Gardener,,,4,1,,ID Checked,,,2014,https://www.myjobquote.co.uk/t/proclean-7,myjobquote
Trojan tree and landscapes,,Gardener,,,4,2,,ID Checked,,,2018,https://www.myjobquote.co.uk/t/trojan-tree-and-landscapes,myjobquote
CB Construcion,,Gardener,,,5,1,,ID Checked,,,2023,https://www.myjobquote.co.uk/t/cb-construcion,myjobquote
Js&Sons gardening and landscaping services,,Gardener,,,5,1,,ID Checked,,,,https://www.myjobquote.co.uk/t/jssons-gardening-and-landscaping-services,myjobquote
"Hop, Skip And Dump",,Gardener,,,5,30,,ID Checked,,,2023,https://www.myjobquote.co.uk/t/hop-skip-and-dump,myjobquote
Outdoor maintenance,,Gardener,,,5,2,,ID Checked,,,2007,https://www.myjobquote.co.uk/t/outdoor-maintenance-1,myjobquote
A.R Garden Services,,Gardener,,,5,2,,ID Checked,,,Jun 2025,https://www.myjobquote.co.uk/t/ar-garden-services-1,myjobquote
Propertyze property maintenance,,Gardener,,,5,1,,ID Checked,,,2010,https://www.myjobquote.co.uk/t/propertyze-property-maintenance,myjobquote
J&J Garden Services,,Gardener,,,5,2,,ID Checked,,,2022,https://www.myjobquote.co.uk/t/jj-garden-services-2,myjobquote
MacDonald contracts,,Gardener,,,5,3,,ID Checked,,,2008,https://www.myjobquote.co.uk/t/macdonald-contracts,myjobquote
Stephen Doyle,,Gardener,,,5,3,,ID Checked,,,2020,https://www.myjobquote.co.uk/t/stephen-doyle,myjobquote
SJ Driveway Specialists,,Gardener,,,4.3,9,,ID Checked,,,2000,https://www.myjobquote.co.uk/t/sj-driveway-specialists,myjobquote
Prestige properties,,Gardener,,,5,10,,ID Checked,,,2019,https://www.myjobquote.co.uk/t/prestige-properties,myjobquote
Js building & landscapes,,Gardener,,,4.2,1,,ID Checked,,,2018,https://www.myjobquote.co.uk/t/js-building-landscapes,myjobquote
A.STEWARTS PROPERTY CARE,,Gardener,,,2.5,2,,ID Checked,,,2015,https://www.myjobquote.co.uk/t/astewarts-property-care,myjobquote
Maureens garden service,,Gardener,,,5,3,,ID Checked,,,2011,https://www.myjobquote.co.uk/t/maureens-garden-service,myjobquote
LCL FENCING,,Gardener,,,5,2,,ID Checked,,,2020,https://www.myjobquote.co.uk/t/lcl-fencing,myjobquote
Garden Bros,,Gardener,,,4.5,2,,ID Checked,,,Apr 2021,https://www.myjobquote.co.uk/t/garden-bros,myjobquote
G.B.M Garden Maintenance,,Gardener,,,4,1,,ID Checked,,,2019,https://www.myjobquote.co.uk/t/gbm-garden-maintenance,myjobquote
Carron Valley Contractors,,Gardener,,,4.68,0,,ID Checked,,,2019,https://www.myjobquote.co.uk/t/carron-valley-contractors,myjobquote
Drew Rose Gardener,,Gardener,,,4.68,0,,,,,Feb 2022,https://www.myjobquote.co.uk/t/drew-rose-gardener,myjobquote
Drew Rose Gardener,,Gardener,,,4.68,0,,,,,Feb 2022,https://www.myjobquote.co.uk/t/acorn-gardens-tree-surgeon,myjobquote
Acorn gardens & tree surgeon,,Gardener,,,4.68,0,,ID Checked,,,Mar 2026,https://www.myjobquote.co.uk/t/jam-services-3,myjobquote
JTM LANDSCAPES,,Gardener,,,4.68,0,,ID Checked,,,2026,https://www.myjobquote.co.uk/t/jtm-landscapes,myjobquote
Colin Shand,,Gardener,,,4.68,0,,,,,2025,https://www.myjobquote.co.uk/t/colin-shand,myjobquote
Colin Shand,,Gardener,,,4.68,0,,,,,2003,https://www.myjobquote.co.uk/t/thistle-landscaping-and-paving-contractors,myjobquote
New Horizon Landscapes And Garden Maintenance,,Gardener,,,5,1,,ID Checked,,,Nov 2022,https://www.myjobquote.co.uk/t/new-horizon-landscapes-and-garden-maintenance,myjobquote
AAA Handymen,,Gardener,,,3,3,,ID Checked,,,2017,https://www.myjobquote.co.uk/t/aaa-handymen,myjobquote
hawk property maintenance ltd,,Gardener,,,3,4,,ID Checked,,,2017,https://www.myjobquote.co.uk/t/hawk-property-maintenance-ltd,myjobquote
Bell lamdscapes,,Gardener,,,4.68,0,,ID Checked,,,Oct 2017,https://www.myjobquote.co.uk/t/bell-lamdscapes,myjobquote
A&J property maintenance,,Gardener,,,4.68,0,,ID Checked,,,May 2025,https://www.myjobquote.co.uk/t/am-gardening-4,myjobquote
Clarkleavy,,Gardener,,,4.68,0,,,,,Jul 2024,https://www.myjobquote.co.uk/t/clarkleavy,myjobquote
Clarkleavy,,Gardener,,,4.68,0,,,,,Jul 2024,https://www.myjobquote.co.uk/t/landscape-and-fencing-work,myjobquote
Landscape and fencing work,,Gardener,,,4.68,0,,,,,Nov 2024,https://www.myjobquote.co.uk/t/besquared-2,myjobquote
Sam Scissorhands,,Gardener,,,4.68,0,,,,,Sep 2023,https://www.myjobquote.co.uk/t/sam-scissorhands,myjobquote
Dawid Bartoszko,,Gardener,,,4.68,0,,ID Checked,,,Feb 2020,https://www.myjobquote.co.uk/t/dawid-bartoszko,myjobquote
DMF Fencing limited,,Gardener,,,4.68,0,,ID Checked,,,Jul 2024,https://www.myjobquote.co.uk/t/dmf-fencing-limited,myjobquote
Mclay fencing & decking,,Gardener,,,4.68,0,,,,,Jan 2024,https://www.myjobquote.co.uk/t/mclay-fencing-decking,myjobquote
Mclay fencing & decking,,Gardener,,,4.68,0,,,,,Sep 2024,https://www.myjobquote.co.uk/t/amr-log-cabins-ltd,myjobquote
AMR LOG CABINS LTD,,Gardener,,,4.68,0,,,,,Jan 2024,https://www.myjobquote.co.uk/t/dra-brickworklandscaping-ltd,myjobquote
R Millar landscaping,,Gardener,,,4.68,0,,,,,2024,https://www.myjobquote.co.uk/t/r-millar-landscaping,myjobquote
R Millar landscaping,,Gardener,,,4.68,0,,,,,May 2024,https://www.myjobquote.co.uk/t/get-it-right-1,myjobquote
TG Fencing,,Gardener,,,4.68,0,,ID Checked,,,Mar 2026,https://www.myjobquote.co.uk/t/tg-fencing,myjobquote
Beespoke lady gardening,,Gardener,,,4.68,0,,,,,Mar 2025,https://www.myjobquote.co.uk/t/beespoke-lady-gardening,myjobquote
GRK landscape,,Gardener,,,4.68,0,,ID Checked,,,Nov 2025,https://www.myjobquote.co.uk/t/grk-landscape,myjobquote
CM improvments,,Gardener,,,4.68,0,,ID Checked,,,Jan 2025,https://www.myjobquote.co.uk/t/cm-improvments,myjobquote
Oksana,,Gardener,,,4.68,0,,,,,Apr 2023,https://www.myjobquote.co.uk/t/oksana-1,myjobquote
Oksana,,Gardener,,,4.68,0,,,,,Apr 2023,https://www.myjobquote.co.uk/t/william-brown-1,myjobquote
RCA Property Solutions,,Gardener,,,4.68,0,,ID Checked,,,Jun 2024,https://www.myjobquote.co.uk/t/rca-property-solutions,myjobquote
RCA Property Solutions,,Gardener,,,4.68,0,,ID Checked,,,2014,https://www.myjobquote.co.uk/t/hillview-garden-projects,myjobquote
Greenline exterior service,,Gardener,,,4.68,0,,ID Checked,,,Sep 2024,https://www.myjobquote.co.uk/t/greenline-exterior-service,myjobquote
Helen’s landscapes,,Gardener,,,4.68,0,,,,,May 2025,https://www.myjobquote.co.uk/t/helens-landscapes,myjobquote
Henryk Zakrzewski,,Gardener,,,5,3,,ID Checked,,,2016,https://www.myjobquote.co.uk/t/henryk-zakrzewski,myjobquote
Build better solutions,,Gardener,,,4.68,0,,ID Checked,,,Jan 2019,https://www.myjobquote.co.uk/t/build-better-solutions,myjobquote
Build better solutions,,Gardener,,,4.68,0,,Public Liability Insurance,,,Sep 2024,https://www.myjobquote.co.uk/t/vibe-property-services,myjobquote
R&T Groundworks,,Gardener,,,4.68,0,,Public Liability Insurance,,,Jan 2026,https://www.myjobquote.co.uk/t/rt-groundworks-1,myjobquote
New horizon landscaping and garden services,,Gardener,,,4.68,0,,,,,May 2024,https://www.myjobquote.co.uk/t/new-horizon-landscaping-and-garden-services,myjobquote
Wj&son,,Gardener,,,4.68,0,,ID Checked,,,Jan 2022,https://www.myjobquote.co.uk/t/wjson,myjobquote
A handy man to know,,Gardener,,,4.68,0,,ID Checked,,,Oct 2023,https://www.myjobquote.co.uk/t/a-handy-man-to-know,myjobquote
A handy man to know,,Gardener,,,4.68,0,,,,,Oct 2022,https://www.myjobquote.co.uk/t/ian-meacham,myjobquote
Ian meacham,,Gardener,,,4.68,0,,ID Checked,,,Jul 2023,https://www.myjobquote.co.uk/t/forrest-lawnscapes-1,myjobquote
Forrest lawnscapes,,Gardener,,,4.68,0,,ID Checked,,,Feb 2026,https://www.myjobquote.co.uk/t/ad-gardening-and-property-maintenance,myjobquote
Lanes landscapes,,Gardener,,,5,5,,ID Checked,,,2023,https://www.myjobquote.co.uk/t/lanes-landscapes,myjobquote
Richmond-Vaughan gardens,,Gardener,,,5,2,,ID Checked,,,2025,https://www.myjobquote.co.uk/t/richmond-vaughan-gardens,myjobquote
Elite landscape gardening,,Gardener,,,4,1,,ID Checked; Public Liability Insurance,,,2016,https://www.myjobquote.co.uk/t/elite-landscape-gardening,myjobquote
Premier tree and gardening and property Maintenance,,Gardener,,,5,2,,ID Checked,,,2010,https://www.myjobquote.co.uk/t/premier-tree-and-gardening-and-property-maintenance,myjobquote
Elite fencing contractors,,Gardener,,,5,1,,ID Checked,,,May 2024,https://www.myjobquote.co.uk/t/elite-fencing-contractors,myjobquote
JB Property Maintenance,,Gardener,,,5,1,,ID Checked,,,2006,https://www.myjobquote.co.uk/t/jb-property-maintenance-9,myjobquote
Rhys Moore,,Gardener,,,5,1,,ID Checked; Public Liability Insurance,,,2021,https://www.myjobquote.co.uk/t/rhys-moore,myjobquote
Valley Home improvement.,,Gardener,,,5,3,,ID Checked,,,2017,https://www.myjobquote.co.uk/t/valley-home-improvement,myjobquote
PSJ Garden Services,,Gardener,,,4.68,0,,ID Checked,,,2016,https://www.myjobquote.co.uk/t/psj-garden-services,myjobquote
STAN electronics,,Gardener,,,4.68,0,,ID Checked,,,2008,https://www.myjobquote.co.uk/t/stan-electronics,myjobquote
STAN electronics,,Gardener,,,4.68,0,,,,,Oct 2025,https://www.myjobquote.co.uk/t/james-k-landscaping,myjobquote
LDW Garden Services,,Gardener,,,4.8,4,07418343155,ID Checked; Public Liability Insurance,,,2024,https://www.myjobquote.co.uk/t/ldw-garden-services,myjobquote
J&M Roofing and Landscaping,,Gardener,,,4,1,,ID Checked,,,Jan 2026,https://www.myjobquote.co.uk/t/jm-roofing-and-landscaping,myjobquote
J.Jones landscaping & driveway service&#039;s,,Gardener,,,5,1,,ID Checked,,,2010,https://www.myjobquote.co.uk/t/jjones-landscaping-driveway-services,myjobquote
Affordable Paving,,Gardener,,,5,3,,ID Checked,,,Oct 2025,https://www.myjobquote.co.uk/t/affordable-paving-2,myjobquote
GRIFF HIRE SERVICES,,Gardener,,,5,3,,ID Checked; Public Liability Insurance,,,2020,https://www.myjobquote.co.uk/t/griff-hire-services,myjobquote
Emerald Lawns and Gardens,,Gardener,,,4,4,,ID Checked; Public Liability Insurance,,,2025,https://www.myjobquote.co.uk/t/emerald-lawns-and-gardens,myjobquote
Premier Outdoor Spaces,,Gardener,,,5,1,,ID Checked; Public Liability Insurance,,,2020,https://www.myjobquote.co.uk/t/premier-outdoor-spaces,myjobquote
CJW Fencing & Landscape Gardens,,Gardener,,,5,7,07418363680,ID Checked,,,May 2025,https://www.myjobquote.co.uk/t/cjw-fencing-landscape-gardens,myjobquote
J.a.b building,,Gardener,,,5,1,,ID Checked,,,2019,https://www.myjobquote.co.uk/t/jab-building,myjobquote
Reliable tree and landscaping,,Gardener,,,4.7,3,,ID Checked,,,,https://www.myjobquote.co.uk/t/reliable-tree-and-landscaping,myjobquote
BL Landscaping & Roofing,,Gardener,,,4,1,,ID Checked,,,Sep 2025,https://www.myjobquote.co.uk/t/bl-landscaping-roofing,myjobquote
Urban oasis landscaping and groundworks,,Gardener,,,5,5,,ID Checked; Public Liability Insurance,,,2024,https://www.myjobquote.co.uk/t/urban-oasis-landscaping-and-groundworks,myjobquote
Port Talbot Property Maintenance,,Gardener,,,5,2,,ID Checked,,,Jun 2024,https://www.myjobquote.co.uk/t/port-talbot-property-maintenance,myjobquote
Bosco&Burton Home Improvements,,Gardener,,,5,2,,ID Checked,,,2021,https://www.myjobquote.co.uk/t/boscoburton-home-improvements,myjobquote
SUNNY SOLIDARITY,,Gardener,,,4.68,0,,ID Checked,,,Feb 2025,https://www.myjobquote.co.uk/t/sunny-solidarity,myjobquote
West wales panels and groundworks,,Gardener,,,4.68,0,,,,,Dec 2025,https://www.myjobquote.co.uk/t/west-wales-panels-and-groundworks,myjobquote
West wales panels and groundworks,,Gardener,,,4.68,0,,ID Checked,,,Oct 2024,https://www.myjobquote.co.uk/t/plm-carpentry-and-building,myjobquote
RJL,,Gardener,,,4.68,0,,ID Checked,,,2024,https://www.myjobquote.co.uk/t/rjl,myjobquote
Nr tree and landscapes,,Gardener,,,4.68,0,,ID Checked,,,2020,https://www.myjobquote.co.uk/t/nr-tree-and-landscapes-1,myjobquote
JGL Building Ltd,,Gardener,,,4.68,0,,ID Checked,,,2019,https://www.myjobquote.co.uk/t/jgl-building-ltd,myjobquote
C.Randall fencing,,Gardener,,,4.68,0,,ID Checked,,,Mar 2024,https://www.myjobquote.co.uk/t/crandall-fencing,myjobquote
C.Randall fencing,,Gardener,,,4.68,0,,ID Checked,,,Dec 2023,https://www.myjobquote.co.uk/t/tawe-landscapes-and-groundworks,myjobquote
EcoClear Services LTD,,Gardener,,,4.68,0,,ID Checked,,,2024,https://www.myjobquote.co.uk/t/ecoclear-services-ltd,myjobquote
Frankaia Landscapes LTD,,Gardener,,,4.68,0,,ID Checked,,,Nov 2024,https://www.myjobquote.co.uk/t/frankaia-landscapes-ltd,myjobquote
Frankaia Landscapes LTD,,Gardener,,,4.68,0,,ID Checked,,,Sep 2023,https://www.myjobquote.co.uk/t/swc-balustrades,myjobquote
Ganleys Landscapes,,Gardener,,,4.68,0,,ID Checked,,,Mar 2025,https://www.myjobquote.co.uk/t/ganleys-landscapes,myjobquote
Ganleys Landscapes,,Gardener,,,4.68,0,,ID Checked,,,in 2001,https://www.myjobquote.co.uk/t/dp-services-wales,myjobquote
A.S fencing,,Gardener,,,4.68,0,,ID Checked,,,2019,https://www.myjobquote.co.uk/t/as-fencing,myjobquote
A.S fencing,,Gardener,,,4.68,0,,ID Checked,,,2019,https://www.myjobquote.co.uk/t/gower-composite-decking-and-carpentry-ltd,myjobquote
L.h.f clearances & gardening,,Gardener,,,4.68,0,,ID Checked,,,,https://www.myjobquote.co.uk/t/lhf-clearances-gardening,myjobquote
Onecut landscape and garden,,Gardener,,,5,1,,ID Checked,,,2022,https://www.myjobquote.co.uk/t/onecut-landscape-and-garden,myjobquote
Carl Grady,,Gardener,,,5,2,,ID Checked,,,2022,https://www.myjobquote.co.uk/t/carl-grady,myjobquote
Harveys Home and Garden Services,,Gardener,,,5,3,,ID Checked,,,2019,https://www.myjobquote.co.uk/t/harveys-home-and-garden-services,myjobquote
Grays Gardening Services,,Gardener,,,4.68,0,,ID Checked,,,Jan 2020,https://www.myjobquote.co.uk/t/grays-gardening-services,myjobquote
AG Garden Services,,Gardener,,,4.68,0,,ID Checked,,,Apr 2025,https://www.myjobquote.co.uk/t/ag-garden-services,myjobquote
AG Garden Services,,Gardener,,,4.68,0,,,,,Jul 2025,https://www.myjobquote.co.uk/t/kains-loacal-friendly-gardening-service,myjobquote
Jamie Owen,,Gardener,,,4.68,0,,ID Checked,,,Dec 2024,https://www.myjobquote.co.uk/t/jamie-owen-1,myjobquote
Jamie Owen,,Gardener,,,5,1,,ID Checked,,,2025,https://www.myjobquote.co.uk/t/c-p-allen-landscapes-hire-ltd,myjobquote
Local roofing,,Gardener,,,5,1,,ID Checked,,,2000,https://www.myjobquote.co.uk/t/local-roofing-3,myjobquote
Lcc landscaping,,Gardener,,,5,8,,ID Checked,,,1986,https://www.myjobquote.co.uk/t/lcc-landscaping,myjobquote
3 dragons landscaping,,Gardener,,,5,2,,ID Checked,,,2025,https://www.myjobquote.co.uk/t/3-dragons-landscaping,myjobquote
Dragon Landscapers,,Gardener,,,5,1,,ID Checked,,,2025,https://www.myjobquote.co.uk/t/dragon-landscapers,myjobquote
Rhodri Jones,,Gardener,,,5,4,,ID Checked,,,2020,https://www.myjobquote.co.uk/t/rhodri-jones,myjobquote
"First Choice, Landscape Garden",,Gardener,,,5,5,,ID Checked,,,2000,https://www.myjobquote.co.uk/t/first-choice-landscape-garden,myjobquote
Harrow driveways & resin,,Gardener,,,4.4,21,,ID Checked,,,2007,https://www.myjobquote.co.uk/t/harrow-driveways-resin,myjobquote
CJ’s Property Maintenance & Handyman.,,Gardener,,,5,2,,ID Checked,,,2022,https://www.myjobquote.co.uk/t/cjs-property-maintenance-handyman,myjobquote
Gentle Touch Gardening,,Gardener,,,5,1,,ID Checked,,,1995,https://www.myjobquote.co.uk/t/gentle-touch-gardening,myjobquote
Strimtrim21@outlook.com,,Gardener,,,5,1,,ID Checked,,,May 2023,https://www.myjobquote.co.uk/t/strimtrim21-at-outlookcom,myjobquote
Alfie’s,,Gardener,,,5,1,,ID Checked,,,2015,https://www.myjobquote.co.uk/t/alfies,myjobquote
T Q home improvements And roofing,,Gardener,,,4.5,13,,ID Checked,,,2010,https://www.myjobquote.co.uk/t/t-q-home-improvements-and-roofing,myjobquote
Tendertouch gardening,,Gardener,,,5,3,,ID Checked,,,2012,https://www.myjobquote.co.uk/t/tendertouch-gardening,myjobquote
LW Gardening Services,,Gardener,,,4.7,3,,ID Checked,,,2020,https://www.myjobquote.co.uk/t/lw-gardening-services,myjobquote
Aspect building,,Gardener,,,4.68,0,,ID Checked,,,2017,https://www.myjobquote.co.uk/t/aspect-building,myjobquote
Titus home improvements ltd,,Gardener,,,4.68,0,,ID Checked,,,Nov 2021,https://www.myjobquote.co.uk/t/titus-home-improvements-ltd,myjobquote
Elite property solutions,,Gardener,,,4.68,0,,ID Checked,,,2023,https://www.myjobquote.co.uk/t/elite-property-solutions-7,myjobquote
Provision roofing,,Gardener,,,4.68,0,,ID Checked,,,Feb 2025,https://www.myjobquote.co.uk/t/provision-roofing-1,myjobquote
Provision roofing,,Gardener,,,4.68,0,,ID Checked,,,Mar 2026,https://www.myjobquote.co.uk/t/platinum-property-maintenance-4,myjobquote
J Jenkins brickwork,,Gardener,,,4.68,0,,ID Checked; Public Liability Insurance,,,2011,https://www.myjobquote.co.uk/t/j-jenkins-brickwork,myjobquote
Chris cannon,,Gardener,,,4.68,0,,ID Checked,,,2019,https://www.myjobquote.co.uk/t/chris-cannon,myjobquote
Chris cannon,,Gardener,,,4.68,0,,ID Checked,,,Mar 2019,https://www.myjobquote.co.uk/t/edmund-macpherson-jones,myjobquote
Trade Cymru,,Gardener,,,4.68,0,,ID Checked,,,Feb 2022,https://www.myjobquote.co.uk/t/trade-cymru,myjobquote
Garddio Gardening and Landscaping,,Gardener,,,4.68,0,,ID Checked,,,2024,https://www.myjobquote.co.uk/t/garddio-gardening-and-landscaping,myjobquote
ground control landscapes and resin,,Gardener,,,4.68,0,,ID Checked,,,Dec 2017,https://www.myjobquote.co.uk/t/ground-control-landscapes-and-resin,myjobquote
Signature gardens & landscaping,,Gardener,,,4.68,0,,ID Checked,,,Jul 2022,https://www.myjobquote.co.uk/t/signature-gardens-landscaping,myjobquote
Baglan Garden Services,,Gardener,,,4.68,0,,,,,Sep 2024,https://www.myjobquote.co.uk/t/baglan-garden-services,myjobquote
Baglan Garden Services,,Gardener,,,4.68,0,,,,,Feb 2024,https://www.myjobquote.co.uk/t/llynfi-plant-construction-ltd,myjobquote
Llynfi plant & construction ltd,,Gardener,,,4.68,0,,,,,Jan 2026,https://www.myjobquote.co.uk/t/richie-sons,myjobquote
Evans leafy gardening,,Gardener,,,4.68,0,,ID Checked,,,2025,https://www.myjobquote.co.uk/t/evans-leafy-gardening,myjobquote
ArjoM,,Gardener,,,4.68,0,,ID Checked,,,2012,https://www.myjobquote.co.uk/t/arjom,myjobquote
Ellis - Design & Dirt,,Gardener,,,4.68,0,,,,,Feb 2026,https://www.myjobquote.co.uk/t/ellis-design-dirt,myjobquote
Ellis - Design & Dirt,,Gardener,,,4.68,0,,,,,Feb 2026,https://www.myjobquote.co.uk/t/neath-valley-gardening-services,myjobquote
A.G Landscapes,,Gardener,,,4.68,0,,ID Checked,,,May 2025,https://www.myjobquote.co.uk/t/ag-landscapes,myjobquote
A.G Landscapes,,Gardener,,,4.68,0,,ID Checked,,,Nov 2023,https://www.myjobquote.co.uk/t/evans-gardening-groundswork,myjobquote
Evans Gardening & GroundsWork,,Gardener,,,4.68,0,,,,,Mar 2026,https://www.myjobquote.co.uk/t/denys-6,myjobquote
Denys,,Gardener,,,4.68,0,,ID Checked,,,2024,https://www.myjobquote.co.uk/t/cool-mint-projects-ltd,myjobquote
Ashwood tree care and landscapes,,Gardener,,,4.68,0,,ID Checked,,,2013,https://www.myjobquote.co.uk/t/ashwood-tree-care-and-landscapes,myjobquote
dreamscape gardens,,Gardener,,,4.68,0,,ID Checked,,,Nov 2022,https://www.myjobquote.co.uk/t/dreamscape-gardens,myjobquote
dreamscape gardens,,Gardener,,,4.68,0,,,,,Jun 2025,https://www.myjobquote.co.uk/t/robs-gardens-3,myjobquote
Robs gardens,,Gardener,,,4.68,0,,,,,2016,https://www.myjobquote.co.uk/t/new-face-property-designs,myjobquote
Cribath Landscapes & Fencing,,Gardener,,,4.68,0,,,,,2015,https://www.myjobquote.co.uk/t/cribath-landscapes-fencing,myjobquote
Cribath Landscapes & Fencing,,Gardener,,,4.68,0,,ID Checked,,,2010,https://www.myjobquote.co.uk/t/duane-m-williams-ltd,myjobquote
Level groundworks ltd,,Gardener,,,4.68,0,,ID Checked,,,2022,https://www.myjobquote.co.uk/t/level-groundworks-ltd,myjobquote
Micklewaite Contracting,,Gardener,,,4.68,0,,ID Checked,,,Jun 2024,https://www.myjobquote.co.uk/t/micklewaite-contracting,myjobquote
Apo gardening and patios,,Gardener,,,4.68,0,,ID Checked,,,2021,https://www.myjobquote.co.uk/t/apo-gardening-and-patios,myjobquote
Apo gardening and patios,,Gardener,,,4.68,0,,ID Checked,,,2024,https://www.myjobquote.co.uk/t/elite-artificial-grass-and-property-maintenance,myjobquote
Pristine Services,,Gardener,,,4.68,0,,ID Checked,,,2020,https://www.myjobquote.co.uk/t/pristine-services,myjobquote
AJ Garden Services,,Gardener,,,4.68,0,,ID Checked,,,2023,https://www.myjobquote.co.uk/t/aj-garden-services-2,myjobquote
Rich Groundwork’s Ltd,,Gardener,,,4.68,0,,ID Checked,,,2023,https://www.myjobquote.co.uk/t/rich-groundworks-ltd,myjobquote
P.b property development,,Gardener,,,4.68,0,,ID Checked,,,Apr 2023,https://www.myjobquote.co.uk/t/pb-property-development,myjobquote
TG Garden&Homeimprovments,,Gardener,,,5,2,,ID Checked,,,2015,https://www.myjobquote.co.uk/t/tg-gardenhomeimprovments,myjobquote
Outdoor Innovations Alan and Nicola,,Gardener,,,5,1,,ID Checked,,,2024,https://www.myjobquote.co.uk/t/outdoor-innovations-alan-and-nicola,myjobquote
JP landscapes,,Gardener,,,4,1,,ID Checked,,,2007,https://www.myjobquote.co.uk/t/jp-landscapes-2,myjobquote
Handymanhardy,,Gardener,,,5,11,07451261290,ID Checked,,,2016,https://www.myjobquote.co.uk/t/handymanhardy,myjobquote
Gardener Greg,,Gardener,,,5,1,,ID Checked; Public Liability Insurance,,,2006,https://www.myjobquote.co.uk/t/gardener-greg,myjobquote
Green Lines Turfing,,Gardener,,,5,11,,ID Checked,,,2025,https://www.myjobquote.co.uk/t/green-lines-turfing,myjobquote
Sgmservices14 limited,,Gardener,,,4.68,0,,ID Checked,,,2014,https://www.myjobquote.co.uk/t/sgmservices14-limited,myjobquote
JF Gardens,,Gardener,,,4.68,0,,ID Checked,,,Nov 2019,https://www.myjobquote.co.uk/t/jf-gardens,myjobquote
Gorilla Build,,Gardener,,,4.68,0,07418317645,ID Checked,,,2010,https://www.myjobquote.co.uk/t/gorilla-build,myjobquote
Bradworks,,Gardener,,,4.5,6,07451260940,ID Checked; Public Liability Insurance,,,2025,https://www.myjobquote.co.uk/t/bradworks,myjobquote
Smiths landscape gardening services,,Gardener,,,5,33,,ID Checked; Public Liability Insurance,,,2012,https://www.myjobquote.co.uk/t/smiths-landscape-gardening-services,myjobquote
JD Building & Landscaping,,Gardener,,,5,7,,ID Checked,,,2023,https://www.myjobquote.co.uk/t/jd-building-landscaping,myjobquote
Nhp landscapes,,Gardener,,,5,5,,ID Checked,,,Feb 2024,https://www.myjobquote.co.uk/t/nhp-landscapes,myjobquote
Monmouthshire Garden Services,,Gardener,,,5,2,,ID Checked,,,2022,https://www.myjobquote.co.uk/t/monmouthshire-garden-services,myjobquote
R C Landscapes,,Gardener,,,4.68,0,,ID Checked,,,Feb 2016,https://www.myjobquote.co.uk/t/r-c-landscapes,myjobquote
Staybright Groundworks & gardening,,Gardener,,,4.68,0,,ID Checked,,,Feb 2016,https://www.myjobquote.co.uk/t/staybright-groundworks-gardening,myjobquote
Star Home Improvements Ltd,,Gardener,,,4.68,0,,ID Checked,,,2020,https://www.myjobquote.co.uk/t/star-home-improvements-ltd,myjobquote
Severn landscapes & gardening services,,Gardener,,,4.68,0,,ID Checked,,,Dec 2021,https://www.myjobquote.co.uk/t/severn-landscapes-gardening-services,myjobquote
STS Gardening services,,Gardener,,,4.68,0,,,,,Jan 2026,https://www.myjobquote.co.uk/t/sts-gardening-services,myjobquote
STS Gardening services,,Gardener,,,5,2,,ID Checked,,,2025,https://www.myjobquote.co.uk/t/complete-design-build,myjobquote
Amg landscapes,,Gardener,,,4.68,0,,ID Checked,,,Jul 2024,https://www.myjobquote.co.uk/t/amg-landscapes,myjobquote
Newport drives and patios,,Gardener,,,4.68,0,,ID Checked,,,2015,https://www.myjobquote.co.uk/t/newport-drives-and-patios-1,myjobquote
d1 home improvements,,Gardener,,,,0,,ID Checked,,,2010,https://www.myjobquote.co.uk/t/d1-home-improvements,myjobquote
Trust in us property care,,Gardener,,,4.68,0,,ID Checked,,,Apr 2019,https://www.myjobquote.co.uk/t/trust-in-us-property-care,myjobquote
William,,Gardener,,,4.68,0,,,,,Oct 2024,https://www.myjobquote.co.uk/t/william-47,myjobquote
William,,Gardener,,,4.68,0,,,,,Sep 2023,https://www.myjobquote.co.uk/t/ms-services-6,myjobquote
M.s services,,Gardener,,,4.68,0,,ID Checked,,,2017,https://www.myjobquote.co.uk/t/ressltd,myjobquote
Fitz Gardens,,Gardener,,,4.68,0,,ID Checked,,,Jan 2023,https://www.myjobquote.co.uk/t/fitz-gardens,myjobquote
K.E Building Services,,Gardener,,,4.68,0,,ID Checked,,,Aug 2024,https://www.myjobquote.co.uk/t/ke-building-services,myjobquote
Elite cleaning,,Gardener,,,5,1,,ID Checked,,,2003,https://www.myjobquote.co.uk/t/elite-cleaning-8,myjobquote
Gardencare Services,,Gardener,,,5,6,,ID Checked,,,1972,https://www.myjobquote.co.uk/t/gardencare-services,myjobquote
Afls-,,Gardener,,,5,2,,ID Checked,,,2016,https://www.myjobquote.co.uk/t/afls,myjobquote
G.A.H Fencing and Carpentry,,Gardener,,,5,2,,ID Checked; Public Liability Insurance,,,2025,https://www.myjobquote.co.uk/t/gah-fencing-and-carpentry,myjobquote
JT Gardening and maintenance,,Gardener,,,4.9,7,,ID Checked,,,2010,https://www.myjobquote.co.uk/t/jt-gardening-and-maintenance,myjobquote
Just Roll With It,,Gardener,,,5,10,,ID Checked,,,Jul 2025,https://www.myjobquote.co.uk/t/just-roll-with-it,myjobquote
A&t landscaping,,Gardener,,,5,2,07418372856,ID Checked,,,2000,https://www.myjobquote.co.uk/t/at-landscaping-1,myjobquote
KBTrees&GardeningServices,,Gardener,,,5,1,07418371633,ID Checked,,,2012,https://www.myjobquote.co.uk/t/kbtreesgardeningservices,myjobquote
Wilderness to Paradise,,Gardener,,,5,1,,ID Checked; Public Liability Insurance,,,2000,https://www.myjobquote.co.uk/t/wilderness-to-paradise,myjobquote
P&d roofing,,Gardener,,,5,2,,ID Checked,,,2012,https://www.myjobquote.co.uk/t/pd-roofing-4,myjobquote
Waste masters home and garden services,,Gardener,,,5,1,,ID Checked,,,2023,https://www.myjobquote.co.uk/t/waste-masters-home-and-garden-services,myjobquote
Cutting Edge Fencing and decking,,Gardener,,,5,1,,ID Checked,,,Feb 2024,https://www.myjobquote.co.uk/t/cutting-edge-fencing-and-decking,myjobquote
Cedar Wood Gardening,,Gardener,,,4.7,3,,ID Checked,,,2016,https://www.myjobquote.co.uk/t/cedar-wood-gardening,myjobquote
P M House Clearance and Gardening services,,Gardener,,,5,1,,ID Checked,,,Jul 2022,https://www.myjobquote.co.uk/t/p-m-house-clearance-and-gardening-services,myjobquote
C&L CONTRACTORS,,Gardener,,,5,1,,ID Checked,,,2015,https://www.myjobquote.co.uk/t/cl-contractors-2,myjobquote
"Tadiou&#039;s Painting, Decorating & Gardening Services",,Gardener,,,5,8,,ID Checked; Public Liability Insurance,,,2018,https://www.myjobquote.co.uk/t/tadious-painting-decorating-gardening-services,myjobquote
Acorn landscaping,,Gardener,,,4,1,,ID Checked,,,Oct 2022,https://www.myjobquote.co.uk/t/acorn-landscaping-1,myjobquote
The Property Doctors,,Gardener,,,5,3,,ID Checked,,,2020,https://www.myjobquote.co.uk/t/the-property-doctors-1,myjobquote
Macservices,,Gardener,,,4.68,0,,ID Checked,,,Feb 2021,https://www.myjobquote.co.uk/t/macservices-2,myjobquote
Macservices,,Gardener,,,4.68,0,,ID Checked,,,May 2025,https://www.myjobquote.co.uk/t/the-boss-painter,myjobquote
The boss painter,,Gardener,,,4.68,0,,ID Checked,,,Aug 2024,https://www.myjobquote.co.uk/t/khans-painting,myjobquote
Coco gardens landscaping and constructions,,Gardener,,,4.68,0,,ID Checked,,,Mar 2024,https://www.myjobquote.co.uk/t/coco-gardens-landscaping-and-constructions,myjobquote
Imperial building&landscaping,,Gardener,,,4.68,0,,ID Checked,,,2020,https://www.myjobquote.co.uk/t/imperial-buildinglandscaping,myjobquote
Follett Brickwork Contractor,,Gardener,,,4.68,0,,ID Checked,,,Jan 2023,https://www.myjobquote.co.uk/t/follett-brickwork-contractor,myjobquote
Humble growth,,Gardener,,,4.68,0,,ID Checked,,,2008,https://www.myjobquote.co.uk/t/humble-growth,myjobquote
Driveway4youLTD,,Gardener,,,4.68,0,,ID Checked,,,Mar 2019,https://www.myjobquote.co.uk/t/driveway4youltd,myjobquote
Driveway4youLTD,,Gardener,,,4.68,0,,ID Checked,,,Sep 2024,https://www.myjobquote.co.uk/t/emd-gardening,myjobquote
Artificial Grass South Wales,,Gardener,,,4.68,0,,ID Checked,,,Aug 2024,https://www.myjobquote.co.uk/t/artificial-grass-south-wales,myjobquote
F3NCE,,Gardener,,,4.68,0,,ID Checked,,,Jul 2022,https://www.myjobquote.co.uk/t/f3nce,myjobquote
Stay bright,,Gardener,,,4.68,0,,,,,Jul 2024,https://www.myjobquote.co.uk/t/stay-bright-1,myjobquote
Barney,,Gardener,,,4.68,0,,,,,Nov 2023,https://www.myjobquote.co.uk/t/barney,myjobquote
Barney,,Gardener,,,4.68,0,,ID Checked,,,2014,https://www.myjobquote.co.uk/t/go-green-landscapes,myjobquote
LRB fencing&landscaping,,Gardener,,,4.68,0,,ID Checked,,,2023,https://www.myjobquote.co.uk/t/lrb-fencinglandscaping,myjobquote
Benson,,Gardener,,,4.68,0,,ID Checked,,,Mar 2025,https://www.myjobquote.co.uk/t/benson-3,myjobquote
N&m landscapes,,Gardener,,,4.68,0,,ID Checked,,,2016,https://www.myjobquote.co.uk/t/nm-landscapes,myjobquote
DM Services & Solutions,,Gardener,,,4.68,0,,ID Checked,,,Jan 2023,https://www.myjobquote.co.uk/t/dm-services-solutions,myjobquote
DM Services & Solutions,,Gardener,,,4.68,0,,ID Checked,,,Aug 2024,https://www.myjobquote.co.uk/t/t-scapes,myjobquote
D bowkett garden maintenance,,Gardener,,,4.68,0,,ID Checked,,,Jul 2024,https://www.myjobquote.co.uk/t/d-bowkett-garden-maintenance,myjobquote
D bowkett garden maintenance,,Gardener,,,4.68,0,,,,,Aug 2025,https://www.myjobquote.co.uk/t/dsj-ltd,myjobquote
Risca Garden Services,,Gardener,,,4.68,0,,,,,Jul 2023,https://www.myjobquote.co.uk/t/risca-garden-services,myjobquote
Jake long,,Gardener,,,4.68,0,,ID Checked,,,Feb 2025,https://www.myjobquote.co.uk/t/jake-long,myjobquote
SMS Landscaping,,Gardener,,,4.68,0,,ID Checked,,,Apr 2024,https://www.myjobquote.co.uk/t/sms-landscaping,myjobquote
Bs landscapes,,Gardener,,,4.68,0,,,,,Sep 2025,https://www.myjobquote.co.uk/t/bs-landscapes-3,myjobquote
Wake Me Up Before You Mow Mow,,Gardener,,,4.68,0,,,,,Sep 2025,https://www.myjobquote.co.uk/t/wake-me-up-before-you-mow-mow,myjobquote
Wake Me Up Before You Mow Mow,,Gardener,,,4.68,0,,,,,2020,https://www.myjobquote.co.uk/t/naturscapes-ltd,myjobquote
V Bennett Gardening Services,,Gardener,,,4.68,0,,ID Checked; Public Liability Insurance,,,2012,https://www.myjobquote.co.uk/t/v-bennett-gardening-services,myjobquote
S.K.H gardens,,Gardener,,,4.68,0,,ID Checked; Public Liability Insurance,,,Nov 2022,https://www.myjobquote.co.uk/t/skh-gardens,myjobquote
S.K.H gardens,,Gardener,,,4.68,0,,ID Checked,,,Sep 2024,https://www.myjobquote.co.uk/t/nathan-jones-home-improvement,myjobquote
Hj gutter and garden services,,Gardener,,,4.68,0,,ID Checked,,,Feb 2022,https://www.myjobquote.co.uk/t/hj-gutter-and-garden-services,myjobquote
Hj gutter and garden services,,Gardener,,,4.68,0,,,,,1997,https://www.myjobquote.co.uk/t/jrlandscapes,myjobquote
J.rlandscapes,,Gardener,,,4.68,0,,ID Checked,,,2024,https://www.myjobquote.co.uk/t/nathan-daniel,myjobquote
B&blandscape,,Gardener,,,4.68,0,,ID Checked,,,May 2024,https://www.myjobquote.co.uk/t/bblandscape,myjobquote
B&blandscape,,Gardener,,,4.68,0,,ID Checked,,,Mar 2025,https://www.myjobquote.co.uk/t/james-strimming,myjobquote
James Strimming,,Gardener,,,4.68,0,,ID Checked,,,2007,https://www.myjobquote.co.uk/t/be-landscapes,myjobquote
B.E Landscapes,,Gardener,,,4.68,0,,ID Checked,,,Aug 2022,https://www.myjobquote.co.uk/t/pegasus-bespoke-garden-design,myjobquote
Pegasus bespoke garden design,,Gardener,,,4.68,0,,ID Checked,,,Mar 2024,https://www.myjobquote.co.uk/t/all-round-tree-care-and-landscaping-ltd,myjobquote
WoodLives,,Gardener,,,4.68,0,,ID Checked,,,2017,https://www.myjobquote.co.uk/t/woodlives,myjobquote
WoodLives,,Gardener,,,4.68,0,,ID Checked,,,Feb 2025,https://www.myjobquote.co.uk/t/l-edwards-grass-cutting-and-garden-maintenance,myjobquote
Faith building and landscapes,,Gardener,,,4.68,0,,ID Checked,,,Mar 2023,https://www.myjobquote.co.uk/t/faith-building-and-landscapes,myjobquote
Green Paws Garden Services,,Gardener,,,4.68,0,,ID Checked,,,Jul 2025,https://www.myjobquote.co.uk/t/green-paws-garden-services,myjobquote
Brad&#039;s Lawn Care,,Gardener,,,5,1,,ID Checked,,,2017,https://www.myjobquote.co.uk/t/brads-lawn-care-1,myjobquote
Brinley Jones Garden Services,,Gardener,,,5,4,,ID Checked,,,Apr 2019,https://www.myjobquote.co.uk/t/brinley-jones-garden-services,myjobquote
T&n home improvements,,Gardener,,,5,1,,ID Checked,,,2015,https://www.myjobquote.co.uk/t/tn-home-improvements-2,myjobquote
Jay evans garden services and tree care,,Gardener,,,5,16,,ID Checked,,,1990,https://www.myjobquote.co.uk/t/jay-evans-garden-services-and-tree-care,myjobquote
Evergreen garden care,,Gardener,,,5,28,07451286796,ID Checked,,,Oct 2019,https://www.myjobquote.co.uk/t/evergreen-garden-care,myjobquote
K Jones Tree Surgeon & Garden Maintenance,,Gardener,,,5,5,,ID Checked,,,Aug 2023,https://www.myjobquote.co.uk/t/k-jones-tree-surgeon-garden-maintenance,myjobquote
Branching Out Tree Services,,Gardener,,,5,10,,ID Checked,,,1998,https://www.myjobquote.co.uk/t/branching-out-tree-services,myjobquote
Josh jobs,,Gardener,,,5,4,,ID Checked,,,2023,https://www.myjobquote.co.uk/t/josh-jobs-1,myjobquote
PJ Tree Maintenance,,Gardener,,,5,10,,ID Checked,,,2020,https://www.myjobquote.co.uk/t/pj-tree-maintenance,myjobquote
KH Garden management,,Gardener,,,5,29,,ID Checked,,,2009,https://www.myjobquote.co.uk/t/kh-garden-management,myjobquote
G&S Servives LTD,,Gardener,,,5,15,,ID Checked; Public Liability Insurance,,,2017,https://www.myjobquote.co.uk/t/gs-servives-ltd,myjobquote
Local Landscapes NW Ltd,,Gardener,,,5,2,,ID Checked,,,2010,https://www.myjobquote.co.uk/t/local-landscapes-nw-ltd,myjobquote
Arc Landscapes,,Gardener,,,5,3,,ID Checked,,,2017,https://www.myjobquote.co.uk/t/arc-landscapes,myjobquote
D c fencing northwales,,Gardener,,,5,2,,ID Checked,,,1989,https://www.myjobquote.co.uk/t/d-c-fencing-northwales,myjobquote
SOIL landscapes limited,,Gardener,,,4.68,0,,ID Checked,,,Dec 2024,https://www.myjobquote.co.uk/t/soil-landscapes-limited,myjobquote
Wrexham weed control,,Gardener,,,4.68,0,,ID Checked,,,Feb 2025,https://www.myjobquote.co.uk/t/wrexham-weed-control,myjobquote
All services,,Gardener,,,4.5,8,,ID Checked,,,2002,https://www.myjobquote.co.uk/t/all-services-2,myjobquote
Devine Landscapes,,Gardener,,,4,5,,ID Checked,,,2015,https://www.myjobquote.co.uk/t/devine-landscapes-1,myjobquote
MGB Garden Services,,Gardener,,,5,3,,ID Checked,,,2022,https://www.myjobquote.co.uk/t/mgb-garden-services,myjobquote
Lightfoot Lawn & Garden Maintenance,,Gardener,,,5,1,,ID Checked,,,2025,https://www.myjobquote.co.uk/t/lightfoot-lawn-garden-maintenance,myjobquote
Andrew&#039;s Tree and Gardening Services,,Gardener,,,5,6,07418363768,ID Checked,,,2015,https://www.myjobquote.co.uk/t/andrews-tree-and-gardening-services,myjobquote
Oakmere landscape,,Gardener,,,5,7,,ID Checked,,,2010,https://www.myjobquote.co.uk/t/oakmere-landscape,myjobquote
The Way She Grows,,Gardener,,,5,5,,ID Checked,,,2020,https://www.myjobquote.co.uk/t/the-way-she-grows,myjobquote
Lawn mower man,,Gardener,,,5,3,07441471385,ID Checked,,,2025,https://www.myjobquote.co.uk/t/lawn-mower-man,myjobquote
A-Z Home Home Improvement,,Gardener,,,5,2,,ID Checked,,,2019,https://www.myjobquote.co.uk/t/a-z-home-home-improvement,myjobquote
Prestige landscape gardening,,Gardener,,,4.68,0,,ID Checked,,,Nov 2023,https://www.myjobquote.co.uk/t/prestige-landscape-gardening,myjobquote
Prestige landscape gardening,,Gardener,,,4.68,0,,ID Checked,,,Jan 2026,https://www.myjobquote.co.uk/t/mwv-services,myjobquote
M.W.V  services,,Gardener,,,4.68,0,,ID Checked,,,Sep 2024,https://www.myjobquote.co.uk/t/r-parkes-landscapes,myjobquote
County Landscapes NW Ltd,,Gardener,,,4.68,0,,ID Checked,,,2017,https://www.myjobquote.co.uk/t/county-landscapes-nw-ltd,myjobquote
Fourseasons,,Gardener,,,4.68,0,,ID Checked,,,Jun 2023,https://www.myjobquote.co.uk/t/fourseasons-2,myjobquote
Fourseasons,,Gardener,,,4.68,0,,,,,Apr 2023,https://www.myjobquote.co.uk/t/cols-garden-services,myjobquote
JD HOME AND GARDEN SERVICES,,Gardener,,,4.68,0,,,,,Nov 2023,https://www.myjobquote.co.uk/t/jd-home-and-garden-services,myjobquote
Ace gardens,,Gardener,,,4.68,0,,,,,Jul 2023,https://www.myjobquote.co.uk/t/ace-gardens,myjobquote
Ace gardens,,Gardener,,,4.68,0,,ID Checked,,,Jul 2025,https://www.myjobquote.co.uk/t/kj-garden-services,myjobquote
Cross Renovations,,Gardener,,,4.68,0,,ID Checked,,,2015,https://www.myjobquote.co.uk/t/cross-renovations,myjobquote
J c groundworks,,Gardener,,,4.68,0,,ID Checked,,,2008,https://www.myjobquote.co.uk/t/j-c-groundworks,myjobquote
RSM Gardening & landscaping Services,,Gardener,,,4.9,10,07418342122,ID Checked,,,2000,https://www.myjobquote.co.uk/t/rsm-gardening-landscaping-services,myjobquote
PGS garden an sweep,,Gardener,,,4.68,0,,ID Checked,,,Jan 2020,https://www.myjobquote.co.uk/t/pgs-garden-an-sweep,myjobquote
G S L Artificial Grass,,Gardener,,,4.68,0,,,,,Apr 2024,https://www.myjobquote.co.uk/t/g-s-l-artificial-grass,myjobquote
G S L Artificial Grass,,Gardener,,,5,12,,ID Checked,,,2020,https://www.myjobquote.co.uk/t/eriks-removals-painting-and-gardens-jobs,myjobquote
MJ Driveways and Patios,,Gardener,,,5,18,,ID Checked,,,Jun 2025,https://www.myjobquote.co.uk/t/mj-driveways-and-patios,myjobquote
PRS SERVICES NW,,Gardener,,,5,158,07441473165,ID Checked,,,2023,https://www.myjobquote.co.uk/t/prs-services-nw,myjobquote
JSET Roofing and Construction,,Gardener,,,4.7,26,,ID Checked,,,1990,https://www.myjobquote.co.uk/t/jset-roofing-and-construction,myjobquote
Sbl building ltd,,Gardener,,,5,1,,ID Checked,,,Oct 2024,https://www.myjobquote.co.uk/t/sbl-building-ltd,myjobquote
GF Landscaping,,Gardener,,,5,2,,ID Checked; Public Liability Insurance,,,1990,https://www.myjobquote.co.uk/t/gf-landscaping,myjobquote
OD Carpentry & Gardens,,Gardener,,,5,3,,ID Checked; Public Liability Insurance,,,2006,https://www.myjobquote.co.uk/t/od-carpentry-gardens,myjobquote
North West Solutions,,Gardener,,,5,12,,ID Checked,,,2025,https://www.myjobquote.co.uk/t/north-west-solutions,myjobquote
Paul builder & groundwork,,Gardener,,,5,2,,ID Checked,,,2025,https://www.myjobquote.co.uk/t/paul-builder-groundwork,myjobquote
A p Landscaping,,Gardener,,,5,3,,ID Checked,,,Jan 2026,https://www.myjobquote.co.uk/t/a-p-landscaping,myjobquote
Matthew Ryder,,Gardener,,,5,8,,ID Checked,,,2000,https://www.myjobquote.co.uk/t/matthew-ryder,myjobquote
Green Home Maintenance And Handyman services,,Gardener,,,5,62,,ID Checked,,,2018,https://www.myjobquote.co.uk/t/green-home-maintenance-and-handyman-services,myjobquote
Kube Group Services,,Gardener,,,5,4,,ID Checked,,,2022,https://www.myjobquote.co.uk/t/kube-group-services,myjobquote
Nationwide Developments,,Gardener,,,5,2,,ID Checked,,,2016,https://www.myjobquote.co.uk/t/nationwide-developments-1,myjobquote
Alex Farnell trees,,Gardener,,,5,2,,ID Checked,,,2003,https://www.myjobquote.co.uk/t/alex-farnell-trees,myjobquote
Bramhall Handyman,,Gardener,,,5,3,,ID Checked,,,2025,https://www.myjobquote.co.uk/t/bramhall-handyman,myjobquote
RBA SERVICES,,Gardener,,,5,20,,ID Checked,,,Mar 2025,https://www.myjobquote.co.uk/t/rba-services,myjobquote
Handy macca,,Gardener,,,5,4,,ID Checked,,,2024,https://www.myjobquote.co.uk/t/handy-macca,myjobquote
JK property services,,Gardener,,,5,12,,ID Checked,,,2024,https://www.myjobquote.co.uk/t/jk-property-services-8,myjobquote
HG Maintenance,,Gardener,,,5,4,,ID Checked,,,Dec 2024,https://www.myjobquote.co.uk/t/hg-maintenance-3,myjobquote
PJL Repair and Maintenenace,,Gardener,,,5,6,,ID Checked; Public Liability Insurance,,,2025,https://www.myjobquote.co.uk/t/pjl-repair-and-maintenenace,myjobquote
SPG Building Services,,Gardener,,,5,10,,ID Checked; Public Liability Insurance,,,2020,https://www.myjobquote.co.uk/t/spg-building-services,myjobquote
Mr landscapes,,Gardener,,,5,2,,ID Checked,,,Jul 2024,https://www.myjobquote.co.uk/t/mr-landscapes,myjobquote
Blooming daisy,,Gardener,,,5,1,,ID Checked,,,,https://www.myjobquote.co.uk/t/blooming-daisy,myjobquote
T P Maintenance & Gardening services,,Gardener,,,5,3,,ID Checked,,,Oct 2025,https://www.myjobquote.co.uk/t/t-p-maintenance-gardening-services,myjobquote
JH Groundwork,,Gardener,,,5,1,,ID Checked,,,2017,https://www.myjobquote.co.uk/t/jh-groundwork,myjobquote
C lock and sons,,Gardener,,,5,5,,ID Checked,,,1995,https://www.myjobquote.co.uk/t/c-lock-and-sons,myjobquote
K williams garden services,,Gardener,,,5,2,,ID Checked,,,2024,https://www.myjobquote.co.uk/t/k-williams-garden-services,myjobquote
Paul Roberts,,Gardener,,,5,4,,ID Checked,,,2006,https://www.myjobquote.co.uk/t/paul-roberts-1,myjobquote
DT.Handyman,,Gardener,,,4.68,0,,ID Checked,,,Apr 2021,https://www.myjobquote.co.uk/t/dthandyman,myjobquote
DT.Handyman,,Gardener,,,4.68,0,,,,,Nov 2024,https://www.myjobquote.co.uk/t/james-perry,myjobquote
James Perry,,Gardener,,,4.68,0,,,,,Dec 2022,https://www.myjobquote.co.uk/t/lovely-2,myjobquote
lovely,,Gardener,,,4.68,0,,,,,Jul 2023,https://www.myjobquote.co.uk/t/simon-w,myjobquote
Simon w,,Gardener,,,4.68,0,,,,,Nov 2023,https://www.myjobquote.co.uk/t/mbhomeinprovements,myjobquote
MBhomeinprovements,,Gardener,,,4.68,0,,ID Checked,,,2021,https://www.myjobquote.co.uk/t/gp-landscape-driveways-ltd,myjobquote
Nj services,,Gardener,,,4.68,0,,ID Checked,,,Dec 2021,https://www.myjobquote.co.uk/t/nj-services-1,myjobquote
elite contractors limited,,Gardener,,,4.68,0,,ID Checked,,,2020,https://www.myjobquote.co.uk/t/elite-contractors-limited,myjobquote
Visionary roofing and Groundworks,,Gardener,,,4.68,0,,ID Checked,,,2023,https://www.myjobquote.co.uk/t/visionary-roofing-and-groundworks,myjobquote
ComplexDriveways And patios specialist LTDD,,Gardener,,,4.68,0,,ID Checked,,,2013,https://www.myjobquote.co.uk/t/complexdriveways-and-patios-specialist-ltdd,myjobquote
grandscapes,,Gardener,,,4.68,0,,ID Checked,,,Jan 2022,https://www.myjobquote.co.uk/t/grandscapes-1,myjobquote
CD landscape and gardening,,Gardener,,,4.68,0,,ID Checked,,,2023,https://www.myjobquote.co.uk/t/cd-landscape-and-gardening,myjobquote
GL Home improvements,,Gardener,,,4.68,0,,ID Checked,,,Apr 2023,https://www.myjobquote.co.uk/t/gl-home-improvements,myjobquote
JP landscaping and trees,,Gardener,,,4.68,0,,ID Checked,,,Apr 2025,https://www.myjobquote.co.uk/t/jp-landscaping-and-trees,myjobquote
Justin Bellis,,Gardener,,,4.68,0,,,,,Feb 2024,https://www.myjobquote.co.uk/t/justin-bellis,myjobquote
Troy dykes gardening service,,Gardener,,,4.68,0,,ID Checked,,,2022,https://www.myjobquote.co.uk/t/troy-dykes-gardening-service,myjobquote
Moldy,,Gardener,,,4.68,0,,ID Checked,,,Feb 2024,https://www.myjobquote.co.uk/t/moldy,myjobquote
Moldy,,Gardener,,,4.5,2,,ID Checked,,,May 2025,https://www.myjobquote.co.uk/t/kevin-ward,myjobquote
S Dane Paving,,Gardener,,,5,20,,ID Checked,,,2020,https://www.myjobquote.co.uk/t/s-dane-paving-1,myjobquote
HUGHS HOME MAINTENANCE,,Gardener,,,1,2,,ID Checked,,,2020,https://www.myjobquote.co.uk/t/hughs-home-maintenance-1,myjobquote
DG property solutions,,Gardener,,,5,2,,ID Checked,,,2021,https://www.myjobquote.co.uk/t/dg-property-solutions,myjobquote
E & H Tiling,,Gardener,,,4.68,0,,ID Checked,,,Dec 2023,https://www.myjobquote.co.uk/t/e-h-tiling-1,myjobquote
E & H Tiling,,Gardener,,,4.68,0,,ID Checked,,,2023,https://www.myjobquote.co.uk/t/earles-maintenance-and-groundworks-ltd,myjobquote
J&R landscaping,,Gardener,,,4.68,0,,ID Checked,,,Aug 2023,https://www.myjobquote.co.uk/t/jr-landscaping-2,myjobquote
J&R landscaping,,Gardener,,,4.68,0,,,,,Apr 2025,https://www.myjobquote.co.uk/t/raven-developments,myjobquote
Raven Developments,,Gardener,,,4.68,0,,,,,Mar 2025,https://www.myjobquote.co.uk/t/mikeweston,myjobquote
Tikay Musiiwa,,Gardener,,,4.68,0,,,,,Jul 2023,https://www.myjobquote.co.uk/t/tikay-musiiwa,myjobquote
Tikay Musiiwa,,Gardener,,,4.68,0,,,,,Apr 2025,https://www.myjobquote.co.uk/t/st-gardening-services,myjobquote
P&J GARDEN SERVICES,,Gardener,,,4.68,0,,,,,Jul 2023,https://www.myjobquote.co.uk/t/pj-garden-services-5,myjobquote
Robert,,Gardener,,,4.68,0,,,,,May 2025,https://www.myjobquote.co.uk/t/robert-84,myjobquote
Robert,,Gardener,,,4.68,0,,,,,May 2023,https://www.myjobquote.co.uk/t/daves-garden-property-maintenance,myjobquote
Dave&#039;s Garden & Property Maintenance,,Gardener,,,4.68,0,,,,,Jan 2026,https://www.myjobquote.co.uk/t/lw-landscaping-1,myjobquote
K & S GARDENING SERVICES,,Gardener,,,5,1,07418361188,ID Checked,,,2025,https://www.myjobquote.co.uk/t/k-s-gardening-services,myjobquote
New leaf tree care and landscapes,,Gardener,,,5,1,,ID Checked,,,2008,https://www.myjobquote.co.uk/t/new-leaf-tree-care-and-landscapes,myjobquote
Ioan Borzos,,Gardener,,,4.8,75,,ID Checked,,,2014,https://www.myjobquote.co.uk/t/ioan-borzos,myjobquote
MG Gardening & Landscaping,,Gardener,,,5,40,07451286745,ID Checked,,,2015,https://www.myjobquote.co.uk/t/mg-gardening-landscaping,myjobquote
ManjLandscapes Ltd,,Gardener,,,5,22,,ID Checked,,,2019,https://www.myjobquote.co.uk/t/manjlandscapes-ltd,myjobquote
The Turf Laying Experts,,Gardener,,,4,14,,ID Checked,,,2011,https://www.myjobquote.co.uk/t/the-turf-laying-experts,myjobquote
Ed & Bela Garden Services,,Gardener,,,5,10,,ID Checked,,,Jan 2025,https://www.myjobquote.co.uk/t/ed-bela-garden-services,myjobquote
OGD Gardening,,Gardener,,,5,10,,ID Checked,,,2018,https://www.myjobquote.co.uk/t/ogd-gardening,myjobquote
Benjamin Landscapes,,Gardener,,,5,9,,ID Checked,,,Nov 2022,https://www.myjobquote.co.uk/t/benjamin-landscapes,myjobquote
W A Services,,Gardener,,,5,6,,ID Checked,,,2015,https://www.myjobquote.co.uk/t/w-a-services,myjobquote
Sauleskians tree services and landscapes,,Gardener,,,5,5,07418317206,ID Checked,,,2001,https://www.myjobquote.co.uk/t/sauleskians-tree-services-and-landscapes,myjobquote
Buffalo Gardening,,Gardener,,,5,5,,ID Checked,,,Oct 2024,https://www.myjobquote.co.uk/t/buffalo-gardening,myjobquote
DD Building Services,,Gardener,,,5,2,,ID Checked,,,2014,https://www.myjobquote.co.uk/t/dd-building-services-2,myjobquote
Ednimi Limited,,Gardener,,,5,2,,ID Checked; Public Liability Insurance,,,2021,https://www.myjobquote.co.uk/t/ednimi-limited,myjobquote
Brownes Property Improvements,,Gardener,,,5,1,,ID Checked,,,2020,https://www.myjobquote.co.uk/t/brownes-property-improvements,myjobquote
Evergreen,,Gardener,,,5,1,,ID Checked,,,2000,https://www.myjobquote.co.uk/t/evergreen-17,myjobquote
TeamFix Handyman service,,Gardener,,,5,1,,ID Checked,,,2024,https://www.myjobquote.co.uk/t/teamfix-handyman-service,myjobquote
Noka Landscaping & Driveways Services,,Gardener,,,4,1,07451260815,ID Checked,,,2019,https://www.myjobquote.co.uk/t/noka-landscaping-driveways-services,myjobquote
Peakview Lawn & Landscape,,Gardener,,,5,27,,ID Checked,,,2015,https://www.myjobquote.co.uk/t/peakview-lawn-landscape,myjobquote
2020 fencing and landscapes,,Gardener,,,5,8,,ID Checked,,,Sep 2024,https://www.myjobquote.co.uk/t/2020-fencing-and-landscapes,myjobquote
Bespoke Landscaping Garden Services Ltd,,Gardener,,,5,6,,ID Checked,,,2009,https://www.myjobquote.co.uk/t/bespoke-landscaping-garden-services-ltd,myjobquote
WP Landscapes,,Gardener,,,4,3,,ID Checked,,,2021,https://www.myjobquote.co.uk/t/wp-landscapes-2,myjobquote
Arts & Graft,,Gardener,,,5,6,,ID Checked; Public Liability Insurance,,,2010,https://www.myjobquote.co.uk/t/arts-graft,myjobquote
C Squared Gardening Services,,Gardener,,,5,1,,Public Liability Insurance,,,2025,https://www.myjobquote.co.uk/t/c-squared-gardening-services,myjobquote
GATT&SON’S scrap and rubbish clearance,,Gardener,,,5,1,,ID Checked,,,2020,https://www.myjobquote.co.uk/t/gattsons-scrap-and-rubbish-clearance,myjobquote
J Hanrahan Services,,Gardener,,,5,1,,ID Checked,,,Sep 2025,https://www.myjobquote.co.uk/t/j-hanrahan-services,myjobquote
johnhume,,Gardener,,,5,1,,ID Checked,,,1985,https://www.myjobquote.co.uk/t/johnhume,myjobquote
Jozsef Gomboci,,Gardener,,,5,1,,ID Checked,,,2016,https://www.myjobquote.co.uk/t/jozsef-gomboci-1,myjobquote
Cooper Fencing Limited,,Gardener,,,5,1,,ID Checked,,,2025,https://www.myjobquote.co.uk/t/cooper-fencing-limited,myjobquote
Darius driveway,,Gardener,,,5,1,,ID Checked,,,Oct 2024,https://www.myjobquote.co.uk/t/darius-driveway,myjobquote
Bright Day Services,,Gardener,,,5,33,07441473219,ID Checked,,,2015,https://www.myjobquote.co.uk/t/bright-day-services,myjobquote
CL Williams Landscaping,,Gardener,,,5,19,,ID Checked,,,2018,https://www.myjobquote.co.uk/t/cl-williams-landscaping,myjobquote
Town and District Landscapes,,Gardener,,,5,19,,ID Checked,,,1986,https://www.myjobquote.co.uk/t/town-and-district-landscapes,myjobquote
Declutter Sevices,,Gardener,,,5,15,,ID Checked; Public Liability Insurance,,,2020,https://www.myjobquote.co.uk/t/declutter-sevices,myjobquote
Regency Quality Building Services /Handyperson Services,,Gardener,,,5,8,,ID Checked,,,1990,https://www.myjobquote.co.uk/t/regency-quality-building-services-handyperson-services,myjobquote
Shedly,,Gardener,,,5,6,,ID Checked,,,2016,https://www.myjobquote.co.uk/t/shedly,myjobquote
Access Trees,,Gardener,,,5,5,,ID Checked,,,1998,https://www.myjobquote.co.uk/t/access-trees,myjobquote
CS Trees,,Gardener,,,5,4,07418317461,ID Checked,,,2019,https://www.myjobquote.co.uk/t/cs-trees,myjobquote
Greenscapes Gardens Ltd,,Gardener,,,5,4,,ID Checked,,,2024,https://www.myjobquote.co.uk/t/greenscapes-gardens-ltd,myjobquote
JQMD LTD,,Gardener,,,5,3,,ID Checked; Public Liability Insurance,,,Apr 2024,https://www.myjobquote.co.uk/t/jqmd-ltd,myjobquote
Jones handy service&#039;s,,Gardener,,,5,1,,ID Checked,,,Aug 2025,https://www.myjobquote.co.uk/t/jones-handy-services,myjobquote
Tobias jessup,,Gardener,,,5,1,,ID Checked,,,Oct 2025,https://www.myjobquote.co.uk/t/tobias-jessup,myjobquote
CJP Garden and Tree care,,Gardener,,,5,20,,ID Checked,,,2015,https://www.myjobquote.co.uk/t/cjp-garden-and-tree-care-1,myjobquote
Calin,,Gardener,,,5,10,,ID Checked; Public Liability Insurance,,,2014,https://www.myjobquote.co.uk/t/calin-5,myjobquote
The Tree Man,,Gardener,,,5,6,,ID Checked,,,2017,https://www.myjobquote.co.uk/t/the-tree-man-1,myjobquote
Access Home Improvements,,Gardener,,,5,4,,ID Checked,,,Jan 2025,https://www.myjobquote.co.uk/t/access-home-improvements,myjobquote
Guri garden services Ltd,,Gardener,,,5,2,,ID Checked,,,2021,https://www.myjobquote.co.uk/t/guri-garden-services-ltd,myjobquote
Johnroofing ltd,,Gardener,,,5,1,07451261256,ID Checked,,,2005,https://www.myjobquote.co.uk/t/johnroofing-ltd,myjobquote
DC Roofing and Property Maintenance,,Gardener,,,5,2,,ID Checked,,,Jan 2026,https://www.myjobquote.co.uk/t/dc-roofing-and-property-maintenance-2,myjobquote
TM Exterior Property Maintenance,,Gardener,,,5,15,,ID Checked,,,2018,https://www.myjobquote.co.uk/t/tm-exterior-property-maintenance,myjobquote
EagleEye,,Gardener,,,5,6,,ID Checked,,,Sep 2023,https://www.myjobquote.co.uk/t/eagleeye,myjobquote
Task plan development ltd,,Gardener,,,5,2,,ID Checked,,,2014,https://www.myjobquote.co.uk/t/task-plan-development-ltd,myjobquote
Sharpz,,Gardener,,,5,1,,ID Checked,,,Mar 2025,https://www.myjobquote.co.uk/t/sharpz,myjobquote
Active home improvements,,Gardener,,,5,1,,ID Checked,,,Oct 2025,https://www.myjobquote.co.uk/t/active-home-improvements,myjobquote
GHEORGHITA LTD,,Gardener,,,5,19,,ID Checked,,,2013,https://www.myjobquote.co.uk/t/gheorghita-ltd,myjobquote
Flooring by Errol,,Gardener,,,5,14,,ID Checked,,,2019,https://www.myjobquote.co.uk/t/flooring-by-errol,myjobquote
ESM AGENCY LTD,,Gardener,,,5,3,,ID Checked,,,2020,https://www.myjobquote.co.uk/t/esm-agency-ltd,myjobquote
MER Solutions,,Gardener,,,5,1,,ID Checked; Public Liability Insurance,,,2025,https://www.myjobquote.co.uk/t/mer-solutions,myjobquote
Sorin Marcu,,Gardener,,,5,12,,ID Checked,,,2017,https://www.myjobquote.co.uk/t/sorin-marcu,myjobquote
Gazza&#039;s handyman & gardening services,,Gardener,,,5,6,,ID Checked,,,Nov 2020,https://www.myjobquote.co.uk/t/gazzas-handyman-gardening-services,myjobquote
LH Trees and Gardens,,Gardener,,,5,24,,ID Checked,,,2021,https://www.myjobquote.co.uk/t/lh-trees-and-gardens,myjobquote
Garys gardens,,Gardener,,,5,1,,ID Checked,,,Jul 2023,https://www.myjobquote.co.uk/t/garys-gardens-1,myjobquote
Rainbow group,,Gardener,,,5,2,,,,,2022,https://www.myjobquote.co.uk/t/rainbow-group-1,myjobquote
Rain Gardens,,Gardener,,,5,1,,ID Checked,,,2025,https://www.myjobquote.co.uk/t/rain-gardens,myjobquote
PH Building Construction,,Gardener,,,4,49,,ID Checked,,,Aug 2025,https://www.myjobquote.co.uk/t/ph-building-construction,myjobquote
Fibretec cleaning services,,Gardener,,,4,2,,ID Checked,,,2017,https://www.myjobquote.co.uk/t/fibretec-cleaning-services,myjobquote
brian Howard ltd,,Gardener,,,5,2,,ID Checked,,,Oct 2024,https://www.myjobquote.co.uk/t/brian-howard-ltd,myjobquote
Pm gardens,,Gardener,,,5,1,,ID Checked,,,Feb 2026,https://www.myjobquote.co.uk/t/pm-gardens-1,myjobquote
Surrey London Builds LTD,,Gardener,,,5,1,,ID Checked,,,2025,https://www.myjobquote.co.uk/t/surrey-london-builds-ltd-1,myjobquote
OX Construction,,Gardener,,,5,2,,ID Checked,,,2024,https://www.myjobquote.co.uk/t/ox-construction-1,myjobquote
J.c.s landscaping & building ltd,,Gardener,,,5,1,,ID Checked,,,2018,https://www.myjobquote.co.uk/t/jcs-landscaping-building-ltd,myjobquote
T&J Fencing,,Gardener,,,5,1,,ID Checked,,,2022,https://www.myjobquote.co.uk/t/tj-fencing-2,myjobquote
Mark Barnes,,Gardener,,,5,1,,ID Checked,,,Aug 2025,https://www.myjobquote.co.uk/t/mark-barnes,myjobquote
Unified Landscapes,,Gardener,,,5,1,,ID Checked; Public Liability Insurance,,,2022,https://www.myjobquote.co.uk/t/unified-landscapes,myjobquote
TLC Maintenance,,Gardener,,,5,2,,ID Checked,,,2017,https://www.myjobquote.co.uk/t/tlc-maintenance-2,myjobquote
GreenFeat Gardening,,Gardener,,,5,15,,ID Checked,,,2000,https://www.myjobquote.co.uk/t/greenfeat-gardening,myjobquote
Our beautiful gardens,,Gardener,,,5,2,,ID Checked,,,2020,https://www.myjobquote.co.uk/t/our-beautiful-gardens,myjobquote
Gardening,,Gardener,,,5,1,,ID Checked,,,Jul 2024,https://www.myjobquote.co.uk/t/gardening-25,myjobquote
Ian ware,,Gardener,,,5,20,,ID Checked,,,Jun 2022,https://www.myjobquote.co.uk/t/ian-ware,myjobquote
V&D CONSTRUCTION LTD,,Gardener,,,5,1,,ID Checked,,,2024,https://www.myjobquote.co.uk/t/vd-construction-ltd,myjobquote
George Calin,,Gardener,,,2,1,,ID Checked,,,2016,https://www.myjobquote.co.uk/t/george-calin,myjobquote
Garden Avengers,,Gardener,,,1,1,,,,,2005,https://www.myjobquote.co.uk/t/garden-avengers,myjobquote
ANG Property Services,,Gardener,,,1,1,,ID Checked,,,2010,https://www.myjobquote.co.uk/t/ang-property-services,myjobquote
Diti LTD,,Gardener,,,4.68,0,,ID Checked,,,2023,https://www.myjobquote.co.uk/t/diti-ltd,myjobquote
Mahesh flooring,,Gardener,,,4.68,0,,,,,Sep 2025,https://www.myjobquote.co.uk/t/mahesh-flooring,myjobquote
Mahesh flooring,,Gardener,,,4.68,0,,,,,Aug 2025,https://www.myjobquote.co.uk/t/bb-gardening-1,myjobquote
professional gardener,,Gardener,,,4.68,0,,ID Checked,,,Sep 2025,https://www.myjobquote.co.uk/t/professional-gardener,myjobquote
professional gardener,,Gardener,,,4.68,0,,ID Checked,,,Dec 2024,https://www.myjobquote.co.uk/t/js-garden-maintence,myjobquote
Rm gardens,,Gardener,,,4.68,0,,ID Checked,,,Sep 2024,https://www.myjobquote.co.uk/t/rm-gardens-1,myjobquote
A&K GARDENS,,Gardener,,,4.68,0,,ID Checked,,,Sep 2024,https://www.myjobquote.co.uk/t/ak-gardens-1,myjobquote
L&J -Service Garden,,Gardener,,,4.68,0,,,,,Jul 2025,https://www.myjobquote.co.uk/t/lj-service-garden,myjobquote
L&J -Service Garden,,Gardener,,,4.68,0,,,,,May 2022,https://www.myjobquote.co.uk/t/cocoo-ltd,myjobquote
COCOO LTD,,Gardener,,,4.68,0,,ID Checked,,,May 2023,https://www.myjobquote.co.uk/t/horizon-landscapes-1,myjobquote
ksd paving ltd,,Gardener,,,4.68,0,,ID Checked,,,2014,https://www.myjobquote.co.uk/t/ksd-paving-ltd,myjobquote
Able4you ltd,,Gardener,,,4.68,0,,ID Checked,,,May 2021,https://www.myjobquote.co.uk/t/able4you-ltd,myjobquote
Able4you ltd,,Gardener,,,4.68,0,,ID Checked,,,Feb 2025,https://www.myjobquote.co.uk/t/garden-delights,myjobquote
Luke Greaves Design,,Gardener,,,4.68,0,,,,,Jul 2025,https://www.myjobquote.co.uk/t/luke-greaves-design,myjobquote
Luke Greaves Design,,Gardener,,,4.68,0,,,,,2016,https://www.myjobquote.co.uk/t/nbcompletegardenservices,myjobquote
Diggines construction services ltd,,Gardener,,,4.68,0,,ID Checked,,,Oct 2023,https://www.myjobquote.co.uk/t/diggines-construction-services-ltd,myjobquote
Revamp Your Garden,,Gardener,,,4.68,0,,ID Checked,,,2018,https://www.myjobquote.co.uk/t/revamp-your-garden,myjobquote
R B MAINTAINACE,,Gardener,,,5,20,,ID Checked,,,2023,https://www.myjobquote.co.uk/t/r-b-maintainace,myjobquote
Sezers Outdoor Services,,Gardener,,,5,3,,ID Checked,,,2020,https://www.myjobquote.co.uk/t/sezers-outdoor-services,myjobquote
Leatherhead Lawns,,Gardener,,,5,1,,ID Checked,,,Oct 2024,https://www.myjobquote.co.uk/t/leatherhead-lawns,myjobquote
B&M Landscapes,,Gardener,,,4,9,,ID Checked,,,2025,https://www.myjobquote.co.uk/t/bm-landscapes-2,myjobquote
v c garden fencing,,Gardener,,,5,26,,ID Checked,,,1988,https://www.myjobquote.co.uk/t/v-c-garden-fencing,myjobquote
Jrlandsons ltd,,Gardener,,,5,3,,ID Checked,,,2024,https://www.myjobquote.co.uk/t/jrlandsons-ltd,myjobquote
CJB Property Maintenance,,Gardener,,,5,10,,ID Checked,,,2000,https://www.myjobquote.co.uk/t/cjb-property-maintenance,myjobquote
Peters perfect fencing plus (ppfp),,Gardener,,,5,2,,ID Checked; Public Liability Insurance,,,2020,https://www.myjobquote.co.uk/t/peters-perfect-fencing-plus-ppfp,myjobquote
H&T Landscapes,,Gardener,,,5,2,,ID Checked,,,2023,https://www.myjobquote.co.uk/t/ht-landscapes,myjobquote
MK Gas & Electric,,Gardener,,,4,2,,ID Checked,,,2021,https://www.myjobquote.co.uk/t/mk-gas-electric,myjobquote
ECgardeningand landscapes,,Gardener,,,5,1,,ID Checked,,,Sep 2023,https://www.myjobquote.co.uk/t/ecgardeningand-landscapes,myjobquote
C.A. Fencing & Property Services,,Gardener,,,5,16,,ID Checked,,,1990,https://www.myjobquote.co.uk/t/ca-fencing-property-services,myjobquote
Webeley landscaping,,Gardener,,,5,24,07418370729,ID Checked,,,2023,https://www.myjobquote.co.uk/t/webeley-landscaping,myjobquote
Southcoastlandscapes,,Gardener,,,5,2,,ID Checked,,,2025,https://www.myjobquote.co.uk/t/southcoastlandscapes,myjobquote
Designerpavingandlandscaping,,Gardener,,,5,5,,ID Checked,,,2024,https://www.myjobquote.co.uk/t/designerpavingandlandscaping-1,myjobquote
Field Landscapes,,Gardener,,,5,4,,ID Checked; Public Liability Insurance,,,Nov 2022,https://www.myjobquote.co.uk/t/field-landscapes,myjobquote
Top improvements,,Gardener,,,5,5,,ID Checked,,,2003,https://www.myjobquote.co.uk/t/top-improvements,myjobquote
Architectural Landscapes LTD,,Gardener,,,5,6,,ID Checked,,,2023,https://www.myjobquote.co.uk/t/architectural-landscapes-ltd,myjobquote
Ashbridge fencing,,Gardener,,,5,1,,ID Checked,,,2015,https://www.myjobquote.co.uk/t/ashbridge-fencing,myjobquote
Grant Gardening and Maintenance Services,,Gardener,,,5,41,,ID Checked,,,2016,https://www.myjobquote.co.uk/t/grant-gardening-and-maintenance-services,myjobquote
MB landscapes & paving,,Gardener,,,5,3,,ID Checked,,,2023,https://www.myjobquote.co.uk/t/mb-landscapes-paving,myjobquote
sos garden services,,Gardener,,,5,6,,ID Checked,,,1984,https://www.myjobquote.co.uk/t/sos-garden-services,myjobquote
Greenleaf Landscaping,,Gardener,,,5,9,,ID Checked,,,2007,https://www.myjobquote.co.uk/t/greenleaf-landscaping,myjobquote
LJ Landscape & Groundwork,,Gardener,,,4,2,,ID Checked,,,2016,https://www.myjobquote.co.uk/t/lj-landscape-groundwork,myjobquote
"Msskinner fencing, patio",,Gardener,,,5,1,,ID Checked,,,1986,https://www.myjobquote.co.uk/t/msskinner-fencing-patio,myjobquote
Straight up fencing and repointing,,Gardener,,,5,2,,ID Checked,,,2019,https://www.myjobquote.co.uk/t/straight-up-fencing-and-repointing,myjobquote
Thegardenwow Limited,,Gardener,,,5,3,,ID Checked,,,2023,https://www.myjobquote.co.uk/t/thegardenwow-limited,myjobquote
William Bradley Fencing,,Gardener,,,4,7,,ID Checked,,,2022,https://www.myjobquote.co.uk/t/william-bradley-fencing,myjobquote
GREENEDGE GROUNDS MAINTENANCE LTD,,Gardener,,,5,1,,ID Checked,,,2025,https://www.myjobquote.co.uk/t/greenedge-grounds-maintenance-ltd,myjobquote
The artificial grass maintenance man,,Gardener,,,5,6,,ID Checked,,,2015,https://www.myjobquote.co.uk/t/the-artificial-grass-maintenance-man,myjobquote
Stefan Construct Gardens,,Gardener,,,5,70,,ID Checked,,,2014,https://www.myjobquote.co.uk/t/stefan-construct-gardens,myjobquote
Surrey Berkshire Home Improvements,,Gardener,,,5,1,,ID Checked,,,2014,https://www.myjobquote.co.uk/t/surrey-berkshire-home-improvements,myjobquote
Adrian Gardens,,Gardener,,,5,8,,ID Checked,,,2022,https://www.myjobquote.co.uk/t/adrian-gardens,myjobquote
M.J.Field Gardening Services,,Gardener,,,5,21,07418319412,ID Checked; Public Liability Insurance,,,1993,https://www.myjobquote.co.uk/t/mjfield-gardening-services,myjobquote
AK gardening and landscaping services,,Gardener,,,5,3,,ID Checked,,,2006,https://www.myjobquote.co.uk/t/ak-gardening-and-landscaping-services,myjobquote
LOCKEY’S LANDSCAPES,,Gardener,,,5,1,,ID Checked,,,2023,https://www.myjobquote.co.uk/t/lockeys-landscapes,myjobquote
PRIME WORK LTD,,Gardener,,,5,1,,ID Checked,,,2022,https://www.myjobquote.co.uk/t/prime-work-ltd,myjobquote
Ovidiu Borzos,,Gardener,,,5,64,07418347483,ID Checked,,,1900,https://www.myjobquote.co.uk/t/ovidiu-borzos,myjobquote
Rgs Gardening,,Gardener,,,5,6,,ID Checked,,,2018,https://www.myjobquote.co.uk/t/rgs-gardening,myjobquote
Restore Cleaning Services,,Gardener,,,5,4,,ID Checked,,,2023,https://www.myjobquote.co.uk/t/restore-cleaning-services,myjobquote
Alexandru Padurariu,,Gardener,,,5,2,,ID Checked,,,Oct 2024,https://www.myjobquote.co.uk/t/alexandru-padurariu,myjobquote
J&S Services,,Gardener,,,5,3,,ID Checked,,,Sep 2025,https://www.myjobquote.co.uk/t/js-services-19,myjobquote
R2sevices,,Gardener,,,5,4,,ID Checked,,,Oct 2025,https://www.myjobquote.co.uk/t/r2sevices,myjobquote
Alexandru gardening,,Gardener,,,5,12,,ID Checked,,,2017,https://www.myjobquote.co.uk/t/alexandru-gardening,myjobquote
Total garden solutions,,Gardener,,,5,1,,ID Checked,,,2010,https://www.myjobquote.co.uk/t/total-garden-solutions,myjobquote
Cutters Of Twickenham,,Gardener,,,5,1,,ID Checked,,,2024,https://www.myjobquote.co.uk/t/cutters-of-twickenham,myjobquote
Green Mission Gardening & Landscaping,,Gardener,,,5,1,,ID Checked; Public Liability Insurance,,,Oct 2025,https://www.myjobquote.co.uk/t/green-mission-gardening-landscaping,myjobquote
Maceys Garden Services,,Gardener,,,5,3,,ID Checked,,,Oct 2025,https://www.myjobquote.co.uk/t/maceys-garden-services,myjobquote
Hercules Gardening,,Gardener,,,5,6,,ID Checked,,,2016,https://www.myjobquote.co.uk/t/hercules-gardening,myjobquote
Royal Estate Property improvements,,Gardener,,,5,13,,ID Checked,,,2022,https://www.myjobquote.co.uk/t/royal-estate-property-improvements,myjobquote
Hamilton landscapes LTD,,Gardener,,,5,2,,ID Checked,,,2010,https://www.myjobquote.co.uk/t/hamilton-landscapes-ltd,myjobquote
A2B Fencing,,Gardener,,,5,1,,ID Checked; Public Liability Insurance,,,2025,https://www.myjobquote.co.uk/t/a2b-fencing,myjobquote
Harris&#039; Fencing & Landscape Designs,,Gardener,,,5,2,,ID Checked,,,Mar 2024,https://www.myjobquote.co.uk/t/harris-fencing-landscape-designs,myjobquote
Daniel_sticlaru@yahoo.com,,Gardener,,,5,21,,,,,,https://www.myjobquote.co.uk/t/daniel-sticlaru-at-yahoocom,myjobquote
DIA Team Gardeners,,Gardener,,,5,5,,ID Checked,,,2019,https://www.myjobquote.co.uk/t/dia-team-gardeners,myjobquote
Nmdesignandbuild,,Gardener,,,5,2,,ID Checked,,,2018,https://www.myjobquote.co.uk/t/nmdesignandbuild,myjobquote
A&E Gardens,,Gardener,,,5,2,,ID Checked,,,2024,https://www.myjobquote.co.uk/t/ae-gardens-1,myjobquote
Soumerica Works Ltd.,,Gardener,,,5,2,,ID Checked,,,2020,https://www.myjobquote.co.uk/t/soumerica-works-ltd,myjobquote
Eagle Lanscaping,,Gardener,,,5,1,,ID Checked,,,2024,https://www.myjobquote.co.uk/t/eagle-lanscaping,myjobquote
Sw fencing,,Gardener,,,5,2,,ID Checked,,,1986,https://www.myjobquote.co.uk/t/sw-fencing,myjobquote
Fangxiao Cheng,,Gardener,,,5,2,,ID Checked,,,2022,https://www.myjobquote.co.uk/t/fangxiao-cheng,myjobquote
Danny Handyman,,Gardener,,,5,2,,ID Checked,,,2010,https://www.myjobquote.co.uk/t/danny-handyman-1,myjobquote
SR Handyman & Gardening,,Gardener,,,5,1,,ID Checked,,,May 2022,https://www.myjobquote.co.uk/t/sr-handyman-gardening,myjobquote
1 & only building services,,Gardener,,,5,1,,ID Checked,,,2020,https://www.myjobquote.co.uk/t/1-only-building-services,myjobquote
DW Gardening,,Gardener,,,4,2,,ID Checked,,,2018,https://www.myjobquote.co.uk/t/dw-gardening-1,myjobquote
Greens landscaping&property maintainance,,Gardener,,,5,2,,ID Checked,,,2018,https://www.myjobquote.co.uk/t/greens-landscapingproperty-maintainance,myjobquote
Heads Landscaping,,Gardener,,,4,1,,ID Checked,,,2015,https://www.myjobquote.co.uk/t/heads-landscaping,myjobquote
Bala Fencing,,Gardener,,,4.68,0,,ID Checked,,,Jul 2016,https://www.myjobquote.co.uk/t/bala-fencing,myjobquote
Lawrence,,Gardener,,,4.68,0,,ID Checked,,,Apr 2022,https://www.myjobquote.co.uk/t/lawrence-4,myjobquote
Lawrence,,Gardener,,,4.68,0,,ID Checked,,,Dec 2022,https://www.myjobquote.co.uk/t/gardens-by-benny,myjobquote
Elena Gael,,Gardener,,,4.68,0,,ID Checked,,,Aug 2025,https://www.myjobquote.co.uk/t/elena-gael,myjobquote
Elena Gael,,Gardener,,,4.68,0,,,,,Jan 2023,https://www.myjobquote.co.uk/t/brit-drives,myjobquote
UTOS Group Limited,,Gardener,,,5,22,,ID Checked,,,2011,https://www.myjobquote.co.uk/t/utos-group-limited,myjobquote
Ds Kay property services,,Gardener,,,5,24,,ID Checked,,,2008,https://www.myjobquote.co.uk/t/ds-kay-property-services,myjobquote
Elite Construction & Property Maintenance,,Gardener,,,5,51,07451270157,ID Checked,,,2009,https://www.myjobquote.co.uk/t/elite-construction-property-maintenance,myjobquote
Swift Gardening Services,,Gardener,,,5,2,,ID Checked,,,2025,https://www.myjobquote.co.uk/t/swift-gardening-services,myjobquote
Keith Edwards Garden,,Gardener,,,5,23,,ID Checked,,,1995,https://www.myjobquote.co.uk/t/keith-edwards-garden,myjobquote
Roterra Services ltd,,Gardener,,,5,3,,ID Checked,,,2016,https://www.myjobquote.co.uk/t/roterra-services-ltd,myjobquote
Phillips Horticulture,,Gardener,,,5,3,,ID Checked; Public Liability Insurance,,,2022,https://www.myjobquote.co.uk/t/phillips-horticulture,myjobquote
GreenFleet,,Gardener,,,5,1,,ID Checked,,,Jan 2025,https://www.myjobquote.co.uk/t/greenfleet,myjobquote
KJI Fencing & Landscaping,,Gardener,,,5,9,,ID Checked,,,2017,https://www.myjobquote.co.uk/t/kji-fencing-landscaping,myjobquote
JGM Groundwork&#039;s & Construction,,Gardener,,,5,2,,ID Checked,,,2024,https://www.myjobquote.co.uk/t/jgm-groundworks-construction,myjobquote
Nick’s Garden Services,,Gardener,,,5,1,,ID Checked,,,2022,https://www.myjobquote.co.uk/t/nicks-garden-services-2,myjobquote
W W home and property maintenance,,Gardener,,,5,1,,ID Checked,,,Aug 2025,https://www.myjobquote.co.uk/t/w-w-home-and-property-maintenance,myjobquote
R.b garden services,,Gardener,,,5,3,,ID Checked,,,Oct 2025,https://www.myjobquote.co.uk/t/rb-garden-services-1,myjobquote
LH Fencing and Landscaping,,Gardener,,,5,7,,ID Checked; Public Liability Insurance,,,Oct 2025,https://www.myjobquote.co.uk/t/lh-fencing-and-landscaping,myjobquote
Discounted garden maintenance and tree services,,Gardener,,,5,2,07418372460,ID Checked,,,2020,https://www.myjobquote.co.uk/t/discounted-garden-maintenance-and-tree-services,myjobquote
L & R Services,,Gardener,,,4,2,,ID Checked,,,2025,https://www.myjobquote.co.uk/t/l-r-services,myjobquote
Foster and Sons Landscaping,,Gardener,,,5,6,,ID Checked,,,2012,https://www.myjobquote.co.uk/t/foster-and-sons-landscaping-1,myjobquote
HS Home Improvements,,Gardener,,,5,5,,ID Checked,,,2022,https://www.myjobquote.co.uk/t/hs-home-improvements-3,myjobquote
Home & Garden Help,,Gardener,,,4,1,,ID Checked,,,2009,https://www.myjobquote.co.uk/t/home-garden-help,myjobquote
Shift Waste,,Gardener,,,5,8,,ID Checked,,,Jul 2025,https://www.myjobquote.co.uk/t/shift-waste,myjobquote
GK Landscapers,,Gardener,,,5,2,,ID Checked,,,2010,https://www.myjobquote.co.uk/t/gk-landscapers,myjobquote
The Gardening Companion,,Gardener,,,4.68,0,,ID Checked,,,Jun 2022,https://www.myjobquote.co.uk/t/the-gardening-companion,myjobquote
The Gardening Companion,,Gardener,,,4.68,0,,,,,Nov 2025,https://www.myjobquote.co.uk/t/harry-165,myjobquote
Harry,,Gardener,,,4.68,0,,ID Checked,,,2022,https://www.myjobquote.co.uk/t/mscott-garden-care,myjobquote
Scapesmiths Garden Design,,Gardener,,,4.68,0,,ID Checked,,,May 2023,https://www.myjobquote.co.uk/t/scapesmiths-garden-design,myjobquote
Evergreen Gardening Services,,Gardener,,,4.68,0,,ID Checked,,,2018,https://www.myjobquote.co.uk/t/evergreen-gardening-services-2,myjobquote
AM Landscapes,,Gardener,,,4.68,0,,ID Checked,,,May 2020,https://www.myjobquote.co.uk/t/am-landscapes-4,myjobquote
ShehiBuilder Ltd,,Gardener,,,4.68,0,,ID Checked,,,May 2020,https://www.myjobquote.co.uk/t/shehibuilder-ltd,myjobquote
ShehiBuilder Ltd,,Gardener,,,4.68,0,,ID Checked,,,Mar 2025,https://www.myjobquote.co.uk/t/govinda,myjobquote
Deepa,,Gardener,,,4.68,0,,,,,Sep 2024,https://www.myjobquote.co.uk/t/deepa-2,myjobquote
DM GARDEN SERVICES,,Gardener,,,4.68,0,,,,,Oct 2024,https://www.myjobquote.co.uk/t/dm-garden-services-2,myjobquote
Clemaron Garden Maintenance,,Gardener,,,5,2,,ID Checked,,,Apr 2020,https://www.myjobquote.co.uk/t/clemaron-garden-maintenance,myjobquote
OpenLeafGardens,,Gardener,,,5,1,,ID Checked,,,Aug 2025,https://www.myjobquote.co.uk/t/openleafgardens,myjobquote
LEL Gardening,,Gardener,,,4.8,54,,ID Checked,,,2020,https://www.myjobquote.co.uk/t/lel-gardening,myjobquote
Lindsay Property services,,Gardener,,,5,12,,ID Checked,,,2020,https://www.myjobquote.co.uk/t/lindsay-property-services,myjobquote
The Edinburgh Landscapers,,Gardener,,,5,10,,ID Checked,,,Sep 2024,https://www.myjobquote.co.uk/t/the-edinburgh-landscapers,myjobquote
ALT Joinery & Building,,Gardener,,,5,16,07451260557,ID Checked,,,2019,https://www.myjobquote.co.uk/t/alt-joinery-building,myjobquote
Edinburgh Roof Repairs and Landscaping,,Gardener,,,5,3,,ID Checked,,,2015,https://www.myjobquote.co.uk/t/edinburgh-roof-repairs-and-landscaping,myjobquote
Scotspine Landscapes,,Gardener,,,5,1,,ID Checked,,,1997,https://www.myjobquote.co.uk/t/scotspine-landscapes-1,myjobquote
Ms landscaping,,Gardener,,,4.68,0,,ID Checked,,,May 2025,https://www.myjobquote.co.uk/t/ms-landscaping-1,myjobquote
North Larch landscapes,,Gardener,,,4.9,32,,ID Checked,,,2004,https://www.myjobquote.co.uk/t/north-larch-landscapes,myjobquote
R&M builders and landscapers,,Gardener,,,5,12,,ID Checked,,,2021,https://www.myjobquote.co.uk/t/rm-builders-and-landscapers,myjobquote
A and S landscapes,,Gardener,,,5,21,,ID Checked,,,2013,https://www.myjobquote.co.uk/t/a-and-s-landscapes,myjobquote
Clark fencing,,Gardener,,,5,9,,ID Checked,,,2020,https://www.myjobquote.co.uk/t/clark-fencing,myjobquote
Currie and sons,,Gardener,,,5,3,,ID Checked,,,Jan 2022,https://www.myjobquote.co.uk/t/currie-and-sons,myjobquote
M.D contracts,,Gardener,,,5,1,,ID Checked,,,Nov 2023,https://www.myjobquote.co.uk/t/md-contracts-1,myjobquote
K&L fencing,,Gardener,,,4,1,,ID Checked,,,2025,https://www.myjobquote.co.uk/t/kl-fencing,myjobquote
Billy&#039;s Landscaping Services,,Gardener,,,5,21,,ID Checked; Public Liability Insurance,,,1992,https://www.myjobquote.co.uk/t/billys-landscaping-services,myjobquote
Victoria Property Maintenance,,Gardener,,,5,11,07441473496,ID Checked,,,Jul 2023,https://www.myjobquote.co.uk/t/victoria-property-maintenance,myjobquote
All Star paving and landscapes,,Gardener,,,5,10,,ID Checked,,,2017,https://www.myjobquote.co.uk/t/all-star-paving-and-landscapes,myjobquote
Rc Property & Maintenance,,Gardener,,,5,7,07418372852,ID Checked,,,2014,https://www.myjobquote.co.uk/t/rc-property-maintenance-1,myjobquote
Adamson’s independent traders Ltd,,Gardener,,,5,1,,ID Checked,,,2022,https://www.myjobquote.co.uk/t/adamsons-independent-traders-ltd,myjobquote
Garden Specialist Services,,Gardener,,,5,5,,ID Checked,,,Sep 2025,https://www.myjobquote.co.uk/t/garden-specialist-services,myjobquote
Glasgow fencing and landscaping,,Gardener,,,5,1,,ID Checked,,,2011,https://www.myjobquote.co.uk/t/glasgow-fencing-and-landscaping,myjobquote
JR Tree & Landscapes,,Gardener,,,5,19,,ID Checked,,,2020,https://www.myjobquote.co.uk/t/jr-tree-landscapes,myjobquote
Oakwood treecare&landscapes,,Gardener,,,5,2,,ID Checked; Public Liability Insurance,,,2003,https://www.myjobquote.co.uk/t/oakwood-treecarelandscapes,myjobquote
Newlife tree care,,Gardener,,,5,13,,ID Checked,,,2013,https://www.myjobquote.co.uk/t/newlife-tree-care,myjobquote
IK Building Landscaping,,Gardener,,,5,1,,ID Checked,,,2013,https://www.myjobquote.co.uk/t/ik-building-landscaping,myjobquote
Macdonald. Roofing & building,,Gardener,,,5,5,,ID Checked,,,1990,https://www.myjobquote.co.uk/t/macdonald-roofing-building,myjobquote
Leaf It clean gardens,,Gardener,,,5,1,,ID Checked,,,2020,https://www.myjobquote.co.uk/t/leaf-it-clean-gardens,myjobquote
J.rae property maintenance,,Gardener,,,5,1,,ID Checked,,,2024,https://www.myjobquote.co.uk/t/jrae-property-maintenance,myjobquote
Jhs roofing and building,,Gardener,,,5,2,,ID Checked,,,1900,https://www.myjobquote.co.uk/t/jhs-roofing-and-building-1,myjobquote
DLD contractors,,Gardener,,,5,11,,ID Checked,,,2021,https://www.myjobquote.co.uk/t/dld-contractors,myjobquote
Paul Innes,,Gardener,,,5,6,,ID Checked,,,2019,https://www.myjobquote.co.uk/t/paul-innes,myjobquote
Mcmanus,,Gardener,,,5,3,,ID Checked,,,2007,https://www.myjobquote.co.uk/t/mcmanus,myjobquote
GM Property Maintenance,,Gardener,,,5,29,07441443264,ID Checked,,,2017,https://www.myjobquote.co.uk/t/gm-property-maintenance,myjobquote
Bright Worx Scotland,,Gardener,,,5,7,,ID Checked,,,2017,https://www.myjobquote.co.uk/t/bright-worx-scotland,myjobquote
Property Maintenance Services,,Gardener,,,5,10,,ID Checked; Public Liability Insurance,,,2025,https://www.myjobquote.co.uk/t/property-maintenance-services-9,myjobquote
Wildflower Gardening,,Gardener,,,5,2,,ID Checked,,,2025,https://www.myjobquote.co.uk/t/wildflower-gardening,myjobquote
D&J Landscaping,,Gardener,,,5,2,,ID Checked,,,Aug 2025,https://www.myjobquote.co.uk/t/dj-landscaping,myjobquote
Edinburgh property care,,Gardener,,,5,21,,ID Checked,,,2010,https://www.myjobquote.co.uk/t/edinburgh-property-care,myjobquote
Four seasons gardening services,,Gardener,,,5,1,,ID Checked,,,Jan 2024,https://www.myjobquote.co.uk/t/four-seasons-gardening-services-3,myjobquote
Paving pros,,Gardener,,,5,6,07418317764,ID Checked,,,2010,https://www.myjobquote.co.uk/t/paving-pros,myjobquote
J precision paths&patios,,Gardener,,,4,4,,ID Checked,,,2020,https://www.myjobquote.co.uk/t/j-precision-pathspatios,myjobquote
Home Wise landscapes,,Gardener,,,5,2,,ID Checked,,,2012,https://www.myjobquote.co.uk/t/home-wise-landscapes,myjobquote
Green Thistle Landscaping and Gardens,,Gardener,,,4.8,5,,ID Checked,,,2020,https://www.myjobquote.co.uk/t/green-thistle-landscaping-and-gardens,myjobquote
G&R Contracts,,Gardener,,,4.8,20,,ID Checked,,,2012,https://www.myjobquote.co.uk/t/gr-contracts,myjobquote
Grange Landscaping,,Gardener,,,4.68,0,,ID Checked,,,Mar 2020,https://www.myjobquote.co.uk/t/grange-landscaping-1,myjobquote
Edinburgh Green,,Gardener,,,4.68,0,,ID Checked,,,2020,https://www.myjobquote.co.uk/t/edinburgh-green,myjobquote
Cj home improvements,,Gardener,,,4.68,0,,ID Checked,,,Dec 2025,https://www.myjobquote.co.uk/t/cj-home-improvements-3,myjobquote
Cj home improvements,,Gardener,,,4.68,0,,ID Checked,,,Aug 2024,https://www.myjobquote.co.uk/t/aj-garden-care,myjobquote
NilNil,,Gardener,,,4.68,0,,,,,Feb 2023,https://www.myjobquote.co.uk/t/nilnil,myjobquote
Kingdom tree & garden services,,Gardener,,,4.68,0,,ID Checked,,,1998,https://www.myjobquote.co.uk/t/kingdom-tree-garden-services,myjobquote
Robert,,Gardener,,,4.68,0,,ID Checked,,,2023,https://www.myjobquote.co.uk/t/robert-31,myjobquote
Eden garden services,,Gardener,,,4.68,0,,ID Checked,,,2001,https://www.myjobquote.co.uk/t/eden-garden-services-2,myjobquote
Pamphylia Gardening,,Gardener,,,4.68,0,,ID Checked,,,Jan 2026,https://www.myjobquote.co.uk/t/pamphylia-gardening,myjobquote
GRM property care and landscaping,,Gardener,,,4.68,0,,ID Checked,,,2017,https://www.myjobquote.co.uk/t/grm-property-care-and-landscaping,myjobquote
JJgardening,,Gardener,,,4.68,0,,ID Checked,,,Nov 2025,https://www.myjobquote.co.uk/t/jjgardening,myjobquote
JJgardening,,Gardener,,,4.68,0,,,,,Jun 2025,https://www.myjobquote.co.uk/t/ladybug-gardening,myjobquote
JerryGardener,,Gardener,,,4.68,0,,ID Checked,,,Nov 2025,https://www.myjobquote.co.uk/t/jerrygardener,myjobquote
Edem gardens tree and landscaping services,,Gardener,,,4.68,0,,ID Checked,,,1990,https://www.myjobquote.co.uk/t/edem-gardens-tree-and-landscaping-services,myjobquote
Prime home and garden,,Gardener,,,4.68,0,,ID Checked,,,2021,https://www.myjobquote.co.uk/t/prime-home-and-garden,myjobquote
GC property maintenance,,Gardener,,,4.68,0,,ID Checked,,,Mar 2025,https://www.myjobquote.co.uk/t/gc-property-maintenance-3,myjobquote
Pm gardening sevices,,Gardener,,,4.68,0,,,,,2000,https://www.myjobquote.co.uk/t/pm-gardening-sevices,myjobquote
Pm gardening sevices,,Gardener,,,4.68,0,,,,,May 2023,https://www.myjobquote.co.uk/t/karzan-gardner,myjobquote
Karzan Gardner,,Gardener,,,5,1,,ID Checked,,,Mar 2026,https://www.myjobquote.co.uk/t/all-cut-tree-care-1,myjobquote
SJR Garden Services,,Gardener,,,5,4,,ID Checked; Public Liability Insurance,,,Feb 2026,https://www.myjobquote.co.uk/t/sjr-garden-services-1,myjobquote
Tom Christie,,Gardener,,,4.5,2,,ID Checked,,,2022,https://www.myjobquote.co.uk/t/tom-christie,myjobquote
P&c home improvements,,Gardener,,,4.68,0,,ID Checked,,,2016,https://www.myjobquote.co.uk/t/pc-home-improvements,myjobquote
Darren,,Gardener,,,4.68,0,,ID Checked,,,Nov 2024,https://www.myjobquote.co.uk/t/darren-127,myjobquote
Darren,,Gardener,,,4.68,0,,,,,Nov 2025,https://www.myjobquote.co.uk/t/florian-19,myjobquote
Florian,,Gardener,,,4.68,0,,,,,Jul 2025,https://www.myjobquote.co.uk/t/jamie-142,myjobquote
Jamie,,Gardener,,,4.68,0,,,,,Apr 2024,https://www.myjobquote.co.uk/t/clgreenfingers,myjobquote
C&Lgreenfingers,,Gardener,,,4.68,0,,ID Checked,,,Sep 2025,https://www.myjobquote.co.uk/t/landscape-ladies,myjobquote
Tomiii,,Gardener,,,4.68,0,,ID Checked,,,Mar 2024,https://www.myjobquote.co.uk/t/tomiii,myjobquote
Macdonald  Landscape and garden  services,,Gardener,,,4.5,29,,ID Checked,,,2010,https://www.myjobquote.co.uk/t/macdonald-landscape-and-garden-services,myjobquote
Kbt lady garners,,Gardener,,,4,1,,ID Checked,,,Jan 2023,https://www.myjobquote.co.uk/t/kbt-lady-garners,myjobquote
A & G landscaping,,Gardener,,,5,4,,ID Checked; Public Liability Insurance,,,1985,https://www.myjobquote.co.uk/t/a-g-landscaping,myjobquote
Gary McRobbie Handyman,,Gardener,,,5,1,,ID Checked,,,Sep 2024,https://www.myjobquote.co.uk/t/gary-mcrobbie-handyman,myjobquote
Central Construction Scotland,,Gardener,,,5,5,,ID Checked,,,2020,https://www.myjobquote.co.uk/t/central-construction-scotland,myjobquote
GJ Wright Civils,,Gardener,,,5,5,,ID Checked,,,1998,https://www.myjobquote.co.uk/t/gj-wright-civils,myjobquote
Seedling edinburgh,,Gardener,,,5,1,,ID Checked,,,2005,https://www.myjobquote.co.uk/t/seedling-edinburgh,myjobquote
Ntk fencing and landscaping,,Gardener,,,5,4,,ID Checked,,,May 2025,https://www.myjobquote.co.uk/t/ntk-fencing-and-landscaping,myjobquote
Crawford&#039;s Garden Services,,Gardener,,,5,2,,ID Checked; Public Liability Insurance,,,2025,https://www.myjobquote.co.uk/t/crawfords-garden-services,myjobquote
JMGardeners Builders and roofers Edinburgh,,Gardener,,,5,17,,ID Checked,,,2001,https://www.myjobquote.co.uk/t/jmgardeners-builders-and-roofers-edinburgh,myjobquote
R&C Garden Services,,Gardener,,,5,4,,ID Checked,,,2023,https://www.myjobquote.co.uk/t/rc-garden-services,myjobquote
Edson Costa Services,,Gardener,,,5,6,,ID Checked,,,2018,https://www.myjobquote.co.uk/t/edson-costa-services,myjobquote
Ian Taylor’s Garden Services,,Gardener,,,5,2,,ID Checked,,,2024,https://www.myjobquote.co.uk/t/ian-taylors-garden-services,myjobquote
"T,Q,Roofing",,Gardener,,,5,4,,ID Checked,,,2019,https://www.myjobquote.co.uk/t/tqroofing,myjobquote
Quicktile Developments.,,Gardener,,,5,2,,ID Checked,,,2007,https://www.myjobquote.co.uk/t/quicktile-developments,myjobquote
Finest trades group est 1990,,Gardener,,,5,3,,ID Checked,,,2000,https://www.myjobquote.co.uk/t/finest-trades-group-est-1990-1,myjobquote
Landscape Lord & Lady,,Gardener,,,5,2,,ID Checked,,,2018,https://www.myjobquote.co.uk/t/landscape-lord-lady,myjobquote
Dennis MacLeod,,Gardener,,,4.5,2,,ID Checked,,,2017,https://www.myjobquote.co.uk/t/dennis-macleod,myjobquote
Precision Painters,,Gardener,,,4.9,7,,ID Checked,,,2017,https://www.myjobquote.co.uk/t/precision-painters-2,myjobquote
Roberts Garden Services Landscaping  & Lawn Care,,Gardener,,,5,1,,ID Checked,,,2022,https://www.myjobquote.co.uk/t/roberts-garden-services-landscaping-lawn-care,myjobquote
Kejbuilders,,Gardener,,,5,2,,ID Checked,,,2014,https://www.myjobquote.co.uk/t/kejbuilders,myjobquote
km building homeimprovements,,Gardener,,,4.68,0,,ID Checked,,,Aug 2017,https://www.myjobquote.co.uk/t/km-building-homeimprovements,myjobquote
Handy Andy,,Gardener,,,4.68,0,,,,,Feb 2025,https://www.myjobquote.co.uk/t/handy-andy-26,myjobquote
Deddington  property care,,Gardener,,,4.68,0,,ID Checked,,,Jan 2024,https://www.myjobquote.co.uk/t/deddington-property-care,myjobquote
EDINBURGH PROPERTY SERVICES,,Gardener,,,4.68,0,,ID Checked,,,Feb 2024,https://www.myjobquote.co.uk/t/edinburgh-property-services,myjobquote
Tarci’s work,,Gardener,,,4.68,0,,,,,Dec 2021,https://www.myjobquote.co.uk/t/tarcis-work,myjobquote
Tarci’s work,,Gardener,,,4.68,0,,ID Checked,,,2025,https://www.myjobquote.co.uk/t/sbservices-2,myjobquote
K Vincent & Son,,Gardener,,,4.68,0,,ID Checked,,,2008,https://www.myjobquote.co.uk/t/k-vincent-son,myjobquote
ATA gardening,,Gardener,,,5,2,,ID Checked,,,,https://www.myjobquote.co.uk/t/ata-gardening,myjobquote
Woodlands Tree Care and Landscapes,,Gardener,,,5,1,,ID Checked,,,2012,https://www.myjobquote.co.uk/t/woodlands-tree-care-and-landscapes,myjobquote
Alba Boundaries,,Gardener,,,5,1,,ID Checked,,,2026,https://www.myjobquote.co.uk/t/alba-boundaries,myjobquote
WD Fencing And Joinery,,Gardener,,,5,1,,ID Checked,,,2024,https://www.myjobquote.co.uk/t/wd-fencing-and-joinery,myjobquote
DARA Property Maintenance,,Gardener,,,5,24,,ID Checked,,,2016,https://www.myjobquote.co.uk/t/dara-property-maintenance,myjobquote
Marc Dobbing,,Gardener,,,5,15,,ID Checked,,,2019,https://www.myjobquote.co.uk/t/marc-dobbing,myjobquote
Northern Landscapes,,Gardener,,,5,1,,ID Checked,,,2018,https://www.myjobquote.co.uk/t/northern-landscapes,myjobquote
True North Landscaping,,Gardener,,,5,1,,ID Checked,,,2025,https://www.myjobquote.co.uk/t/true-north-landscaping,myjobquote
McDonald Landscapes,,Gardener,,,5,12,,ID Checked,,,2016,https://www.myjobquote.co.uk/t/mcdonald-landscapes,myjobquote
Neat & Tidy Landscapes,,Gardener,,,5,32,,ID Checked,,,2016,https://www.myjobquote.co.uk/t/neat-tidy-landscapes,myjobquote
Green leaf,,Gardener,,,5,13,,ID Checked,,,1996,https://www.myjobquote.co.uk/t/green-leaf-2,myjobquote
AM PAINT & LANDSCAPING SERVICES,,Gardener,,,5,19,,ID Checked,,,2020,https://www.myjobquote.co.uk/t/am-paint-landscaping-services,myjobquote
royal cleaning services,,Gardener,,,5,2,,ID Checked,,,2015,https://www.myjobquote.co.uk/t/royal-cleaning-services,myjobquote
Macdtreesurgeons,,Gardener,,,5,2,07418361784,ID Checked; Public Liability Insurance,,,1981,https://www.myjobquote.co.uk/t/macdtreesurgeons,myjobquote
Forth tree garden landscaping,,Gardener,,,5,9,07418361668,ID Checked,,,2023,https://www.myjobquote.co.uk/t/forth-tree-garden-landscaping,myjobquote
student,,Gardener,,,4.68,0,,ID Checked,,,Feb 2024,https://www.myjobquote.co.uk/t/student-17,myjobquote
student,,Gardener,,,4.68,0,,ID Checked,,,2023,https://www.myjobquote.co.uk/t/viva-natura-gardening,myjobquote
Studdart,,Gardener,,,4.68,0,,ID Checked,,,Nov 2024,https://www.myjobquote.co.uk/t/studdart,myjobquote
Studdart,,Gardener,,,4.68,0,,,,,Apr 2025,https://www.myjobquote.co.uk/t/central-landscapes-and-driveways,myjobquote
Jh Paving&Landscaping,,Gardener,,,4.68,0,,ID Checked,,,2021,https://www.myjobquote.co.uk/t/jh-pavinglandscaping,myjobquote
G40 landscapes,,Gardener,,,4.68,0,,ID Checked,,,2016,https://www.myjobquote.co.uk/t/g40-landscapes,myjobquote
Blairadam landscapes,,Gardener,,,5,1,,ID Checked,,,Jul 2022,https://www.myjobquote.co.uk/t/blairadam-landscapes,myjobquote
Nsh waste removal,,Gardener,,,4.68,0,,ID Checked,,,Nov 2022,https://www.myjobquote.co.uk/t/nsh-waste-removal,myjobquote
Pressure pro landscaping,,Gardener,,,4.68,0,,,,,Oct 2023,https://www.myjobquote.co.uk/t/pressure-pro-landscaping-1,myjobquote
Amandhadwar,,Gardener,,,4.68,0,,,,,Jul 2025,https://www.myjobquote.co.uk/t/amandhadwar,myjobquote
Thistle home improvements,,Gardener,,,5,1,,ID Checked,,,2012,https://www.myjobquote.co.uk/t/thistle-home-improvements-2,myjobquote
Cleanaway,,Gardener,,,5,42,,ID Checked,,,2020,https://www.myjobquote.co.uk/t/cleanaway,myjobquote
RXB Building and Landscapes ltd,,Gardener,,,5,1,,ID Checked,,,2025,https://www.myjobquote.co.uk/t/rxb-building-and-landscapes-ltd,myjobquote
The Tree Business,,Gardener,,,5,7,,ID Checked,,,2023,https://www.myjobquote.co.uk/t/the-tree-business,myjobquote
CHF Landscaping and Building,,Gardener,,,5,1,,ID Checked,,,1993,https://www.myjobquote.co.uk/t/chf-landscaping-and-building,myjobquote
LTM Property Maintenance,,Gardener,,,5,1,,ID Checked,,,Sep 2025,https://www.myjobquote.co.uk/t/ltm-property-maintenance,myjobquote
Appleton&#039;s Landscaping Services,,Gardener,,,4,3,,ID Checked,,,2019,https://www.myjobquote.co.uk/t/appletons-landscaping-services,myjobquote
JMP landscape and gardening,,Gardener,,,4,1,,ID Checked,,,2024,https://www.myjobquote.co.uk/t/jmp-landscape-and-gardening,myjobquote
Not applicable,,Gardener,,,4.7,7,,ID Checked,,,2008,https://www.myjobquote.co.uk/t/not-applicable-104,myjobquote
Steve tha gardener,,Gardener,,,5,1,,ID Checked,,,1991,https://www.myjobquote.co.uk/t/steve-tha-gardener,myjobquote
AM Gardening Services,,Gardener,,,5,3,,ID Checked,,,2024,https://www.myjobquote.co.uk/t/am-gardening-services-1,myjobquote
Appollo services,,Gardener,,,5,3,,ID Checked,,,2023,https://www.myjobquote.co.uk/t/appollo-services,myjobquote
Scott,,Gardener,,,4.8,4,,ID Checked,,,2024,https://www.myjobquote.co.uk/t/scott-55,myjobquote
KM Gardening and Landscaping,,Gardener,,,4.8,2,,ID Checked,,,2020,https://www.myjobquote.co.uk/t/km-gardening-and-landscaping,myjobquote
MacArthur Maintenance,,Gardener,,,5,2,,ID Checked,,,2020,https://www.myjobquote.co.uk/t/macarthur-maintenance,myjobquote
Prima Gardens,,Gardener,,,5,3,,ID Checked,,,2022,https://www.myjobquote.co.uk/t/prima-gardens,myjobquote
West Home Maintenance,,Gardener,,,5,2,,ID Checked,,,2022,https://www.myjobquote.co.uk/t/west-home-maintenance,myjobquote
Haps Scotland,,Gardener,,,5,2,,ID Checked,,,2018,https://www.myjobquote.co.uk/t/haps-scotland,myjobquote
Proper Paving,,Gardener,,,5,2,,ID Checked,,,2020,https://www.myjobquote.co.uk/t/proper-paving,myjobquote
Heritage paving ltd,,Gardener,,,4.68,0,,ID Checked,,,Jun 2021,https://www.myjobquote.co.uk/t/heritage-paving-ltd,myjobquote
Mahan Landscaping,,Gardener,,,4.68,0,,,,,2024,https://www.myjobquote.co.uk/t/mahan-landscaping,myjobquote
Timeless driveways & groundwork’s,,Gardener,,,4.68,0,,,,,Sep 2024,https://www.myjobquote.co.uk/t/timeless-driveways-groundworks,myjobquote
Stone-Flow Paving,,Gardener,,,4.68,0,,ID Checked,,,2023,https://www.myjobquote.co.uk/t/stone-flow-paving,myjobquote
Magical gardens,,Gardener,,,4.68,0,,ID Checked,,,Apr 2025,https://www.myjobquote.co.uk/t/magical-gardens-1,myjobquote
Magical gardens,,Gardener,,,4.68,0,,ID Checked,,,2010,https://www.myjobquote.co.uk/t/llaveshi-general-building,myjobquote
LLAVESHI General Building,,Gardener,,,4.68,0,,ID Checked,,,Aug 2023,https://www.myjobquote.co.uk/t/phoenix-landscapes-2,myjobquote
V&C. Gardens,,Gardener,,,4.68,0,,ID Checked,,,May 2024,https://www.myjobquote.co.uk/t/vc-gardens,myjobquote
Reilly&#039;s gardening services,,Gardener,,,4.68,0,,ID Checked,,,2025,https://www.myjobquote.co.uk/t/reillys-gardening-services,myjobquote
Moe Your Lawn,,Gardener,,,4.68,0,,,,,Jul 2025,https://www.myjobquote.co.uk/t/moe-your-lawn,myjobquote
Moe Your Lawn,,Gardener,,,4.68,0,,,,,Apr 2025,https://www.myjobquote.co.uk/t/raymond-cheung,myjobquote
Plan a landscaping,,Gardener,,,4.68,0,,ID Checked,,,2015,https://www.myjobquote.co.uk/t/plan-a-landscaping,myjobquote
Cutz landscaping,,Gardener,,,4.68,0,,ID Checked,,,Jan 2026,https://www.myjobquote.co.uk/t/cutz-landscaping,myjobquote
Cutz landscaping,,Gardener,,,4.68,0,,ID Checked,,,2024,https://www.myjobquote.co.uk/t/alfies-garden-services,myjobquote
Southside Landscaping,,Gardener,,,4.68,0,,ID Checked,,,Oct 2024,https://www.myjobquote.co.uk/t/southside-landscaping,myjobquote
Ks gardener,,Gardener,,,4.68,0,,ID Checked,,,Jan 2024,https://www.myjobquote.co.uk/t/ks-gardener,myjobquote
Ks gardener,,Gardener,,,4.68,0,,ID Checked,,,2018,https://www.myjobquote.co.uk/t/alltrees-landscapeing,myjobquote
Clyde gardens,,Gardener,,,1,1,,ID Checked,,,Oct 2025,https://www.myjobquote.co.uk/t/clyde-gardens,myjobquote
GoldenGardeningservice,,Gardener,,,4.68,0,,ID Checked,,,Jun 2023,https://www.myjobquote.co.uk/t/goldengardeningservice-1,myjobquote
R&G Landscaping,,Gardener,,,4.68,0,,,,,,https://www.myjobquote.co.uk/t/rg-landscaping-4,myjobquote
Robert paterson,,Gardener,,,4.68,0,,ID Checked,,,May 2022,https://www.myjobquote.co.uk/t/robert-paterson,myjobquote
Robert paterson,,Gardener,,,4.68,0,,ID Checked,,,2016,https://www.myjobquote.co.uk/t/grafters,myjobquote
D.K. Landscaping,,Gardener,,,4.68,0,,ID Checked,,,Jan 2022,https://www.myjobquote.co.uk/t/dk-landscaping-3,myjobquote
SMC Deckings/fencing,,Gardener,,,4.68,0,,ID Checked,,,2025,https://www.myjobquote.co.uk/t/smc-deckingsfencing,myjobquote
Adam Johnston Garden Design,,Gardener,,,4.68,0,,ID Checked,,,2019,https://www.myjobquote.co.uk/t/adam-johnston-garden-design,myjobquote
Gary’s Gardens,,Gardener,,,4.68,0,,ID Checked,,,Nov 2025,https://www.myjobquote.co.uk/t/garys-gardens,myjobquote
imc landscaping,,Gardener,,,4.68,0,,ID Checked,,,2017,https://www.myjobquote.co.uk/t/imc-landscaping,myjobquote
Mcintosh garden services,,Gardener,,,4.68,0,,ID Checked,,,2025,https://www.myjobquote.co.uk/t/mcintosh-garden-services,myjobquote
The Hedge Guy LTD,,Gardener,,,4.68,0,,ID Checked; Public Liability Insurance,,,2026,https://www.myjobquote.co.uk/t/the-hedge-guy-ltd,myjobquote
Olga Begeba,,Gardener,,,4.68,0,,Public Liability Insurance,,,Jan 2026,https://www.myjobquote.co.uk/t/olga-begeba,myjobquote
Oc decking,,Gardener,,,1,1,,ID Checked,,,2016,https://www.myjobquote.co.uk/t/oc-decking,myjobquote
Elite landscaping and cleaning,,Gardener,,,4.68,0,,ID Checked,,,Jun 2017,https://www.myjobquote.co.uk/t/elite-landscaping-and-cleaning,myjobquote
Rightchoice landscaper,,Gardener,,,4.68,0,,ID Checked,,,2017,https://www.myjobquote.co.uk/t/rightchoice-landscaper,myjobquote
A1 property care,,Gardener,,,4.68,0,,ID Checked,,,1991,https://www.myjobquote.co.uk/t/a1-property-care-3,myjobquote
Garden Boys Glasgow,,Gardener,,,4.68,0,,ID Checked,,,Feb 2026,https://www.myjobquote.co.uk/t/garden-boys-glasgow,myjobquote
Garden Boys Glasgow,,Gardener,,,4.68,0,,ID Checked,,,2024,https://www.myjobquote.co.uk/t/gk-garden-maintenance-miles,myjobquote
Alan&#039;s turf wars,,Gardener,,,4.68,0,,ID Checked,,,2018,https://www.myjobquote.co.uk/t/alans-turf-wars,myjobquote
Gml landscapes and drivways,,Gardener,,,4.68,0,,ID Checked,,,2009,https://www.myjobquote.co.uk/t/gml-landscapes-and-drivways,myjobquote
Advance Landscaping,,Gardener,,,4.68,0,,ID Checked; Public Liability Insurance,,,2025,https://www.myjobquote.co.uk/t/advance-landscaping,myjobquote
Four Seasons Stirling,,Gardener,,,5,9,,ID Checked,,,2015,https://www.myjobquote.co.uk/t/four-seasons-stirling,myjobquote
R.M.J MONTEITH,,Gardener,,,4.68,0,,ID Checked,,,Jun 2023,https://www.myjobquote.co.uk/t/rmj-monteith,myjobquote
Ayrshire gardening services,,Gardener,,,5,3,,ID Checked; Public Liability Insurance,,,2020,https://www.myjobquote.co.uk/t/ayrshire-gardening-services,myjobquote
A.M Contracts,,Gardener,,,5,1,,ID Checked,,,2024,https://www.myjobquote.co.uk/t/am-contracts-3,myjobquote
"MJK Forestry, Fencing & Garden Maintenance",,Gardener,,,4.68,0,,ID Checked,,,Aug 2024,https://www.myjobquote.co.uk/t/mjk-forestry-fencing-garden-maintenance,myjobquote
ACE 1 gardening and landscaping,,Gardener,,,4.68,0,,ID Checked,,,Aug 2023,https://www.myjobquote.co.uk/t/ace-1-gardening-and-landscaping,myjobquote
Ljh Landscape Gardeners & Stump Removal,,Gardener,,,4.68,0,,ID Checked,,,Jun 2025,https://www.myjobquote.co.uk/t/ljh-landscape-gardeners-stump-removal,myjobquote
RoanMckenzie,,Gardener,,,4.68,0,,ID Checked,,,Sep 2024,https://www.myjobquote.co.uk/t/roanmckenzie,myjobquote
A&A roofing,,Gardener,,,4.68,0,,ID Checked,,,Nov 2022,https://www.myjobquote.co.uk/t/aa-roofing-6,myjobquote
Simon Donaldson Gardening,,Gardener,,,4.68,0,,Public Liability Insurance,,,Dec 2025,https://www.myjobquote.co.uk/t/simon-donaldson-gardening,myjobquote
Em landscapes,,Gardener,,,5,8,,ID Checked,,,Oct 2019,https://www.myjobquote.co.uk/t/em-landscapes,myjobquote
Platinum Paving,,Gardener,,,5,2,,ID Checked,,,2012,https://www.myjobquote.co.uk/t/platinum-paving-2,myjobquote
Clb home and garden,,Gardener,,,5,2,,ID Checked,,,2021,https://www.myjobquote.co.uk/t/clb-home-and-garden,myjobquote
All green services,,Gardener,,,5,5,,ID Checked,,,1999,https://www.myjobquote.co.uk/t/all-green-services,myjobquote
Jk landscapes,,Gardener,,,5,2,,ID Checked,,,Aug 2025,https://www.myjobquote.co.uk/t/jk-landscapes-1,myjobquote
J&m property maintenance,,Gardener,,,5,2,,ID Checked,,,Aug 2024,https://www.myjobquote.co.uk/t/jm-property-maintenance-9,myjobquote
Greenacres property care,,Gardener,,,5,1,,ID Checked,,,1977,https://www.myjobquote.co.uk/t/greenacres-property-care,myjobquote
Rm plumbing and bathrooms,,Gardener,,,4.68,0,,ID Checked,,,Jan 2020,https://www.myjobquote.co.uk/t/rm-plumbing-and-bathrooms,myjobquote
Stewarts contracts,,Gardener,,,4.68,0,,ID Checked,,,2007,https://www.myjobquote.co.uk/t/stewarts-contracts,myjobquote
JM maintainence,,Gardener,,,4.68,0,,ID Checked,,,2009,https://www.myjobquote.co.uk/t/jm-maintainence,myjobquote
JM maintainence,,Gardener,,,4.68,0,,ID Checked; Public Liability Insurance,,,Nov 2024,https://www.myjobquote.co.uk/t/rs-garden-services-ltd,myjobquote
MTB Fencing,,Gardener,,,4.68,0,,Public Liability Insurance,,,Dec 2025,https://www.myjobquote.co.uk/t/mtb-fencing,myjobquote
MTB Fencing,,Gardener,,,4.68,0,,ID Checked,,,1985,https://www.myjobquote.co.uk/t/jh-landscaping-4,myjobquote
C & L Landscaping,,Gardener,,,4.68,0,,ID Checked,,,2017,https://www.myjobquote.co.uk/t/c-l-landscaping,myjobquote
Garden Makeover Designs,,Gardener,,,4.68,0,,ID Checked,,,2002,https://www.myjobquote.co.uk/t/garden-makeover-designs-1,myjobquote
Scottys fencing&landscaping,,Gardener,,,4.68,0,,ID Checked,,,1998,https://www.myjobquote.co.uk/t/scottys-fencinglandscaping,myjobquote
Maxwell&#039;s Property Maintenance,,Gardener,,,4.68,0,,ID Checked,,,2018,https://www.myjobquote.co.uk/t/maxwells-property-maintenance,myjobquote
CC Outdoor & Garden Services,,Gardener,,,4.68,0,,ID Checked,,,Oct 2023,https://www.myjobquote.co.uk/t/cc-outdoor-garden-services,myjobquote
Lonebow,,Gardener,,,4.68,0,,ID Checked,,,2024,https://www.myjobquote.co.uk/t/lonebow,myjobquote
Lonebow,,Gardener,,,4.68,0,,ID Checked,,,2010,https://www.myjobquote.co.uk/t/town-country-landscapes,myjobquote
Rm maintenance,,Gardener,,,4.68,0,,ID Checked,,,Mar 2020,https://www.myjobquote.co.uk/t/rm-maintenance-5,myjobquote
S&a landscaping,,Gardener,,,4.68,0,,,,,Oct 2024,https://www.myjobquote.co.uk/t/sa-landscaping,myjobquote
Shaiasta,,Gardener,,,4.68,0,,,,,Jan 2022,https://www.myjobquote.co.uk/t/shaiasta,myjobquote
Shaiasta,,Gardener,,,4.68,0,,,,,Mar 2022,https://www.myjobquote.co.uk/t/peter-127,myjobquote
A&J property maintenance,,Gardener,,,4.68,0,,ID Checked,,,May 2024,https://www.myjobquote.co.uk/t/aj-property-maintenance-11,myjobquote
A&J property maintenance,,Gardener,,,4.68,0,,ID Checked,,,May 2025,https://www.myjobquote.co.uk/t/luxury-landscapes-10,myjobquote
Ben clark,,Gardener,,,4.68,0,,ID Checked,,,Jan 2026,https://www.myjobquote.co.uk/t/ben-clark-3,myjobquote
Ben clark,,Gardener,,,4.68,0,,,,,Mar 2025,https://www.myjobquote.co.uk/t/jw-fencing-2,myjobquote
J.W fencing,,Gardener,,,4.68,0,,,,,Dec 2024,https://www.myjobquote.co.uk/t/leven-landscaping,myjobquote
Proclean,,Gardener,,,4,1,,ID Checked,,,2014,https://www.myjobquote.co.uk/t/proclean-7,myjobquote
Trojan tree and landscapes,,Gardener,,,4,2,,ID Checked,,,2018,https://www.myjobquote.co.uk/t/trojan-tree-and-landscapes,myjobquote
CB Construcion,,Gardener,,,5,1,,ID Checked,,,2023,https://www.myjobquote.co.uk/t/cb-construcion,myjobquote
Js&Sons gardening and landscaping services,,Gardener,,,5,1,,ID Checked,,,,https://www.myjobquote.co.uk/t/jssons-gardening-and-landscaping-services,myjobquote
"Hop, Skip And Dump",,Gardener,,,5,30,,ID Checked,,,2023,https://www.myjobquote.co.uk/t/hop-skip-and-dump,myjobquote
Outdoor maintenance,,Gardener,,,5,2,,ID Checked,,,2007,https://www.myjobquote.co.uk/t/outdoor-maintenance-1,myjobquote
A.R Garden Services,,Gardener,,,5,2,,ID Checked,,,Jun 2025,https://www.myjobquote.co.uk/t/ar-garden-services-1,myjobquote
Propertyze property maintenance,,Gardener,,,5,1,,ID Checked,,,2010,https://www.myjobquote.co.uk/t/propertyze-property-maintenance,myjobquote
J&J Garden Services,,Gardener,,,5,2,,ID Checked,,,2022,https://www.myjobquote.co.uk/t/jj-garden-services-2,myjobquote
MacDonald contracts,,Gardener,,,5,3,,ID Checked,,,2008,https://www.myjobquote.co.uk/t/macdonald-contracts,myjobquote
Stephen Doyle,,Gardener,,,5,3,,ID Checked,,,2020,https://www.myjobquote.co.uk/t/stephen-doyle,myjobquote
SJ Driveway Specialists,,Gardener,,,4.3,9,,ID Checked,,,2000,https://www.myjobquote.co.uk/t/sj-driveway-specialists,myjobquote
Prestige properties,,Gardener,,,5,10,,ID Checked,,,2019,https://www.myjobquote.co.uk/t/prestige-properties,myjobquote
Js building & landscapes,,Gardener,,,4.2,1,,ID Checked,,,2018,https://www.myjobquote.co.uk/t/js-building-landscapes,myjobquote
A.STEWARTS PROPERTY CARE,,Gardener,,,2.5,2,,ID Checked,,,2015,https://www.myjobquote.co.uk/t/astewarts-property-care,myjobquote
Maureens garden service,,Gardener,,,5,3,,ID Checked,,,2011,https://www.myjobquote.co.uk/t/maureens-garden-service,myjobquote
LCL FENCING,,Gardener,,,5,2,,ID Checked,,,2020,https://www.myjobquote.co.uk/t/lcl-fencing,myjobquote
Garden Bros,,Gardener,,,4.5,2,,ID Checked,,,Apr 2021,https://www.myjobquote.co.uk/t/garden-bros,myjobquote
G.B.M Garden Maintenance,,Gardener,,,4,1,,ID Checked,,,2019,https://www.myjobquote.co.uk/t/gbm-garden-maintenance,myjobquote
Carron Valley Contractors,,Gardener,,,4.68,0,,ID Checked,,,2019,https://www.myjobquote.co.uk/t/carron-valley-contractors,myjobquote
Drew Rose Gardener,,Gardener,,,4.68,0,,,,,Feb 2022,https://www.myjobquote.co.uk/t/drew-rose-gardener,myjobquote
Drew Rose Gardener,,Gardener,,,4.68,0,,,,,Feb 2022,https://www.myjobquote.co.uk/t/acorn-gardens-tree-surgeon,myjobquote
Acorn gardens & tree surgeon,,Gardener,,,4.68,0,,ID Checked,,,Mar 2026,https://www.myjobquote.co.uk/t/jam-services-3,myjobquote
JTM LANDSCAPES,,Gardener,,,4.68,0,,ID Checked,,,2026,https://www.myjobquote.co.uk/t/jtm-landscapes,myjobquote
Colin Shand,,Gardener,,,4.68,0,,,,,2025,https://www.myjobquote.co.uk/t/colin-shand,myjobquote
Colin Shand,,Gardener,,,4.68,0,,,,,2003,https://www.myjobquote.co.uk/t/thistle-landscaping-and-paving-contractors,myjobquote
New Horizon Landscapes And Garden Maintenance,,Gardener,,,5,1,,ID Checked,,,Nov 2022,https://www.myjobquote.co.uk/t/new-horizon-landscapes-and-garden-maintenance,myjobquote
AAA Handymen,,Gardener,,,3,3,,ID Checked,,,2017,https://www.myjobquote.co.uk/t/aaa-handymen,myjobquote
hawk property maintenance ltd,,Gardener,,,3,4,,ID Checked,,,2017,https://www.myjobquote.co.uk/t/hawk-property-maintenance-ltd,myjobquote
Bell lamdscapes,,Gardener,,,4.68,0,,ID Checked,,,Oct 2017,https://www.myjobquote.co.uk/t/bell-lamdscapes,myjobquote
A&J property maintenance,,Gardener,,,4.68,0,,ID Checked,,,May 2025,https://www.myjobquote.co.uk/t/am-gardening-4,myjobquote
Clarkleavy,,Gardener,,,4.68,0,,,,,Jul 2024,https://www.myjobquote.co.uk/t/clarkleavy,myjobquote
Clarkleavy,,Gardener,,,4.68,0,,,,,Jul 2024,https://www.myjobquote.co.uk/t/landscape-and-fencing-work,myjobquote
Landscape and fencing work,,Gardener,,,4.68,0,,,,,Nov 2024,https://www.myjobquote.co.uk/t/besquared-2,myjobquote
Sam Scissorhands,,Gardener,,,4.68,0,,,,,Sep 2023,https://www.myjobquote.co.uk/t/sam-scissorhands,myjobquote
Dawid Bartoszko,,Gardener,,,4.68,0,,ID Checked,,,Feb 2020,https://www.myjobquote.co.uk/t/dawid-bartoszko,myjobquote
DMF Fencing limited,,Gardener,,,4.68,0,,ID Checked,,,Jul 2024,https://www.myjobquote.co.uk/t/dmf-fencing-limited,myjobquote
Mclay fencing & decking,,Gardener,,,4.68,0,,,,,Jan 2024,https://www.myjobquote.co.uk/t/mclay-fencing-decking,myjobquote
Mclay fencing & decking,,Gardener,,,4.68,0,,,,,Sep 2024,https://www.myjobquote.co.uk/t/amr-log-cabins-ltd,myjobquote
AMR LOG CABINS LTD,,Gardener,,,4.68,0,,,,,Jan 2024,https://www.myjobquote.co.uk/t/dra-brickworklandscaping-ltd,myjobquote
R Millar landscaping,,Gardener,,,4.68,0,,,,,2024,https://www.myjobquote.co.uk/t/r-millar-landscaping,myjobquote
R Millar landscaping,,Gardener,,,4.68,0,,,,,May 2024,https://www.myjobquote.co.uk/t/get-it-right-1,myjobquote
TG Fencing,,Gardener,,,4.68,0,,ID Checked,,,Mar 2026,https://www.myjobquote.co.uk/t/tg-fencing,myjobquote
Beespoke lady gardening,,Gardener,,,4.68,0,,,,,Mar 2025,https://www.myjobquote.co.uk/t/beespoke-lady-gardening,myjobquote
GRK landscape,,Gardener,,,4.68,0,,ID Checked,,,Nov 2025,https://www.myjobquote.co.uk/t/grk-landscape,myjobquote
CM improvments,,Gardener,,,4.68,0,,ID Checked,,,Jan 2025,https://www.myjobquote.co.uk/t/cm-improvments,myjobquote
Oksana,,Gardener,,,4.68,0,,,,,Apr 2023,https://www.myjobquote.co.uk/t/oksana-1,myjobquote
Oksana,,Gardener,,,4.68,0,,,,,Apr 2023,https://www.myjobquote.co.uk/t/william-brown-1,myjobquote
RCA Property Solutions,,Gardener,,,4.68,0,,ID Checked,,,Jun 2024,https://www.myjobquote.co.uk/t/rca-property-solutions,myjobquote
RCA Property Solutions,,Gardener,,,4.68,0,,ID Checked,,,2014,https://www.myjobquote.co.uk/t/hillview-garden-projects,myjobquote
Greenline exterior service,,Gardener,,,4.68,0,,ID Checked,,,Sep 2024,https://www.myjobquote.co.uk/t/greenline-exterior-service,myjobquote
Helen’s landscapes,,Gardener,,,4.68,0,,,,,May 2025,https://www.myjobquote.co.uk/t/helens-landscapes,myjobquote
Henryk Zakrzewski,,Gardener,,,5,3,,ID Checked,,,2016,https://www.myjobquote.co.uk/t/henryk-zakrzewski,myjobquote
Build better solutions,,Gardener,,,4.68,0,,ID Checked,,,Jan 2019,https://www.myjobquote.co.uk/t/build-better-solutions,myjobquote
Build better solutions,,Gardener,,,4.68,0,,Public Liability Insurance,,,Sep 2024,https://www.myjobquote.co.uk/t/vibe-property-services,myjobquote
R&T Groundworks,,Gardener,,,4.68,0,,Public Liability Insurance,,,Jan 2026,https://www.myjobquote.co.uk/t/rt-groundworks-1,myjobquote
New horizon landscaping and garden services,,Gardener,,,4.68,0,,,,,May 2024,https://www.myjobquote.co.uk/t/new-horizon-landscaping-and-garden-services,myjobquote
Wj&son,,Gardener,,,4.68,0,,ID Checked,,,Jan 2022,https://www.myjobquote.co.uk/t/wjson,myjobquote
A handy man to know,,Gardener,,,4.68,0,,ID Checked,,,Oct 2023,https://www.myjobquote.co.uk/t/a-handy-man-to-know,myjobquote
A handy man to know,,Gardener,,,4.68,0,,,,,Oct 2022,https://www.myjobquote.co.uk/t/ian-meacham,myjobquote
Ian meacham,,Gardener,,,4.68,0,,ID Checked,,,Jul 2023,https://www.myjobquote.co.uk/t/forrest-lawnscapes-1,myjobquote
Forrest lawnscapes,,Gardener,,,4.68,0,,ID Checked,,,Feb 2026,https://www.myjobquote.co.uk/t/ad-gardening-and-property-maintenance,myjobquote
Lanes landscapes,,Gardener,,,5,5,,ID Checked,,,2023,https://www.myjobquote.co.uk/t/lanes-landscapes,myjobquote
Richmond-Vaughan gardens,,Gardener,,,5,2,,ID Checked,,,2025,https://www.myjobquote.co.uk/t/richmond-vaughan-gardens,myjobquote
Elite landscape gardening,,Gardener,,,4,1,,ID Checked; Public Liability Insurance,,,2016,https://www.myjobquote.co.uk/t/elite-landscape-gardening,myjobquote
Premier tree and gardening and property Maintenance,,Gardener,,,5,2,,ID Checked,,,2010,https://www.myjobquote.co.uk/t/premier-tree-and-gardening-and-property-maintenance,myjobquote
Elite fencing contractors,,Gardener,,,5,1,,ID Checked,,,May 2024,https://www.myjobquote.co.uk/t/elite-fencing-contractors,myjobquote
JB Property Maintenance,,Gardener,,,5,1,,ID Checked,,,2006,https://www.myjobquote.co.uk/t/jb-property-maintenance-9,myjobquote
Rhys Moore,,Gardener,,,5,1,,ID Checked; Public Liability Insurance,,,2021,https://www.myjobquote.co.uk/t/rhys-moore,myjobquote
Valley Home improvement.,,Gardener,,,5,3,,ID Checked,,,2017,https://www.myjobquote.co.uk/t/valley-home-improvement,myjobquote
PSJ Garden Services,,Gardener,,,4.68,0,,ID Checked,,,2016,https://www.myjobquote.co.uk/t/psj-garden-services,myjobquote
STAN electronics,,Gardener,,,4.68,0,,ID Checked,,,2008,https://www.myjobquote.co.uk/t/stan-electronics,myjobquote
STAN electronics,,Gardener,,,4.68,0,,,,,Oct 2025,https://www.myjobquote.co.uk/t/james-k-landscaping,myjobquote
LDW Garden Services,,Gardener,,,4.8,4,07418343155,ID Checked; Public Liability Insurance,,,2024,https://www.myjobquote.co.uk/t/ldw-garden-services,myjobquote
J&M Roofing and Landscaping,,Gardener,,,4,1,,ID Checked,,,Jan 2026,https://www.myjobquote.co.uk/t/jm-roofing-and-landscaping,myjobquote
J.Jones landscaping & driveway service&#039;s,,Gardener,,,5,1,,ID Checked,,,2010,https://www.myjobquote.co.uk/t/jjones-landscaping-driveway-services,myjobquote
Affordable Paving,,Gardener,,,5,3,,ID Checked,,,Oct 2025,https://www.myjobquote.co.uk/t/affordable-paving-2,myjobquote
GRIFF HIRE SERVICES,,Gardener,,,5,3,,ID Checked; Public Liability Insurance,,,2020,https://www.myjobquote.co.uk/t/griff-hire-services,myjobquote
Emerald Lawns and Gardens,,Gardener,,,4,4,,ID Checked; Public Liability Insurance,,,2025,https://www.myjobquote.co.uk/t/emerald-lawns-and-gardens,myjobquote
Premier Outdoor Spaces,,Gardener,,,5,1,,ID Checked; Public Liability Insurance,,,2020,https://www.myjobquote.co.uk/t/premier-outdoor-spaces,myjobquote
CJW Fencing & Landscape Gardens,,Gardener,,,5,7,07418363680,ID Checked,,,May 2025,https://www.myjobquote.co.uk/t/cjw-fencing-landscape-gardens,myjobquote
J.a.b building,,Gardener,,,5,1,,ID Checked,,,2019,https://www.myjobquote.co.uk/t/jab-building,myjobquote
Reliable tree and landscaping,,Gardener,,,4.7,3,,ID Checked,,,,https://www.myjobquote.co.uk/t/reliable-tree-and-landscaping,myjobquote
BL Landscaping & Roofing,,Gardener,,,4,1,,ID Checked,,,Sep 2025,https://www.myjobquote.co.uk/t/bl-landscaping-roofing,myjobquote
Urban oasis landscaping and groundworks,,Gardener,,,5,5,,ID Checked; Public Liability Insurance,,,2024,https://www.myjobquote.co.uk/t/urban-oasis-landscaping-and-groundworks,myjobquote
Port Talbot Property Maintenance,,Gardener,,,5,2,,ID Checked,,,Jun 2024,https://www.myjobquote.co.uk/t/port-talbot-property-maintenance,myjobquote
Bosco&Burton Home Improvements,,Gardener,,,5,2,,ID Checked,,,2021,https://www.myjobquote.co.uk/t/boscoburton-home-improvements,myjobquote
SUNNY SOLIDARITY,,Gardener,,,4.68,0,,ID Checked,,,Feb 2025,https://www.myjobquote.co.uk/t/sunny-solidarity,myjobquote
West wales panels and groundworks,,Gardener,,,4.68,0,,,,,Dec 2025,https://www.myjobquote.co.uk/t/west-wales-panels-and-groundworks,myjobquote
West wales panels and groundworks,,Gardener,,,4.68,0,,ID Checked,,,Oct 2024,https://www.myjobquote.co.uk/t/plm-carpentry-and-building,myjobquote
RJL,,Gardener,,,4.68,0,,ID Checked,,,2024,https://www.myjobquote.co.uk/t/rjl,myjobquote
Nr tree and landscapes,,Gardener,,,4.68,0,,ID Checked,,,2020,https://www.myjobquote.co.uk/t/nr-tree-and-landscapes-1,myjobquote
JGL Building Ltd,,Gardener,,,4.68,0,,ID Checked,,,2019,https://www.myjobquote.co.uk/t/jgl-building-ltd,myjobquote
C.Randall fencing,,Gardener,,,4.68,0,,ID Checked,,,Mar 2024,https://www.myjobquote.co.uk/t/crandall-fencing,myjobquote
C.Randall fencing,,Gardener,,,4.68,0,,ID Checked,,,Dec 2023,https://www.myjobquote.co.uk/t/tawe-landscapes-and-groundworks,myjobquote
EcoClear Services LTD,,Gardener,,,4.68,0,,ID Checked,,,2024,https://www.myjobquote.co.uk/t/ecoclear-services-ltd,myjobquote
Frankaia Landscapes LTD,,Gardener,,,4.68,0,,ID Checked,,,Nov 2024,https://www.myjobquote.co.uk/t/frankaia-landscapes-ltd,myjobquote
Frankaia Landscapes LTD,,Gardener,,,4.68,0,,ID Checked,,,Sep 2023,https://www.myjobquote.co.uk/t/swc-balustrades,myjobquote
Ganleys Landscapes,,Gardener,,,4.68,0,,ID Checked,,,Mar 2025,https://www.myjobquote.co.uk/t/ganleys-landscapes,myjobquote
Ganleys Landscapes,,Gardener,,,4.68,0,,ID Checked,,,in 2001,https://www.myjobquote.co.uk/t/dp-services-wales,myjobquote
A.S fencing,,Gardener,,,4.68,0,,ID Checked,,,2019,https://www.myjobquote.co.uk/t/as-fencing,myjobquote
A.S fencing,,Gardener,,,4.68,0,,ID Checked,,,2019,https://www.myjobquote.co.uk/t/gower-composite-decking-and-carpentry-ltd,myjobquote
L.h.f clearances & gardening,,Gardener,,,4.68,0,,ID Checked,,,,https://www.myjobquote.co.uk/t/lhf-clearances-gardening,myjobquote
Onecut landscape and garden,,Gardener,,,5,1,,ID Checked,,,2022,https://www.myjobquote.co.uk/t/onecut-landscape-and-garden,myjobquote
Carl Grady,,Gardener,,,5,2,,ID Checked,,,2022,https://www.myjobquote.co.uk/t/carl-grady,myjobquote
Harveys Home and Garden Services,,Gardener,,,5,3,,ID Checked,,,2019,https://www.myjobquote.co.uk/t/harveys-home-and-garden-services,myjobquote
Grays Gardening Services,,Gardener,,,4.68,0,,ID Checked,,,Jan 2020,https://www.myjobquote.co.uk/t/grays-gardening-services,myjobquote
AG Garden Services,,Gardener,,,4.68,0,,ID Checked,,,Apr 2025,https://www.myjobquote.co.uk/t/ag-garden-services,myjobquote
AG Garden Services,,Gardener,,,4.68,0,,,,,Jul 2025,https://www.myjobquote.co.uk/t/kains-loacal-friendly-gardening-service,myjobquote
Jamie Owen,,Gardener,,,4.68,0,,ID Checked,,,Dec 2024,https://www.myjobquote.co.uk/t/jamie-owen-1,myjobquote
Jamie Owen,,Gardener,,,5,1,,ID Checked,,,2025,https://www.myjobquote.co.uk/t/c-p-allen-landscapes-hire-ltd,myjobquote
Local roofing,,Gardener,,,5,1,,ID Checked,,,2000,https://www.myjobquote.co.uk/t/local-roofing-3,myjobquote
Lcc landscaping,,Gardener,,,5,8,,ID Checked,,,1986,https://www.myjobquote.co.uk/t/lcc-landscaping,myjobquote
3 dragons landscaping,,Gardener,,,5,2,,ID Checked,,,2025,https://www.myjobquote.co.uk/t/3-dragons-landscaping,myjobquote
Dragon Landscapers,,Gardener,,,5,1,,ID Checked,,,2025,https://www.myjobquote.co.uk/t/dragon-landscapers,myjobquote
Rhodri Jones,,Gardener,,,5,4,,ID Checked,,,2020,https://www.myjobquote.co.uk/t/rhodri-jones,myjobquote
"First Choice, Landscape Garden",,Gardener,,,5,5,,ID Checked,,,2000,https://www.myjobquote.co.uk/t/first-choice-landscape-garden,myjobquote
Harrow driveways & resin,,Gardener,,,4.4,21,,ID Checked,,,2007,https://www.myjobquote.co.uk/t/harrow-driveways-resin,myjobquote
CJ’s Property Maintenance & Handyman.,,Gardener,,,5,2,,ID Checked,,,2022,https://www.myjobquote.co.uk/t/cjs-property-maintenance-handyman,myjobquote
Gentle Touch Gardening,,Gardener,,,5,1,,ID Checked,,,1995,https://www.myjobquote.co.uk/t/gentle-touch-gardening,myjobquote
Strimtrim21@outlook.com,,Gardener,,,5,1,,ID Checked,,,May 2023,https://www.myjobquote.co.uk/t/strimtrim21-at-outlookcom,myjobquote
Alfie’s,,Gardener,,,5,1,,ID Checked,,,2015,https://www.myjobquote.co.uk/t/alfies,myjobquote
T Q home improvements And roofing,,Gardener,,,4.5,13,,ID Checked,,,2010,https://www.myjobquote.co.uk/t/t-q-home-improvements-and-roofing,myjobquote
Tendertouch gardening,,Gardener,,,5,3,,ID Checked,,,2012,https://www.myjobquote.co.uk/t/tendertouch-gardening,myjobquote
LW Gardening Services,,Gardener,,,4.7,3,,ID Checked,,,2020,https://www.myjobquote.co.uk/t/lw-gardening-services,myjobquote
Aspect building,,Gardener,,,4.68,0,,ID Checked,,,2017,https://www.myjobquote.co.uk/t/aspect-building,myjobquote
Titus home improvements ltd,,Gardener,,,4.68,0,,ID Checked,,,Nov 2021,https://www.myjobquote.co.uk/t/titus-home-improvements-ltd,myjobquote
Elite property solutions,,Gardener,,,4.68,0,,ID Checked,,,2023,https://www.myjobquote.co.uk/t/elite-property-solutions-7,myjobquote
Provision roofing,,Gardener,,,4.68,0,,ID Checked,,,Feb 2025,https://www.myjobquote.co.uk/t/provision-roofing-1,myjobquote
Provision roofing,,Gardener,,,4.68,0,,ID Checked,,,Mar 2026,https://www.myjobquote.co.uk/t/platinum-property-maintenance-4,myjobquote
J Jenkins brickwork,,Gardener,,,4.68,0,,ID Checked; Public Liability Insurance,,,2011,https://www.myjobquote.co.uk/t/j-jenkins-brickwork,myjobquote
Chris cannon,,Gardener,,,4.68,0,,ID Checked,,,2019,https://www.myjobquote.co.uk/t/chris-cannon,myjobquote
Chris cannon,,Gardener,,,4.68,0,,ID Checked,,,Mar 2019,https://www.myjobquote.co.uk/t/edmund-macpherson-jones,myjobquote
Trade Cymru,,Gardener,,,4.68,0,,ID Checked,,,Feb 2022,https://www.myjobquote.co.uk/t/trade-cymru,myjobquote
Garddio Gardening and Landscaping,,Gardener,,,4.68,0,,ID Checked,,,2024,https://www.myjobquote.co.uk/t/garddio-gardening-and-landscaping,myjobquote
ground control landscapes and resin,,Gardener,,,4.68,0,,ID Checked,,,Dec 2017,https://www.myjobquote.co.uk/t/ground-control-landscapes-and-resin,myjobquote
Signature gardens & landscaping,,Gardener,,,4.68,0,,ID Checked,,,Jul 2022,https://www.myjobquote.co.uk/t/signature-gardens-landscaping,myjobquote
Baglan Garden Services,,Gardener,,,4.68,0,,,,,Sep 2024,https://www.myjobquote.co.uk/t/baglan-garden-services,myjobquote
Baglan Garden Services,,Gardener,,,4.68,0,,,,,Feb 2024,https://www.myjobquote.co.uk/t/llynfi-plant-construction-ltd,myjobquote
Llynfi plant & construction ltd,,Gardener,,,4.68,0,,,,,Jan 2026,https://www.myjobquote.co.uk/t/richie-sons,myjobquote
Evans leafy gardening,,Gardener,,,4.68,0,,ID Checked,,,2025,https://www.myjobquote.co.uk/t/evans-leafy-gardening,myjobquote
ArjoM,,Gardener,,,4.68,0,,ID Checked,,,2012,https://www.myjobquote.co.uk/t/arjom,myjobquote
Ellis - Design & Dirt,,Gardener,,,4.68,0,,,,,Feb 2026,https://www.myjobquote.co.uk/t/ellis-design-dirt,myjobquote
Ellis - Design & Dirt,,Gardener,,,4.68,0,,,,,Feb 2026,https://www.myjobquote.co.uk/t/neath-valley-gardening-services,myjobquote
A.G Landscapes,,Gardener,,,4.68,0,,ID Checked,,,May 2025,https://www.myjobquote.co.uk/t/ag-landscapes,myjobquote
A.G Landscapes,,Gardener,,,4.68,0,,ID Checked,,,Nov 2023,https://www.myjobquote.co.uk/t/evans-gardening-groundswork,myjobquote
Evans Gardening & GroundsWork,,Gardener,,,4.68,0,,,,,Mar 2026,https://www.myjobquote.co.uk/t/denys-6,myjobquote
Denys,,Gardener,,,4.68,0,,ID Checked,,,2024,https://www.myjobquote.co.uk/t/cool-mint-projects-ltd,myjobquote
Ashwood tree care and landscapes,,Gardener,,,4.68,0,,ID Checked,,,2013,https://www.myjobquote.co.uk/t/ashwood-tree-care-and-landscapes,myjobquote
dreamscape gardens,,Gardener,,,4.68,0,,ID Checked,,,Nov 2022,https://www.myjobquote.co.uk/t/dreamscape-gardens,myjobquote
dreamscape gardens,,Gardener,,,4.68,0,,,,,Jun 2025,https://www.myjobquote.co.uk/t/robs-gardens-3,myjobquote
Robs gardens,,Gardener,,,4.68,0,,,,,2016,https://www.myjobquote.co.uk/t/new-face-property-designs,myjobquote
Cribath Landscapes & Fencing,,Gardener,,,4.68,0,,,,,2015,https://www.myjobquote.co.uk/t/cribath-landscapes-fencing,myjobquote
Cribath Landscapes & Fencing,,Gardener,,,4.68,0,,ID Checked,,,2010,https://www.myjobquote.co.uk/t/duane-m-williams-ltd,myjobquote
Level groundworks ltd,,Gardener,,,4.68,0,,ID Checked,,,2022,https://www.myjobquote.co.uk/t/level-groundworks-ltd,myjobquote
Micklewaite Contracting,,Gardener,,,4.68,0,,ID Checked,,,Jun 2024,https://www.myjobquote.co.uk/t/micklewaite-contracting,myjobquote
Apo gardening and patios,,Gardener,,,4.68,0,,ID Checked,,,2021,https://www.myjobquote.co.uk/t/apo-gardening-and-patios,myjobquote
Apo gardening and patios,,Gardener,,,4.68,0,,ID Checked,,,2024,https://www.myjobquote.co.uk/t/elite-artificial-grass-and-property-maintenance,myjobquote
Pristine Services,,Gardener,,,4.68,0,,ID Checked,,,2020,https://www.myjobquote.co.uk/t/pristine-services,myjobquote
AJ Garden Services,,Gardener,,,4.68,0,,ID Checked,,,2023,https://www.myjobquote.co.uk/t/aj-garden-services-2,myjobquote
Rich Groundwork’s Ltd,,Gardener,,,4.68,0,,ID Checked,,,2023,https://www.myjobquote.co.uk/t/rich-groundworks-ltd,myjobquote
P.b property development,,Gardener,,,4.68,0,,ID Checked,,,Apr 2023,https://www.myjobquote.co.uk/t/pb-property-development,myjobquote
TG Garden&Homeimprovments,,Gardener,,,5,2,,ID Checked,,,2015,https://www.myjobquote.co.uk/t/tg-gardenhomeimprovments,myjobquote
Outdoor Innovations Alan and Nicola,,Gardener,,,5,1,,ID Checked,,,2024,https://www.myjobquote.co.uk/t/outdoor-innovations-alan-and-nicola,myjobquote
JP landscapes,,Gardener,,,4,1,,ID Checked,,,2007,https://www.myjobquote.co.uk/t/jp-landscapes-2,myjobquote
Handymanhardy,,Gardener,,,5,11,07451261290,ID Checked,,,2016,https://www.myjobquote.co.uk/t/handymanhardy,myjobquote
Gardener Greg,,Gardener,,,5,1,,ID Checked; Public Liability Insurance,,,2006,https://www.myjobquote.co.uk/t/gardener-greg,myjobquote
Green Lines Turfing,,Gardener,,,5,11,,ID Checked,,,2025,https://www.myjobquote.co.uk/t/green-lines-turfing,myjobquote
Sgmservices14 limited,,Gardener,,,4.68,0,,ID Checked,,,2014,https://www.myjobquote.co.uk/t/sgmservices14-limited,myjobquote
JF Gardens,,Gardener,,,4.68,0,,ID Checked,,,Nov 2019,https://www.myjobquote.co.uk/t/jf-gardens,myjobquote
Gorilla Build,,Gardener,,,4.68,0,07418317645,ID Checked,,,2010,https://www.myjobquote.co.uk/t/gorilla-build,myjobquote
Bradworks,,Gardener,,,4.5,6,07451260940,ID Checked; Public Liability Insurance,,,2025,https://www.myjobquote.co.uk/t/bradworks,myjobquote
Smiths landscape gardening services,,Gardener,,,5,33,,ID Checked; Public Liability Insurance,,,2012,https://www.myjobquote.co.uk/t/smiths-landscape-gardening-services,myjobquote
JD Building & Landscaping,,Gardener,,,5,7,,ID Checked,,,2023,https://www.myjobquote.co.uk/t/jd-building-landscaping,myjobquote
Nhp landscapes,,Gardener,,,5,5,,ID Checked,,,Feb 2024,https://www.myjobquote.co.uk/t/nhp-landscapes,myjobquote
Monmouthshire Garden Services,,Gardener,,,5,2,,ID Checked,,,2022,https://www.myjobquote.co.uk/t/monmouthshire-garden-services,myjobquote
R C Landscapes,,Gardener,,,4.68,0,,ID Checked,,,Feb 2016,https://www.myjobquote.co.uk/t/r-c-landscapes,myjobquote
Staybright Groundworks & gardening,,Gardener,,,4.68,0,,ID Checked,,,Feb 2016,https://www.myjobquote.co.uk/t/staybright-groundworks-gardening,myjobquote
Star Home Improvements Ltd,,Gardener,,,4.68,0,,ID Checked,,,2020,https://www.myjobquote.co.uk/t/star-home-improvements-ltd,myjobquote
Severn landscapes & gardening services,,Gardener,,,4.68,0,,ID Checked,,,Dec 2021,https://www.myjobquote.co.uk/t/severn-landscapes-gardening-services,myjobquote
STS Gardening services,,Gardener,,,4.68,0,,,,,Jan 2026,https://www.myjobquote.co.uk/t/sts-gardening-services,myjobquote
STS Gardening services,,Gardener,,,5,2,,ID Checked,,,2025,https://www.myjobquote.co.uk/t/complete-design-build,myjobquote
Amg landscapes,,Gardener,,,4.68,0,,ID Checked,,,Jul 2024,https://www.myjobquote.co.uk/t/amg-landscapes,myjobquote
Newport drives and patios,,Gardener,,,4.68,0,,ID Checked,,,2015,https://www.myjobquote.co.uk/t/newport-drives-and-patios-1,myjobquote
d1 home improvements,,Gardener,,,,0,,ID Checked,,,2010,https://www.myjobquote.co.uk/t/d1-home-improvements,myjobquote
Trust in us property care,,Gardener,,,4.68,0,,ID Checked,,,Apr 2019,https://www.myjobquote.co.uk/t/trust-in-us-property-care,myjobquote
William,,Gardener,,,4.68,0,,,,,Oct 2024,https://www.myjobquote.co.uk/t/william-47,myjobquote
William,,Gardener,,,4.68,0,,,,,Sep 2023,https://www.myjobquote.co.uk/t/ms-services-6,myjobquote
M.s services,,Gardener,,,4.68,0,,ID Checked,,,2017,https://www.myjobquote.co.uk/t/ressltd,myjobquote
Fitz Gardens,,Gardener,,,4.68,0,,ID Checked,,,Jan 2023,https://www.myjobquote.co.uk/t/fitz-gardens,myjobquote
K.E Building Services,,Gardener,,,4.68,0,,ID Checked,,,Aug 2024,https://www.myjobquote.co.uk/t/ke-building-services,myjobquote
Elite cleaning,,Gardener,,,5,1,,ID Checked,,,2003,https://www.myjobquote.co.uk/t/elite-cleaning-8,myjobquote
Gardencare Services,,Gardener,,,5,6,,ID Checked,,,1972,https://www.myjobquote.co.uk/t/gardencare-services,myjobquote
Afls-,,Gardener,,,5,2,,ID Checked,,,2016,https://www.myjobquote.co.uk/t/afls,myjobquote
G.A.H Fencing and Carpentry,,Gardener,,,5,2,,ID Checked; Public Liability Insurance,,,2025,https://www.myjobquote.co.uk/t/gah-fencing-and-carpentry,myjobquote
JT Gardening and maintenance,,Gardener,,,4.9,7,,ID Checked,,,2010,https://www.myjobquote.co.uk/t/jt-gardening-and-maintenance,myjobquote
Just Roll With It,,Gardener,,,5,10,,ID Checked,,,Jul 2025,https://www.myjobquote.co.uk/t/just-roll-with-it,myjobquote
A&t landscaping,,Gardener,,,5,2,07418372856,ID Checked,,,2000,https://www.myjobquote.co.uk/t/at-landscaping-1,myjobquote
KBTrees&GardeningServices,,Gardener,,,5,1,07418371633,ID Checked,,,2012,https://www.myjobquote.co.uk/t/kbtreesgardeningservices,myjobquote
Wilderness to Paradise,,Gardener,,,5,1,,ID Checked; Public Liability Insurance,,,2000,https://www.myjobquote.co.uk/t/wilderness-to-paradise,myjobquote
P&d roofing,,Gardener,,,5,2,,ID Checked,,,2012,https://www.myjobquote.co.uk/t/pd-roofing-4,myjobquote
Waste masters home and garden services,,Gardener,,,5,1,,ID Checked,,,2023,https://www.myjobquote.co.uk/t/waste-masters-home-and-garden-services,myjobquote
Cutting Edge Fencing and decking,,Gardener,,,5,1,,ID Checked,,,Feb 2024,https://www.myjobquote.co.uk/t/cutting-edge-fencing-and-decking,myjobquote
Cedar Wood Gardening,,Gardener,,,4.7,3,,ID Checked,,,2016,https://www.myjobquote.co.uk/t/cedar-wood-gardening,myjobquote
P M House Clearance and Gardening services,,Gardener,,,5,1,,ID Checked,,,Jul 2022,https://www.myjobquote.co.uk/t/p-m-house-clearance-and-gardening-services,myjobquote
C&L CONTRACTORS,,Gardener,,,5,1,,ID Checked,,,2015,https://www.myjobquote.co.uk/t/cl-contractors-2,myjobquote
"Tadiou&#039;s Painting, Decorating & Gardening Services",,Gardener,,,5,8,,ID Checked; Public Liability Insurance,,,2018,https://www.myjobquote.co.uk/t/tadious-painting-decorating-gardening-services,myjobquote
Acorn landscaping,,Gardener,,,4,1,,ID Checked,,,Oct 2022,https://www.myjobquote.co.uk/t/acorn-landscaping-1,myjobquote
The Property Doctors,,Gardener,,,5,3,,ID Checked,,,2020,https://www.myjobquote.co.uk/t/the-property-doctors-1,myjobquote
Macservices,,Gardener,,,4.68,0,,ID Checked,,,Feb 2021,https://www.myjobquote.co.uk/t/macservices-2,myjobquote
Macservices,,Gardener,,,4.68,0,,ID Checked,,,May 2025,https://www.myjobquote.co.uk/t/the-boss-painter,myjobquote
The boss painter,,Gardener,,,4.68,0,,ID Checked,,,Aug 2024,https://www.myjobquote.co.uk/t/khans-painting,myjobquote
Coco gardens landscaping and constructions,,Gardener,,,4.68,0,,ID Checked,,,Mar 2024,https://www.myjobquote.co.uk/t/coco-gardens-landscaping-and-constructions,myjobquote
Imperial building&landscaping,,Gardener,,,4.68,0,,ID Checked,,,2020,https://www.myjobquote.co.uk/t/imperial-buildinglandscaping,myjobquote
Follett Brickwork Contractor,,Gardener,,,4.68,0,,ID Checked,,,Jan 2023,https://www.myjobquote.co.uk/t/follett-brickwork-contractor,myjobquote
Humble growth,,Gardener,,,4.68,0,,ID Checked,,,2008,https://www.myjobquote.co.uk/t/humble-growth,myjobquote
Driveway4youLTD,,Gardener,,,4.68,0,,ID Checked,,,Mar 2019,https://www.myjobquote.co.uk/t/driveway4youltd,myjobquote
Driveway4youLTD,,Gardener,,,4.68,0,,ID Checked,,,Sep 2024,https://www.myjobquote.co.uk/t/emd-gardening,myjobquote
Artificial Grass South Wales,,Gardener,,,4.68,0,,ID Checked,,,Aug 2024,https://www.myjobquote.co.uk/t/artificial-grass-south-wales,myjobquote
F3NCE,,Gardener,,,4.68,0,,ID Checked,,,Jul 2022,https://www.myjobquote.co.uk/t/f3nce,myjobquote
Stay bright,,Gardener,,,4.68,0,,,,,Jul 2024,https://www.myjobquote.co.uk/t/stay-bright-1,myjobquote
Barney,,Gardener,,,4.68,0,,,,,Nov 2023,https://www.myjobquote.co.uk/t/barney,myjobquote
Barney,,Gardener,,,4.68,0,,ID Checked,,,2014,https://www.myjobquote.co.uk/t/go-green-landscapes,myjobquote
LRB fencing&landscaping,,Gardener,,,4.68,0,,ID Checked,,,2023,https://www.myjobquote.co.uk/t/lrb-fencinglandscaping,myjobquote
Benson,,Gardener,,,4.68,0,,ID Checked,,,Mar 2025,https://www.myjobquote.co.uk/t/benson-3,myjobquote
N&m landscapes,,Gardener,,,4.68,0,,ID Checked,,,2016,https://www.myjobquote.co.uk/t/nm-landscapes,myjobquote
DM Services & Solutions,,Gardener,,,4.68,0,,ID Checked,,,Jan 2023,https://www.myjobquote.co.uk/t/dm-services-solutions,myjobquote
DM Services & Solutions,,Gardener,,,4.68,0,,ID Checked,,,Aug 2024,https://www.myjobquote.co.uk/t/t-scapes,myjobquote
D bowkett garden maintenance,,Gardener,,,4.68,0,,ID Checked,,,Jul 2024,https://www.myjobquote.co.uk/t/d-bowkett-garden-maintenance,myjobquote
D bowkett garden maintenance,,Gardener,,,4.68,0,,,,,Aug 2025,https://www.myjobquote.co.uk/t/dsj-ltd,myjobquote
Risca Garden Services,,Gardener,,,4.68,0,,,,,Jul 2023,https://www.myjobquote.co.uk/t/risca-garden-services,myjobquote
Jake long,,Gardener,,,4.68,0,,ID Checked,,,Feb 2025,https://www.myjobquote.co.uk/t/jake-long,myjobquote
SMS Landscaping,,Gardener,,,4.68,0,,ID Checked,,,Apr 2024,https://www.myjobquote.co.uk/t/sms-landscaping,myjobquote
Bs landscapes,,Gardener,,,4.68,0,,,,,Sep 2025,https://www.myjobquote.co.uk/t/bs-landscapes-3,myjobquote
Wake Me Up Before You Mow Mow,,Gardener,,,4.68,0,,,,,Sep 2025,https://www.myjobquote.co.uk/t/wake-me-up-before-you-mow-mow,myjobquote
Wake Me Up Before You Mow Mow,,Gardener,,,4.68,0,,ID Checked; Public Liability Insurance,,,2012,https://www.myjobquote.co.uk/t/v-bennett-gardening-services,myjobquote
Naturscapes Ltd,,Gardener,,,4.68,0,,ID Checked; Public Liability Insurance,,,2020,https://www.myjobquote.co.uk/t/naturscapes-ltd,myjobquote
S.K.H gardens,,Gardener,,,4.68,0,,,,,Jan 2026,https://www.myjobquote.co.uk/t/skh-gardens,myjobquote
S.K.H gardens,,Gardener,,,4.68,0,,ID Checked,,,Sep 2024,https://www.myjobquote.co.uk/t/nathan-jones-home-improvement,myjobquote
Hj gutter and garden services,,Gardener,,,4.68,0,,ID Checked,,,Feb 2022,https://www.myjobquote.co.uk/t/hj-gutter-and-garden-services,myjobquote
Hj gutter and garden services,,Gardener,,,4.68,0,,ID Checked,,,2024,https://www.myjobquote.co.uk/t/nathan-daniel,myjobquote
J.rlandscapes,,Gardener,,,4.68,0,,ID Checked,,,1997,https://www.myjobquote.co.uk/t/jrlandscapes,myjobquote
J.rlandscapes,,Gardener,,,4.68,0,,,,,Feb 2021,https://www.myjobquote.co.uk/t/james-strimming,myjobquote
James Strimming,,Gardener,,,4.68,0,,ID Checked,,,May 2025,https://www.myjobquote.co.uk/t/bblandscape,myjobquote
B&blandscape,,Gardener,,,4.68,0,,ID Checked,,,2007,https://www.myjobquote.co.uk/t/be-landscapes,myjobquote
B.E Landscapes,,Gardener,,,4.68,0,,ID Checked,,,Aug 2022,https://www.myjobquote.co.uk/t/pegasus-bespoke-garden-design,myjobquote
Pegasus bespoke garden design,,Gardener,,,4.68,0,,ID Checked,,,Mar 2024,https://www.myjobquote.co.uk/t/all-round-tree-care-and-landscaping-ltd,myjobquote
WoodLives,,Gardener,,,4.68,0,,ID Checked,,,2017,https://www.myjobquote.co.uk/t/woodlives,myjobquote
WoodLives,,Gardener,,,4.68,0,,ID Checked,,,Feb 2025,https://www.myjobquote.co.uk/t/l-edwards-grass-cutting-and-garden-maintenance,myjobquote
Faith building and landscapes,,Gardener,,,4.68,0,,ID Checked,,,Mar 2023,https://www.myjobquote.co.uk/t/faith-building-and-landscapes,myjobquote
Green Paws Garden Services,,Gardener,,,4.68,0,,ID Checked,,,Jul 2025,https://www.myjobquote.co.uk/t/green-paws-garden-services,myjobquote
Brad&#039;s Lawn Care,,Gardener,,,5,1,,ID Checked,,,2017,https://www.myjobquote.co.uk/t/brads-lawn-care-1,myjobquote
Brinley Jones Garden Services,,Gardener,,,5,4,,ID Checked,,,Apr 2019,https://www.myjobquote.co.uk/t/brinley-jones-garden-services,myjobquote
T&n home improvements,,Gardener,,,5,1,,ID Checked,,,2015,https://www.myjobquote.co.uk/t/tn-home-improvements-2,myjobquote
Jay evans garden services and tree care,,Gardener,,,5,16,,ID Checked,,,1990,https://www.myjobquote.co.uk/t/jay-evans-garden-services-and-tree-care,myjobquote
Evergreen garden care,,Gardener,,,5,28,07451286796,ID Checked,,,Oct 2019,https://www.myjobquote.co.uk/t/evergreen-garden-care,myjobquote
K Jones Tree Surgeon & Garden Maintenance,,Gardener,,,5,5,,ID Checked,,,Aug 2023,https://www.myjobquote.co.uk/t/k-jones-tree-surgeon-garden-maintenance,myjobquote
Branching Out Tree Services,,Gardener,,,5,10,,ID Checked,,,1998,https://www.myjobquote.co.uk/t/branching-out-tree-services,myjobquote
Josh jobs,,Gardener,,,5,4,,ID Checked,,,2023,https://www.myjobquote.co.uk/t/josh-jobs-1,myjobquote
PJ Tree Maintenance,,Gardener,,,5,10,,ID Checked,,,2020,https://www.myjobquote.co.uk/t/pj-tree-maintenance,myjobquote
KH Garden management,,Gardener,,,5,29,,ID Checked,,,2009,https://www.myjobquote.co.uk/t/kh-garden-management,myjobquote
G&S Servives LTD,,Gardener,,,5,15,,ID Checked; Public Liability Insurance,,,2017,https://www.myjobquote.co.uk/t/gs-servives-ltd,myjobquote
Local Landscapes NW Ltd,,Gardener,,,5,2,,ID Checked,,,2010,https://www.myjobquote.co.uk/t/local-landscapes-nw-ltd,myjobquote
Arc Landscapes,,Gardener,,,5,3,,ID Checked,,,2017,https://www.myjobquote.co.uk/t/arc-landscapes,myjobquote
D c fencing northwales,,Gardener,,,5,2,,ID Checked,,,1989,https://www.myjobquote.co.uk/t/d-c-fencing-northwales,myjobquote
SOIL landscapes limited,,Gardener,,,4.68,0,,ID Checked,,,Dec 2024,https://www.myjobquote.co.uk/t/soil-landscapes-limited,myjobquote
Wrexham weed control,,Gardener,,,4.68,0,,ID Checked,,,Feb 2025,https://www.myjobquote.co.uk/t/wrexham-weed-control,myjobquote
All services,,Gardener,,,4.5,8,,ID Checked,,,2002,https://www.myjobquote.co.uk/t/all-services-2,myjobquote
Devine Landscapes,,Gardener,,,4,5,,ID Checked,,,2015,https://www.myjobquote.co.uk/t/devine-landscapes-1,myjobquote
MGB Garden Services,,Gardener,,,5,3,,ID Checked,,,2022,https://www.myjobquote.co.uk/t/mgb-garden-services,myjobquote
Lightfoot Lawn & Garden Maintenance,,Gardener,,,5,1,,ID Checked,,,2025,https://www.myjobquote.co.uk/t/lightfoot-lawn-garden-maintenance,myjobquote
Andrew&#039;s Tree and Gardening Services,,Gardener,,,5,6,07418363768,ID Checked,,,2015,https://www.myjobquote.co.uk/t/andrews-tree-and-gardening-services,myjobquote
Oakmere landscape,,Gardener,,,5,7,,ID Checked,,,2010,https://www.myjobquote.co.uk/t/oakmere-landscape,myjobquote
The Way She Grows,,Gardener,,,5,5,,ID Checked,,,2020,https://www.myjobquote.co.uk/t/the-way-she-grows,myjobquote
Lawn mower man,,Gardener,,,5,3,07441471385,ID Checked,,,2025,https://www.myjobquote.co.uk/t/lawn-mower-man,myjobquote
A-Z Home Home Improvement,,Gardener,,,5,2,,ID Checked,,,2019,https://www.myjobquote.co.uk/t/a-z-home-home-improvement,myjobquote
Prestige landscape gardening,,Gardener,,,4.68,0,,ID Checked,,,Nov 2023,https://www.myjobquote.co.uk/t/prestige-landscape-gardening,myjobquote
Prestige landscape gardening,,Gardener,,,4.68,0,,ID Checked,,,Jan 2026,https://www.myjobquote.co.uk/t/mwv-services,myjobquote
M.W.V  services,,Gardener,,,4.68,0,,ID Checked,,,Sep 2024,https://www.myjobquote.co.uk/t/r-parkes-landscapes,myjobquote
County Landscapes NW Ltd,,Gardener,,,4.68,0,,ID Checked,,,2017,https://www.myjobquote.co.uk/t/county-landscapes-nw-ltd,myjobquote
Fourseasons,,Gardener,,,4.68,0,,ID Checked,,,Jun 2023,https://www.myjobquote.co.uk/t/fourseasons-2,myjobquote
Fourseasons,,Gardener,,,4.68,0,,,,,Apr 2023,https://www.myjobquote.co.uk/t/cols-garden-services,myjobquote
JD HOME AND GARDEN SERVICES,,Gardener,,,4.68,0,,,,,Nov 2023,https://www.myjobquote.co.uk/t/jd-home-and-garden-services,myjobquote
Ace gardens,,Gardener,,,4.68,0,,,,,Jul 2023,https://www.myjobquote.co.uk/t/ace-gardens,myjobquote
Ace gardens,,Gardener,,,4.68,0,,ID Checked,,,Jul 2025,https://www.myjobquote.co.uk/t/kj-garden-services,myjobquote
Cross Renovations,,Gardener,,,4.68,0,,ID Checked,,,2015,https://www.myjobquote.co.uk/t/cross-renovations,myjobquote
J c groundworks,,Gardener,,,4.68,0,,ID Checked,,,2008,https://www.myjobquote.co.uk/t/j-c-groundworks,myjobquote
RSM Gardening & landscaping Services,,Gardener,,,4.9,10,07418342122,ID Checked,,,2000,https://www.myjobquote.co.uk/t/rsm-gardening-landscaping-services,myjobquote
PGS garden an sweep,,Gardener,,,4.68,0,,ID Checked,,,Jan 2020,https://www.myjobquote.co.uk/t/pgs-garden-an-sweep,myjobquote
G S L Artificial Grass,,Gardener,,,4.68,0,,,,,Apr 2024,https://www.myjobquote.co.uk/t/g-s-l-artificial-grass,myjobquote
G S L Artificial Grass,,Gardener,,,5,12,,ID Checked,,,2020,https://www.myjobquote.co.uk/t/eriks-removals-painting-and-gardens-jobs,myjobquote
MJ Driveways and Patios,,Gardener,,,5,18,,ID Checked,,,Jun 2025,https://www.myjobquote.co.uk/t/mj-driveways-and-patios,myjobquote
PRS SERVICES NW,,Gardener,,,5,158,07441473165,ID Checked,,,2023,https://www.myjobquote.co.uk/t/prs-services-nw,myjobquote
JSET Roofing and Construction,,Gardener,,,4.7,26,,ID Checked,,,1990,https://www.myjobquote.co.uk/t/jset-roofing-and-construction,myjobquote
Sbl building ltd,,Gardener,,,5,1,,ID Checked,,,Oct 2024,https://www.myjobquote.co.uk/t/sbl-building-ltd,myjobquote
GF Landscaping,,Gardener,,,5,2,,ID Checked; Public Liability Insurance,,,1990,https://www.myjobquote.co.uk/t/gf-landscaping,myjobquote
OD Carpentry & Gardens,,Gardener,,,5,3,,ID Checked; Public Liability Insurance,,,2006,https://www.myjobquote.co.uk/t/od-carpentry-gardens,myjobquote
North West Solutions,,Gardener,,,5,12,,ID Checked,,,2025,https://www.myjobquote.co.uk/t/north-west-solutions,myjobquote
Paul builder & groundwork,,Gardener,,,5,2,,ID Checked,,,2025,https://www.myjobquote.co.uk/t/paul-builder-groundwork,myjobquote
A p Landscaping,,Gardener,,,5,3,,ID Checked,,,Jan 2026,https://www.myjobquote.co.uk/t/a-p-landscaping,myjobquote
Matthew Ryder,,Gardener,,,5,8,,ID Checked,,,2000,https://www.myjobquote.co.uk/t/matthew-ryder,myjobquote
Green Home Maintenance And Handyman services,,Gardener,,,5,62,,ID Checked,,,2018,https://www.myjobquote.co.uk/t/green-home-maintenance-and-handyman-services,myjobquote
Kube Group Services,,Gardener,,,5,4,,ID Checked,,,2022,https://www.myjobquote.co.uk/t/kube-group-services,myjobquote
Nationwide Developments,,Gardener,,,5,2,,ID Checked,,,2016,https://www.myjobquote.co.uk/t/nationwide-developments-1,myjobquote
Alex Farnell trees,,Gardener,,,5,2,,ID Checked,,,2003,https://www.myjobquote.co.uk/t/alex-farnell-trees,myjobquote
Bramhall Handyman,,Gardener,,,5,3,,ID Checked,,,2025,https://www.myjobquote.co.uk/t/bramhall-handyman,myjobquote
RBA SERVICES,,Gardener,,,5,20,,ID Checked,,,Mar 2025,https://www.myjobquote.co.uk/t/rba-services,myjobquote
Handy macca,,Gardener,,,5,4,,ID Checked,,,2024,https://www.myjobquote.co.uk/t/handy-macca,myjobquote
JK property services,,Gardener,,,5,12,,ID Checked,,,2024,https://www.myjobquote.co.uk/t/jk-property-services-8,myjobquote
HG Maintenance,,Gardener,,,5,4,,ID Checked,,,Dec 2024,https://www.myjobquote.co.uk/t/hg-maintenance-3,myjobquote
PJL Repair and Maintenenace,,Gardener,,,5,6,,ID Checked; Public Liability Insurance,,,2025,https://www.myjobquote.co.uk/t/pjl-repair-and-maintenenace,myjobquote
SPG Building Services,,Gardener,,,5,10,,ID Checked; Public Liability Insurance,,,2020,https://www.myjobquote.co.uk/t/spg-building-services,myjobquote
Mr landscapes,,Gardener,,,5,2,,ID Checked,,,Jul 2024,https://www.myjobquote.co.uk/t/mr-landscapes,myjobquote
Blooming daisy,,Gardener,,,5,1,,ID Checked,,,,https://www.myjobquote.co.uk/t/blooming-daisy,myjobquote
T P Maintenance & Gardening services,,Gardener,,,5,3,,ID Checked,,,Oct 2025,https://www.myjobquote.co.uk/t/t-p-maintenance-gardening-services,myjobquote
JH Groundwork,,Gardener,,,5,1,,ID Checked,,,2017,https://www.myjobquote.co.uk/t/jh-groundwork,myjobquote
C lock and sons,,Gardener,,,5,5,,ID Checked,,,1995,https://www.myjobquote.co.uk/t/c-lock-and-sons,myjobquote
K williams garden services,,Gardener,,,5,2,,ID Checked,,,2024,https://www.myjobquote.co.uk/t/k-williams-garden-services,myjobquote
Paul Roberts,,Gardener,,,5,4,,ID Checked,,,2006,https://www.myjobquote.co.uk/t/paul-roberts-1,myjobquote
DT.Handyman,,Gardener,,,4.68,0,,ID Checked,,,Apr 2021,https://www.myjobquote.co.uk/t/dthandyman,myjobquote
DT.Handyman,,Gardener,,,4.68,0,,,,,Nov 2024,https://www.myjobquote.co.uk/t/james-perry,myjobquote
James Perry,,Gardener,,,4.68,0,,,,,Dec 2022,https://www.myjobquote.co.uk/t/lovely-2,myjobquote
lovely,,Gardener,,,4.68,0,,,,,Jul 2023,https://www.myjobquote.co.uk/t/simon-w,myjobquote
Simon w,,Gardener,,,4.68,0,,,,,Nov 2023,https://www.myjobquote.co.uk/t/mbhomeinprovements,myjobquote
MBhomeinprovements,,Gardener,,,4.68,0,,ID Checked,,,2021,https://www.myjobquote.co.uk/t/gp-landscape-driveways-ltd,myjobquote
Nj services,,Gardener,,,4.68,0,,ID Checked,,,Dec 2021,https://www.myjobquote.co.uk/t/nj-services-1,myjobquote
elite contractors limited,,Gardener,,,4.68,0,,ID Checked,,,2020,https://www.myjobquote.co.uk/t/elite-contractors-limited,myjobquote
Visionary roofing and Groundworks,,Gardener,,,4.68,0,,ID Checked,,,2023,https://www.myjobquote.co.uk/t/visionary-roofing-and-groundworks,myjobquote
ComplexDriveways And patios specialist LTDD,,Gardener,,,4.68,0,,ID Checked,,,2013,https://www.myjobquote.co.uk/t/complexdriveways-and-patios-specialist-ltdd,myjobquote
grandscapes,,Gardener,,,4.68,0,,ID Checked,,,Jan 2022,https://www.myjobquote.co.uk/t/grandscapes-1,myjobquote
CD landscape and gardening,,Gardener,,,4.68,0,,ID Checked,,,2023,https://www.myjobquote.co.uk/t/cd-landscape-and-gardening,myjobquote
GL Home improvements,,Gardener,,,4.68,0,,ID Checked,,,Apr 2023,https://www.myjobquote.co.uk/t/gl-home-improvements,myjobquote
JP landscaping and trees,,Gardener,,,4.68,0,,ID Checked,,,Apr 2025,https://www.myjobquote.co.uk/t/jp-landscaping-and-trees,myjobquote
Justin Bellis,,Gardener,,,4.68,0,,,,,Feb 2024,https://www.myjobquote.co.uk/t/justin-bellis,myjobquote
Troy dykes gardening service,,Gardener,,,4.68,0,,ID Checked,,,2022,https://www.myjobquote.co.uk/t/troy-dykes-gardening-service,myjobquote
Moldy,,Gardener,,,4.68,0,,ID Checked,,,Feb 2024,https://www.myjobquote.co.uk/t/moldy,myjobquote
Moldy,,Gardener,,,4.5,2,,ID Checked,,,May 2025,https://www.myjobquote.co.uk/t/kevin-ward,myjobquote
S Dane Paving,,Gardener,,,5,20,,ID Checked,,,2020,https://www.myjobquote.co.uk/t/s-dane-paving-1,myjobquote
HUGHS HOME MAINTENANCE,,Gardener,,,1,2,,ID Checked,,,2020,https://www.myjobquote.co.uk/t/hughs-home-maintenance-1,myjobquote
DG property solutions,,Gardener,,,5,2,,ID Checked,,,2021,https://www.myjobquote.co.uk/t/dg-property-solutions,myjobquote
E & H Tiling,,Gardener,,,4.68,0,,ID Checked,,,Dec 2023,https://www.myjobquote.co.uk/t/e-h-tiling-1,myjobquote
E & H Tiling,,Gardener,,,4.68,0,,ID Checked,,,2023,https://www.myjobquote.co.uk/t/earles-maintenance-and-groundworks-ltd,myjobquote
J&R landscaping,,Gardener,,,4.68,0,,ID Checked,,,Aug 2023,https://www.myjobquote.co.uk/t/jr-landscaping-2,myjobquote
J&R landscaping,,Gardener,,,4.68,0,,,,,Apr 2025,https://www.myjobquote.co.uk/t/raven-developments,myjobquote
Raven Developments,,Gardener,,,4.68,0,,,,,Mar 2025,https://www.myjobquote.co.uk/t/mikeweston,myjobquote
Tikay Musiiwa,,Gardener,,,4.68,0,,,,,Jul 2023,https://www.myjobquote.co.uk/t/tikay-musiiwa,myjobquote
Tikay Musiiwa,,Gardener,,,4.68,0,,,,,Apr 2025,https://www.myjobquote.co.uk/t/st-gardening-services,myjobquote
P&J GARDEN SERVICES,,Gardener,,,4.68,0,,,,,Jul 2023,https://www.myjobquote.co.uk/t/pj-garden-services-5,myjobquote
Robert,,Gardener,,,4.68,0,,,,,May 2025,https://www.myjobquote.co.uk/t/robert-84,myjobquote
Robert,,Gardener,,,4.68,0,,,,,May 2023,https://www.myjobquote.co.uk/t/daves-garden-property-maintenance,myjobquote
Dave&#039;s Garden & Property Maintenance,,Gardener,,,4.68,0,,,,,Jan 2026,https://www.myjobquote.co.uk/t/lw-landscaping-1,myjobquote
K & S GARDENING SERVICES,,Gardener,,,5,1,07418361188,ID Checked,,,2025,https://www.myjobquote.co.uk/t/k-s-gardening-services,myjobquote
New leaf tree care and landscapes,,Gardener,,,5,1,,ID Checked,,,2008,https://www.myjobquote.co.uk/t/new-leaf-tree-care-and-landscapes,myjobquote