company_name,owner_name,trade_type,location,website_url,overall_rating,review_count,phone,verification_status,services,coverage_area,member_since,profile_url,source_platform
GEF Services,,Flat Pack Assembly,,,5,18,,,,,,https://www.myjobquote.co.uk/t/gef-services,myjobquote
Gergely Gyurka,,Flat Pack Assembly,,,5,12,,ID Checked,,,Mar 2024,https://www.myjobquote.co.uk/t/gergely-gyurka,myjobquote
David,,Flat Pack Assembly,,,5,8,,Public Liability Insurance,,,Apr 2025,https://www.myjobquote.co.uk/t/david-303,myjobquote
NEUBUILDs,,Flat Pack Assembly,,,5,5,,ID Checked,,,Jan 2025,https://www.myjobquote.co.uk/t/neubuilds,myjobquote
Jorge,,Flat Pack Assembly,,,5,3,,ID Checked,,,Jan 2026,https://www.myjobquote.co.uk/t/jorge-15,myjobquote
Fayz Service,,Flat Pack Assembly,,,5,2,,ID Checked,,,Jan 2026,https://www.myjobquote.co.uk/t/fayz-service-1,myjobquote
Salbas ltd,,Flat Pack Assembly,,,5,24,,ID Checked,,,Feb 2026,https://www.myjobquote.co.uk/t/salbas-ltd,myjobquote
Anadimukt construction,,Flat Pack Assembly,,,5,6,,ID Checked,,,Oct 2021,https://www.myjobquote.co.uk/t/anadimukt-construction,myjobquote
Steve & Dean,,Flat Pack Assembly,,,5,3,,ID Checked,,,Dec 2024,https://www.myjobquote.co.uk/t/steve-dean,myjobquote
Mavazi builds consultation,,Flat Pack Assembly,,,5,3,,ID Checked,,,Feb 2024,https://www.myjobquote.co.uk/t/mavazi-builds-consultation,myjobquote
Rays Reno,,Flat Pack Assembly,,,5,2,,ID Checked,,,Feb 2025,https://www.myjobquote.co.uk/t/rays-reno,myjobquote
Janos Hodoroga,,Flat Pack Assembly,,,5,1,,ID Checked,,,Dec 2025,https://www.myjobquote.co.uk/t/janos-hodoroga,myjobquote
Leadbeater Solutions Ltd,,Flat Pack Assembly,,,5,8,,Public Liability Insurance,,,Jun 2025,https://www.myjobquote.co.uk/t/leadbeater-solutions-ltd,myjobquote
Perfect,,Flat Pack Assembly,,,5,1,,Public Liability Insurance,,,Jan 2025,https://www.myjobquote.co.uk/t/perfect-1,myjobquote
PHMMOT,,Flat Pack Assembly,,,5,21,,ID Checked,,,Jul 2024,https://www.myjobquote.co.uk/t/phmmot,myjobquote
Matthew John,,Flat Pack Assembly,,,5,14,,ID Checked,,,Jul 2023,https://www.myjobquote.co.uk/t/matthew-john,myjobquote
Eraldo,,Flat Pack Assembly,,,5,7,,ID Checked,,,Jun 2024,https://www.myjobquote.co.uk/t/eraldo-2,myjobquote
Reza.k,,Flat Pack Assembly,,,5,4,,ID Checked,,,Sep 2025,https://www.myjobquote.co.uk/t/rezak,myjobquote
Evaldas Radavicius,,Flat Pack Assembly,,,5,10,,ID Checked,,,Sep 2025,https://www.myjobquote.co.uk/t/evaldas-radavicius,myjobquote
GHK Trade Ltd,,Flat Pack Assembly,,,5,5,,ID Checked,,,Oct 2021,https://www.myjobquote.co.uk/t/ghk-trade-ltd,myjobquote
Amar Hazzard,,Flat Pack Assembly,,,5,1,,,,,,https://www.myjobquote.co.uk/t/amar-hazzard,myjobquote
No Terms and Conditions,,Flat Pack Assembly,,,5,1,,ID Checked,,,Feb 2026,https://www.myjobquote.co.uk/t/no-terms-and-conditions,myjobquote
coope,,Flat Pack Assembly,,,5,1,,ID Checked,,,Dec 2025,https://www.myjobquote.co.uk/t/coope,myjobquote
Robert,,Flat Pack Assembly,,,5,26,,ID Checked; Public Liability Insurance,,,Feb 2026,https://www.myjobquote.co.uk/t/robert-152,myjobquote
KS Furniture Assembly,,Flat Pack Assembly,,,5,23,,ID Checked,,,Apr 2024,https://www.myjobquote.co.uk/t/ks-furniture-assembly,myjobquote
Higgins&Coltd,,Flat Pack Assembly,,,5,19,,ID Checked,,,May 2024,https://www.myjobquote.co.uk/t/higginscoltd,myjobquote
Manuka construction,,Flat Pack Assembly,,,5,15,,ID Checked,,,Jan 2022,https://www.myjobquote.co.uk/t/manuka-construction,myjobquote
Amaizing Skills LTD,,Flat Pack Assembly,,,5,7,,ID Checked,,,Dec 2019,https://www.myjobquote.co.uk/t/amaizing-skills-ltd,myjobquote
Fast Building 2020,,Flat Pack Assembly,,,5,5,,ID Checked,,,Jan 2025,https://www.myjobquote.co.uk/t/fast-building-2020,myjobquote
BETTABUILDERS,,Flat Pack Assembly,,,5,3,,ID Checked,,,Apr 2024,https://www.myjobquote.co.uk/t/bettabuilders,myjobquote
BHS Contractors,,Flat Pack Assembly,,,5,3,,ID Checked,,,Dec 2025,https://www.myjobquote.co.uk/t/bhs-contractors,myjobquote
GFARRELLLTD,,Flat Pack Assembly,,,5,2,,ID Checked,,,Feb 2026,https://www.myjobquote.co.uk/t/gfarrellltd,myjobquote
Sam’s Flooring,,Flat Pack Assembly,,,5,2,,Public Liability Insurance,,,Oct 2025,https://www.myjobquote.co.uk/t/sams-flooring,myjobquote
Jdrive,,Flat Pack Assembly,,,5,2,,ID Checked,,,Dec 2025,https://www.myjobquote.co.uk/t/jdrive,myjobquote
Romega handyman service,,Flat Pack Assembly,,,5,1,,ID Checked,,,Dec 2025,https://www.myjobquote.co.uk/t/romega-handyman-service,myjobquote
MrHandyman,,Flat Pack Assembly,,,5,1,,ID Checked,,,Oct 2025,https://www.myjobquote.co.uk/t/mrhandyman-1,myjobquote
Handyman,,Flat Pack Assembly,,,5,1,,ID Checked,,,Feb 2026,https://www.myjobquote.co.uk/t/handyman-662,myjobquote
FITTINITOUT,,Flat Pack Assembly,,,5,1,,ID Checked,,,Feb 2026,https://www.myjobquote.co.uk/t/fittinitout,myjobquote
Teser,,Flat Pack Assembly,,,5,18,,ID Checked,,,Dec 2024,https://www.myjobquote.co.uk/t/teser,myjobquote
Elite building facilities LTD,,Flat Pack Assembly,,,5,7,,ID Checked,,,Apr 2023,https://www.myjobquote.co.uk/t/elite-building-facilities-ltd,myjobquote
Reenew Handyman,,Flat Pack Assembly,,,4.3,6,,,,,,https://www.myjobquote.co.uk/t/reenew-handyman,myjobquote
A TO Z SERVICES,,Flat Pack Assembly,,,5,4,,ID Checked,,,Jan 2025,https://www.myjobquote.co.uk/t/a-to-z-services,myjobquote
K&S London builders,,Flat Pack Assembly,,,5,3,,ID Checked,,,Mar 2017,https://www.myjobquote.co.uk/t/ks-london-builders,myjobquote
Timothy Sanderson,,Flat Pack Assembly,,,5,3,,ID Checked,,,Dec 2025,https://www.myjobquote.co.uk/t/timothy-sanderson,myjobquote
RightHandyMan,,Flat Pack Assembly,,,5,3,,,,,Jun 2025,https://www.myjobquote.co.uk/t/righthandyman,myjobquote
Mladen,,Flat Pack Assembly,,,5,2,,Public Liability Insurance,,,Nov 2025,https://www.myjobquote.co.uk/t/mladen-1,myjobquote
David Handyman,,Flat Pack Assembly,,,4,2,,ID Checked,,,Dec 2025,https://www.myjobquote.co.uk/t/david-handyman,myjobquote
A koukla’s limited,,Flat Pack Assembly,,,5,1,,ID Checked,,,Dec 2024,https://www.myjobquote.co.uk/t/a-kouklas-limited,myjobquote
L & A PROPERTY MAINTENANCE,,Flat Pack Assembly,,,5,1,,ID Checked,,,Jan 2026,https://www.myjobquote.co.uk/t/l-a-property-maintenance,myjobquote
ALPHA,,Flat Pack Assembly,,,5,1,,ID Checked,,,Jan 2026,https://www.myjobquote.co.uk/t/alpha-13,myjobquote
East London and Essex Decorators,,Flat Pack Assembly,,,5,1,,ID Checked,,,Dec 2025,https://www.myjobquote.co.uk/t/east-london-and-essex-decorators,myjobquote
Direk Construction,,Flat Pack Assembly,,,5,137,,ID Checked,,,Mar 2025,https://www.myjobquote.co.uk/t/direk-construction,myjobquote
Regency Quality Building Services /Handyperson Services,,Flat Pack Assembly,,,5,8,,ID Checked,,,Jun 2019,https://www.myjobquote.co.uk/t/regency-quality-building-services-handyperson-services,myjobquote
Handyman services,,Flat Pack Assembly,,,5,7,,ID Checked; Public Liability Insurance,,,Dec 2021,https://www.myjobquote.co.uk/t/handyman-services-134,myjobquote
Chipperfield Homes,,Flat Pack Assembly,,,5,7,,ID Checked,,,Oct 2025,https://www.myjobquote.co.uk/t/chipperfield-homes,myjobquote
Metro Home services,,Flat Pack Assembly,,,5,3,,ID Checked,,,Sep 2020,https://www.myjobquote.co.uk/t/metro-home-services,myjobquote
Zulfikor,,Flat Pack Assembly,,,5,2,,ID Checked,,,Nov 2022,https://www.myjobquote.co.uk/t/zulfikor,myjobquote
Anthony,,Flat Pack Assembly,,,5,1,,ID Checked; Public Liability Insurance,,,Oct 2025,https://www.myjobquote.co.uk/t/anthony-144,myjobquote
BigBen Movers,,Flat Pack Assembly,,,5,15,,ID Checked,,,Dec 2025,https://www.myjobquote.co.uk/t/bigben-movers,myjobquote
Mr fixer,,Flat Pack Assembly,,,5,2,,,,,Jul 2025,https://www.myjobquote.co.uk/t/mr-fixer-2,myjobquote
DG Facilities Services Ltd,,Flat Pack Assembly,,,4.5,2,,,,,,https://www.myjobquote.co.uk/t/dg-facilities-services-ltd,myjobquote
TONY Ltd,,Flat Pack Assembly,,,5,1,,ID Checked,,,Oct 2025,https://www.myjobquote.co.uk/t/tony-ltd-2,myjobquote
Barrett Electrical Services,,Flat Pack Assembly,,,5,1,,ID Checked,,,Dec 2024,https://www.myjobquote.co.uk/t/barrett-electrical-services,myjobquote
Handyman Service,,Flat Pack Assembly,,,5,1,,,,,Oct 2025,https://www.myjobquote.co.uk/t/handyman-service-23,myjobquote
Mihai,,Flat Pack Assembly,,,5,4,,ID Checked,,,Oct 2025,https://www.myjobquote.co.uk/t/mihai-79,myjobquote
SP Handyman,,Flat Pack Assembly,,,5,3,,ID Checked,,,Jun 2025,https://www.myjobquote.co.uk/t/sp-handyman-1,myjobquote
RyanWH,,Flat Pack Assembly,,,5,2,,ID Checked,,,Sep 2025,https://www.myjobquote.co.uk/t/ryanwh,myjobquote
W&K Ltd,,Flat Pack Assembly,,,5,2,,ID Checked,,,Aug 2025,https://www.myjobquote.co.uk/t/wk-ltd,myjobquote
Osty Handyman Services,,Flat Pack Assembly,,,5,1,,Public Liability Insurance,,,Aug 2025,https://www.myjobquote.co.uk/t/osty-handyman-services,myjobquote
Home Solutionz,,Flat Pack Assembly,,,5,1,,ID Checked,,,Nov 2023,https://www.myjobquote.co.uk/t/home-solutionz,myjobquote
AV WORKS,,Flat Pack Assembly,,,5,1,,ID Checked,,,Sep 2025,https://www.myjobquote.co.uk/t/av-works,myjobquote
London registration marketing ltd,,Flat Pack Assembly,,,5,1,,ID Checked,,,Sep 2025,https://www.myjobquote.co.uk/t/london-registration-marketing-ltd,myjobquote
De La Cruz  general maintenance,,Flat Pack Assembly,,,5,1,,ID Checked,,,Jul 2025,https://www.myjobquote.co.uk/t/de-la-cruz-general-maintenance,myjobquote
Gheorghii,,Flat Pack Assembly,,,5,29,,ID Checked,,,Sep 2025,https://www.myjobquote.co.uk/t/gheorghii-1,myjobquote
Mariusz,,Flat Pack Assembly,,,5,8,,ID Checked,,,May 2025,https://www.myjobquote.co.uk/t/mariusz-22,myjobquote
Cristiano Beneti,,Flat Pack Assembly,,,4,5,,ID Checked,,,Oct 2024,https://www.myjobquote.co.uk/t/cristiano-beneti,myjobquote
Spot On Handyman,,Flat Pack Assembly,,,5,19,,ID Checked,,,May 2025,https://www.myjobquote.co.uk/t/spot-on-handyman,myjobquote
HANDY 24/7 365,,Flat Pack Assembly,,,4.9,18,,ID Checked; Public Liability Insurance,,,Oct 2024,https://www.myjobquote.co.uk/t/handy-247-365,myjobquote
EagleEye,,Flat Pack Assembly,,,5,6,,ID Checked,,,Mar 2020,https://www.myjobquote.co.uk/t/eagleeye,myjobquote
SD Handy,,Flat Pack Assembly,,,5,6,,ID Checked,,,May 2023,https://www.myjobquote.co.uk/t/sd-handy,myjobquote
Stephen Webster,,Flat Pack Assembly,,,5,1,,,,,,https://www.myjobquote.co.uk/t/stephen-webster,myjobquote
Gc property maintenance,,Flat Pack Assembly,,,5,24,,ID Checked,,,Dec 2025,https://www.myjobquote.co.uk/t/gc-property-maintenance-2,myjobquote
First Light,,Flat Pack Assembly,,,5,3,,ID Checked,,,Mar 2024,https://www.myjobquote.co.uk/t/first-light,myjobquote
Murodullo Handyman,,Flat Pack Assembly,,,5,1,,ID Checked,,,Mar 2025,https://www.myjobquote.co.uk/t/murodullo-handyman,myjobquote
FIXnGO,,Flat Pack Assembly,,,5,2,,ID Checked; Public Liability Insurance,,,Dec 2025,https://www.myjobquote.co.uk/t/fixngo,myjobquote
Ginger Chimp Media Ltd,,Flat Pack Assembly,,,5,1,,Public Liability Insurance,,,Jul 2025,https://www.myjobquote.co.uk/t/ginger-chimp-media-ltd,myjobquote
AminMak,,Flat Pack Assembly,,,5,10,,ID Checked,,,Oct 2025,https://www.myjobquote.co.uk/t/aminmak,myjobquote
Top Tier Workmen,,Flat Pack Assembly,,,5,1,,ID Checked,,,Sep 2023,https://www.myjobquote.co.uk/t/top-tier-workmen,myjobquote
C&B Handyman Services,,Flat Pack Assembly,,,5,37,,ID Checked,,,Nov 2022,https://www.myjobquote.co.uk/t/cb-handyman-services-1,myjobquote
PH Building Construction,,Flat Pack Assembly,,,5,49,,ID Checked,,,Nov 2024,https://www.myjobquote.co.uk/t/ph-building-construction,myjobquote
BB Brick & Beam Construction Ltd,,Flat Pack Assembly,,,5,43,,ID Checked,,,Feb 2021,https://www.myjobquote.co.uk/t/bb-brick-beam-construction-ltd,myjobquote
ZapCo Electrical,,Flat Pack Assembly,,,5,20,,Public Liability Insurance,,,Sep 2024,https://www.myjobquote.co.uk/t/zapco-electrical,myjobquote
VDB Wood Work & Maintenance,,Flat Pack Assembly,,,5,19,,Public Liability Insurance,,,Sep 2024,https://www.myjobquote.co.uk/t/vdb-wood-work-maintenance,myjobquote
Aaron,,Flat Pack Assembly,,,5,13,,Public Liability Insurance,,,Sep 2024,https://www.myjobquote.co.uk/t/aaron-125,myjobquote
SG Renova Ltd,,Flat Pack Assembly,,,5,12,,Public Liability Insurance,,,May 2025,https://www.myjobquote.co.uk/t/sg-renova-ltd,myjobquote
Masterpiecewalls,,Flat Pack Assembly,,,5,10,,ID Checked,,,Jan 2023,https://www.myjobquote.co.uk/t/masterpiecewalls,myjobquote
PlatinumCare Property Services,,Flat Pack Assembly,,,5,9,,ID Checked,,,Jun 2024,https://www.myjobquote.co.uk/t/platinumcare-property-services,myjobquote
GWS Multi Trade Builders,,Flat Pack Assembly,,,5,4,,ID Checked,,,Feb 2025,https://www.myjobquote.co.uk/t/gws-multi-trade-builders,myjobquote
Laki@insan,,Flat Pack Assembly,,,5,3,,Public Liability Insurance,,,Mar 2025,https://www.myjobquote.co.uk/t/laki-at-insan,myjobquote
RTH Property Services,,Flat Pack Assembly,,,5,2,,ID Checked,,,Feb 2026,https://www.myjobquote.co.uk/t/rth-property-services,myjobquote
Anton quality builders & decorators ltd,,Flat Pack Assembly,,,5,7,,ID Checked,,,May 2024,https://www.myjobquote.co.uk/t/anton-quality-builders-decorators-ltd,myjobquote
Alin1,,Flat Pack Assembly,,,5,2,,ID Checked,,,Jul 2024,https://www.myjobquote.co.uk/t/alin1-1,myjobquote
PH electrical,,Flat Pack Assembly,,,5,4,,ID Checked,,,Aug 2025,https://www.myjobquote.co.uk/t/ph-electrical-2,myjobquote
Godsman Building Maintenance and Pool Services Limited,,Flat Pack Assembly,,,5,25,,Public Liability Insurance,,,Jul 2025,https://www.myjobquote.co.uk/t/godsman-building-maintenance-and-pool-services-limited,myjobquote
LH Services,,Flat Pack Assembly,,,5,5,,ID Checked,,,Mar 2024,https://www.myjobquote.co.uk/t/lh-services-4,myjobquote
Handy Team Ltd,,Flat Pack Assembly,,,5,126,,ID Checked,,,Feb 2025,https://www.myjobquote.co.uk/t/handy-team-ltd,myjobquote
Girard Joseph,,Flat Pack Assembly,,,5,2,,ID Checked,,,Jul 2022,https://www.myjobquote.co.uk/t/girard-joseph,myjobquote
Fiveways Electrical services,,Flat Pack Assembly,,,5,2,,Public Liability Insurance,,,Jan 2025,https://www.myjobquote.co.uk/t/fiveways-electrical-services,myjobquote
Sp property management,,Flat Pack Assembly,,,,,,,,,Jan 2024,https://www.myjobquote.co.uk/t/sp-property-management,myjobquote
Arun&#039;s Handyman & Electrical Services,,Flat Pack Assembly,,,5,2,,ID Checked,,,Jan 2023,https://www.myjobquote.co.uk/t/aruns-handyman-electrical-services,myjobquote
Fixtoday property Maintenance ltd,,Flat Pack Assembly,,,5,1,,Public Liability Insurance,,,Apr 2025,https://www.myjobquote.co.uk/t/fixtoday-property-maintenance-ltd,myjobquote
Nigel the Handyman,,Flat Pack Assembly,,,5,8,,ID Checked,,,Aug 2025,https://www.myjobquote.co.uk/t/nigel-the-handyman,myjobquote
Groutgleam Streatham and Sydenham,,Flat Pack Assembly,,,5,1,,Public Liability Insurance,,,May 2025,https://www.myjobquote.co.uk/t/groutgleam-streatham-and-sydenham,myjobquote
Reece,,Flat Pack Assembly,,,5,5,,ID Checked,,,Jan 2026,https://www.myjobquote.co.uk/t/reece-111,myjobquote
Kurbonali,,Flat Pack Assembly,,,5,1,,Public Liability Insurance,,,Jan 2026,https://www.myjobquote.co.uk/t/kurbonali,myjobquote
Andrejs,,Flat Pack Assembly,,,5,29,,ID Checked,,,Jan 2026,https://www.myjobquote.co.uk/t/andrejs,myjobquote
Handyman Odd Job ISE,,Flat Pack Assembly,,,5,4,,Public Liability Insurance,,,Oct 2025,https://www.myjobquote.co.uk/t/handyman-odd-job-ise,myjobquote
RJs Drylining,,Flat Pack Assembly,,,5,4,,ID Checked,,,Nov 2025,https://www.myjobquote.co.uk/t/rjs-drylining,myjobquote
Hand-i,,Flat Pack Assembly,,,5,2,,ID Checked,,,Oct 2021,https://www.myjobquote.co.uk/t/hand-i,myjobquote
GB Handyman Services,,Flat Pack Assembly,,,5,10,,ID Checked,,,Feb 2025,https://www.myjobquote.co.uk/t/gb-handyman-services-1,myjobquote
N.S.H. Handyman Services,,Flat Pack Assembly,,,5,1,,ID Checked,,,Jun 2025,https://www.myjobquote.co.uk/t/nsh-handyman-services,myjobquote
Xl seevices,,Flat Pack Assembly,,,5,4,,ID Checked,,,Dec 2025,https://www.myjobquote.co.uk/t/xl-seevices,myjobquote
handyman services,,Flat Pack Assembly,,,5,12,,ID Checked; Public Liability Insurance,,,Dec 2025,https://www.myjobquote.co.uk/t/handyman-services-115,myjobquote
Tamas Koperda,,Flat Pack Assembly,,,4,6,,ID Checked,,,Nov 2024,https://www.myjobquote.co.uk/t/tamas-koperda,myjobquote
B&M Landscapes,,Flat Pack Assembly,,,5,9,,ID Checked,,,Jul 2020,https://www.myjobquote.co.uk/t/bm-landscapes-2,myjobquote
Multi work,,Flat Pack Assembly,,,5,8,,ID Checked,,,Sep 2025,https://www.myjobquote.co.uk/t/multi-work,myjobquote
TIELO Property Services,,Flat Pack Assembly,,,5,4,,Public Liability Insurance,,,Feb 2024,https://www.myjobquote.co.uk/t/tielo-property-services,myjobquote
Rapid Rabit,,Flat Pack Assembly,,,5,6,,Public Liability Insurance,,,Oct 2024,https://www.myjobquote.co.uk/t/rapid-rabit,myjobquote
Lorenzo Handyman Services and Gutter Cleaning,,Flat Pack Assembly,,,5,2,,ID Checked,,,Sep 2024,https://www.myjobquote.co.uk/t/lorenzo-handyman-services-and-gutter-cleaning,myjobquote
SPARKLE CONSULTANCY  LTD,,Flat Pack Assembly,,,5,3,,ID Checked,,,Sep 2025,https://www.myjobquote.co.uk/t/sparkle-consultancy-ltd,myjobquote
Joshua Anthony Weller,,Flat Pack Assembly,,,5,5,,Public Liability Insurance,,,Nov 2025,https://www.myjobquote.co.uk/t/joshua-anthony-weller,myjobquote
Prime Handyman,,Flat Pack Assembly,,,5,1,,,,,Oct 2025,https://www.myjobquote.co.uk/t/prime-handyman,myjobquote
Practical Property Solutions,,Flat Pack Assembly,,,4,4,,ID Checked,,,Nov 2025,https://www.myjobquote.co.uk/t/practical-property-solutions,myjobquote
Lisa ball,,Flat Pack Assembly,,,5,1,,ID Checked,,,Nov 2025,https://www.myjobquote.co.uk/t/lisa-ball,myjobquote
Atlas South Technical Services,,Flat Pack Assembly,,,5,4,,ID Checked,,,Aug 2024,https://www.myjobquote.co.uk/t/atlas-south-technical-services,myjobquote
DedePropertyCare,,Flat Pack Assembly,,,5,1,,Public Liability Insurance,,,Nov 2024,https://www.myjobquote.co.uk/t/dedepropertycare,myjobquote
Temple Fortune Construction,,Flat Pack Assembly,,,5,7,,ID Checked,,,Oct 2024,https://www.myjobquote.co.uk/t/temple-fortune-construction,myjobquote
Hnl refurbishments,,Flat Pack Assembly,,,5,44,,ID Checked,,,May 2025,https://www.myjobquote.co.uk/t/hnl-refurbishments,myjobquote
Alexandru,,Flat Pack Assembly,,,5,2,,ID Checked,,,Nov 2016,https://www.myjobquote.co.uk/t/alexandru-85,myjobquote
ZakirKhan,,Flat Pack Assembly,,,4.8,9,,,,,Feb 2025,https://www.myjobquote.co.uk/t/zakirkhan,myjobquote
Noble property maintenance LTD,,Flat Pack Assembly,,,4.8,6,,ID Checked,,,Oct 2024,https://www.myjobquote.co.uk/t/noble-property-maintenance-ltd,myjobquote
Zia Ullah,,Flat Pack Assembly,,,5,1,,ID Checked,,,Oct 2020,https://www.myjobquote.co.uk/t/zia-ullah,myjobquote
62 kensington ltd,,Flat Pack Assembly,,,4,1,,ID Checked,,,Mar 2020,https://www.myjobquote.co.uk/t/62-kensington-ltd,myjobquote
AHS DECO SERVICES,,Flat Pack Assembly,,,5,1,,ID Checked,,,Jul 2023,https://www.myjobquote.co.uk/t/ahs-deco-services,myjobquote
Roger,,Flat Pack Assembly,,,4.8,6,,ID Checked,,,May 2024,https://www.myjobquote.co.uk/t/roger-9,myjobquote
Handyman,,Flat Pack Assembly,,,4.8,6,,ID Checked,,,Apr 2024,https://www.myjobquote.co.uk/t/handyman-376,myjobquote
Giorgio,,Flat Pack Assembly,,,4.7,3,,,,,Apr 2024,https://www.myjobquote.co.uk/t/giorgio-2,myjobquote
Ilie T Constructions Ltd,,Flat Pack Assembly,,,5,2,,ID Checked,,,Dec 2023,https://www.myjobquote.co.uk/t/ilie-t-constructions-ltd,myjobquote
Buczynski,,Flat Pack Assembly,,,5,1,,ID Checked,,,Feb 2024,https://www.myjobquote.co.uk/t/buczynski,myjobquote
Cezar,,Flat Pack Assembly,,,5,1,,ID Checked,,,Oct 2023,https://www.myjobquote.co.uk/t/cezar-3,myjobquote
Wiktoria,,Flat Pack Assembly,,,5,1,,ID Checked,,,Oct 2022,https://www.myjobquote.co.uk/t/wiktoria,myjobquote
M&k&j Maintenance service,,Flat Pack Assembly,,,4.9,10,,ID Checked,,,Oct 2022,https://www.myjobquote.co.uk/t/mkj-maintenance-service,myjobquote
Property improvements,,Flat Pack Assembly,,,4.5,2,,ID Checked,,,May 2021,https://www.myjobquote.co.uk/t/property-improvements-1,myjobquote
Jamie Carroll,,Flat Pack Assembly,,,4.5,4,,ID Checked,,,Mar 2020,https://www.myjobquote.co.uk/t/jamie-carroll,myjobquote
Handybuild A-Z,,Flat Pack Assembly,,,5,2,,ID Checked,,,Oct 2016,https://www.myjobquote.co.uk/t/handybuild-a-z,myjobquote
HandyDan Services,,Flat Pack Assembly,,,4,1,,ID Checked,,,Jan 2017,https://www.myjobquote.co.uk/t/handydan-services,myjobquote
non stop maintenance ltd,,Flat Pack Assembly,,,,,,ID Checked; Public Liability Insurance,,,Feb 2016,https://www.myjobquote.co.uk/t/non-stop-maintenance-ltd,myjobquote
Construction Industry,,Flat Pack Assembly,,,,,,ID Checked; Public Liability Insurance,,,Sep 2023,https://www.myjobquote.co.uk/t/construction-industry-47,myjobquote
Construction Industry,,Flat Pack Assembly,,,,,,ID Checked,,,Apr 2025,https://www.myjobquote.co.uk/t/big-belly-builders,myjobquote
Big Belly Builders,,Flat Pack Assembly,,,,,,ID Checked,,,Apr 2023,https://www.myjobquote.co.uk/t/b4best-services-ltd,myjobquote
K & J Services,,Flat Pack Assembly,,,,,,ID Checked,,,Jan 2025,https://www.myjobquote.co.uk/t/k-j-services,myjobquote
Handy Paws,,Flat Pack Assembly,,,5,2,,Public Liability Insurance,,,Jul 2025,https://www.myjobquote.co.uk/t/handy-paws,myjobquote
BBAdambuilding,,Flat Pack Assembly,,,5,,,ID Checked,,,Jul 2025,https://www.myjobquote.co.uk/t/bbadambuilding,myjobquote
Katkim,,Flat Pack Assembly,,,4.6,8,,ID Checked,,,Mar 2023,https://www.myjobquote.co.uk/t/katkim,myjobquote
TorTik,,Flat Pack Assembly,,,5,3,,ID Checked,,,Mar 2025,https://www.myjobquote.co.uk/t/tortik,myjobquote
A Southend Handyman Services,,Flat Pack Assembly,,,5,11,,ID Checked,,,Nov 2025,https://www.myjobquote.co.uk/t/a-southend-handyman-services,myjobquote
G W Carpentry And Handyman Services,,Flat Pack Assembly,,,5,3,,ID Checked,,,May 2024,https://www.myjobquote.co.uk/t/g-w-carpentry-and-handyman-services,myjobquote
Prestige Property improvements& maintenance,,Flat Pack Assembly,,,5,7,,ID Checked,,,Sep 2025,https://www.myjobquote.co.uk/t/prestige-property-improvements-maintenance,myjobquote
Handy Doll,,Flat Pack Assembly,,,5,9,,ID Checked,,,Jun 2024,https://www.myjobquote.co.uk/t/handy-doll,myjobquote
Zico86,,Flat Pack Assembly,,,5,17,,ID Checked,,,Oct 2025,https://www.myjobquote.co.uk/t/zico86,myjobquote
Man Can Do Ltd,,Flat Pack Assembly,,,5,1,,ID Checked,,,Oct 2021,https://www.myjobquote.co.uk/t/man-can-do-ltd,myjobquote
Daniel,,Flat Pack Assembly,,,5,2,,Public Liability Insurance,,,Sep 2025,https://www.myjobquote.co.uk/t/daniel-445,myjobquote
BFG handman and Painting Decorating,,Flat Pack Assembly,,,5,11,,ID Checked,,,May 2025,https://www.myjobquote.co.uk/t/bfg-handman-and-painting-decorating,myjobquote
Elegance,,Flat Pack Assembly,,,5,1,,ID Checked,,,Dec 2023,https://www.myjobquote.co.uk/t/elegance-1,myjobquote
Mihai Palade,,Flat Pack Assembly,,,4.8,6,,ID Checked,,,Apr 2024,https://www.myjobquote.co.uk/t/mihai-palade,myjobquote
Executive touch building’s maintenance & repairs,,Flat Pack Assembly,,,5,3,,ID Checked,,,Jan 2023,https://www.myjobquote.co.uk/t/executive-touch-buildings-maintenance-repairs,myjobquote
Small Jobs R Us Ltd,,Flat Pack Assembly,,,5,3,,ID Checked,,,Jul 2021,https://www.myjobquote.co.uk/t/small-jobs-r-us-ltd,myjobquote
local andyman,,Flat Pack Assembly,,,4.8,6,,ID Checked,,,May 2023,https://www.myjobquote.co.uk/t/local-andyman-1,myjobquote
JP services,,Flat Pack Assembly,,,,,,ID Checked,,,Aug 2021,https://www.myjobquote.co.uk/t/jp-services-5,myjobquote
George,,Flat Pack Assembly,,,,,,,,,Aug 2023,https://www.myjobquote.co.uk/t/george-204,myjobquote
Akili handyman,,Flat Pack Assembly,,,,,,,,,Feb 2024,https://www.myjobquote.co.uk/t/akili-handyman,myjobquote
ELECTROTECH SMART SOLUTIONS LTD,,Flat Pack Assembly,,,,,,,,,,https://www.myjobquote.co.uk/t/electrotech-smart-solutions-ltd,myjobquote
Venndor Properties,,Flat Pack Assembly,,,,,,ID Checked,,,Nov 2025,https://www.myjobquote.co.uk/t/venndor-properties,myjobquote
Bromley Handyman,,Flat Pack Assembly,,,,,,ID Checked,,,Aug 2021,https://www.myjobquote.co.uk/t/bromley-handyman,myjobquote
Joeferdy,,Flat Pack Assembly,,,,,,ID Checked,,,Sep 2022,https://www.myjobquote.co.uk/t/joeferdy,myjobquote
South East Construction & Maintenance,,Flat Pack Assembly,,,,,,ID Checked,,,Jan 2025,https://www.myjobquote.co.uk/t/south-east-construction-maintenance,myjobquote
Neto Construction,,Flat Pack Assembly,,,,,,ID Checked,,,Mar 2021,https://www.myjobquote.co.uk/t/neto-construction,myjobquote
Neto Construction,,Flat Pack Assembly,,,,,,ID Checked,,,Aug 2024,https://www.myjobquote.co.uk/t/nabil-hacene-chaouch,myjobquote
Peter Smee,,Flat Pack Assembly,,,,,,ID Checked,,,Aug 2025,https://www.myjobquote.co.uk/t/peter-smee,myjobquote
Peter Smee,,Flat Pack Assembly,,,,,,ID Checked,,,Apr 2022,https://www.myjobquote.co.uk/t/fix-it-clean-it-paint-it,myjobquote
Roberge faz tudo,,Flat Pack Assembly,,,,,,ID Checked,,,Mar 2024,https://www.myjobquote.co.uk/t/roberge-faz-tudo,myjobquote
Roberge faz tudo,,Flat Pack Assembly,,,,,,,,,Sep 2024,https://www.myjobquote.co.uk/t/bromley-handyman-services,myjobquote
The Man Moves Trade,,Flat Pack Assembly,,,,,,ID Checked; Public Liability Insurance,,,Dec 2023,https://www.myjobquote.co.uk/t/the-man-moves-trade,myjobquote
Jason foy,,Flat Pack Assembly,,,,,,ID Checked; Public Liability Insurance,,,Nov 2023,https://www.myjobquote.co.uk/t/jason-foy,myjobquote
Dave land,,Flat Pack Assembly,,,5,1,,,,,May 2025,https://www.myjobquote.co.uk/t/dave-land,myjobquote
Builds R Us,,Flat Pack Assembly,,,5,1,,ID Checked,,,Mar 2026,https://www.myjobquote.co.uk/t/builds-r-us,myjobquote
DREAM BUILDERS,,Flat Pack Assembly,,,5,1,,ID Checked,,,Mar 2024,https://www.myjobquote.co.uk/t/dream-builders,myjobquote
Rainbow group,,Flat Pack Assembly,,,5,2,,ID Checked,,,Oct 2025,https://www.myjobquote.co.uk/t/rainbow-group-1,myjobquote
Barnes Services,,Flat Pack Assembly,,,5,24,,,,,Oct 2025,https://www.myjobquote.co.uk/t/barnes-services,myjobquote
Handyman-on-sea,,Flat Pack Assembly,,,5,6,,,,,,https://www.myjobquote.co.uk/t/handyman-on-sea,myjobquote
Asap Handy Service,,Flat Pack Assembly,,,5,,,ID Checked,,,May 2025,https://www.myjobquote.co.uk/t/asap-handy-service,myjobquote
Trend Eco,,Flat Pack Assembly,,,,,,ID Checked,,,May 2021,https://www.myjobquote.co.uk/t/trend-eco,myjobquote
Trend Eco,,Flat Pack Assembly,,,,,,ID Checked,,,Sep 2023,https://www.myjobquote.co.uk/t/jm-construction-13,myjobquote
JM Construction,,Flat Pack Assembly,,,,,,ID Checked,,,Jan 2025,https://www.myjobquote.co.uk/t/sonnys-maintenance,myjobquote
Sonnys maintenance,,Flat Pack Assembly,,,,,,ID Checked,,,Dec 2024,https://www.myjobquote.co.uk/t/catalin-sergiu-gramada,myjobquote
Cristian78,,Flat Pack Assembly,,,,,,ID Checked,,,Mar 2018,https://www.myjobquote.co.uk/t/cristian78,myjobquote
Cristian78,,Flat Pack Assembly,,,,,,,,,Sep 2023,https://www.myjobquote.co.uk/t/fitter,myjobquote
Fitter,,Flat Pack Assembly,,,,,,,,,Aug 2022,https://www.myjobquote.co.uk/t/self-employed-579,myjobquote
Jaikev construction company,,Flat Pack Assembly,,,,,,ID Checked,,,May 2023,https://www.myjobquote.co.uk/t/jaikev-construction-company,myjobquote
Andras Torma,,Flat Pack Assembly,,,,,,ID Checked,,,Feb 2024,https://www.myjobquote.co.uk/t/andras-torma,myjobquote
Andras Torma,,Flat Pack Assembly,,,,,,ID Checked,,,May 2021,https://www.myjobquote.co.uk/t/denis-the-maince-handyman,myjobquote
Hotaj paint and decorate,,Flat Pack Assembly,,,,,,ID Checked,,,Feb 2022,https://www.myjobquote.co.uk/t/hotaj-paint-and-decorate,myjobquote
Hotaj paint and decorate,,Flat Pack Assembly,,,,,,ID Checked,,,Jan 2026,https://www.myjobquote.co.uk/t/akcent,myjobquote
Constantin,,Flat Pack Assembly,,,,,,ID Checked,,,Apr 2022,https://www.myjobquote.co.uk/t/constantin-44,myjobquote
Gamotech,,Flat Pack Assembly,,,,,,,,,Oct 2023,https://www.myjobquote.co.uk/t/gamotech,myjobquote
Gamotech,,Flat Pack Assembly,,,5,1,,Public Liability Insurance,,,Apr 2023,https://www.myjobquote.co.uk/t/paul-handyman-6,myjobquote
Repairwolf,,Flat Pack Assembly,,,5,2,,Public Liability Insurance,,,Jan 2026,https://www.myjobquote.co.uk/t/repairwolf,myjobquote
Handyman Zach,,Flat Pack Assembly,,,5,42,,ID Checked,,,Feb 2024,https://www.myjobquote.co.uk/t/handyman-zach,myjobquote
Jack Davis Construction,,Flat Pack Assembly,,,4.9,46,,,,,,https://www.myjobquote.co.uk/t/jack-davis-construction,myjobquote
AG Services,,Flat Pack Assembly,,,5,4,,ID Checked,,,Sep 2025,https://www.myjobquote.co.uk/t/ag-services-4,myjobquote
Benji&#039;s wood Joinery,,Flat Pack Assembly,,,5,1,,ID Checked,,,Jun 2025,https://www.myjobquote.co.uk/t/benjis-wood-joinery,myjobquote
K clad industrial roofing and cladding,,Flat Pack Assembly,,,5,6,,ID Checked,,,Nov 2025,https://www.myjobquote.co.uk/t/k-clad-industrial-roofing-and-cladding,myjobquote
Handy Van,,Flat Pack Assembly,,,5,1,,Public Liability Insurance,,,Dec 2024,https://www.myjobquote.co.uk/t/handy-van,myjobquote
Victoria Building Group,,Flat Pack Assembly,,,4,23,,ID Checked,,,Mar 2026,https://www.myjobquote.co.uk/t/victoria-building-group,myjobquote
Mike Burcham Services,,Flat Pack Assembly,,,5,17,,ID Checked,,,Dec 2025,https://www.myjobquote.co.uk/t/mike-burcham-services,myjobquote
Jlewis plumbing and maintenance,,Flat Pack Assembly,,,5,2,,Public Liability Insurance,,,Oct 2021,https://www.myjobquote.co.uk/t/jlewis-plumbing-and-maintenance,myjobquote
Leaf It To Us,,Flat Pack Assembly,,,5,42,,ID Checked,,,Feb 2026,https://www.myjobquote.co.uk/t/leaf-it-to-us-1,myjobquote
Dave&#039;s Property Services,,Flat Pack Assembly,,,5,10,,ID Checked,,,Oct 2022,https://www.myjobquote.co.uk/t/daves-property-services-2,myjobquote
Ell Property Solutions,,Flat Pack Assembly,,,5,50,,Public Liability Insurance,,,Aug 2023,https://www.myjobquote.co.uk/t/ell-property-solutions,myjobquote
Stef Carpentry,,Flat Pack Assembly,,,5,33,,ID Checked,,,May 2025,https://www.myjobquote.co.uk/t/stef-carpentry,myjobquote
Jaruona&#039;s Painting & Handyman Services,,Flat Pack Assembly,,,5,1,,ID Checked,,,May 2020,https://www.myjobquote.co.uk/t/jaruonas-painting-handyman-services,myjobquote
PCD Building Solutions,,Flat Pack Assembly,,,5,2,,ID Checked,,,Dec 2025,https://www.myjobquote.co.uk/t/pcd-building-solutions,myjobquote
Ian loughlin,,Flat Pack Assembly,,,4,2,,ID Checked,,,Dec 2025,https://www.myjobquote.co.uk/t/ian-loughlin,myjobquote
Artur Home and Garden Maintenance,,Flat Pack Assembly,,,5,2,,ID Checked,,,Feb 2025,https://www.myjobquote.co.uk/t/artur-home-and-garden-maintenance,myjobquote
Prestigious Maintenance,,Flat Pack Assembly,,,5,4,,ID Checked,,,Apr 2024,https://www.myjobquote.co.uk/t/prestigious-maintenance,myjobquote
One Call Property Group,,Flat Pack Assembly,,,4,10,,ID Checked,,,Jan 2024,https://www.myjobquote.co.uk/t/one-call-property-group,myjobquote
Odd Job John,,Flat Pack Assembly,,,5,27,,ID Checked,,,Aug 2025,https://www.myjobquote.co.uk/t/odd-job-john-1,myjobquote
MSD Building and design,,Flat Pack Assembly,,,5,9,,ID Checked,,,Jun 2025,https://www.myjobquote.co.uk/t/msd-building-and-design,myjobquote
The Dragan builders,,Flat Pack Assembly,,,5,1,,,,,,https://www.myjobquote.co.uk/t/the-dragan-builders,myjobquote
Jason Cuthbertson,,Flat Pack Assembly,,,5,13,,ID Checked,,,Nov 2025,https://www.myjobquote.co.uk/t/jason-cuthbertson,myjobquote
Larayz Electrical and Technical Services,,Flat Pack Assembly,,,5,2,,ID Checked,,,Apr 2024,https://www.myjobquote.co.uk/t/larayz-electrical-and-technical-services,myjobquote
Servicetekk,,Flat Pack Assembly,,,5,2,,ID Checked,,,Apr 2025,https://www.myjobquote.co.uk/t/servicetekk-2,myjobquote
G.A.H Fencing and Carpentry,,Flat Pack Assembly,,,5,2,,ID Checked,,,Nov 2025,https://www.myjobquote.co.uk/t/gah-fencing-and-carpentry,myjobquote
PARKER’S Home Improvements,,Flat Pack Assembly,,,5,1,,Public Liability Insurance,,,Nov 2025,https://www.myjobquote.co.uk/t/parkers-home-improvements,myjobquote
Chris LTD,,Flat Pack Assembly,,,5,4,,ID Checked,,,Dec 2025,https://www.myjobquote.co.uk/t/chris-ltd-1,myjobquote
A1 build,,Flat Pack Assembly,,,5,9,,,,,May 2025,https://www.myjobquote.co.uk/t/a1-build,myjobquote
Hedge and home services,,Flat Pack Assembly,,,5,1,,ID Checked,,,May 2024,https://www.myjobquote.co.uk/t/hedge-and-home-services,myjobquote
Plastamast,,Flat Pack Assembly,,,5,142,,Public Liability Insurance,,,Sep 2025,https://www.myjobquote.co.uk/t/plastamast,myjobquote
The Charity Tradesman,,Flat Pack Assembly,,,5,5,,Public Liability Insurance,,,Apr 2021,https://www.myjobquote.co.uk/t/the-charity-tradesman,myjobquote
DECORTERRA Home and Garden Refurbishment,,Flat Pack Assembly,,,5,13,,ID Checked,,,Jun 2025,https://www.myjobquote.co.uk/t/decorterra-home-and-garden-refurbishment,myjobquote
BRH handy services,,Flat Pack Assembly,,,5,1,,ID Checked,,,May 2023,https://www.myjobquote.co.uk/t/brh-handy-services,myjobquote
MID Construct,,Flat Pack Assembly,,,4.6,5,,ID Checked,,,Feb 2025,https://www.myjobquote.co.uk/t/mid-construct,myjobquote
"AK&#039;s Handyman, Maintenance and Gardening Services",,Flat Pack Assembly,,,4.9,13,,ID Checked,,,May 2024,https://www.myjobquote.co.uk/t/aks-handyman-maintenance-and-gardening-services,myjobquote
Handy Liambey,,Flat Pack Assembly,,,4.9,13,,ID Checked,,,Sep 2023,https://www.myjobquote.co.uk/t/handy-liambey,myjobquote
G&D HANDYMAN SERVICE,,Flat Pack Assembly,,,5,2,,ID Checked,,,Dec 2023,https://www.myjobquote.co.uk/t/gd-handyman-service,myjobquote
Will Design Property Maintenance,,Flat Pack Assembly,,,5,32,,ID Checked,,,Nov 2023,https://www.myjobquote.co.uk/t/will-design-property-maintenance,myjobquote
D  P works,,Flat Pack Assembly,,,5,1,,ID Checked,,,Jan 2019,https://www.myjobquote.co.uk/t/d-p-works,myjobquote
Fix it. Keep it. Handyman,,Flat Pack Assembly,,,5,1,,,,,Apr 2023,https://www.myjobquote.co.uk/t/fix-it-keep-it-handyman,myjobquote
RA maintenance services,,Flat Pack Assembly,,,4.8,39,,,,,,https://www.myjobquote.co.uk/t/ra-maintenance-services,myjobquote
Finch’s roofing and property maintenance,,Flat Pack Assembly,,,4.5,2,,ID Checked,,,Jul 2019,https://www.myjobquote.co.uk/t/finchs-roofing-and-property-maintenance,myjobquote
Brams Electrical services,,Flat Pack Assembly,,,5,11,,,,,Apr 2020,https://www.myjobquote.co.uk/t/brams-electrical-services,myjobquote
A-TEAM property maintenance,,Flat Pack Assembly,,,5,2,,ID Checked,,,Jan 2019,https://www.myjobquote.co.uk/t/a-team-property-maintenance,myjobquote
The Bristol Handy Man,,Flat Pack Assembly,,,4.5,2,,ID Checked,,,Nov 2017,https://www.myjobquote.co.uk/t/the-bristol-handy-man,myjobquote
Jordan carpentry,,Flat Pack Assembly,,,,,,ID Checked,,,Jan 2017,https://www.myjobquote.co.uk/t/jordan-carpentry,myjobquote
Jordan carpentry,,Flat Pack Assembly,,,,,,ID Checked,,,Dec 2023,https://www.myjobquote.co.uk/t/excellence-decoration-service,myjobquote
Brushes decorating,,Flat Pack Assembly,,,,,,ID Checked,,,Dec 2023,https://www.myjobquote.co.uk/t/brushes-decorating,myjobquote
Brushes decorating,,Flat Pack Assembly,,,,,,,,,Feb 2023,https://www.myjobquote.co.uk/t/decorating-art,myjobquote
Slade Painting and decorating,,Flat Pack Assembly,,,,,,ID Checked,,,Dec 2023,https://www.myjobquote.co.uk/t/slade-painting-and-decorating,myjobquote
Ben Fencing&Garden Service&#039;s,,Flat Pack Assembly,,,,,,ID Checked,,,Jul 2025,https://www.myjobquote.co.uk/t/ben-fencinggarden-services,myjobquote
Ben Fencing&Garden Service&#039;s,,Flat Pack Assembly,,,,,,,,,Jan 2026,https://www.myjobquote.co.uk/t/sam-at-decorterra-bristol,myjobquote
Taylor Copp,,Flat Pack Assembly,,,,,,ID Checked,,,Feb 2025,https://www.myjobquote.co.uk/t/taylor-copp,myjobquote
RSM Painting & Maintenance,,Flat Pack Assembly,,,,,,,,,May 2025,https://www.myjobquote.co.uk/t/rsm-painting-maintenance,myjobquote
Always clean painting and decor,,Flat Pack Assembly,,,,,,ID Checked,,,Oct 2025,https://www.myjobquote.co.uk/t/always-clean-painting-and-decor,myjobquote
Greenhouse garden services,,Flat Pack Assembly,,,,,,ID Checked,,,Jun 2023,https://www.myjobquote.co.uk/t/greenhouse-garden-services,myjobquote
bbismark1@yahoo.com,,Flat Pack Assembly,,,,,,,,,Feb 2026,https://www.myjobquote.co.uk/t/bbismark1-at-yahoocom,myjobquote
bbismark1@yahoo.com,,Flat Pack Assembly,,,,,,,,,Feb 2024,https://www.myjobquote.co.uk/t/inner-flare,myjobquote
DRYLEAZE BUILDING AND MAINTENANCE LTD,,Flat Pack Assembly,,,,,,,,,Jan 2024,https://www.myjobquote.co.uk/t/dryleaze-building-and-maintenance-ltd,myjobquote
Vlad777,,Flat Pack Assembly,,,,,,ID Checked,,,Feb 2025,https://www.myjobquote.co.uk/t/vlad777,myjobquote
Kizvision / pintorft,,Flat Pack Assembly,,,,,,,,,Feb 2021,https://www.myjobquote.co.uk/t/kizvision-pintorft,myjobquote
Kizvision / pintorft,,Flat Pack Assembly,,,,,,,,,Feb 2021,https://www.myjobquote.co.uk/t/peter-skelhorn,myjobquote
Peter Skelhorn,,Flat Pack Assembly,,,,,,,,,Nov 2025,https://www.myjobquote.co.uk/t/posh-property-maintenance,myjobquote
Karl Dudbridge,,Flat Pack Assembly,,,,,,,,,Mar 2024,https://www.myjobquote.co.uk/t/karl-dudbridge,myjobquote
FabioHandymanLTD,,Flat Pack Assembly,,,,,,ID Checked,,,Aug 2025,https://www.myjobquote.co.uk/t/fabiohandymanltd,myjobquote
FabioHandymanLTD,,Flat Pack Assembly,,,,,,ID Checked,,,Jan 2024,https://www.myjobquote.co.uk/t/handyman-and-painter-your-home-improvement-solution,myjobquote
Handyman Repair Maintenance,,Flat Pack Assembly,,,,,,ID Checked,,,Oct 2023,https://www.myjobquote.co.uk/t/handyman-repair-maintenance,myjobquote
P B Wright - Handyman,,Flat Pack Assembly,,,,,,ID Checked,,,Feb 2023,https://www.myjobquote.co.uk/t/p-b-wright-handyman,myjobquote
Reuben S,,Flat Pack Assembly,,,,,,,,,Jun 2023,https://www.myjobquote.co.uk/t/reuben-s,myjobquote
Roberts Company,,Flat Pack Assembly,,,,,,,,,Jun 2025,https://www.myjobquote.co.uk/t/roberts-company,myjobquote
Idh handyman services,,Flat Pack Assembly,,,,,,ID Checked,,,Jan 2022,https://www.myjobquote.co.uk/t/idh-handyman-services,myjobquote
Idh handyman services,,Flat Pack Assembly,,,,,,ID Checked,,,Sep 2023,https://www.myjobquote.co.uk/t/luke-the-handyman,myjobquote
Nellie&#039;s building services,,Flat Pack Assembly,,,,,,ID Checked,,,Aug 2020,https://www.myjobquote.co.uk/t/nellies-building-services,myjobquote
FixRight Property Services Limited,,Flat Pack Assembly,,,,,,ID Checked,,,May 2019,https://www.myjobquote.co.uk/t/fixright-property-services-limited,myjobquote
Mario Handyman,,Flat Pack Assembly,,,,,,ID Checked,,,Nov 2025,https://www.myjobquote.co.uk/t/mario-handyman,myjobquote
Mario Handyman,,Flat Pack Assembly,,,,,,ID Checked,,,Dec 2023,https://www.myjobquote.co.uk/t/swhandyman,myjobquote
SWHANDYMAN,,Flat Pack Assembly,,,,,,ID Checked,,,Jan 2024,https://www.myjobquote.co.uk/t/tw-home-improvements,myjobquote
MacK9,,Flat Pack Assembly,,,,,,,,,Feb 2020,https://www.myjobquote.co.uk/t/mack9,myjobquote
Saul Pinnell,,Flat Pack Assembly,,,,,,ID Checked,,,Nov 2023,https://www.myjobquote.co.uk/t/saul-pinnell,myjobquote
Claridges construction and property maintenance,,Flat Pack Assembly,,,,,,,,,Sep 2024,https://www.myjobquote.co.uk/t/claridges-construction-and-property-maintenance,myjobquote
MARKS Get Up And Go.,,Flat Pack Assembly,,,,,,,,,,https://www.myjobquote.co.uk/t/marks-get-up-and-go,myjobquote
Rapbay,,Flat Pack Assembly,,,,,,ID Checked,,,Aug 2024,https://www.myjobquote.co.uk/t/rapbay,myjobquote
Rapbay,,Flat Pack Assembly,,,,,,,,,Sep 2025,https://www.myjobquote.co.uk/t/origo-property-solutions,myjobquote
Ibrahim Olawale,,Flat Pack Assembly,,,,,,ID Checked,,,Apr 2021,https://www.myjobquote.co.uk/t/ibrahim-olawale,myjobquote
JD Electrical and Maintenance Services,,Flat Pack Assembly,,,,,,ID Checked,,,May 2025,https://www.myjobquote.co.uk/t/jd-electrical-and-maintenance-services,myjobquote
JD Electrical and Maintenance Services,,Flat Pack Assembly,,,,,,,,,Sep 2023,https://www.myjobquote.co.uk/t/big-t-services,myjobquote
Leonte Transport Limited,,Flat Pack Assembly,,,,,,,,,Feb 2024,https://www.myjobquote.co.uk/t/leonte-transport-limited,myjobquote
Max place,,Flat Pack Assembly,,,,,,ID Checked,,,Mar 2023,https://www.myjobquote.co.uk/t/max-place,myjobquote
AB maintanence,,Flat Pack Assembly,,,,,,,,,Apr 2025,https://www.myjobquote.co.uk/t/ab-maintanence,myjobquote
Hippo,,Flat Pack Assembly,,,,,,ID Checked,,,Dec 2023,https://www.myjobquote.co.uk/t/hippo,myjobquote
Hippo,,Flat Pack Assembly,,,,,,ID Checked,,,Dec 2024,https://www.myjobquote.co.uk/t/craft-n-finish,myjobquote
Missha,,Flat Pack Assembly,,,,,,ID Checked,,,May 2025,https://www.myjobquote.co.uk/t/missha,myjobquote
Missha,,Flat Pack Assembly,,,,,,ID Checked,,,May 2025,https://www.myjobquote.co.uk/t/sk-handyman-maintenance-services,myjobquote
Sk Handyman & Maintenance Services,,Flat Pack Assembly,,,,,,,,,May 2023,https://www.myjobquote.co.uk/t/delfords-handyman-services,myjobquote
Ostadmg,,Flat Pack Assembly,,,,,,ID Checked,,,Dec 2025,https://www.myjobquote.co.uk/t/ostadmg,myjobquote
Ostadmg,,Flat Pack Assembly,,,,,,ID Checked,,,Mar 2024,https://www.myjobquote.co.uk/t/mm-bulider,myjobquote
M.M-Bulider,,Flat Pack Assembly,,,,,,ID Checked,,,Jan 2025,https://www.myjobquote.co.uk/t/greenacres-landscape-general-building,myjobquote
Kiernan murphy,,Flat Pack Assembly,,,,,,ID Checked,,,Nov 2020,https://www.myjobquote.co.uk/t/kiernan-murphy,myjobquote
21st Century Window Cleaning,,Flat Pack Assembly,,,,,,ID Checked,,,Sep 2022,https://www.myjobquote.co.uk/t/21st-century-window-cleaning,myjobquote
Hesflo Services,,Flat Pack Assembly,,,,,,ID Checked,,,Jan 2014,https://www.myjobquote.co.uk/t/hesflo-services,myjobquote
Bruno Costa Trade Services,,Flat Pack Assembly,,,5,42,,,,,,https://www.myjobquote.co.uk/t/bruno-costa-trade-services,myjobquote
Steve Graham,,Flat Pack Assembly,,,5,38,,ID Checked,,,Feb 2023,https://www.myjobquote.co.uk/t/steve-graham,myjobquote
Archeus,,Flat Pack Assembly,,,5,9,,ID Checked,,,Jun 2024,https://www.myjobquote.co.uk/t/archeus,myjobquote
Legacy joinery,,Flat Pack Assembly,,,5,3,,ID Checked,,,May 2024,https://www.myjobquote.co.uk/t/legacy-joinery,myjobquote
Perfect interior,,Flat Pack Assembly,,,5,8,,ID Checked,,,Jan 2026,https://www.myjobquote.co.uk/t/perfect-interior-1,myjobquote
Handyman,,Flat Pack Assembly,,,5,13,,ID Checked,,,Aug 2024,https://www.myjobquote.co.uk/t/handyman-485,myjobquote
Serafin Joinery,,Flat Pack Assembly,,,5,13,,ID Checked,,,Jan 2025,https://www.myjobquote.co.uk/t/serafin-joinery,myjobquote
The Professional Group Ltd,,Flat Pack Assembly,,,5,7,,ID Checked,,,Jan 2024,https://www.myjobquote.co.uk/t/the-professional-group-ltd,myjobquote
Handyman Extraordinaire,,Flat Pack Assembly,,,5,71,,ID Checked,,,Jul 2025,https://www.myjobquote.co.uk/t/handyman-extraordinaire,myjobquote
Cal Security,,Flat Pack Assembly,,,4.8,4,,Public Liability Insurance,,,Oct 2019,https://www.myjobquote.co.uk/t/cal-security,myjobquote
Shaun bozier home improvements,,Flat Pack Assembly,,,5,236,,ID Checked,,,Oct 2025,https://www.myjobquote.co.uk/t/shaun-bozier-home-improvements,myjobquote
Mark Traynor,,Flat Pack Assembly,,,5,2,,ID Checked,,,Mar 2022,https://www.myjobquote.co.uk/t/mark-traynor,myjobquote
CM facilities,,Flat Pack Assembly,,,5,5,,ID Checked,,,Feb 2026,https://www.myjobquote.co.uk/t/cm-facilities,myjobquote
Fastline Direct,,Flat Pack Assembly,,,5,3,,ID Checked,,,Feb 2026,https://www.myjobquote.co.uk/t/fastline-direct,myjobquote
Kenneth Farrell,,Flat Pack Assembly,,,5,20,,ID Checked,,,Aug 2024,https://www.myjobquote.co.uk/t/kenneth-farrell,myjobquote
MyHandybro,,Flat Pack Assembly,,,5,44,,Public Liability Insurance,,,Mar 2023,https://www.myjobquote.co.uk/t/myhandybro,myjobquote
ANGLE BUILDING COMPANY,,Flat Pack Assembly,,,5,3,,ID Checked,,,Apr 2024,https://www.myjobquote.co.uk/t/angle-building-company,myjobquote
OLM Property Solutions Ltd,,Flat Pack Assembly,,,5,6,,ID Checked,,,Jun 2025,https://www.myjobquote.co.uk/t/olm-property-solutions-ltd,myjobquote
Douglas RK,,Flat Pack Assembly,,,5,1,,Public Liability Insurance,,,Mar 2021,https://www.myjobquote.co.uk/t/douglas-rk,myjobquote
Castleline Handyman Services,,Flat Pack Assembly,,,4,1,,ID Checked,,,Jun 2025,https://www.myjobquote.co.uk/t/castleline-handyman-services,myjobquote
Reliable property services,,Flat Pack Assembly,,,5,4,,,,,,https://www.myjobquote.co.uk/t/reliable-property-services,myjobquote
Kenneth reid,,Flat Pack Assembly,,,5,1,,Public Liability Insurance,,,Oct 2023,https://www.myjobquote.co.uk/t/kenneth-reid,myjobquote
SC Joinery & Flooring,,Flat Pack Assembly,,,5,1,,ID Checked,,,Feb 2026,https://www.myjobquote.co.uk/t/sc-joinery-flooring,myjobquote
Art & Decor,,Flat Pack Assembly,,,5,12,,ID Checked,,,Jan 2026,https://www.myjobquote.co.uk/t/art-decor-1,myjobquote
Home Repairs,,Flat Pack Assembly,,,5,8,,ID Checked,,,Feb 2020,https://www.myjobquote.co.uk/t/home-repairs-4,myjobquote
Handy Gav,,Flat Pack Assembly,,,5,3,,ID Checked,,,Aug 2025,https://www.myjobquote.co.uk/t/handy-gav,myjobquote
Property Maintenance Services,,Flat Pack Assembly,,,5,10,,Public Liability Insurance,,,Jan 2026,https://www.myjobquote.co.uk/t/property-maintenance-services-9,myjobquote
Falkirk Furnishing company,,Flat Pack Assembly,,,5,5,,Public Liability Insurance,,,Jan 2025,https://www.myjobquote.co.uk/t/falkirk-furnishing-company,myjobquote
E.M Home Repair,,Flat Pack Assembly,,,5,2,,Public Liability Insurance,,,Jun 2024,https://www.myjobquote.co.uk/t/em-home-repair,myjobquote
Bright Worx Scotland,,Flat Pack Assembly,,,5,7,,ID Checked,,,Nov 2025,https://www.myjobquote.co.uk/t/bright-worx-scotland,myjobquote
Handywomenworks,,Flat Pack Assembly,,,5,26,,ID Checked,,,Nov 2017,https://www.myjobquote.co.uk/t/handywomenworks,myjobquote
R Hunter Joinery Services,,Flat Pack Assembly,,,4,14,,ID Checked,,,May 2025,https://www.myjobquote.co.uk/t/r-hunter-joinery-services,myjobquote
Home Experts,,Flat Pack Assembly,,,5,7,,Public Liability Insurance,,,Nov 2018,https://www.myjobquote.co.uk/t/home-experts,myjobquote
3Sixty Home Services,,Flat Pack Assembly,,,5,8,,ID Checked,,,Apr 2023,https://www.myjobquote.co.uk/t/3sixty-home-services,myjobquote
AJ Joinery,,Flat Pack Assembly,,,5,6,,ID Checked,,,Apr 2025,https://www.myjobquote.co.uk/t/aj-joinery-10,myjobquote
Boltfix,,Flat Pack Assembly,,,5,20,,ID Checked,,,Jun 2025,https://www.myjobquote.co.uk/t/boltfix,myjobquote
Mike&#039;s Builders Ltd,,Flat Pack Assembly,,,4.8,32,,ID Checked,,,Aug 2024,https://www.myjobquote.co.uk/t/mikes-builders-ltd,myjobquote
James McIntosh,,Flat Pack Assembly,,,5,1,,Public Liability Insurance,,,Mar 2023,https://www.myjobquote.co.uk/t/james-mcintosh,myjobquote
Sean Paul Mackie,,Flat Pack Assembly,,,5,3,,ID Checked,,,Dec 2019,https://www.myjobquote.co.uk/t/sean-paul-mackie,myjobquote
A Clean Society,,Flat Pack Assembly,,,,,,ID Checked,,,Apr 2019,https://www.myjobquote.co.uk/t/a-clean-society,myjobquote
Paints row,,Flat Pack Assembly,,,,,,,,,,https://www.myjobquote.co.uk/t/paints-row,myjobquote
QAP Decorating,,Flat Pack Assembly,,,,,,ID Checked,,,Nov 2023,https://www.myjobquote.co.uk/t/qap-decorating,myjobquote
Michael burnett,,Flat Pack Assembly,,,,,,ID Checked,,,Feb 2025,https://www.myjobquote.co.uk/t/michael-burnett,myjobquote
Mike Jones,,Flat Pack Assembly,,,,,,,,,Jul 2024,https://www.myjobquote.co.uk/t/mike-jones-4,myjobquote
JB Services,,Flat Pack Assembly,,,,,,ID Checked,,,Mar 2026,https://www.myjobquote.co.uk/t/jb-services-22,myjobquote
EdiFix,,Flat Pack Assembly,,,,,,ID Checked,,,Aug 2025,https://www.myjobquote.co.uk/t/edifix,myjobquote
Ben Lee,,Flat Pack Assembly,,,,,,ID Checked,,,Mar 2022,https://www.myjobquote.co.uk/t/ben-lee-1,myjobquote
Apex home improvements,,Flat Pack Assembly,,,,,,ID Checked,,,Jul 2025,https://www.myjobquote.co.uk/t/apex-home-improvements-4,myjobquote
Hayward Fit and Fix,,Flat Pack Assembly,,,,,,ID Checked,,,Sep 2020,https://www.myjobquote.co.uk/t/hayward-fit-and-fix,myjobquote
Dhray,,Flat Pack Assembly,,,,,,ID Checked,,,Jul 2025,https://www.myjobquote.co.uk/t/dhray,myjobquote
Dhray,,Flat Pack Assembly,,,,,,,,,Jun 2025,https://www.myjobquote.co.uk/t/oc-mass,myjobquote
Shaz Handyman service,,Flat Pack Assembly,,,,,,ID Checked,,,Dec 2023,https://www.myjobquote.co.uk/t/shaz-handyman-service,myjobquote
Shaheen,,Flat Pack Assembly,,,,,,,,,Jan 2025,https://www.myjobquote.co.uk/t/shaheen-2,myjobquote
Dimitar Mechkov,,Flat Pack Assembly,,,,,,,,,Dec 2025,https://www.myjobquote.co.uk/t/dimitar-mechkov,myjobquote
Dimitar Mechkov,,Flat Pack Assembly,,,,,,,,,Dec 2023,https://www.myjobquote.co.uk/t/blanco-enterprises,myjobquote
Blanco enterprises,,Flat Pack Assembly,,,,,,,,,Apr 2022,https://www.myjobquote.co.uk/t/handy-andy-26,myjobquote
Zakaria,,Flat Pack Assembly,,,,,,,,,Jan 2024,https://www.myjobquote.co.uk/t/zakaria-12,myjobquote
Jakob renowation,,Flat Pack Assembly,,,,,,ID Checked,,,Nov 2025,https://www.myjobquote.co.uk/t/jakob-renowation,myjobquote
You Think We Do,,Flat Pack Assembly,,,,,,ID Checked,,,Jan 2023,https://www.myjobquote.co.uk/t/you-think-we-do,myjobquote
Handyman Darek,,Flat Pack Assembly,,,,,,ID Checked,,,Oct 2024,https://www.myjobquote.co.uk/t/handyman-darek,myjobquote
Profixer,,Flat Pack Assembly,,,,,,,,,,https://www.myjobquote.co.uk/t/profixer-1,myjobquote
Mehmet Fixes Ltd,,Flat Pack Assembly,,,,,,,,,Feb 2026,https://www.myjobquote.co.uk/t/mehmet-fixes-ltd,myjobquote
Eugene the handyman,,Flat Pack Assembly,,,,,,ID Checked,,,Feb 2026,https://www.myjobquote.co.uk/t/eugene-the-handyman,myjobquote
A T Pliers,,Flat Pack Assembly,,,,,,ID Checked,,,Mar 2025,https://www.myjobquote.co.uk/t/a-t-pliers,myjobquote
Many hands,,Flat Pack Assembly,,,,,,ID Checked,,,Mar 2025,https://www.myjobquote.co.uk/t/many-hands,myjobquote
Many hands,,Flat Pack Assembly,,,,,,ID Checked,,,Dec 2024,https://www.myjobquote.co.uk/t/sahin-1,myjobquote
Handyman construction projects,,Flat Pack Assembly,,,,,,ID Checked,,,Sep 2025,https://www.myjobquote.co.uk/t/handyman-construction-projects,myjobquote
Oaktreescotland,,Flat Pack Assembly,,,,,,ID Checked,,,Jul 2025,https://www.myjobquote.co.uk/t/oaktreescotland,myjobquote
Oaktreescotland,,Flat Pack Assembly,,,,,,ID Checked,,,Jul 2023,https://www.myjobquote.co.uk/t/deklyn,myjobquote
Burnhead crescent building & gardening services,,Flat Pack Assembly,,,,,,,,,Jan 2022,https://www.myjobquote.co.uk/t/burnhead-crescent-building-gardening-services,myjobquote
SBServices,,Flat Pack Assembly,,,,,,ID Checked,,,Aug 2024,https://www.myjobquote.co.uk/t/sbservices-2,myjobquote
RN services,,Flat Pack Assembly,,,,,,ID Checked,,,Sep 2025,https://www.myjobquote.co.uk/t/rn-services,myjobquote
Ryan&#039;s service&#039;s,,Flat Pack Assembly,,,,,,ID Checked,,,Aug 2022,https://www.myjobquote.co.uk/t/ryans-services-1,myjobquote
Ryan&#039;s service&#039;s,,Flat Pack Assembly,,,,,,ID Checked,,,Jul 2024,https://www.myjobquote.co.uk/t/sj-joinery-6,myjobquote
Made in the Moon,,Flat Pack Assembly,,,,,,,,,May 2025,https://www.myjobquote.co.uk/t/made-in-the-moon,myjobquote
RH PROPERTY SERVICES,,Flat Pack Assembly,,,,,,,,,Dec 2022,https://www.myjobquote.co.uk/t/rh-property-services-4,myjobquote
Ian McLelland,,Flat Pack Assembly,,,5,4,,,,,Jan 2025,https://www.myjobquote.co.uk/t/ian-mclelland,myjobquote
RT Services,,Flat Pack Assembly,,,5,2,,ID Checked,,,Dec 2018,https://www.myjobquote.co.uk/t/rt-services-3,myjobquote
Orlyanskyy,,Flat Pack Assembly,,,5,1,,ID Checked,,,Jan 2026,https://www.myjobquote.co.uk/t/orlyanskyy,myjobquote
Euan Davidson,,Flat Pack Assembly,,,5,2,,ID Checked,,,Jan 2025,https://www.myjobquote.co.uk/t/euan-davidson,myjobquote
AB Joinery,,Flat Pack Assembly,,,5,1,,,,,,https://www.myjobquote.co.uk/t/ab-joinery-9,myjobquote
Pete&#039;s Painting & Decorating,,Flat Pack Assembly,,,5,3,,ID Checked,,,Jun 2025,https://www.myjobquote.co.uk/t/petes-painting-decorating,myjobquote
All Fixed Up,,Flat Pack Assembly,,,5,1,,ID Checked,,,Mar 2025,https://www.myjobquote.co.uk/t/all-fixed-up,myjobquote
Vadim,,Flat Pack Assembly,,,,,,ID Checked,,,Feb 2015,https://www.myjobquote.co.uk/t/vadim-4,myjobquote
Vadim,,Flat Pack Assembly,,,,,,,,,Nov 2023,https://www.myjobquote.co.uk/t/moses-painting,myjobquote
Sifis,,Flat Pack Assembly,,,,,,ID Checked,,,Aug 2025,https://www.myjobquote.co.uk/t/sifis,myjobquote
Goodluck,,Flat Pack Assembly,,,,,,,,,Nov 2024,https://www.myjobquote.co.uk/t/goodluck-1,myjobquote
Antil construction,,Flat Pack Assembly,,,,,,ID Checked,,,Mar 2025,https://www.myjobquote.co.uk/t/antil-construction,myjobquote
Quigley co,,Flat Pack Assembly,,,,,,ID Checked,,,Jan 2025,https://www.myjobquote.co.uk/t/quigley-co,myjobquote
Handy Frank,,Flat Pack Assembly,,,,,,,,,Dec 2024,https://www.myjobquote.co.uk/t/handy-frank,myjobquote
Handy Frank,,Flat Pack Assembly,,,,,,,,,Jul 2024,https://www.myjobquote.co.uk/t/doherty-2,myjobquote
orce afaceri nus priceput dar stiu cat de cat mă descurc,,Flat Pack Assembly,,,,,,,,,Jul 2025,https://www.myjobquote.co.uk/t/orce-afaceri-nus-priceput-dar-stiu-cat-de-cat-ma-descurc,myjobquote
orce afaceri nus priceput dar stiu cat de cat mă descurc,,Flat Pack Assembly,,,,,,,,,Jun 2024,https://www.myjobquote.co.uk/t/j-norrie-handyman-services,myjobquote
J norrie handyman services,,Flat Pack Assembly,,,,,,ID Checked,,,Feb 2026,https://www.myjobquote.co.uk/t/blackhall-handyman-services,myjobquote
Roseburn Rapid Repairs,,Flat Pack Assembly,,,,,,ID Checked,,,May 2023,https://www.myjobquote.co.uk/t/roseburn-rapid-repairs,myjobquote
Roseburn Rapid Repairs,,Flat Pack Assembly,,,,,,,,,Aug 2023,https://www.myjobquote.co.uk/t/tomasz-wojcik,myjobquote
Garry Combe,,Flat Pack Assembly,,,,,,,,,Oct 2024,https://www.myjobquote.co.uk/t/garry-combe,myjobquote
Garry Combe,,Flat Pack Assembly,,,,,,ID Checked,,,Jul 2025,https://www.myjobquote.co.uk/t/jl-joinery-limited,myjobquote
MMMServices,,Flat Pack Assembly,,,,,,ID Checked,,,Dec 2023,https://www.myjobquote.co.uk/t/mmmservices,myjobquote
MMMServices,,Flat Pack Assembly,,,,,,,,,Jun 2022,https://www.myjobquote.co.uk/t/aidar-i,myjobquote
Affordable Handyman,,Flat Pack Assembly,,,5,18,,,,,,https://www.myjobquote.co.uk/t/affordable-handyman-2,myjobquote
Fayre Price,,Flat Pack Assembly,,,5,11,,ID Checked,,,Feb 2026,https://www.myjobquote.co.uk/t/fayre-price,myjobquote
CamdiyMAN,,Flat Pack Assembly,,,5,8,,ID Checked,,,Feb 2020,https://www.myjobquote.co.uk/t/camdiyman,myjobquote
Craig Vickery,,Flat Pack Assembly,,,5,9,,Public Liability Insurance,,,Sep 2025,https://www.myjobquote.co.uk/t/craig-vickery,myjobquote
Fraser watt,,Flat Pack Assembly,,,5,13,,ID Checked,,,Mar 2022,https://www.myjobquote.co.uk/t/fraser-watt,myjobquote
Flat Pack Frankie,,Flat Pack Assembly,,,5,71,,Public Liability Insurance,,,Jul 2025,https://www.myjobquote.co.uk/t/flat-pack-frankie,myjobquote
Craig&#039;s Contracts,,Flat Pack Assembly,,,5,7,,ID Checked,,,Apr 2024,https://www.myjobquote.co.uk/t/craigs-contracts,myjobquote
AM Property Solutions,,Flat Pack Assembly,,,5,2,,ID Checked,,,Jan 2025,https://www.myjobquote.co.uk/t/am-property-solutions-1,myjobquote
KCR Services,,Flat Pack Assembly,,,5,3,,ID Checked,,,Jul 2025,https://www.myjobquote.co.uk/t/kcr-services,myjobquote
Billi handyman,,Flat Pack Assembly,,,5,18,,Public Liability Insurance,,,Oct 2025,https://www.myjobquote.co.uk/t/billi-handyman,myjobquote
Jamie fowles,,Flat Pack Assembly,,,5,1,,ID Checked; Public Liability Insurance,,,Dec 2024,https://www.myjobquote.co.uk/t/jamie-fowles,myjobquote
William Cameron&#039;s Handyman & Electrical Services,,Flat Pack Assembly,,,5,3,,ID Checked,,,Feb 2026,https://www.myjobquote.co.uk/t/william-camerons-handyman-electrical-services,myjobquote
DARA Property Maintenance,,Flat Pack Assembly,,,5,24,,Public Liability Insurance,,,Jan 2026,https://www.myjobquote.co.uk/t/dara-property-maintenance,myjobquote
WeWork Homes,,Flat Pack Assembly,,,5,5,,ID Checked,,,Nov 2025,https://www.myjobquote.co.uk/t/wework-homes,myjobquote
Sadegh,,Flat Pack Assembly,,,4,,,ID Checked,,,Oct 2018,https://www.myjobquote.co.uk/t/sadegh,myjobquote
Sadegh,,Flat Pack Assembly,,,,,,ID Checked,,,Jun 2023,https://www.myjobquote.co.uk/t/handyman-482,myjobquote
Rucus,,Flat Pack Assembly,,,,,,,,,Jan 2025,https://www.myjobquote.co.uk/t/rucus,myjobquote
yerod,,Flat Pack Assembly,,,,,,,,,Feb 2024,https://www.myjobquote.co.uk/t/yerod,myjobquote
yerod,,Flat Pack Assembly,,,,,,,,,Oct 2024,https://www.myjobquote.co.uk/t/paloma-1,myjobquote
paloma,,Flat Pack Assembly,,,,,,,,,Oct 2024,https://www.myjobquote.co.uk/t/kna-property-maintenance,myjobquote
KNA PROPERTY MAINTENANCE,,Flat Pack Assembly,,,,,,,,,Mar 2023,https://www.myjobquote.co.uk/t/stally-contracts,myjobquote
Inex Property Glasgow,,Flat Pack Assembly,,,5,2,,,,,Mar 2024,https://www.myjobquote.co.uk/t/inex-property-glasgow,myjobquote
Proclean,,Flat Pack Assembly,,,5,1,,ID Checked,,,Jun 2025,https://www.myjobquote.co.uk/t/proclean-7,myjobquote
Leaf It clean gardens,,Flat Pack Assembly,,,5,1,,ID Checked,,,Feb 2026,https://www.myjobquote.co.uk/t/leaf-it-clean-gardens,myjobquote
Thistle Property Services,,Flat Pack Assembly,,,4.9,19,,,,,,https://www.myjobquote.co.uk/t/thistle-property-services,myjobquote
Acorn Group,,Flat Pack Assembly,,,5,8,,ID Checked,,,Sep 2023,https://www.myjobquote.co.uk/t/acorn-group,myjobquote
Mitchell property care,,Flat Pack Assembly,,,4,6,,ID Checked,,,Aug 2024,https://www.myjobquote.co.uk/t/mitchell-property-care,myjobquote
Scott Mcleod Property Services,,Flat Pack Assembly,,,5,37,,ID Checked,,,Feb 2025,https://www.myjobquote.co.uk/t/scott-mcleod-property-services,myjobquote
Handy Andy,,Flat Pack Assembly,,,4,2,,ID Checked,,,Oct 2020,https://www.myjobquote.co.uk/t/handy-andy-38,myjobquote
The HandyMan,,Flat Pack Assembly,,,5,1,,ID Checked,,,Feb 2024,https://www.myjobquote.co.uk/t/the-handyman-34,myjobquote
CJA home improvements,,Flat Pack Assembly,,,5,53,,ID Checked,,,Apr 2025,https://www.myjobquote.co.uk/t/cja-home-improvements,myjobquote
Tomasz Property Refurbishment,,Flat Pack Assembly,,,5,1,,ID Checked,,,Nov 2020,https://www.myjobquote.co.uk/t/tomasz-property-refurbishment,myjobquote
Sinao Ltd,,Flat Pack Assembly,,,4,1,,ID Checked,,,Feb 2025,https://www.myjobquote.co.uk/t/sinao-ltd,myjobquote
A and N home improvements,,Flat Pack Assembly,,,4.6,7,,ID Checked,,,Feb 2024,https://www.myjobquote.co.uk/t/a-and-n-home-improvements,myjobquote
BeFree Handyman & Cleaning Service,,Flat Pack Assembly,,,5,4,,ID Checked,,,Nov 2024,https://www.myjobquote.co.uk/t/befree-handyman-cleaning-service,myjobquote
AAA Handymen,,Flat Pack Assembly,,,4.9,21,,ID Checked,,,Dec 2022,https://www.myjobquote.co.uk/t/aaa-handymen-2,myjobquote
Spark and Wrench,,Flat Pack Assembly,,,5,1,,ID Checked,,,Apr 2024,https://www.myjobquote.co.uk/t/spark-and-wrench,myjobquote
proassembly,,Flat Pack Assembly,,,5,3,,,,,Jun 2024,https://www.myjobquote.co.uk/t/proassembly,myjobquote
A-Z  Property maintenance,,Flat Pack Assembly,,,,,,ID Checked,,,Apr 2024,https://www.myjobquote.co.uk/t/a-z-property-maintenance-3,myjobquote
Just move,,Flat Pack Assembly,,,5,2,,ID Checked,,,Mar 2024,https://www.myjobquote.co.uk/t/just-move,myjobquote
Handyman G,,Flat Pack Assembly,,,5,3,,ID Checked,,,Dec 2023,https://www.myjobquote.co.uk/t/handyman-g,myjobquote
AlexM.,,Flat Pack Assembly,,,5,5,,ID Checked,,,Aug 2020,https://www.myjobquote.co.uk/t/alexm-2,myjobquote
Charlie Miller Plumbing and Heating,,Flat Pack Assembly,,,4.9,32,,ID Checked,,,May 2023,https://www.myjobquote.co.uk/t/charlie-miller-plumbing-and-heating,myjobquote
Fl pros,,Flat Pack Assembly,,,4.9,7,,ID Checked,,,Feb 2023,https://www.myjobquote.co.uk/t/fl-pros,myjobquote
HomePro Handyman Glasgow,,Flat Pack Assembly,,,5,1,,,,,,https://www.myjobquote.co.uk/t/homepro-handyman-glasgow,myjobquote
None of,,Flat Pack Assembly,,,4.5,2,,ID Checked; Public Liability Insurance,,,Jul 2022,https://www.myjobquote.co.uk/t/none-of-1,myjobquote
AGGYM SERVICES,,Flat Pack Assembly,,,5,1,,ID Checked,,,Feb 2021,https://www.myjobquote.co.uk/t/aggym-services,myjobquote
HSS home solution services,,Flat Pack Assembly,,,5,7,,ID Checked,,,Mar 2021,https://www.myjobquote.co.uk/t/hss-home-solution-services,myjobquote
RolandKeszeg,,Flat Pack Assembly,,,5,2,,,,,Jan 2020,https://www.myjobquote.co.uk/t/rolandkeszeg,myjobquote
weslok,,Flat Pack Assembly,,,5,1,,ID Checked,,,Nov 2020,https://www.myjobquote.co.uk/t/weslok,myjobquote
student,,Flat Pack Assembly,,,,,,ID Checked,,,Aug 2018,https://www.myjobquote.co.uk/t/student-17,myjobquote
student,,Flat Pack Assembly,,,,,,,,,Mar 2023,https://www.myjobquote.co.uk/t/mel-harvey-engineering-ltd,myjobquote
Justin Nezianya,,Flat Pack Assembly,,,,,,ID Checked,,,Feb 2023,https://www.myjobquote.co.uk/t/justin-nezianya,myjobquote
Justin Nezianya,,Flat Pack Assembly,,,,,,ID Checked,,,Apr 2024,https://www.myjobquote.co.uk/t/sbba-limited,myjobquote
MDJ Property Maintenance,,Flat Pack Assembly,,,,,,ID Checked,,,Jan 2017,https://www.myjobquote.co.uk/t/mdj-property-maintenance,myjobquote
Skyline builders & decors,,Flat Pack Assembly,,,,,,ID Checked,,,Mar 2026,https://www.myjobquote.co.uk/t/skyline-builders-decors,myjobquote
archdeco_studio,,Flat Pack Assembly,,,,,,,,,May 2024,https://www.myjobquote.co.uk/t/archdeco-studio,myjobquote
Rapid Refurbs Ltd,,Flat Pack Assembly,,,,,,ID Checked,,,Nov 2017,https://www.myjobquote.co.uk/t/rapid-refurbs-ltd,myjobquote
PejiHandyma Glasgow,,Flat Pack Assembly,,,,,,ID Checked,,,Apr 2020,https://www.myjobquote.co.uk/t/pejihandyma-glasgow,myjobquote
Sorrel,,Flat Pack Assembly,,,,,,,,,May 2025,https://www.myjobquote.co.uk/t/sorrel,myjobquote
Sorrel,,Flat Pack Assembly,,,,,,,,,Jan 2026,https://www.myjobquote.co.uk/t/artisan-property-and-garden,myjobquote
kalifornia,,Flat Pack Assembly,,,,,,,,,Jan 2025,https://www.myjobquote.co.uk/t/kalifornia,myjobquote
kalifornia,,Flat Pack Assembly,,,,,,,,,Jul 2023,https://www.myjobquote.co.uk/t/flatpack-magic,myjobquote
themather3.14,,Flat Pack Assembly,,,,,,ID Checked,,,Dec 2025,https://www.myjobquote.co.uk/t/themather314,myjobquote
A Team,,Flat Pack Assembly,,,,,,,,,,https://www.myjobquote.co.uk/t/a-team-1,myjobquote
DMHANDY,,Flat Pack Assembly,,,,,,ID Checked,,,Jan 2026,https://www.myjobquote.co.uk/t/dmhandy,myjobquote
Handyman-East,,Flat Pack Assembly,,,,,,,,,Feb 2026,https://www.myjobquote.co.uk/t/handyman-east,myjobquote
Andy handy,,Flat Pack Assembly,,,,,,,,,Feb 2026,https://www.myjobquote.co.uk/t/andy-handy-1,myjobquote
Phil Thain,,Flat Pack Assembly,,,,,,,,,Dec 2024,https://www.myjobquote.co.uk/t/phil-thain,myjobquote
Scot HandyPro Solutions,,Flat Pack Assembly,,,,,,,,,Feb 2024,https://www.myjobquote.co.uk/t/scot-handypro-solutions,myjobquote
B Kennedy,,Flat Pack Assembly,,,,,,ID Checked,,,Dec 2025,https://www.myjobquote.co.uk/t/b-kennedy,myjobquote
Glasgow Handyman,,Flat Pack Assembly,,,,,,ID Checked,,,Oct 2024,https://www.myjobquote.co.uk/t/glasgow-handyman,myjobquote
RC Handy Services,,Flat Pack Assembly,,,,,,ID Checked,,,Sep 2024,https://www.myjobquote.co.uk/t/rc-handy-services,myjobquote
RC Handy Services,,Flat Pack Assembly,,,,,,ID Checked,,,Jul 2025,https://www.myjobquote.co.uk/t/m-contracts-ltd,myjobquote
M Contracts ltd,,Flat Pack Assembly,,,,,,ID Checked,,,Apr 2024,https://www.myjobquote.co.uk/t/cjb-services,myjobquote
Dc input,,Flat Pack Assembly,,,,,,,,,Jun 2022,https://www.myjobquote.co.uk/t/dc-input,myjobquote
Arthur Joinery,,Flat Pack Assembly,,,,,,ID Checked,,,Aug 2023,https://www.myjobquote.co.uk/t/arthur-joinery,myjobquote
Arthur Joinery,,Flat Pack Assembly,,,,,,ID Checked,,,Nov 2024,https://www.myjobquote.co.uk/t/cw-maintenance-1,myjobquote
Southside Handyman,,Flat Pack Assembly,,,,,,ID Checked,,,Jan 2026,https://www.myjobquote.co.uk/t/southside-handyman,myjobquote
Lukas,,Flat Pack Assembly,,,,,,,,,Mar 2025,https://www.myjobquote.co.uk/t/lukas-34,myjobquote
Ony Work,,Flat Pack Assembly,,,,,,ID Checked,,,May 2024,https://www.myjobquote.co.uk/t/ony-work,myjobquote
C.A.A.R Removals,,Flat Pack Assembly,,,,,,ID Checked,,,Aug 2021,https://www.myjobquote.co.uk/t/caar-removals,myjobquote
House doctor,,Flat Pack Assembly,,,,,,,,,Mar 2024,https://www.myjobquote.co.uk/t/house-doctor-1,myjobquote
House doctor,,Flat Pack Assembly,,,,,,,,,Nov 2024,https://www.myjobquote.co.uk/t/kenan,myjobquote
GEF Services,,Flat Pack Assembly,,,5,18,,ID Checked,,,2024,https://www.myjobquote.co.uk/t/gef-services,myjobquote
Gergely Gyurka,,Flat Pack Assembly,,,5,12,,ID Checked; Public Liability Insurance,,,2023,https://www.myjobquote.co.uk/t/gergely-gyurka,myjobquote
David,,Flat Pack Assembly,,,5,8,,ID Checked,,,2020,https://www.myjobquote.co.uk/t/david-303,myjobquote
NEUBUILDs,,Flat Pack Assembly,,,5,5,,ID Checked,,,2008,https://www.myjobquote.co.uk/t/neubuilds,myjobquote
Jorge,,Flat Pack Assembly,,,5,3,,ID Checked,,,2025,https://www.myjobquote.co.uk/t/jorge-15,myjobquote
Fayz Service,,Flat Pack Assembly,,,5,2,,ID Checked,,,Jan 2026,https://www.myjobquote.co.uk/t/fayz-service-1,myjobquote
Salbas ltd,,Flat Pack Assembly,,,5,24,,ID Checked,,,2014,https://www.myjobquote.co.uk/t/salbas-ltd,myjobquote
Anadimukt construction,,Flat Pack Assembly,,,5,6,,ID Checked,,,2022,https://www.myjobquote.co.uk/t/anadimukt-construction,myjobquote
Steve & Dean,,Flat Pack Assembly,,,5,3,,ID Checked,,,2004,https://www.myjobquote.co.uk/t/steve-dean,myjobquote
Mavazi builds consultation,,Flat Pack Assembly,,,5,3,,ID Checked,,,Feb 2024,https://www.myjobquote.co.uk/t/mavazi-builds-consultation,myjobquote
Rays Reno,,Flat Pack Assembly,,,5,2,,ID Checked,,,2021,https://www.myjobquote.co.uk/t/rays-reno,myjobquote
Janos Hodoroga,,Flat Pack Assembly,,,5,1,,ID Checked; Public Liability Insurance,,,2020,https://www.myjobquote.co.uk/t/janos-hodoroga,myjobquote
Leadbeater Solutions Ltd,,Flat Pack Assembly,,,5,8,,ID Checked; Public Liability Insurance,,,2015,https://www.myjobquote.co.uk/t/leadbeater-solutions-ltd,myjobquote
Perfect,,Flat Pack Assembly,,,5,1,07441441596,ID Checked,,,Jan 2025,https://www.myjobquote.co.uk/t/perfect-1,myjobquote
PHMMOT,,Flat Pack Assembly,,,5,21,,ID Checked,,,2020,https://www.myjobquote.co.uk/t/phmmot,myjobquote
Matthew John,,Flat Pack Assembly,,,5,14,,ID Checked,,,2024,https://www.myjobquote.co.uk/t/matthew-john,myjobquote
Eraldo,,Flat Pack Assembly,,,5,7,,ID Checked,,,2007,https://www.myjobquote.co.uk/t/eraldo-2,myjobquote
Reza.k,,Flat Pack Assembly,,,5,4,,ID Checked,,,Sep 2025,https://www.myjobquote.co.uk/t/rezak,myjobquote
Evaldas Radavicius,,Flat Pack Assembly,,,5,10,,ID Checked,,,2022,https://www.myjobquote.co.uk/t/evaldas-radavicius,myjobquote
GHK Trade Ltd,,Flat Pack Assembly,,,5,5,,ID Checked,,,2025,https://www.myjobquote.co.uk/t/ghk-trade-ltd,myjobquote
Leonid Chubko,,Flat Pack Assembly,,,5,1,,ID Checked,,,2025,https://www.myjobquote.co.uk/t/leonid-chubko,myjobquote
Kurbonali,,Flat Pack Assembly,,,5,1,,ID Checked,,,Feb 2026,https://www.myjobquote.co.uk/t/kurbonali,myjobquote
My Property Repair,,Flat Pack Assembly,,,5,1,,ID Checked; Public Liability Insurance,,,Jan 2026,https://www.myjobquote.co.uk/t/my-property-repair,myjobquote
Robert,,Flat Pack Assembly,,,5,26,,ID Checked; Public Liability Insurance,,,2002,https://www.myjobquote.co.uk/t/robert-152,myjobquote
KS Furniture Assembly,,Flat Pack Assembly,,,5,23,07451260046,ID Checked,,,2023,https://www.myjobquote.co.uk/t/ks-furniture-assembly,myjobquote
Higgins&Coltd,,Flat Pack Assembly,,,5,19,,ID Checked,,,2012,https://www.myjobquote.co.uk/t/higginscoltd,myjobquote
Manuka construction,,Flat Pack Assembly,,,5,15,07451260273,ID Checked,,,2015,https://www.myjobquote.co.uk/t/manuka-construction,myjobquote
Amaizing Skills LTD,,Flat Pack Assembly,,,5,7,,ID Checked,,,2011,https://www.myjobquote.co.uk/t/amaizing-skills-ltd,myjobquote
Fast Building 2020,,Flat Pack Assembly,,,5,5,,ID Checked,,,2020,https://www.myjobquote.co.uk/t/fast-building-2020,myjobquote
BETTABUILDERS,,Flat Pack Assembly,,,5,3,,ID Checked,,,Apr 2024,https://www.myjobquote.co.uk/t/bettabuilders,myjobquote
BHS Contractors,,Flat Pack Assembly,,,5,3,,ID Checked,,,2016,https://www.myjobquote.co.uk/t/bhs-contractors,myjobquote
GFARRELLLTD,,Flat Pack Assembly,,,5,2,,ID Checked; Public Liability Insurance,,,2021,https://www.myjobquote.co.uk/t/gfarrellltd,myjobquote
Sam’s Flooring,,Flat Pack Assembly,,,5,2,,ID Checked,,,2023,https://www.myjobquote.co.uk/t/sams-flooring,myjobquote
Jdrive,,Flat Pack Assembly,,,5,2,,ID Checked,,,Dec 2025,https://www.myjobquote.co.uk/t/jdrive,myjobquote
FITTINITOUT,,Flat Pack Assembly,,,5,1,,ID Checked,,,2024,https://www.myjobquote.co.uk/t/fittinitout,myjobquote
Romega handyman service,,Flat Pack Assembly,,,5,1,07441473569,ID Checked,,,2007,https://www.myjobquote.co.uk/t/romega-handyman-service,myjobquote
MrHandyman,,Flat Pack Assembly,,,5,1,,ID Checked,,,2017,https://www.myjobquote.co.uk/t/mrhandyman-1,myjobquote
Handyman,,Flat Pack Assembly,,,5,1,,ID Checked,,,Feb 2026,https://www.myjobquote.co.uk/t/handyman-662,myjobquote
Teser,,Flat Pack Assembly,,,5,18,,ID Checked,,,Feb 2026,https://www.myjobquote.co.uk/t/teser,myjobquote
Elite building facilities LTD,,Flat Pack Assembly,,,5,7,,ID Checked; Public Liability Insurance,,,2022,https://www.myjobquote.co.uk/t/elite-building-facilities-ltd,myjobquote
Reenew Handyman,,Flat Pack Assembly,,,4.3,6,,ID Checked,,,2009,https://www.myjobquote.co.uk/t/reenew-handyman,myjobquote
A TO Z SERVICES,,Flat Pack Assembly,,,5,4,,ID Checked,,,2010,https://www.myjobquote.co.uk/t/a-to-z-services,myjobquote
Timothy Sanderson,,Flat Pack Assembly,,,5,3,,ID Checked,,,1995,https://www.myjobquote.co.uk/t/timothy-sanderson,myjobquote
RightHandyMan,,Flat Pack Assembly,,,5,3,,ID Checked; Public Liability Insurance,,,2019,https://www.myjobquote.co.uk/t/righthandyman,myjobquote
K&S London builders,,Flat Pack Assembly,,,5,3,,ID Checked,,,2024,https://www.myjobquote.co.uk/t/ks-london-builders,myjobquote
David Handyman,,Flat Pack Assembly,,,5,2,,ID Checked,,,2013,https://www.myjobquote.co.uk/t/david-handyman,myjobquote
Mladen,,Flat Pack Assembly,,,5,2,,ID Checked,,,Dec 2024,https://www.myjobquote.co.uk/t/mladen-1,myjobquote
ALPHA,,Flat Pack Assembly,,,4,1,,ID Checked,,,2025,https://www.myjobquote.co.uk/t/alpha-13,myjobquote
East London and Essex Decorators,,Flat Pack Assembly,,,5,1,,ID Checked,,,2012,https://www.myjobquote.co.uk/t/east-london-and-essex-decorators,myjobquote
A koukla’s limited,,Flat Pack Assembly,,,5,1,,ID Checked,,,Mar 2025,https://www.myjobquote.co.uk/t/a-kouklas-limited,myjobquote
L & A PROPERTY MAINTENANCE,,Flat Pack Assembly,,,5,1,,ID Checked,,,1995,https://www.myjobquote.co.uk/t/l-a-property-maintenance,myjobquote
Direk Construction,,Flat Pack Assembly,,,5,137,,ID Checked,,,2009,https://www.myjobquote.co.uk/t/direk-construction,myjobquote
Regency Quality Building Services /Handyperson Services,,Flat Pack Assembly,,,5,8,,ID Checked,,,1990,https://www.myjobquote.co.uk/t/regency-quality-building-services-handyperson-services,myjobquote
Handyman services,,Flat Pack Assembly,,,5,7,,ID Checked; Public Liability Insurance,,,1983,https://www.myjobquote.co.uk/t/handyman-services-134,myjobquote
Chipperfield Homes,,Flat Pack Assembly,,,5,7,,ID Checked,,,2018,https://www.myjobquote.co.uk/t/chipperfield-homes,myjobquote
Metro Home services,,Flat Pack Assembly,,,5,3,,ID Checked,,,2018,https://www.myjobquote.co.uk/t/metro-home-services,myjobquote
Zulfikor,,Flat Pack Assembly,,,5,2,,ID Checked,,,2022,https://www.myjobquote.co.uk/t/zulfikor,myjobquote
Anthony,,Flat Pack Assembly,,,5,1,,ID Checked; Public Liability Insurance,,,2020,https://www.myjobquote.co.uk/t/anthony-144,myjobquote
BigBen Movers,,Flat Pack Assembly,,,5,15,,ID Checked,,,2025,https://www.myjobquote.co.uk/t/bigben-movers,myjobquote
DG Facilities Services Ltd,,Flat Pack Assembly,,,5,2,,ID Checked,,,Jul 2025,https://www.myjobquote.co.uk/t/dg-facilities-services-ltd,myjobquote
TONY Ltd,,Flat Pack Assembly,,,5,1,,ID Checked,,,2025,https://www.myjobquote.co.uk/t/tony-ltd-2,myjobquote
Barrett Electrical Services,,Flat Pack Assembly,,,5,1,,ID Checked,,,2009,https://www.myjobquote.co.uk/t/barrett-electrical-services,myjobquote
Handyman Service,,Flat Pack Assembly,,,5,1,,ID Checked,,,2022,https://www.myjobquote.co.uk/t/handyman-service-23,myjobquote
Mihai,,Flat Pack Assembly,,,5,4,,ID Checked,,,Oct 2025,https://www.myjobquote.co.uk/t/mihai-79,myjobquote
SP Handyman,,Flat Pack Assembly,,,5,3,,ID Checked,,,2023,https://www.myjobquote.co.uk/t/sp-handyman-1,myjobquote
W&K Ltd,,Flat Pack Assembly,,,5,2,,ID Checked; Public Liability Insurance,,,Sep 2025,https://www.myjobquote.co.uk/t/wk-ltd,myjobquote
RyanWH,,Flat Pack Assembly,,,5,2,,ID Checked,,,Aug 2025,https://www.myjobquote.co.uk/t/ryanwh,myjobquote
Home Solutionz,,Flat Pack Assembly,,,5,1,,ID Checked,,,2021,https://www.myjobquote.co.uk/t/home-solutionz,myjobquote
AV WORKS,,Flat Pack Assembly,,,5,1,,ID Checked,,,2019,https://www.myjobquote.co.uk/t/av-works,myjobquote
London registration marketing ltd,,Flat Pack Assembly,,,5,1,,ID Checked,,,Sep 2025,https://www.myjobquote.co.uk/t/london-registration-marketing-ltd,myjobquote
De La Cruz  general maintenance,,Flat Pack Assembly,,,5,1,,ID Checked,,,2012,https://www.myjobquote.co.uk/t/de-la-cruz-general-maintenance,myjobquote
Osty Handyman Services,,Flat Pack Assembly,,,5,1,,ID Checked,,,2017,https://www.myjobquote.co.uk/t/osty-handyman-services,myjobquote
Gheorghii,,Flat Pack Assembly,,,5,29,,ID Checked,,,2012,https://www.myjobquote.co.uk/t/gheorghii-1,myjobquote
Mariusz,,Flat Pack Assembly,,,5,8,,ID Checked,,,May 2025,https://www.myjobquote.co.uk/t/mariusz-22,myjobquote
Cristiano Beneti,,Flat Pack Assembly,,,4,5,,ID Checked,,,2020,https://www.myjobquote.co.uk/t/cristiano-beneti,myjobquote
Spot On Handyman,,Flat Pack Assembly,,,5,19,,ID Checked; Public Liability Insurance,,,2016,https://www.myjobquote.co.uk/t/spot-on-handyman,myjobquote
HANDY 24/7 365,,Flat Pack Assembly,,,4.9,18,,ID Checked,,,2020,https://www.myjobquote.co.uk/t/handy-247-365,myjobquote
EagleEye,,Flat Pack Assembly,,,5,6,,ID Checked,,,Mar 2020,https://www.myjobquote.co.uk/t/eagleeye,myjobquote
SD Handy,,Flat Pack Assembly,,,5,2,,ID Checked,,,2024,https://www.myjobquote.co.uk/t/sd-handy,myjobquote
Stephen Webster,,Flat Pack Assembly,,,5,1,,ID Checked,,,,https://www.myjobquote.co.uk/t/stephen-webster,myjobquote
Gc property maintenance,,Flat Pack Assembly,,,5,24,,ID Checked,,,2024,https://www.myjobquote.co.uk/t/gc-property-maintenance-2,myjobquote
First Light,,Flat Pack Assembly,,,5,3,,ID Checked,,,Mar 2024,https://www.myjobquote.co.uk/t/first-light,myjobquote
Murodullo Handyman,,Flat Pack Assembly,,,5,1,,ID Checked,,,Mar 2025,https://www.myjobquote.co.uk/t/murodullo-handyman,myjobquote
FIXnGO,,Flat Pack Assembly,,,5,2,,ID Checked; Public Liability Insurance,,,Dec 2025,https://www.myjobquote.co.uk/t/fixngo,myjobquote
Ginger Chimp Media Ltd,,Flat Pack Assembly,,,5,1,,ID Checked,,,Jul 2025,https://www.myjobquote.co.uk/t/ginger-chimp-media-ltd,myjobquote
AminMak,,Flat Pack Assembly,,,5,10,,ID Checked,,,2022,https://www.myjobquote.co.uk/t/aminmak,myjobquote
Top Tier Workmen,,Flat Pack Assembly,,,5,1,,ID Checked,,,Sep 2023,https://www.myjobquote.co.uk/t/top-tier-workmen,myjobquote
C&B Handyman Services,,Flat Pack Assembly,,,5,37,,ID Checked,,,Nov 2022,https://www.myjobquote.co.uk/t/cb-handyman-services-1,myjobquote
PH Building Construction,,Flat Pack Assembly,,,5,49,,ID Checked,,,Nov 2024,https://www.myjobquote.co.uk/t/ph-building-construction,myjobquote
BB Brick & Beam Construction Ltd,,Flat Pack Assembly,,,5,43,,ID Checked; Public Liability Insurance,,,2012,https://www.myjobquote.co.uk/t/bb-brick-beam-construction-ltd,myjobquote
ZapCo Electrical,,Flat Pack Assembly,,,5,20,,ID Checked; Public Liability Insurance,,,2022,https://www.myjobquote.co.uk/t/zapco-electrical,myjobquote
VDB Wood Work & Maintenance,,Flat Pack Assembly,,,5,19,,ID Checked; Public Liability Insurance,,,2016,https://www.myjobquote.co.uk/t/vdb-wood-work-maintenance,myjobquote
Aaron,,Flat Pack Assembly,,,5,13,,ID Checked; Public Liability Insurance,,,2025,https://www.myjobquote.co.uk/t/aaron-125,myjobquote
SG Renova Ltd,,Flat Pack Assembly,,,5,12,,ID Checked,,,2019,https://www.myjobquote.co.uk/t/sg-renova-ltd,myjobquote
Masterpiecewalls,,Flat Pack Assembly,,,5,10,,ID Checked,,,2018,https://www.myjobquote.co.uk/t/masterpiecewalls,myjobquote
PlatinumCare Property Services,,Flat Pack Assembly,,,5,9,,ID Checked,,,2025,https://www.myjobquote.co.uk/t/platinumcare-property-services,myjobquote
GWS Multi Trade Builders,,Flat Pack Assembly,,,5,4,,ID Checked; Public Liability Insurance,,,1980,https://www.myjobquote.co.uk/t/gws-multi-trade-builders,myjobquote
Laki@insan,,Flat Pack Assembly,,,5,3,,ID Checked,,,2026,https://www.myjobquote.co.uk/t/laki-at-insan,myjobquote
Selfemployed,,Flat Pack Assembly,,,5,2,,ID Checked,,,2007,https://www.myjobquote.co.uk/t/selfemployed-37,myjobquote
Anton quality builders & decorators ltd,,Flat Pack Assembly,,,5,7,,ID Checked,,,2006,https://www.myjobquote.co.uk/t/anton-quality-builders-decorators-ltd,myjobquote
Alin1,,Flat Pack Assembly,,,5,2,,ID Checked,,,2015,https://www.myjobquote.co.uk/t/alin1-1,myjobquote
PH electrical,,Flat Pack Assembly,,,5,4,,ID Checked; Public Liability Insurance,,,2019,https://www.myjobquote.co.uk/t/ph-electrical-2,myjobquote
Godsman Building Maintenance and Pool Services Limited,,Flat Pack Assembly,,,5,25,,ID Checked,,,2022,https://www.myjobquote.co.uk/t/godsman-building-maintenance-and-pool-services-limited,myjobquote
LH Services,,Flat Pack Assembly,,,5,5,,ID Checked,,,2002,https://www.myjobquote.co.uk/t/lh-services-4,myjobquote
Handy Team Ltd,,Flat Pack Assembly,,,5,126,07418349003,ID Checked,,,2022,https://www.myjobquote.co.uk/t/handy-team-ltd,myjobquote
Girard Joseph,,Flat Pack Assembly,,,5,2,,ID Checked,,,Jul 2022,https://www.myjobquote.co.uk/t/girard-joseph,myjobquote
Fiveways Electrical services,,Flat Pack Assembly,,,5,2,,ID Checked,,,2018,https://www.myjobquote.co.uk/t/fiveways-electrical-services,myjobquote
Sp property management,,Flat Pack Assembly,,,4.68,0,,,,,Jan 2024,https://www.myjobquote.co.uk/t/sp-property-management,myjobquote
Sp property management,,Flat Pack Assembly,,,4.5,2,,ID Checked,,,2024,https://www.myjobquote.co.uk/t/rth-property-services,myjobquote
Arun&#039;s Handyman & Electrical Services,,Flat Pack Assembly,,,5,2,,ID Checked,,,2025,https://www.myjobquote.co.uk/t/aruns-handyman-electrical-services,myjobquote
Fixtoday property Maintenance ltd,,Flat Pack Assembly,,,5,1,,ID Checked,,,2023,https://www.myjobquote.co.uk/t/fixtoday-property-maintenance-ltd,myjobquote
Nigel the Handyman,,Flat Pack Assembly,,,5,8,,ID Checked; Public Liability Insurance,,,2024,https://www.myjobquote.co.uk/t/nigel-the-handyman,myjobquote
coope,,Flat Pack Assembly,,,5,1,,ID Checked,,,Jan 2025,https://www.myjobquote.co.uk/t/coope,myjobquote
Groutgleam Streatham and Sydenham,,Flat Pack Assembly,,,5,1,,ID Checked; Public Liability Insurance,,,2025,https://www.myjobquote.co.uk/t/groutgleam-streatham-and-sydenham,myjobquote
Reece,,Flat Pack Assembly,,,5,5,,ID Checked; Public Liability Insurance,,,2026,https://www.myjobquote.co.uk/t/reece-111,myjobquote
Andrejs,,Flat Pack Assembly,,,5,29,,ID Checked,,,2020,https://www.myjobquote.co.uk/t/andrejs,myjobquote
Handyman Odd Job ISE,,Flat Pack Assembly,,,5,4,,ID Checked,,,2025,https://www.myjobquote.co.uk/t/handyman-odd-job-ise,myjobquote
RJs Drylining,,Flat Pack Assembly,,,5,4,,ID Checked,,,2023,https://www.myjobquote.co.uk/t/rjs-drylining,myjobquote
Hand-i,,Flat Pack Assembly,,,5,2,,ID Checked; Public Liability Insurance,,,2013,https://www.myjobquote.co.uk/t/hand-i,myjobquote
GB Handyman Services,,Flat Pack Assembly,,,5,10,,ID Checked,,,Feb 2025,https://www.myjobquote.co.uk/t/gb-handyman-services-1,myjobquote
N.S.H. Handyman Services,,Flat Pack Assembly,,,5,1,,ID Checked; Public Liability Insurance,,,2022,https://www.myjobquote.co.uk/t/nsh-handyman-services,myjobquote
Xl seevices,,Flat Pack Assembly,,,5,4,,ID Checked,,,Dec 2025,https://www.myjobquote.co.uk/t/xl-seevices,myjobquote
handyman services,,Flat Pack Assembly,,,5,12,,ID Checked; Public Liability Insurance,,,2024,https://www.myjobquote.co.uk/t/handyman-services-115,myjobquote
Tamas Koperda,,Flat Pack Assembly,,,4,6,,ID Checked,,,2006,https://www.myjobquote.co.uk/t/tamas-koperda,myjobquote
B&M Landscapes,,Flat Pack Assembly,,,5,9,,ID Checked,,,2025,https://www.myjobquote.co.uk/t/bm-landscapes-2,myjobquote
Multi work,,Flat Pack Assembly,,,5,8,,ID Checked; Public Liability Insurance,,,2006,https://www.myjobquote.co.uk/t/multi-work,myjobquote
TIELO Property Services,,Flat Pack Assembly,,,5,4,,ID Checked,,,2021,https://www.myjobquote.co.uk/t/tielo-property-services,myjobquote
Rapid Rabit,,Flat Pack Assembly,,,5,6,,ID Checked,,,2008,https://www.myjobquote.co.uk/t/rapid-rabit,myjobquote
Lorenzo Handyman Services and Gutter Cleaning,,Flat Pack Assembly,,,5,2,,ID Checked,,,2025,https://www.myjobquote.co.uk/t/lorenzo-handyman-services-and-gutter-cleaning,myjobquote
SPARKLE CONSULTANCY  LTD,,Flat Pack Assembly,,,5,3,,ID Checked; Public Liability Insurance,,,2018,https://www.myjobquote.co.uk/t/sparkle-consultancy-ltd,myjobquote
Joshua Anthony Weller,,Flat Pack Assembly,,,5,5,,ID Checked; Public Liability Insurance,,,2025,https://www.myjobquote.co.uk/t/joshua-anthony-weller,myjobquote
Prime Handyman,,Flat Pack Assembly,,,5,1,,ID Checked,,,2025,https://www.myjobquote.co.uk/t/prime-handyman,myjobquote
Practical Property Solutions,,Flat Pack Assembly,,,4,4,,ID Checked,,,2011,https://www.myjobquote.co.uk/t/practical-property-solutions,myjobquote
Lisa ball,,Flat Pack Assembly,,,5,1,,ID Checked,,,2019,https://www.myjobquote.co.uk/t/lisa-ball,myjobquote
Atlas South Technical Services,,Flat Pack Assembly,,,5,4,,ID Checked; Public Liability Insurance,,,2022,https://www.myjobquote.co.uk/t/atlas-south-technical-services,myjobquote
DedePropertyCare,,Flat Pack Assembly,,,5,1,,ID Checked,,,2013,https://www.myjobquote.co.uk/t/dedepropertycare,myjobquote
Temple Fortune Construction,,Flat Pack Assembly,,,5,7,,ID Checked,,,Oct 2024,https://www.myjobquote.co.uk/t/temple-fortune-construction,myjobquote
Hnl refurbishments,,Flat Pack Assembly,,,5,44,,ID Checked,,,2016,https://www.myjobquote.co.uk/t/hnl-refurbishments,myjobquote
Alexandru,,Flat Pack Assembly,,,5,2,,ID Checked,,,2021,https://www.myjobquote.co.uk/t/alexandru-85,myjobquote
ZakirKhan,,Flat Pack Assembly,,,4.8,9,,ID Checked,,,2024,https://www.myjobquote.co.uk/t/zakirkhan,myjobquote
Noble property maintenance LTD,,Flat Pack Assembly,,,4.8,6,,ID Checked,,,2020,https://www.myjobquote.co.uk/t/noble-property-maintenance-ltd,myjobquote
Zia Ullah,,Flat Pack Assembly,,,5,1,,ID Checked,,,2024,https://www.myjobquote.co.uk/t/zia-ullah,myjobquote
62 kensington ltd,,Flat Pack Assembly,,,4,1,,ID Checked,,,2022,https://www.myjobquote.co.uk/t/62-kensington-ltd,myjobquote
AHS DECO SERVICES,,Flat Pack Assembly,,,5,1,,ID Checked,,,2024,https://www.myjobquote.co.uk/t/ahs-deco-services,myjobquote
Roger,,Flat Pack Assembly,,,4.8,6,,ID Checked,,,May 2024,https://www.myjobquote.co.uk/t/roger-9,myjobquote
Handyman,,Flat Pack Assembly,,,4.8,1,,ID Checked,,,2016,https://www.myjobquote.co.uk/t/handyman-376,myjobquote
Giorgio,,Flat Pack Assembly,,,4.7,3,,ID Checked,,,2017,https://www.myjobquote.co.uk/t/giorgio-2,myjobquote
Ilie T Constructions Ltd,,Flat Pack Assembly,,,5,2,,ID Checked,,,2024,https://www.myjobquote.co.uk/t/ilie-t-constructions-ltd,myjobquote
Buczynski,,Flat Pack Assembly,,,5,1,,ID Checked,,,2012,https://www.myjobquote.co.uk/t/buczynski,myjobquote
Cezar,,Flat Pack Assembly,,,5,1,,ID Checked,,,2015,https://www.myjobquote.co.uk/t/cezar-3,myjobquote
Wiktoria,,Flat Pack Assembly,,,5,1,,ID Checked,,,Oct 2022,https://www.myjobquote.co.uk/t/wiktoria,myjobquote
M&k&j Maintenance service,,Flat Pack Assembly,,,4.9,10,,ID Checked,,,2020,https://www.myjobquote.co.uk/t/mkj-maintenance-service,myjobquote
Property improvements,,Flat Pack Assembly,,,4.5,2,,ID Checked,,,2019,https://www.myjobquote.co.uk/t/property-improvements-1,myjobquote
Jamie Carroll,,Flat Pack Assembly,,,4.5,4,,ID Checked,,,2016,https://www.myjobquote.co.uk/t/jamie-carroll,myjobquote
Handybuild A-Z,,Flat Pack Assembly,,,5,2,,ID Checked,,,2013,https://www.myjobquote.co.uk/t/handybuild-a-z,myjobquote
HandyDan Services,,Flat Pack Assembly,,,4,1,,ID Checked,,,2014,https://www.myjobquote.co.uk/t/handydan-services,myjobquote
non stop maintenance ltd,,Flat Pack Assembly,,,4.68,0,,ID Checked; Public Liability Insurance,,,Feb 2016,https://www.myjobquote.co.uk/t/non-stop-maintenance-ltd,myjobquote
Construction Industry,,Flat Pack Assembly,,,4.68,0,,ID Checked; Public Liability Insurance,,,Sep 2023,https://www.myjobquote.co.uk/t/construction-industry-47,myjobquote
Construction Industry,,Flat Pack Assembly,,,4.68,0,,ID Checked,,,Apr 2025,https://www.myjobquote.co.uk/t/big-belly-builders,myjobquote
Big Belly Builders,,Flat Pack Assembly,,,4.68,0,,ID Checked,,,2015,https://www.myjobquote.co.uk/t/b4best-services-ltd,myjobquote
K & J Services,,Flat Pack Assembly,,,4.68,0,,ID Checked,,,Jan 2025,https://www.myjobquote.co.uk/t/k-j-services,myjobquote
Handy Paws,,Flat Pack Assembly,,,5,2,,Public Liability Insurance,,,Jul 2025,https://www.myjobquote.co.uk/t/handy-paws,myjobquote
BBAdambuilding,,Flat Pack Assembly,,,4.68,0,,ID Checked,,,Jul 2025,https://www.myjobquote.co.uk/t/bbadambuilding,myjobquote
Katkim,,Flat Pack Assembly,,,4.6,8,,ID Checked,,,2017,https://www.myjobquote.co.uk/t/katkim,myjobquote
TorTik,,Flat Pack Assembly,,,5,3,,ID Checked,,,Mar 2025,https://www.myjobquote.co.uk/t/tortik,myjobquote
A Southend Handyman Services,,Flat Pack Assembly,,,5,11,,ID Checked,,,2023,https://www.myjobquote.co.uk/t/a-southend-handyman-services,myjobquote
G W Carpentry And Handyman Services,,Flat Pack Assembly,,,5,3,,ID Checked,,,May 2024,https://www.myjobquote.co.uk/t/g-w-carpentry-and-handyman-services,myjobquote
Prestige Property improvements& maintenance,,Flat Pack Assembly,,,5,7,,ID Checked,,,Sep 2025,https://www.myjobquote.co.uk/t/prestige-property-improvements-maintenance,myjobquote
Handy Doll,,Flat Pack Assembly,,,5,9,,ID Checked,,,2023,https://www.myjobquote.co.uk/t/handy-doll,myjobquote
Zico86,,Flat Pack Assembly,,,5,17,,ID Checked,,,2022,https://www.myjobquote.co.uk/t/zico86,myjobquote
Man Can Do Ltd,,Flat Pack Assembly,,,5,1,,ID Checked; Public Liability Insurance,,,2024,https://www.myjobquote.co.uk/t/man-can-do-ltd,myjobquote
Daniel,,Flat Pack Assembly,,,5,2,,ID Checked,,,2020,https://www.myjobquote.co.uk/t/daniel-445,myjobquote
BFG handman and Painting Decorating,,Flat Pack Assembly,,,5,11,,ID Checked,,,2024,https://www.myjobquote.co.uk/t/bfg-handman-and-painting-decorating,myjobquote
Elegance,,Flat Pack Assembly,,,5,1,,ID Checked,,,2016,https://www.myjobquote.co.uk/t/elegance-1,myjobquote
Mihai Palade,,Flat Pack Assembly,,,4.8,4,,ID Checked,,,Apr 2024,https://www.myjobquote.co.uk/t/mihai-palade,myjobquote
Executive touch building’s maintenance & repairs,,Flat Pack Assembly,,,5,3,,ID Checked,,,2007,https://www.myjobquote.co.uk/t/executive-touch-buildings-maintenance-repairs,myjobquote
Small Jobs R Us Ltd,,Flat Pack Assembly,,,5,3,,ID Checked,,,2013,https://www.myjobquote.co.uk/t/small-jobs-r-us-ltd,myjobquote
local andyman,,Flat Pack Assembly,,,4.8,6,,ID Checked,,,2018,https://www.myjobquote.co.uk/t/local-andyman-1,myjobquote
JP services,,Flat Pack Assembly,,,4.68,0,,ID Checked,,,Aug 2021,https://www.myjobquote.co.uk/t/jp-services-5,myjobquote
George,,Flat Pack Assembly,,,4.68,0,,,,,Aug 2023,https://www.myjobquote.co.uk/t/george-204,myjobquote
Akili handyman,,Flat Pack Assembly,,,4.68,0,,ID Checked,,,Feb 2024,https://www.myjobquote.co.uk/t/akili-handyman,myjobquote
ELECTROTECH SMART SOLUTIONS LTD,,Flat Pack Assembly,,,4.68,0,,ID Checked,,,,https://www.myjobquote.co.uk/t/electrotech-smart-solutions-ltd,myjobquote
Venndor Properties,,Flat Pack Assembly,,,4.68,0,,ID Checked,,,2020,https://www.myjobquote.co.uk/t/venndor-properties,myjobquote
Bromley Handyman,,Flat Pack Assembly,,,4.68,0,,ID Checked,,,2006,https://www.myjobquote.co.uk/t/bromley-handyman,myjobquote
Joeferdy,,Flat Pack Assembly,,,4.68,0,,ID Checked,,,Sep 2022,https://www.myjobquote.co.uk/t/joeferdy,myjobquote
South East Construction & Maintenance,,Flat Pack Assembly,,,4.68,0,,ID Checked,,,2008,https://www.myjobquote.co.uk/t/south-east-construction-maintenance,myjobquote
Neto Construction,,Flat Pack Assembly,,,4.68,0,,ID Checked,,,Mar 2021,https://www.myjobquote.co.uk/t/neto-construction,myjobquote
Neto Construction,,Flat Pack Assembly,,,4.68,0,,ID Checked,,,Aug 2024,https://www.myjobquote.co.uk/t/nabil-hacene-chaouch,myjobquote
Peter Smee,,Flat Pack Assembly,,,4.68,0,,ID Checked,,,2023,https://www.myjobquote.co.uk/t/peter-smee,myjobquote
Peter Smee,,Flat Pack Assembly,,,4.68,0,,ID Checked,,,Apr 2022,https://www.myjobquote.co.uk/t/fix-it-clean-it-paint-it,myjobquote
Roberge faz tudo,,Flat Pack Assembly,,,4.68,0,,ID Checked,,,Mar 2024,https://www.myjobquote.co.uk/t/roberge-faz-tudo,myjobquote
Roberge faz tudo,,Flat Pack Assembly,,,4.68,0,,ID Checked,,,Sep 2024,https://www.myjobquote.co.uk/t/bromley-handyman-services,myjobquote
The Man Moves Trade,,Flat Pack Assembly,,,4.68,0,,ID Checked; Public Liability Insurance,,,2014,https://www.myjobquote.co.uk/t/the-man-moves-trade,myjobquote
Jason foy,,Flat Pack Assembly,,,4.68,0,,ID Checked; Public Liability Insurance,,,Nov 2023,https://www.myjobquote.co.uk/t/jason-foy,myjobquote
Dave land,,Flat Pack Assembly,,,5,1,,ID Checked,,,May 2025,https://www.myjobquote.co.uk/t/dave-land,myjobquote
Builds R Us,,Flat Pack Assembly,,,5,1,,ID Checked,,,Mar 2026,https://www.myjobquote.co.uk/t/builds-r-us,myjobquote
DREAM BUILDERS,,Flat Pack Assembly,,,5,1,,ID Checked,,,2025,https://www.myjobquote.co.uk/t/dream-builders,myjobquote
Rainbow group,,Flat Pack Assembly,,,5,2,,ID Checked,,,2022,https://www.myjobquote.co.uk/t/rainbow-group-1,myjobquote
Barnes Services,,Flat Pack Assembly,,,5,24,,ID Checked,,,1997,https://www.myjobquote.co.uk/t/barnes-services,myjobquote
Handyman-on-sea,,Flat Pack Assembly,,,5,6,,ID Checked,,,2025,https://www.myjobquote.co.uk/t/handyman-on-sea,myjobquote
Asap Handy Service,,Flat Pack Assembly,,,4.68,0,,ID Checked,,,2021,https://www.myjobquote.co.uk/t/asap-handy-service,myjobquote
Trend Eco,,Flat Pack Assembly,,,4.68,0,,ID Checked,,,May 2021,https://www.myjobquote.co.uk/t/trend-eco,myjobquote
Trend Eco,,Flat Pack Assembly,,,4.68,0,,ID Checked,,,Sep 2023,https://www.myjobquote.co.uk/t/jm-construction-13,myjobquote
JM Construction,,Flat Pack Assembly,,,4.68,0,,ID Checked,,,Jan 2025,https://www.myjobquote.co.uk/t/sonnys-maintenance,myjobquote
Sonnys maintenance,,Flat Pack Assembly,,,4.68,0,,ID Checked,,,Dec 2024,https://www.myjobquote.co.uk/t/catalin-sergiu-gramada,myjobquote
Cristian78,,Flat Pack Assembly,,,4.68,0,,ID Checked,,,Mar 2018,https://www.myjobquote.co.uk/t/cristian78,myjobquote
Cristian78,,Flat Pack Assembly,,,4.68,0,,,,,Sep 2023,https://www.myjobquote.co.uk/t/fitter,myjobquote
Fitter,,Flat Pack Assembly,,,4.68,0,,,,,Aug 2022,https://www.myjobquote.co.uk/t/self-employed-579,myjobquote
Jaikev construction company,,Flat Pack Assembly,,,4.68,0,,ID Checked,,,May 2023,https://www.myjobquote.co.uk/t/jaikev-construction-company,myjobquote
Andras Torma,,Flat Pack Assembly,,,4.68,0,,ID Checked,,,2015,https://www.myjobquote.co.uk/t/andras-torma,myjobquote
Andras Torma,,Flat Pack Assembly,,,4.68,0,,ID Checked,,,May 2021,https://www.myjobquote.co.uk/t/denis-the-maince-handyman,myjobquote
Hotaj paint and decorate,,Flat Pack Assembly,,,4.68,0,,ID Checked,,,Feb 2022,https://www.myjobquote.co.uk/t/hotaj-paint-and-decorate,myjobquote
Hotaj paint and decorate,,Flat Pack Assembly,,,4.68,0,,ID Checked,,,Jan 2026,https://www.myjobquote.co.uk/t/akcent,myjobquote
Constantin,,Flat Pack Assembly,,,4.68,0,,ID Checked,,,Apr 2022,https://www.myjobquote.co.uk/t/constantin-44,myjobquote
Gamotech,,Flat Pack Assembly,,,4.68,0,,,,,Oct 2023,https://www.myjobquote.co.uk/t/gamotech,myjobquote
Gamotech,,Flat Pack Assembly,,,5,1,,ID Checked; Public Liability Insurance,,,2026,https://www.myjobquote.co.uk/t/paul-handyman-6,myjobquote
Repairwolf,,Flat Pack Assembly,,,5,2,,ID Checked; Public Liability Insurance,,,2025,https://www.myjobquote.co.uk/t/repairwolf,myjobquote
Handyman Zach,,Flat Pack Assembly,,,5,42,,ID Checked,,,2019,https://www.myjobquote.co.uk/t/handyman-zach,myjobquote
Jack Davis Construction,,Flat Pack Assembly,,,4.9,46,,ID Checked,,,2025,https://www.myjobquote.co.uk/t/jack-davis-construction,myjobquote
AG Services,,Flat Pack Assembly,,,5,4,,ID Checked,,,2017,https://www.myjobquote.co.uk/t/ag-services-4,myjobquote
Benji&#039;s wood Joinery,,Flat Pack Assembly,,,5,1,,ID Checked,,,2021,https://www.myjobquote.co.uk/t/benjis-wood-joinery,myjobquote
K clad industrial roofing and cladding,,Flat Pack Assembly,,,5,6,,ID Checked; Public Liability Insurance,,,1998,https://www.myjobquote.co.uk/t/k-clad-industrial-roofing-and-cladding,myjobquote
Handy Van,,Flat Pack Assembly,,,5,1,,ID Checked,,,2025,https://www.myjobquote.co.uk/t/handy-van,myjobquote
Victoria Building Group,,Flat Pack Assembly,,,4,23,,ID Checked,,,2007,https://www.myjobquote.co.uk/t/victoria-building-group,myjobquote
Mike Burcham Services,,Flat Pack Assembly,,,5,17,,ID Checked; Public Liability Insurance,,,2021,https://www.myjobquote.co.uk/t/mike-burcham-services,myjobquote
Jlewis plumbing and maintenance,,Flat Pack Assembly,,,5,2,,ID Checked,,,Oct 2021,https://www.myjobquote.co.uk/t/jlewis-plumbing-and-maintenance,myjobquote
Leaf It To Us,,Flat Pack Assembly,,,5,42,,ID Checked,,,2018,https://www.myjobquote.co.uk/t/leaf-it-to-us-1,myjobquote
Dave&#039;s Property Services,,Flat Pack Assembly,,,5,10,,ID Checked; Public Liability Insurance,,,2001,https://www.myjobquote.co.uk/t/daves-property-services-2,myjobquote
Ell Property Solutions,,Flat Pack Assembly,,,5,50,07451260942,ID Checked,,,2025,https://www.myjobquote.co.uk/t/ell-property-solutions,myjobquote
Stef Carpentry,,Flat Pack Assembly,,,5,33,,ID Checked,,,2016,https://www.myjobquote.co.uk/t/stef-carpentry,myjobquote
Jaruona&#039;s Painting & Handyman Services,,Flat Pack Assembly,,,5,1,,ID Checked,,,2025,https://www.myjobquote.co.uk/t/jaruonas-painting-handyman-services,myjobquote
PCD Building Solutions,,Flat Pack Assembly,,,5,2,,ID Checked,,,2023,https://www.myjobquote.co.uk/t/pcd-building-solutions,myjobquote
Ian loughlin,,Flat Pack Assembly,,,4,2,,ID Checked,,,2015,https://www.myjobquote.co.uk/t/ian-loughlin,myjobquote
Artur Home and Garden Maintenance,,Flat Pack Assembly,,,5,2,,ID Checked,,,2024,https://www.myjobquote.co.uk/t/artur-home-and-garden-maintenance,myjobquote
Prestigious Maintenance,,Flat Pack Assembly,,,5,4,,ID Checked,,,2023,https://www.myjobquote.co.uk/t/prestigious-maintenance,myjobquote
One Call Property Group,,Flat Pack Assembly,,,4,10,,ID Checked,,,2015,https://www.myjobquote.co.uk/t/one-call-property-group,myjobquote
Odd Job John,,Flat Pack Assembly,,,5,27,,ID Checked,,,2024,https://www.myjobquote.co.uk/t/odd-job-john-1,myjobquote
MSD Building and design,,Flat Pack Assembly,,,5,9,07441440851,ID Checked,,,2019,https://www.myjobquote.co.uk/t/msd-building-and-design,myjobquote
The Dragan builders,,Flat Pack Assembly,,,5,1,,ID Checked,,,2019,https://www.myjobquote.co.uk/t/the-dragan-builders,myjobquote
Jason Cuthbertson,,Flat Pack Assembly,,,5,13,,ID Checked,,,1998,https://www.myjobquote.co.uk/t/jason-cuthbertson,myjobquote
Larayz Electrical and Technical Services,,Flat Pack Assembly,,,5,2,,ID Checked,,,2025,https://www.myjobquote.co.uk/t/larayz-electrical-and-technical-services,myjobquote
Servicetekk,,Flat Pack Assembly,,,5,2,,ID Checked,,,2013,https://www.myjobquote.co.uk/t/servicetekk-2,myjobquote
G.A.H Fencing and Carpentry,,Flat Pack Assembly,,,5,2,,ID Checked; Public Liability Insurance,,,2025,https://www.myjobquote.co.uk/t/gah-fencing-and-carpentry,myjobquote
PARKER’S Home Improvements,,Flat Pack Assembly,,,5,1,,ID Checked,,,Nov 2025,https://www.myjobquote.co.uk/t/parkers-home-improvements,myjobquote
Chris LTD,,Flat Pack Assembly,,,5,4,,ID Checked,,,2015,https://www.myjobquote.co.uk/t/chris-ltd-1,myjobquote
A1 build,,Flat Pack Assembly,,,5,9,,ID Checked,,,2008,https://www.myjobquote.co.uk/t/a1-build,myjobquote
Hedge and home services,,Flat Pack Assembly,,,5,1,,ID Checked; Public Liability Insurance,,,2025,https://www.myjobquote.co.uk/t/hedge-and-home-services,myjobquote
Plastamast,,Flat Pack Assembly,,,5,142,,ID Checked; Public Liability Insurance,,,2017,https://www.myjobquote.co.uk/t/plastamast,myjobquote
The Charity Tradesman,,Flat Pack Assembly,,,5,5,,ID Checked,,,2025,https://www.myjobquote.co.uk/t/the-charity-tradesman,myjobquote
DECORTERRA Home and Garden Refurbishment,,Flat Pack Assembly,,,5,13,,ID Checked,,,1900,https://www.myjobquote.co.uk/t/decorterra-home-and-garden-refurbishment,myjobquote
BRH handy services,,Flat Pack Assembly,,,5,1,,ID Checked,,,May 2023,https://www.myjobquote.co.uk/t/brh-handy-services,myjobquote
MID Construct,,Flat Pack Assembly,,,4.6,5,,ID Checked,,,2016,https://www.myjobquote.co.uk/t/mid-construct,myjobquote
"AK&#039;s Handyman, Maintenance and Gardening Services",,Flat Pack Assembly,,,4.9,13,,ID Checked,,,2021,https://www.myjobquote.co.uk/t/aks-handyman-maintenance-and-gardening-services,myjobquote
Handy Liambey,,Flat Pack Assembly,,,4.9,4,,ID Checked,,,2022,https://www.myjobquote.co.uk/t/handy-liambey,myjobquote
G&D HANDYMAN SERVICE,,Flat Pack Assembly,,,5,2,,ID Checked,,,2023,https://www.myjobquote.co.uk/t/gd-handyman-service,myjobquote
Will Design Property Maintenance,,Flat Pack Assembly,,,5,32,,ID Checked,,,2018,https://www.myjobquote.co.uk/t/will-design-property-maintenance,myjobquote
D  P works,,Flat Pack Assembly,,,5,1,,ID Checked,,,2015,https://www.myjobquote.co.uk/t/d-p-works,myjobquote
Fix it. Keep it. Handyman,,Flat Pack Assembly,,,5,5,,ID Checked,,,2018,https://www.myjobquote.co.uk/t/fix-it-keep-it-handyman,myjobquote
RA maintenance services,,Flat Pack Assembly,,,4.8,39,,ID Checked,,,2017,https://www.myjobquote.co.uk/t/ra-maintenance-services,myjobquote
Finch’s roofing and property maintenance,,Flat Pack Assembly,,,4.5,2,,ID Checked,,,2020,https://www.myjobquote.co.uk/t/finchs-roofing-and-property-maintenance,myjobquote
Brams Electrical services,,Flat Pack Assembly,,,5,11,,ID Checked,,,2010,https://www.myjobquote.co.uk/t/brams-electrical-services,myjobquote
A-TEAM property maintenance,,Flat Pack Assembly,,,5,2,,ID Checked,,,2017,https://www.myjobquote.co.uk/t/a-team-property-maintenance,myjobquote
The Bristol Handy Man,,Flat Pack Assembly,,,4.5,2,,ID Checked,,,2016,https://www.myjobquote.co.uk/t/the-bristol-handy-man,myjobquote
Jordan carpentry,,Flat Pack Assembly,,,4.68,0,,ID Checked,,,Jan 2017,https://www.myjobquote.co.uk/t/jordan-carpentry,myjobquote
Jordan carpentry,,Flat Pack Assembly,,,4.68,0,,ID Checked,,,Dec 2023,https://www.myjobquote.co.uk/t/excellence-decoration-service,myjobquote
Brushes decorating,,Flat Pack Assembly,,,4.68,0,,ID Checked,,,Dec 2023,https://www.myjobquote.co.uk/t/brushes-decorating,myjobquote
Brushes decorating,,Flat Pack Assembly,,,4.68,0,,ID Checked,,,Feb 2023,https://www.myjobquote.co.uk/t/decorating-art,myjobquote
Slade Painting and decorating,,Flat Pack Assembly,,,4.68,0,,ID Checked,,,Dec 2023,https://www.myjobquote.co.uk/t/slade-painting-and-decorating,myjobquote
Ben Fencing&Garden Service&#039;s,,Flat Pack Assembly,,,4.68,0,,ID Checked,,,Jul 2025,https://www.myjobquote.co.uk/t/ben-fencinggarden-services,myjobquote
Ben Fencing&Garden Service&#039;s,,Flat Pack Assembly,,,4.68,0,,ID Checked,,,2004,https://www.myjobquote.co.uk/t/sam-at-decorterra-bristol,myjobquote
Taylor Copp,,Flat Pack Assembly,,,4.68,0,,ID Checked,,,Feb 2025,https://www.myjobquote.co.uk/t/taylor-copp,myjobquote
RSM Painting & Maintenance,,Flat Pack Assembly,,,4.68,0,,,,,May 2025,https://www.myjobquote.co.uk/t/rsm-painting-maintenance,myjobquote
Always clean painting and decor,,Flat Pack Assembly,,,4.68,0,,ID Checked,,,2021,https://www.myjobquote.co.uk/t/always-clean-painting-and-decor,myjobquote
Greenhouse garden services,,Flat Pack Assembly,,,4.68,0,,ID Checked,,,Jun 2023,https://www.myjobquote.co.uk/t/greenhouse-garden-services,myjobquote
bbismark1@yahoo.com,,Flat Pack Assembly,,,4.68,0,,,,,Feb 2026,https://www.myjobquote.co.uk/t/bbismark1-at-yahoocom,myjobquote
bbismark1@yahoo.com,,Flat Pack Assembly,,,4.68,0,,,,,Feb 2024,https://www.myjobquote.co.uk/t/inner-flare,myjobquote
DRYLEAZE BUILDING AND MAINTENANCE LTD,,Flat Pack Assembly,,,4.68,0,,ID Checked,,,2022,https://www.myjobquote.co.uk/t/dryleaze-building-and-maintenance-ltd,myjobquote
Vlad777,,Flat Pack Assembly,,,4.68,0,,ID Checked,,,Feb 2025,https://www.myjobquote.co.uk/t/vlad777,myjobquote
Kizvision / pintorft,,Flat Pack Assembly,,,4.68,0,,,,,1900,https://www.myjobquote.co.uk/t/kizvision-pintorft,myjobquote
Kizvision / pintorft,,Flat Pack Assembly,,,4.68,0,,,,,Feb 2021,https://www.myjobquote.co.uk/t/peter-skelhorn,myjobquote
Peter Skelhorn,,Flat Pack Assembly,,,4.68,0,,,,,Nov 2025,https://www.myjobquote.co.uk/t/posh-property-maintenance,myjobquote
Karl Dudbridge,,Flat Pack Assembly,,,4.68,0,,ID Checked,,,Mar 2024,https://www.myjobquote.co.uk/t/karl-dudbridge,myjobquote
FabioHandymanLTD,,Flat Pack Assembly,,,4.68,0,,ID Checked,,,Aug 2025,https://www.myjobquote.co.uk/t/fabiohandymanltd,myjobquote
FabioHandymanLTD,,Flat Pack Assembly,,,4.68,0,,ID Checked,,,Jan 2024,https://www.myjobquote.co.uk/t/handyman-and-painter-your-home-improvement-solution,myjobquote
Handyman Repair Maintenance,,Flat Pack Assembly,,,4.68,0,,ID Checked,,,2017,https://www.myjobquote.co.uk/t/handyman-repair-maintenance,myjobquote
P B Wright - Handyman,,Flat Pack Assembly,,,4.68,0,,ID Checked,,,Feb 2023,https://www.myjobquote.co.uk/t/p-b-wright-handyman,myjobquote
Reuben S,,Flat Pack Assembly,,,4.68,0,,,,,Jun 2023,https://www.myjobquote.co.uk/t/reuben-s,myjobquote
Roberts Company,,Flat Pack Assembly,,,4.68,0,,,,,Jun 2025,https://www.myjobquote.co.uk/t/roberts-company,myjobquote
Idh handyman services,,Flat Pack Assembly,,,4.68,0,,ID Checked,,,Jan 2022,https://www.myjobquote.co.uk/t/idh-handyman-services,myjobquote
Idh handyman services,,Flat Pack Assembly,,,4.68,0,,ID Checked,,,2020,https://www.myjobquote.co.uk/t/luke-the-handyman,myjobquote
Nellie&#039;s building services,,Flat Pack Assembly,,,4.68,0,,ID Checked,,,2018,https://www.myjobquote.co.uk/t/nellies-building-services,myjobquote
FixRight Property Services Limited,,Flat Pack Assembly,,,4.68,0,,ID Checked,,,2024,https://www.myjobquote.co.uk/t/fixright-property-services-limited,myjobquote
Mario Handyman,,Flat Pack Assembly,,,4.68,0,,ID Checked,,,Nov 2025,https://www.myjobquote.co.uk/t/mario-handyman,myjobquote
Mario Handyman,,Flat Pack Assembly,,,4.68,0,,ID Checked,,,Dec 2023,https://www.myjobquote.co.uk/t/swhandyman,myjobquote
SWHANDYMAN,,Flat Pack Assembly,,,4.68,0,,ID Checked,,,Jan 2024,https://www.myjobquote.co.uk/t/tw-home-improvements,myjobquote
MacK9,,Flat Pack Assembly,,,4.68,0,,ID Checked,,,2010,https://www.myjobquote.co.uk/t/mack9,myjobquote
Saul Pinnell,,Flat Pack Assembly,,,4.68,0,,ID Checked,,,2018,https://www.myjobquote.co.uk/t/saul-pinnell,myjobquote
Claridges construction and property maintenance,,Flat Pack Assembly,,,4.68,0,,,,,Sep 2024,https://www.myjobquote.co.uk/t/claridges-construction-and-property-maintenance,myjobquote
MARKS Get Up And Go.,,Flat Pack Assembly,,,4.68,0,,ID Checked,,,2022,https://www.myjobquote.co.uk/t/marks-get-up-and-go,myjobquote
Rapbay,,Flat Pack Assembly,,,4.68,0,,ID Checked,,,Aug 2024,https://www.myjobquote.co.uk/t/rapbay,myjobquote
Rapbay,,Flat Pack Assembly,,,4.68,0,,ID Checked,,,2018,https://www.myjobquote.co.uk/t/origo-property-solutions,myjobquote
Ibrahim Olawale,,Flat Pack Assembly,,,4.68,0,,ID Checked,,,2022,https://www.myjobquote.co.uk/t/ibrahim-olawale,myjobquote
JD Electrical and Maintenance Services,,Flat Pack Assembly,,,4.68,0,,ID Checked,,,May 2025,https://www.myjobquote.co.uk/t/jd-electrical-and-maintenance-services,myjobquote
JD Electrical and Maintenance Services,,Flat Pack Assembly,,,4.68,0,,,,,Sep 2023,https://www.myjobquote.co.uk/t/big-t-services,myjobquote
Leonte Transport Limited,,Flat Pack Assembly,,,4.68,0,,ID Checked,,,Feb 2024,https://www.myjobquote.co.uk/t/leonte-transport-limited,myjobquote
Max place,,Flat Pack Assembly,,,4.68,0,,ID Checked,,,Mar 2023,https://www.myjobquote.co.uk/t/max-place,myjobquote
AB maintanence,,Flat Pack Assembly,,,4.68,0,,ID Checked,,,Apr 2025,https://www.myjobquote.co.uk/t/ab-maintanence,myjobquote
Hippo,,Flat Pack Assembly,,,4.68,0,,ID Checked,,,Dec 2023,https://www.myjobquote.co.uk/t/hippo,myjobquote
Hippo,,Flat Pack Assembly,,,4.68,0,,ID Checked,,,Dec 2024,https://www.myjobquote.co.uk/t/craft-n-finish,myjobquote
Missha,,Flat Pack Assembly,,,4.68,0,,ID Checked,,,May 2025,https://www.myjobquote.co.uk/t/missha,myjobquote
Missha,,Flat Pack Assembly,,,4.68,0,,ID Checked,,,May 2025,https://www.myjobquote.co.uk/t/sk-handyman-maintenance-services,myjobquote
Sk Handyman & Maintenance Services,,Flat Pack Assembly,,,4.68,0,,ID Checked,,,May 2023,https://www.myjobquote.co.uk/t/delfords-handyman-services,myjobquote
Ostadmg,,Flat Pack Assembly,,,4.68,0,,ID Checked,,,Dec 2025,https://www.myjobquote.co.uk/t/ostadmg,myjobquote
Ostadmg,,Flat Pack Assembly,,,4.68,0,,ID Checked,,,2020,https://www.myjobquote.co.uk/t/mm-bulider,myjobquote
M.M-Bulider,,Flat Pack Assembly,,,4.68,0,,ID Checked,,,2018,https://www.myjobquote.co.uk/t/greenacres-landscape-general-building,myjobquote
Kiernan murphy,,Flat Pack Assembly,,,4.68,0,,ID Checked,,,2022,https://www.myjobquote.co.uk/t/kiernan-murphy,myjobquote
21st Century Window Cleaning,,Flat Pack Assembly,,,4.68,0,,ID Checked,,,Sep 2022,https://www.myjobquote.co.uk/t/21st-century-window-cleaning,myjobquote
Hesflo Services,,Flat Pack Assembly,,,4.68,0,,ID Checked,,,2021,https://www.myjobquote.co.uk/t/hesflo-services,myjobquote
Bruno Costa Trade Services,,Flat Pack Assembly,,,5,42,,ID Checked,,,2020,https://www.myjobquote.co.uk/t/bruno-costa-trade-services,myjobquote
Steve Graham,,Flat Pack Assembly,,,5,38,,ID Checked,,,2023,https://www.myjobquote.co.uk/t/steve-graham,myjobquote
Archeus,,Flat Pack Assembly,,,5,9,,ID Checked,,,2022,https://www.myjobquote.co.uk/t/archeus,myjobquote
Legacy joinery,,Flat Pack Assembly,,,5,3,,ID Checked,,,2025,https://www.myjobquote.co.uk/t/legacy-joinery,myjobquote
Perfect interior,,Flat Pack Assembly,,,5,8,,ID Checked,,,2024,https://www.myjobquote.co.uk/t/perfect-interior-1,myjobquote
Handyman,,Flat Pack Assembly,,,5,13,,ID Checked,,,2025,https://www.myjobquote.co.uk/t/handyman-485,myjobquote
Serafin Joinery,,Flat Pack Assembly,,,5,13,,ID Checked,,,2005,https://www.myjobquote.co.uk/t/serafin-joinery,myjobquote
The Professional Group Ltd,,Flat Pack Assembly,,,5,7,,ID Checked,,,2024,https://www.myjobquote.co.uk/t/the-professional-group-ltd,myjobquote
Handyman Extraordinaire,,Flat Pack Assembly,,,5,71,,ID Checked; Public Liability Insurance,,,1990,https://www.myjobquote.co.uk/t/handyman-extraordinaire,myjobquote
Cal Security,,Flat Pack Assembly,,,4.8,4,,ID Checked,,,Oct 2019,https://www.myjobquote.co.uk/t/cal-security,myjobquote
Shaun bozier home improvements,,Flat Pack Assembly,,,5,236,,ID Checked,,,1989,https://www.myjobquote.co.uk/t/shaun-bozier-home-improvements,myjobquote
Mark Traynor,,Flat Pack Assembly,,,5,2,,ID Checked,,,Mar 2022,https://www.myjobquote.co.uk/t/mark-traynor,myjobquote
CM facilities,,Flat Pack Assembly,,,5,5,,ID Checked,,,Feb 2026,https://www.myjobquote.co.uk/t/cm-facilities,myjobquote
Fastline Direct,,Flat Pack Assembly,,,5,3,,ID Checked,,,2004,https://www.myjobquote.co.uk/t/fastline-direct,myjobquote
Kenneth Farrell,,Flat Pack Assembly,,,5,20,,ID Checked; Public Liability Insurance,,,2021,https://www.myjobquote.co.uk/t/kenneth-farrell,myjobquote
MyHandybro,,Flat Pack Assembly,,,5,44,,ID Checked,,,2018,https://www.myjobquote.co.uk/t/myhandybro,myjobquote
ANGLE BUILDING COMPANY,,Flat Pack Assembly,,,5,3,,ID Checked,,,2025,https://www.myjobquote.co.uk/t/angle-building-company,myjobquote
OLM Property Solutions Ltd,,Flat Pack Assembly,,,5,6,,ID Checked; Public Liability Insurance,,,2024,https://www.myjobquote.co.uk/t/olm-property-solutions-ltd,myjobquote
Douglas RK,,Flat Pack Assembly,,,5,1,,ID Checked,,,Mar 2021,https://www.myjobquote.co.uk/t/douglas-rk,myjobquote
Castleline Handyman Services,,Flat Pack Assembly,,,4,1,,ID Checked,,,2024,https://www.myjobquote.co.uk/t/castleline-handyman-services,myjobquote
Reliable property services,,Flat Pack Assembly,,,5,4,,ID Checked; Public Liability Insurance,,,2026,https://www.myjobquote.co.uk/t/reliable-property-services,myjobquote
Kenneth reid,,Flat Pack Assembly,,,5,1,,ID Checked,,,Oct 2023,https://www.myjobquote.co.uk/t/kenneth-reid,myjobquote
SC Joinery & Flooring,,Flat Pack Assembly,,,5,1,,ID Checked,,,2022,https://www.myjobquote.co.uk/t/sc-joinery-flooring,myjobquote
Art & Decor,,Flat Pack Assembly,,,5,12,,ID Checked,,,2009,https://www.myjobquote.co.uk/t/art-decor-1,myjobquote
Home Repairs,,Flat Pack Assembly,,,5,8,,ID Checked,,,2025,https://www.myjobquote.co.uk/t/home-repairs-4,myjobquote
Handy Gav,,Flat Pack Assembly,,,5,3,,ID Checked; Public Liability Insurance,,,2026,https://www.myjobquote.co.uk/t/handy-gav,myjobquote
Property Maintenance Services,,Flat Pack Assembly,,,5,10,,ID Checked; Public Liability Insurance,,,2025,https://www.myjobquote.co.uk/t/property-maintenance-services-9,myjobquote
Falkirk Furnishing company,,Flat Pack Assembly,,,5,5,,ID Checked; Public Liability Insurance,,,2008,https://www.myjobquote.co.uk/t/falkirk-furnishing-company,myjobquote
E.M Home Repair,,Flat Pack Assembly,,,5,2,,ID Checked,,,2022,https://www.myjobquote.co.uk/t/em-home-repair,myjobquote
Bright Worx Scotland,,Flat Pack Assembly,,,5,7,,ID Checked,,,2017,https://www.myjobquote.co.uk/t/bright-worx-scotland,myjobquote
Handywomenworks,,Flat Pack Assembly,,,5,26,,ID Checked,,,Nov 2017,https://www.myjobquote.co.uk/t/handywomenworks,myjobquote
R Hunter Joinery Services,,Flat Pack Assembly,,,4,14,,ID Checked; Public Liability Insurance,,,2010,https://www.myjobquote.co.uk/t/r-hunter-joinery-services,myjobquote
Home Experts,,Flat Pack Assembly,,,5,7,,ID Checked,,,2023,https://www.myjobquote.co.uk/t/home-experts,myjobquote
3Sixty Home Services,,Flat Pack Assembly,,,5,8,,ID Checked,,,2020,https://www.myjobquote.co.uk/t/3sixty-home-services,myjobquote
AJ Joinery,,Flat Pack Assembly,,,5,6,,ID Checked,,,2025,https://www.myjobquote.co.uk/t/aj-joinery-10,myjobquote
Boltfix,,Flat Pack Assembly,,,5,20,,ID Checked,,,2022,https://www.myjobquote.co.uk/t/boltfix,myjobquote
Mike&#039;s Builders Ltd,,Flat Pack Assembly,,,4.8,32,,ID Checked; Public Liability Insurance,,,2021,https://www.myjobquote.co.uk/t/mikes-builders-ltd,myjobquote
James McIntosh,,Flat Pack Assembly,,,5,1,,ID Checked,,,2018,https://www.myjobquote.co.uk/t/james-mcintosh,myjobquote
Sean Paul Mackie,,Flat Pack Assembly,,,5,3,,ID Checked,,,Dec 2019,https://www.myjobquote.co.uk/t/sean-paul-mackie,myjobquote
A Clean Society,,Flat Pack Assembly,,,4.68,0,,ID Checked,,,Apr 2019,https://www.myjobquote.co.uk/t/a-clean-society,myjobquote
Paints row,,Flat Pack Assembly,,,4.68,0,,ID Checked,,,,https://www.myjobquote.co.uk/t/paints-row,myjobquote
QAP Decorating,,Flat Pack Assembly,,,4.68,0,,ID Checked,,,2021,https://www.myjobquote.co.uk/t/qap-decorating,myjobquote
Michael burnett,,Flat Pack Assembly,,,4.68,0,,ID Checked,,,Feb 2025,https://www.myjobquote.co.uk/t/michael-burnett,myjobquote
Mike Jones,,Flat Pack Assembly,,,4.68,0,,ID Checked,,,2016,https://www.myjobquote.co.uk/t/mike-jones-4,myjobquote
JB Services,,Flat Pack Assembly,,,4.68,0,,ID Checked,,,2020,https://www.myjobquote.co.uk/t/jb-services-22,myjobquote
EdiFix,,Flat Pack Assembly,,,4.68,0,,ID Checked,,,2022,https://www.myjobquote.co.uk/t/edifix,myjobquote
Ben Lee,,Flat Pack Assembly,,,4.68,0,,ID Checked,,,Mar 2022,https://www.myjobquote.co.uk/t/ben-lee-1,myjobquote
Apex home improvements,,Flat Pack Assembly,,,4.68,0,,ID Checked,,,2016,https://www.myjobquote.co.uk/t/apex-home-improvements-4,myjobquote
Hayward Fit and Fix,,Flat Pack Assembly,,,4.68,0,,ID Checked,,,2026,https://www.myjobquote.co.uk/t/hayward-fit-and-fix,myjobquote
Dhray,,Flat Pack Assembly,,,4.68,0,,ID Checked,,,Jul 2025,https://www.myjobquote.co.uk/t/dhray,myjobquote
Dhray,,Flat Pack Assembly,,,4.68,0,,ID Checked,,,Jun 2025,https://www.myjobquote.co.uk/t/oc-mass,myjobquote
Shaz Handyman service,,Flat Pack Assembly,,,4.68,0,,ID Checked,,,Dec 2023,https://www.myjobquote.co.uk/t/shaz-handyman-service,myjobquote
Shaheen,,Flat Pack Assembly,,,4.68,0,,,,,Jan 2025,https://www.myjobquote.co.uk/t/shaheen-2,myjobquote
Dimitar Mechkov,,Flat Pack Assembly,,,4.68,0,,,,,Dec 2025,https://www.myjobquote.co.uk/t/dimitar-mechkov,myjobquote
Dimitar Mechkov,,Flat Pack Assembly,,,4.68,0,,,,,Dec 2023,https://www.myjobquote.co.uk/t/blanco-enterprises,myjobquote
Blanco enterprises,,Flat Pack Assembly,,,4.68,0,,,,,Apr 2022,https://www.myjobquote.co.uk/t/handy-andy-26,myjobquote
Zakaria,,Flat Pack Assembly,,,4.68,0,,ID Checked,,,Jan 2024,https://www.myjobquote.co.uk/t/zakaria-12,myjobquote
Jakob renowation,,Flat Pack Assembly,,,4.68,0,,ID Checked,,,2017,https://www.myjobquote.co.uk/t/jakob-renowation,myjobquote
You Think We Do,,Flat Pack Assembly,,,4.68,0,,ID Checked,,,2024,https://www.myjobquote.co.uk/t/you-think-we-do,myjobquote
Handyman Darek,,Flat Pack Assembly,,,4.68,0,,ID Checked,,,2013,https://www.myjobquote.co.uk/t/handyman-darek,myjobquote
Profixer,,Flat Pack Assembly,,,4.68,0,,,,,,https://www.myjobquote.co.uk/t/profixer-1,myjobquote
Mehmet Fixes Ltd,,Flat Pack Assembly,,,4.68,0,,ID Checked,,,2026,https://www.myjobquote.co.uk/t/mehmet-fixes-ltd,myjobquote
Eugene the handyman,,Flat Pack Assembly,,,4.68,0,,ID Checked,,,Feb 2026,https://www.myjobquote.co.uk/t/eugene-the-handyman,myjobquote
A T Pliers,,Flat Pack Assembly,,,4.68,0,,ID Checked,,,2021,https://www.myjobquote.co.uk/t/a-t-pliers,myjobquote
Many hands,,Flat Pack Assembly,,,4.68,0,,ID Checked,,,Mar 2025,https://www.myjobquote.co.uk/t/many-hands,myjobquote
Many hands,,Flat Pack Assembly,,,4.68,0,,ID Checked,,,2022,https://www.myjobquote.co.uk/t/sahin-1,myjobquote
Handyman construction projects,,Flat Pack Assembly,,,4.68,0,,ID Checked,,,Sep 2025,https://www.myjobquote.co.uk/t/handyman-construction-projects,myjobquote
Oaktreescotland,,Flat Pack Assembly,,,4.68,0,,ID Checked,,,Jul 2025,https://www.myjobquote.co.uk/t/oaktreescotland,myjobquote
Oaktreescotland,,Flat Pack Assembly,,,4.68,0,,ID Checked,,,Jul 2023,https://www.myjobquote.co.uk/t/deklyn,myjobquote
Burnhead crescent building & gardening services,,Flat Pack Assembly,,,4.68,0,,ID Checked,,,Jan 2022,https://www.myjobquote.co.uk/t/burnhead-crescent-building-gardening-services,myjobquote
SBServices,,Flat Pack Assembly,,,4.68,0,,ID Checked,,,2025,https://www.myjobquote.co.uk/t/sbservices-2,myjobquote
RN services,,Flat Pack Assembly,,,4.68,0,,ID Checked,,,2023,https://www.myjobquote.co.uk/t/rn-services,myjobquote
Ryan&#039;s service&#039;s,,Flat Pack Assembly,,,4.68,0,,ID Checked,,,Aug 2022,https://www.myjobquote.co.uk/t/ryans-services-1,myjobquote
Ryan&#039;s service&#039;s,,Flat Pack Assembly,,,4.68,0,,ID Checked,,,2024,https://www.myjobquote.co.uk/t/sj-joinery-6,myjobquote
Made in the Moon,,Flat Pack Assembly,,,4.68,0,,,,,May 2025,https://www.myjobquote.co.uk/t/made-in-the-moon,myjobquote
RH PROPERTY SERVICES,,Flat Pack Assembly,,,4.68,0,,,,,Dec 2022,https://www.myjobquote.co.uk/t/rh-property-services-4,myjobquote
Ian McLelland,,Flat Pack Assembly,,,5,4,,ID Checked,,,Jan 2025,https://www.myjobquote.co.uk/t/ian-mclelland,myjobquote
RT Services,,Flat Pack Assembly,,,5,2,,ID Checked,,,Dec 2018,https://www.myjobquote.co.uk/t/rt-services-3,myjobquote
Orlyanskyy,,Flat Pack Assembly,,,5,1,,ID Checked,,,Jan 2026,https://www.myjobquote.co.uk/t/orlyanskyy,myjobquote
Euan Davidson,,Flat Pack Assembly,,,5,2,,ID Checked,,,Jan 2025,https://www.myjobquote.co.uk/t/euan-davidson,myjobquote
AB Joinery,,Flat Pack Assembly,,,5,1,,ID Checked,,,,https://www.myjobquote.co.uk/t/ab-joinery-9,myjobquote
Pete&#039;s Painting & Decorating,,Flat Pack Assembly,,,5,3,,ID Checked,,,2008,https://www.myjobquote.co.uk/t/petes-painting-decorating,myjobquote
All Fixed Up,,Flat Pack Assembly,,,5,1,,ID Checked,,,2013,https://www.myjobquote.co.uk/t/all-fixed-up,myjobquote
Vadim,,Flat Pack Assembly,,,4.68,0,,ID Checked,,,Feb 2015,https://www.myjobquote.co.uk/t/vadim-4,myjobquote
Vadim,,Flat Pack Assembly,,,4.68,0,,ID Checked,,,Nov 2023,https://www.myjobquote.co.uk/t/moses-painting,myjobquote
Sifis,,Flat Pack Assembly,,,4.68,0,,ID Checked,,,Aug 2025,https://www.myjobquote.co.uk/t/sifis,myjobquote
Goodluck,,Flat Pack Assembly,,,4.68,0,,,,,Nov 2024,https://www.myjobquote.co.uk/t/goodluck-1,myjobquote
Antil construction,,Flat Pack Assembly,,,4.68,0,,ID Checked,,,2025,https://www.myjobquote.co.uk/t/antil-construction,myjobquote
Quigley co,,Flat Pack Assembly,,,4.68,0,,ID Checked,,,Jan 2025,https://www.myjobquote.co.uk/t/quigley-co,myjobquote
Handy Frank,,Flat Pack Assembly,,,4.68,0,,,,,Dec 2024,https://www.myjobquote.co.uk/t/handy-frank,myjobquote
Handy Frank,,Flat Pack Assembly,,,4.68,0,,,,,Jul 2024,https://www.myjobquote.co.uk/t/doherty-2,myjobquote
orce afaceri nus priceput dar stiu cat de cat mă descurc,,Flat Pack Assembly,,,4.68,0,,,,,Jul 2025,https://www.myjobquote.co.uk/t/orce-afaceri-nus-priceput-dar-stiu-cat-de-cat-ma-descurc,myjobquote
orce afaceri nus priceput dar stiu cat de cat mă descurc,,Flat Pack Assembly,,,4.68,0,,,,,Jun 2024,https://www.myjobquote.co.uk/t/j-norrie-handyman-services,myjobquote
J norrie handyman services,,Flat Pack Assembly,,,4.68,0,,ID Checked,,,2024,https://www.myjobquote.co.uk/t/blackhall-handyman-services,myjobquote
Roseburn Rapid Repairs,,Flat Pack Assembly,,,4.68,0,,ID Checked,,,May 2023,https://www.myjobquote.co.uk/t/roseburn-rapid-repairs,myjobquote
Roseburn Rapid Repairs,,Flat Pack Assembly,,,4.68,0,,,,,Aug 2023,https://www.myjobquote.co.uk/t/tomasz-wojcik,myjobquote
Garry Combe,,Flat Pack Assembly,,,4.68,0,,,,,Oct 2024,https://www.myjobquote.co.uk/t/garry-combe,myjobquote
Garry Combe,,Flat Pack Assembly,,,4.68,0,,ID Checked,,,Jul 2025,https://www.myjobquote.co.uk/t/jl-joinery-limited,myjobquote
MMMServices,,Flat Pack Assembly,,,4.68,0,,ID Checked,,,Dec 2023,https://www.myjobquote.co.uk/t/mmmservices,myjobquote
MMMServices,,Flat Pack Assembly,,,4.68,0,,,,,Jun 2022,https://www.myjobquote.co.uk/t/aidar-i,myjobquote
Affordable Handyman,,Flat Pack Assembly,,,5,18,,ID Checked; Public Liability Insurance,,,2019,https://www.myjobquote.co.uk/t/affordable-handyman-2,myjobquote
Fayre Price,,Flat Pack Assembly,,,5,11,,ID Checked,,,2020,https://www.myjobquote.co.uk/t/fayre-price,myjobquote
CamdiyMAN,,Flat Pack Assembly,,,5,8,,ID Checked; Public Liability Insurance,,,2025,https://www.myjobquote.co.uk/t/camdiyman,myjobquote
Craig Vickery,,Flat Pack Assembly,,,5,9,,ID Checked,,,Sep 2025,https://www.myjobquote.co.uk/t/craig-vickery,myjobquote
Fraser watt,,Flat Pack Assembly,,,5,13,,ID Checked; Public Liability Insurance,,,Mar 2022,https://www.myjobquote.co.uk/t/fraser-watt,myjobquote
Flat Pack Frankie,,Flat Pack Assembly,,,5,71,,ID Checked,,,2020,https://www.myjobquote.co.uk/t/flat-pack-frankie,myjobquote
Craig&#039;s Contracts,,Flat Pack Assembly,,,5,7,07441442389,ID Checked; Public Liability Insurance,,,Apr 2024,https://www.myjobquote.co.uk/t/craigs-contracts,myjobquote
AM Property Solutions,,Flat Pack Assembly,,,5,2,,ID Checked,,,2025,https://www.myjobquote.co.uk/t/am-property-solutions-1,myjobquote
KCR Services,,Flat Pack Assembly,,,5,3,,ID Checked; Public Liability Insurance,,,2024,https://www.myjobquote.co.uk/t/kcr-services,myjobquote
Billi handyman,,Flat Pack Assembly,,,5,18,,ID Checked; Public Liability Insurance,,,2004,https://www.myjobquote.co.uk/t/billi-handyman,myjobquote
Jamie fowles,,Flat Pack Assembly,,,5,1,,ID Checked,,,Dec 2024,https://www.myjobquote.co.uk/t/jamie-fowles,myjobquote
William Cameron&#039;s Handyman & Electrical Services,,Flat Pack Assembly,,,5,3,,ID Checked,,,Feb 2026,https://www.myjobquote.co.uk/t/william-camerons-handyman-electrical-services,myjobquote
DARA Property Maintenance,,Flat Pack Assembly,,,5,24,,ID Checked,,,2016,https://www.myjobquote.co.uk/t/dara-property-maintenance,myjobquote
WeWork Homes,,Flat Pack Assembly,,,5,5,,ID Checked,,,2000,https://www.myjobquote.co.uk/t/wework-homes,myjobquote
Sadegh,,Flat Pack Assembly,,,4.68,0,,ID Checked,,,Oct 2018,https://www.myjobquote.co.uk/t/sadegh,myjobquote
Sadegh,,Flat Pack Assembly,,,4.68,0,,ID Checked,,,Jun 2023,https://www.myjobquote.co.uk/t/handyman-482,myjobquote
Rucus,,Flat Pack Assembly,,,4.68,0,,,,,Jan 2025,https://www.myjobquote.co.uk/t/rucus,myjobquote
yerod,,Flat Pack Assembly,,,4.68,0,,,,,Feb 2024,https://www.myjobquote.co.uk/t/yerod,myjobquote
yerod,,Flat Pack Assembly,,,4.68,0,,,,,Oct 2024,https://www.myjobquote.co.uk/t/paloma-1,myjobquote
paloma,,Flat Pack Assembly,,,4.68,0,,,,,Oct 2024,https://www.myjobquote.co.uk/t/kna-property-maintenance,myjobquote
KNA PROPERTY MAINTENANCE,,Flat Pack Assembly,,,4.68,0,,,,,Mar 2023,https://www.myjobquote.co.uk/t/stally-contracts,myjobquote
Inex Property Glasgow,,Flat Pack Assembly,,,5,2,,ID Checked,,,Mar 2024,https://www.myjobquote.co.uk/t/inex-property-glasgow,myjobquote
Proclean,,Flat Pack Assembly,,,5,1,,ID Checked,,,2014,https://www.myjobquote.co.uk/t/proclean-7,myjobquote
Leaf It clean gardens,,Flat Pack Assembly,,,5,1,,ID Checked,,,2020,https://www.myjobquote.co.uk/t/leaf-it-clean-gardens,myjobquote
Thistle Property Services,,Flat Pack Assembly,,,4.9,19,,ID Checked,,,2020,https://www.myjobquote.co.uk/t/thistle-property-services,myjobquote
Acorn Group,,Flat Pack Assembly,,,5,8,,ID Checked,,,2018,https://www.myjobquote.co.uk/t/acorn-group,myjobquote
Mitchell property care,,Flat Pack Assembly,,,4,6,,ID Checked,,,Aug 2024,https://www.myjobquote.co.uk/t/mitchell-property-care,myjobquote
Scott Mcleod Property Services,,Flat Pack Assembly,,,5,37,,ID Checked,,,2019,https://www.myjobquote.co.uk/t/scott-mcleod-property-services,myjobquote
Handy Andy,,Flat Pack Assembly,,,4,2,,ID Checked,,,2023,https://www.myjobquote.co.uk/t/handy-andy-38,myjobquote
The HandyMan,,Flat Pack Assembly,,,5,1,,ID Checked,,,2015,https://www.myjobquote.co.uk/t/the-handyman-34,myjobquote
CJA home improvements,,Flat Pack Assembly,,,5,53,,ID Checked,,,2017,https://www.myjobquote.co.uk/t/cja-home-improvements,myjobquote
Tomasz Property Refurbishment,,Flat Pack Assembly,,,5,1,,ID Checked,,,2007,https://www.myjobquote.co.uk/t/tomasz-property-refurbishment,myjobquote
Sinao Ltd,,Flat Pack Assembly,,,4,1,,ID Checked,,,2023,https://www.myjobquote.co.uk/t/sinao-ltd,myjobquote
A and N home improvements,,Flat Pack Assembly,,,4.6,7,,ID Checked,,,2025,https://www.myjobquote.co.uk/t/a-and-n-home-improvements,myjobquote
BeFree Handyman & Cleaning Service,,Flat Pack Assembly,,,5,4,,ID Checked,,,2017,https://www.myjobquote.co.uk/t/befree-handyman-cleaning-service,myjobquote
AAA Handymen,,Flat Pack Assembly,,,4.9,21,,ID Checked,,,2017,https://www.myjobquote.co.uk/t/aaa-handymen-2,myjobquote
Spark and Wrench,,Flat Pack Assembly,,,5,1,,ID Checked,,,2022,https://www.myjobquote.co.uk/t/spark-and-wrench,myjobquote
proassembly,,Flat Pack Assembly,,,5,3,,ID Checked,,,2025,https://www.myjobquote.co.uk/t/proassembly,myjobquote
A-Z  Property maintenance,,Flat Pack Assembly,,,4.68,0,,ID Checked,,,Apr 2024,https://www.myjobquote.co.uk/t/a-z-property-maintenance-3,myjobquote
Just move,,Flat Pack Assembly,,,5,2,,ID Checked,,,2022,https://www.myjobquote.co.uk/t/just-move,myjobquote
Handyman G,,Flat Pack Assembly,,,5,3,,ID Checked,,,2020,https://www.myjobquote.co.uk/t/handyman-g,myjobquote
AlexM.,,Flat Pack Assembly,,,5,5,,ID Checked,,,2019,https://www.myjobquote.co.uk/t/alexm-2,myjobquote
Charlie Miller Plumbing and Heating,,Flat Pack Assembly,,,4.9,32,,ID Checked,,,May 2023,https://www.myjobquote.co.uk/t/charlie-miller-plumbing-and-heating,myjobquote
Fl pros,,Flat Pack Assembly,,,4.9,7,,ID Checked,,,2017,https://www.myjobquote.co.uk/t/fl-pros,myjobquote
HomePro Handyman Glasgow,,Flat Pack Assembly,,,5,1,,ID Checked,,,2003,https://www.myjobquote.co.uk/t/homepro-handyman-glasgow,myjobquote
None of,,Flat Pack Assembly,,,4.5,2,,ID Checked; Public Liability Insurance,,,2020,https://www.myjobquote.co.uk/t/none-of-1,myjobquote
AGGYM SERVICES,,Flat Pack Assembly,,,5,1,,ID Checked,,,2021,https://www.myjobquote.co.uk/t/aggym-services,myjobquote
HSS home solution services,,Flat Pack Assembly,,,5,7,,ID Checked,,,2012,https://www.myjobquote.co.uk/t/hss-home-solution-services,myjobquote
RolandKeszeg,,Flat Pack Assembly,,,5,2,,ID Checked,,,2020,https://www.myjobquote.co.uk/t/rolandkeszeg,myjobquote
weslok,,Flat Pack Assembly,,,5,1,,ID Checked,,,2019,https://www.myjobquote.co.uk/t/weslok,myjobquote
student,,Flat Pack Assembly,,,4.68,0,,ID Checked,,,Aug 2018,https://www.myjobquote.co.uk/t/student-17,myjobquote
student,,Flat Pack Assembly,,,4.68,0,,ID Checked,,,2021,https://www.myjobquote.co.uk/t/mel-harvey-engineering-ltd,myjobquote
Justin Nezianya,,Flat Pack Assembly,,,4.68,0,,ID Checked,,,Feb 2023,https://www.myjobquote.co.uk/t/justin-nezianya,myjobquote
Justin Nezianya,,Flat Pack Assembly,,,4.68,0,,ID Checked,,,2017,https://www.myjobquote.co.uk/t/sbba-limited,myjobquote
MDJ Property Maintenance,,Flat Pack Assembly,,,4.68,0,,ID Checked,,,Jan 2017,https://www.myjobquote.co.uk/t/mdj-property-maintenance,myjobquote
Skyline builders & decors,,Flat Pack Assembly,,,4.68,0,,ID Checked,,,Mar 2026,https://www.myjobquote.co.uk/t/skyline-builders-decors,myjobquote
archdeco_studio,,Flat Pack Assembly,,,4.68,0,,ID Checked,,,2015,https://www.myjobquote.co.uk/t/archdeco-studio,myjobquote
Rapid Refurbs Ltd,,Flat Pack Assembly,,,4.68,0,,ID Checked,,,2019,https://www.myjobquote.co.uk/t/rapid-refurbs-ltd,myjobquote
PejiHandyma Glasgow,,Flat Pack Assembly,,,4.68,0,,ID Checked,,,Apr 2020,https://www.myjobquote.co.uk/t/pejihandyma-glasgow,myjobquote
Sorrel,,Flat Pack Assembly,,,4.68,0,,,,,May 2025,https://www.myjobquote.co.uk/t/sorrel,myjobquote
Sorrel,,Flat Pack Assembly,,,4.68,0,,,,,2019,https://www.myjobquote.co.uk/t/artisan-property-and-garden,myjobquote
kalifornia,,Flat Pack Assembly,,,4.68,0,,,,,Jan 2025,https://www.myjobquote.co.uk/t/kalifornia,myjobquote
kalifornia,,Flat Pack Assembly,,,4.68,0,,ID Checked,,,2016,https://www.myjobquote.co.uk/t/flatpack-magic,myjobquote
themather3.14,,Flat Pack Assembly,,,4.68,0,,ID Checked,,,Dec 2025,https://www.myjobquote.co.uk/t/themather314,myjobquote
A Team,,Flat Pack Assembly,,,4.68,0,,ID Checked,,,,https://www.myjobquote.co.uk/t/a-team-1,myjobquote
DMHANDY,,Flat Pack Assembly,,,4.68,0,,ID Checked,,,Jan 2026,https://www.myjobquote.co.uk/t/dmhandy,myjobquote
Handyman-East,,Flat Pack Assembly,,,4.68,0,,,,,Feb 2026,https://www.myjobquote.co.uk/t/handyman-east,myjobquote
Andy handy,,Flat Pack Assembly,,,4.68,0,,,,,Feb 2026,https://www.myjobquote.co.uk/t/andy-handy-1,myjobquote
Phil Thain,,Flat Pack Assembly,,,4.68,0,,,,,Dec 2024,https://www.myjobquote.co.uk/t/phil-thain,myjobquote
Scot HandyPro Solutions,,Flat Pack Assembly,,,4.68,0,,ID Checked,,,2015,https://www.myjobquote.co.uk/t/scot-handypro-solutions,myjobquote
Glasgow Handyman,,Flat Pack Assembly,,,4.68,0,,ID Checked,,,Dec 2025,https://www.myjobquote.co.uk/t/glasgow-handyman,myjobquote
B Kennedy,,Flat Pack Assembly,,,4.68,0,,ID Checked,,,2024,https://www.myjobquote.co.uk/t/b-kennedy,myjobquote
RC Handy Services,,Flat Pack Assembly,,,4.68,0,,ID Checked,,,Oct 2024,https://www.myjobquote.co.uk/t/rc-handy-services,myjobquote
RC Handy Services,,Flat Pack Assembly,,,4.68,0,,ID Checked,,,2024,https://www.myjobquote.co.uk/t/m-contracts-ltd,myjobquote
M Contracts ltd,,Flat Pack Assembly,,,4.68,0,,ID Checked,,,Apr 2024,https://www.myjobquote.co.uk/t/cjb-services,myjobquote
Dc input,,Flat Pack Assembly,,,4.68,0,,,,,Jun 2022,https://www.myjobquote.co.uk/t/dc-input,myjobquote
Arthur Joinery,,Flat Pack Assembly,,,4.68,0,,ID Checked,,,Aug 2023,https://www.myjobquote.co.uk/t/arthur-joinery,myjobquote
Arthur Joinery,,Flat Pack Assembly,,,4.68,0,,ID Checked,,,2025,https://www.myjobquote.co.uk/t/cw-maintenance-1,myjobquote
Southside Handyman,,Flat Pack Assembly,,,4.68,0,,ID Checked,,,Jan 2026,https://www.myjobquote.co.uk/t/southside-handyman,myjobquote
Lukas,,Flat Pack Assembly,,,4.68,0,,ID Checked,,,2018,https://www.myjobquote.co.uk/t/lukas-34,myjobquote
Ony Work,,Flat Pack Assembly,,,4.68,0,,ID Checked,,,2020,https://www.myjobquote.co.uk/t/ony-work,myjobquote
C.A.A.R Removals,,Flat Pack Assembly,,,4.68,0,,ID Checked,,,Aug 2021,https://www.myjobquote.co.uk/t/caar-removals,myjobquote
Kenan,,Flat Pack Assembly,,,4.68,0,,,,,Mar 2024,https://www.myjobquote.co.uk/t/kenan,myjobquote
Kenan,,Flat Pack Assembly,,,4.68,0,,,,,2020,https://www.myjobquote.co.uk/t/house-doctor-1,myjobquote
Jklpro maintenance,,Flat Pack Assembly,,,5,62,,ID Checked,,,2020,https://www.myjobquote.co.uk/t/jklpro-maintenance,myjobquote
DreamTeam Removals Ltd,,Flat Pack Assembly,,,5,3,,ID Checked,,,2025,https://www.myjobquote.co.uk/t/dreamteam-removals-ltd,myjobquote
J&m property maintenance,,Flat Pack Assembly,,,5,2,,ID Checked,,,Sep 2025,https://www.myjobquote.co.uk/t/jm-property-maintenance-9,myjobquote
RJA Homecare,,Flat Pack Assembly,,,5,8,,ID Checked,,,2020,https://www.myjobquote.co.uk/t/rja-homecare,myjobquote
ANtrades,,Flat Pack Assembly,,,5,5,,ID Checked,,,2024,https://www.myjobquote.co.uk/t/antrades,myjobquote
P.B Property services,,Flat Pack Assembly,,,5,13,,ID Checked,,,2022,https://www.myjobquote.co.uk/t/pb-property-services-1,myjobquote
KNB Group,,Flat Pack Assembly,,,5,11,,ID Checked,,,2022,https://www.myjobquote.co.uk/t/knb-group,myjobquote
Jr facilities management,,Flat Pack Assembly,,,4.9,8,,ID Checked,,,2017,https://www.myjobquote.co.uk/t/jr-facilities-management,myjobquote
McGeachie Joinery,,Flat Pack Assembly,,,4.68,0,,ID Checked,,,Jun 2017,https://www.myjobquote.co.uk/t/mcgeachie-joinery,myjobquote
McGeachie Joinery,,Flat Pack Assembly,,,4.68,0,,,,,Jan 2026,https://www.myjobquote.co.uk/t/scotia-handyman-services,myjobquote
Home and Garden Handyman Services,,Flat Pack Assembly,,,4.68,0,,ID Checked,,,Dec 2023,https://www.myjobquote.co.uk/t/home-and-garden-handyman-services-2,myjobquote
swift maintenance solutions,,Flat Pack Assembly,,,4.68,0,,ID Checked,,,2024,https://www.myjobquote.co.uk/t/swift-maintenance-solutions,myjobquote
Huntington Home Improvements,,Flat Pack Assembly,,,4.68,0,,ID Checked; Public Liability Insurance,,,2025,https://www.myjobquote.co.uk/t/huntington-home-improvements,myjobquote
Just your Donald,,Flat Pack Assembly,,,4.68,0,,ID Checked,,,1990,https://www.myjobquote.co.uk/t/just-your-donald,myjobquote
Robert Watt,,Flat Pack Assembly,,,4.68,0,,ID Checked,,,May 2025,https://www.myjobquote.co.uk/t/robert-watt,myjobquote
Robert Watt,,Flat Pack Assembly,,,4.68,0,,ID Checked,,,2022,https://www.myjobquote.co.uk/t/handyman-baz-1,myjobquote
Amigo Handyman Service,,Flat Pack Assembly,,,4.68,0,,ID Checked,,,2010,https://www.myjobquote.co.uk/t/amigo-handyman-service,myjobquote
I have my level 2 nvq in Constuction and ground if thatt helps? works,,Flat Pack Assembly,,,4.68,0,,ID Checked,,,Dec 2022,https://www.myjobquote.co.uk/t/i-have-my-level-2-nvq-in-constuction-and-ground-if-thatt-helps-works,myjobquote
shanks home improvements,,Flat Pack Assembly,,,4.68,0,,ID Checked,,,2023,https://www.myjobquote.co.uk/t/shanks-home-improvements,myjobquote
Andrew  Judge,,Flat Pack Assembly,,,4.68,0,,ID Checked,,,Jul 2022,https://www.myjobquote.co.uk/t/andrew-judge,myjobquote
Ldg salvage & labour,,Flat Pack Assembly,,,4,3,,ID Checked,,,Oct 2018,https://www.myjobquote.co.uk/t/ldg-salvage-labour,myjobquote
Nicky Hadlow Maintenance Services,,Flat Pack Assembly,,,4.68,0,,ID Checked,,,Mar 2023,https://www.myjobquote.co.uk/t/nicky-hadlow-maintenance-services,myjobquote
TPRS-PAINTERTOM,,Flat Pack Assembly,,,4.68,0,,ID Checked,,,2011,https://www.myjobquote.co.uk/t/tprs-paintertom,myjobquote
Builder,,Flat Pack Assembly,,,4.68,0,,,,,Oct 2015,https://www.myjobquote.co.uk/t/builder-78,myjobquote
Builder,,Flat Pack Assembly,,,4.68,0,,ID Checked,,,Jan 2023,https://www.myjobquote.co.uk/t/tadeus,myjobquote
"EGI painting & decorating, handyman services",,Flat Pack Assembly,,,5,28,,ID Checked,,,2024,https://www.myjobquote.co.uk/t/egi-painting-decorating-handyman-services,myjobquote
Grout Gleam Coatbridge,,Flat Pack Assembly,,,5,1,,ID Checked; Public Liability Insurance,,,2025,https://www.myjobquote.co.uk/t/grout-gleam-coatbridge,myjobquote
Shearersonslimited,,Flat Pack Assembly,,,5,1,,ID Checked,,,2018,https://www.myjobquote.co.uk/t/shearersonslimited,myjobquote
DLD contractors,,Flat Pack Assembly,,,5,11,,,,,2021,https://www.myjobquote.co.uk/t/dld-contractors,myjobquote
External Maintenance Solutions,,Flat Pack Assembly,,,5,9,,ID Checked,,,2024,https://www.myjobquote.co.uk/t/external-maintenance-solutions,myjobquote
Sinclair Joinery,,Flat Pack Assembly,,,5,1,,ID Checked,,,2025,https://www.myjobquote.co.uk/t/sinclair-joinery,myjobquote
Irwin’s lock repairs,,Flat Pack Assembly,,,5,3,,ID Checked,,,2025,https://www.myjobquote.co.uk/t/irwins-lock-repairs,myjobquote
Adamson’s independent traders Ltd,,Flat Pack Assembly,,,5,1,,ID Checked,,,2022,https://www.myjobquote.co.uk/t/adamsons-independent-traders-ltd,myjobquote
Rafal,,Flat Pack Assembly,,,5,1,,ID Checked,,,2024,https://www.myjobquote.co.uk/t/rafal-26,myjobquote
Central Scotland Contracts,,Flat Pack Assembly,,,5,6,07418343519,ID Checked; Public Liability Insurance,,,1986,https://www.myjobquote.co.uk/t/central-scotland-contracts,myjobquote
Peji Handyman Glasgow,,Flat Pack Assembly,,,5,3,,ID Checked,,,2025,https://www.myjobquote.co.uk/t/peji-handyman-glasgow,myjobquote
Stevie Smith Property Maintenance,,Flat Pack Assembly,,,5,1,,ID Checked,,,2025,https://www.myjobquote.co.uk/t/stevie-smith-property-maintenance,myjobquote
Lifestyle Bathrooms and Kitchens,,Flat Pack Assembly,,,4,24,07441441893,ID Checked,,,1990,https://www.myjobquote.co.uk/t/lifestyle-bathrooms-and-kitchens,myjobquote
Jedrek Construction,,Flat Pack Assembly,,,5,3,,ID Checked,,,2009,https://www.myjobquote.co.uk/t/jedrek-construction,myjobquote
Fraser & Gary Joinery & Construction LTD,,Flat Pack Assembly,,,5,15,,ID Checked,,,2014,https://www.myjobquote.co.uk/t/fraser-gary-joinery-construction-ltd,myjobquote
ALT Joinery & Building,,Flat Pack Assembly,,,5,16,07451260557,ID Checked,,,2019,https://www.myjobquote.co.uk/t/alt-joinery-building,myjobquote
Gigha contracts,,Flat Pack Assembly,,,5,5,,ID Checked,,,2024,https://www.myjobquote.co.uk/t/gigha-contracts,myjobquote
Buildup365,,Flat Pack Assembly,,,5,2,,ID Checked,,,2014,https://www.myjobquote.co.uk/t/buildup365,myjobquote
Mario assembly furniture,,Flat Pack Assembly,,,5,6,,ID Checked,,,2015,https://www.myjobquote.co.uk/t/mario-assembly-furniture,myjobquote
Flat pack furniture builder&#039;s,,Flat Pack Assembly,,,5,6,,ID Checked,,,2022,https://www.myjobquote.co.uk/t/flat-pack-furniture-builders-1,myjobquote
A&G Electrical,,Flat Pack Assembly,,,5,1,,ID Checked,,,Jan 2022,https://www.myjobquote.co.uk/t/ag-electrical-3,myjobquote
Andy’s Property Services,,Flat Pack Assembly,,,4.8,13,,ID Checked,,,2020,https://www.myjobquote.co.uk/t/andys-property-services,myjobquote
Stephen Hogg,,Flat Pack Assembly,,,5,8,,ID Checked,,,2021,https://www.myjobquote.co.uk/t/stephen-hogg,myjobquote
Platinum Solutions Group,,Flat Pack Assembly,,,5,1,,ID Checked,,,2020,https://www.myjobquote.co.uk/t/platinum-solutions-group,myjobquote
Paul Marshall Eng,,Flat Pack Assembly,,,5,3,,ID Checked,,,2020,https://www.myjobquote.co.uk/t/paul-marshall-eng,myjobquote
Gw property maintenance,,Flat Pack Assembly,,,4.3,3,,ID Checked,,,2000,https://www.myjobquote.co.uk/t/gw-property-maintenance,myjobquote
C@k all jobs,,Flat Pack Assembly,,,4.3,2,,ID Checked,,,2020,https://www.myjobquote.co.uk/t/c-at-k-all-jobs,myjobquote
AAA Handymen,,Flat Pack Assembly,,,3,3,,ID Checked,,,2017,https://www.myjobquote.co.uk/t/aaa-handymen,myjobquote
Rjtraders,,Flat Pack Assembly,,,4.68,0,,ID Checked,,,Sep 2017,https://www.myjobquote.co.uk/t/rjtraders,myjobquote
M&W Garden &  Handyman Services,,Flat Pack Assembly,,,5,1,,ID Checked; Public Liability Insurance,,,2021,https://www.myjobquote.co.uk/t/mw-garden-handyman-services,myjobquote
CC Outdoor & Garden Services,,Flat Pack Assembly,,,4.68,0,,ID Checked,,,Mar 2023,https://www.myjobquote.co.uk/t/cc-outdoor-garden-services,myjobquote
Nathan Buxton,,Flat Pack Assembly,,,4.68,0,,ID Checked,,,2019,https://www.myjobquote.co.uk/t/nathan-buxton,myjobquote
BRAES DECORATING SERVICES LTD,,Flat Pack Assembly,,,4.68,0,,ID Checked,,,2017,https://www.myjobquote.co.uk/t/braes-decorating-services-ltd,myjobquote
DM JOINERY SERVICES,,Flat Pack Assembly,,,4.68,0,,ID Checked,,,2022,https://www.myjobquote.co.uk/t/dm-joinery-services,myjobquote
scott reid,,Flat Pack Assembly,,,4.68,0,,ID Checked,,,Oct 2023,https://www.myjobquote.co.uk/t/scott-reid,myjobquote
scott reid,,Flat Pack Assembly,,,4.68,0,,,,,Oct 2023,https://www.myjobquote.co.uk/t/outworks,myjobquote
Npr property maintance and handyman services,,Flat Pack Assembly,,,4.68,0,,ID Checked,,,,https://www.myjobquote.co.uk/t/npr-property-maintance-and-handyman-services,myjobquote
Tony murphy,,Flat Pack Assembly,,,4.68,0,,ID Checked,,,Dec 2023,https://www.myjobquote.co.uk/t/tony-murphy,myjobquote
Tony murphy,,Flat Pack Assembly,,,4.68,0,,ID Checked,,,Jul 2022,https://www.myjobquote.co.uk/t/rm-plumbing-and-bathrooms,myjobquote
alecs,,Flat Pack Assembly,,,4.68,0,,ID Checked,,,May 2025,https://www.myjobquote.co.uk/t/alecs-3,myjobquote
alecs,,Flat Pack Assembly,,,4.68,0,,ID Checked,,,2010,https://www.myjobquote.co.uk/t/platons-creations,myjobquote
Roloch Home Improvements,,Flat Pack Assembly,,,4.68,0,,ID Checked,,,Feb 2020,https://www.myjobquote.co.uk/t/roloch-home-improvements,myjobquote
New Horizon Landscapes And Garden Maintenance,,Flat Pack Assembly,,,4,1,,ID Checked,,,Oct 2018,https://www.myjobquote.co.uk/t/new-horizon-landscapes-and-garden-maintenance,myjobquote
"Handy Dave, does it all.",,Flat Pack Assembly,,,5,13,,ID Checked,,,2014,https://www.myjobquote.co.uk/t/handy-dave-does-it-all,myjobquote
Thomas young,,Flat Pack Assembly,,,5,3,,ID Checked,,,2007,https://www.myjobquote.co.uk/t/thomas-young,myjobquote
Bell lamdscapes,,Flat Pack Assembly,,,4.68,0,,ID Checked,,,Jan 2018,https://www.myjobquote.co.uk/t/bell-lamdscapes,myjobquote
Daniel,,Flat Pack Assembly,,,4.68,0,,ID Checked,,,May 2025,https://www.myjobquote.co.uk/t/daniel-331,myjobquote
Stewart  edington,,Flat Pack Assembly,,,4.68,0,,ID Checked,,,Mar 2024,https://www.myjobquote.co.uk/t/stewart-edington,myjobquote
Stewart  edington,,Flat Pack Assembly,,,4.68,0,,,,,Jan 2026,https://www.myjobquote.co.uk/t/johnny-43,myjobquote
Johnny,,Flat Pack Assembly,,,4.68,0,,ID Checked,,,May 2025,https://www.myjobquote.co.uk/t/flow-property-services,myjobquote
Colin McCloud Property Care Ltd,,Flat Pack Assembly,,,4.68,0,,,,,,https://www.myjobquote.co.uk/t/colin-mccloud-property-care-ltd,myjobquote
RyanHill,,Flat Pack Assembly,,,5,1,,ID Checked,,,Jul 2024,https://www.myjobquote.co.uk/t/ryanhill,myjobquote
Max&#039;s Handy Services,,Flat Pack Assembly,,,5,1,,ID Checked,,,2025,https://www.myjobquote.co.uk/t/maxs-handy-services,myjobquote
m4me Property Services,,Flat Pack Assembly,,,5,2,,ID Checked,,,2024,https://www.myjobquote.co.uk/t/m4me-property-services,myjobquote
Paul Nicholas Carpentry and Maintenance Services,,Flat Pack Assembly,,,5,142,,ID Checked,,,2011,https://www.myjobquote.co.uk/t/paul-nicholas-carpentry-and-maintenance-services,myjobquote
Fused Electrics,,Flat Pack Assembly,,,5,3,,ID Checked,,,2022,https://www.myjobquote.co.uk/t/fused-electrics,myjobquote
Burrows Development,,Flat Pack Assembly,,,5,1,,ID Checked,,,2025,https://www.myjobquote.co.uk/t/burrows-development,myjobquote
Nailed carpentry and construction,,Flat Pack Assembly,,,5,8,,ID Checked,,,2022,https://www.myjobquote.co.uk/t/nailed-carpentry-and-construction,myjobquote
Guste ltd,,Flat Pack Assembly,,,4.9,10,,ID Checked,,,2014,https://www.myjobquote.co.uk/t/guste-ltd,myjobquote
Sawi building services,,Flat Pack Assembly,,,4.68,0,,ID Checked,,,May 2023,https://www.myjobquote.co.uk/t/sawi-building-services,myjobquote
Sawi building services,,Flat Pack Assembly,,,4.68,0,,,,,Apr 2025,https://www.myjobquote.co.uk/t/bowen-property-and-garden-maintenance,myjobquote
Hayden Pound,,Flat Pack Assembly,,,4.68,0,,ID Checked,,,May 2025,https://www.myjobquote.co.uk/t/hayden-pound,myjobquote
A&G Renovations,,Flat Pack Assembly,,,5,7,,ID Checked,,,2000,https://www.myjobquote.co.uk/t/ag-renovations,myjobquote
GN handyman & waste removal services,,Flat Pack Assembly,,,5,2,,ID Checked; Public Liability Insurance,,,2026,https://www.myjobquote.co.uk/t/gn-handyman-waste-removal-services,myjobquote
Chris&#039; Property Maintenance,,Flat Pack Assembly,,,5,2,,ID Checked,,,2018,https://www.myjobquote.co.uk/t/chris-property-maintenance,myjobquote
All Sparks Home Solutions Ltd,,Flat Pack Assembly,,,5,2,,ID Checked,,,2011,https://www.myjobquote.co.uk/t/all-sparks-home-solutions-ltd,myjobquote
Paul Dell,,Flat Pack Assembly,,,5,1,,ID Checked,,,2025,https://www.myjobquote.co.uk/t/paul-dell,myjobquote
Taylor made Carpentry & Handyman Services,,Flat Pack Assembly,,,5,4,,ID Checked,,,2023,https://www.myjobquote.co.uk/t/taylor-made-carpentry-handyman-services,myjobquote
D B Handyman,,Flat Pack Assembly,,,5,2,,ID Checked,,,2025,https://www.myjobquote.co.uk/t/d-b-handyman,myjobquote
DIY Dai,,Flat Pack Assembly,,,5,1,,ID Checked,,,2017,https://www.myjobquote.co.uk/t/diy-dai,myjobquote
L&G Carpentry,,Flat Pack Assembly,,,4,10,,ID Checked,,,1999,https://www.myjobquote.co.uk/t/lg-carpentry-4,myjobquote
Man 4All Reasons,,Flat Pack Assembly,,,4.9,1,,ID Checked,,,Oct 2024,https://www.myjobquote.co.uk/t/man-4all-reasons,myjobquote
Anderson Building & Maintenance,,Flat Pack Assembly,,,4.7,10,,ID Checked,,,2024,https://www.myjobquote.co.uk/t/anderson-building-maintenance,myjobquote
Workforce Home Improvements Ltd,,Flat Pack Assembly,,,5,3,,ID Checked,,,2009,https://www.myjobquote.co.uk/t/workforce-home-improvements-ltd,myjobquote
3 Dragon Landscaping & Property Maintenance,,Flat Pack Assembly,,,4,2,,ID Checked,,,2025,https://www.myjobquote.co.uk/t/3-dragon-landscaping-property-maintenance,myjobquote
Inspire Electrical and Plumbing Ltd,,Flat Pack Assembly,,,5,10,,ID Checked,,,2024,https://www.myjobquote.co.uk/t/inspire-electrical-and-plumbing-ltd,myjobquote
All In One Construction,,Flat Pack Assembly,,,5,7,,ID Checked; Public Liability Insurance,,,2023,https://www.myjobquote.co.uk/t/all-in-one-construction-1,myjobquote
R&D roofing and property maintenance,,Flat Pack Assembly,,,5,1,,ID Checked,,,Jul 2024,https://www.myjobquote.co.uk/t/rd-roofing-and-property-maintenance,myjobquote
Swan Carpentry And Electrical Services,,Flat Pack Assembly,,,5,1,,ID Checked,,,2023,https://www.myjobquote.co.uk/t/swan-carpentry-and-electrical-services,myjobquote
D&D Home Maintenance Solutions,,Flat Pack Assembly,,,5,11,,ID Checked; Public Liability Insurance,,,2018,https://www.myjobquote.co.uk/t/dd-home-maintenance-solutions,myjobquote
Tomasz Kaliszan,,Flat Pack Assembly,,,5,5,,ID Checked,,,2020,https://www.myjobquote.co.uk/t/tomasz-kaliszan,myjobquote
Lewis,,Flat Pack Assembly,,,5,1,,ID Checked,,,Oct 2020,https://www.myjobquote.co.uk/t/lewis-90,myjobquote
Platinum plastering,,Flat Pack Assembly,,,5,1,,ID Checked,,,2002,https://www.myjobquote.co.uk/t/platinum-plastering-1,myjobquote
Herman van Gemert,,Flat Pack Assembly,,,4.68,0,,ID Checked,,,May 2017,https://www.myjobquote.co.uk/t/herman-van-gemert,myjobquote
ADM PROPERTY MAINTENANCE,,Flat Pack Assembly,,,4.68,0,,ID Checked,,,Apr 2022,https://www.myjobquote.co.uk/t/adm-property-maintenance,myjobquote
Zénith,,Flat Pack Assembly,,,4.68,0,,,,,Oct 2024,https://www.myjobquote.co.uk/t/zenith-2,myjobquote
Zénith,,Flat Pack Assembly,,,4.68,0,,,,,Aug 2022,https://www.myjobquote.co.uk/t/building4you-1,myjobquote
Building4you,,Flat Pack Assembly,,,4.68,0,,,,,May 2023,https://www.myjobquote.co.uk/t/ellisroofingconstruction,myjobquote
Ellisroofing&construction,,Flat Pack Assembly,,,4.68,0,,ID Checked,,,2018,https://www.myjobquote.co.uk/t/phil-pro-painting-handyman,myjobquote
Self employed,,Flat Pack Assembly,,,4.68,0,,ID Checked,,,,https://www.myjobquote.co.uk/t/self-employed-898,myjobquote
St James Plumbing & Heating Services,,Flat Pack Assembly,,,4.68,0,,ID Checked,,,2019,https://www.myjobquote.co.uk/t/st-james-plumbing-heating-services,myjobquote
A123djbsbjd,,Flat Pack Assembly,,,4.68,0,,ID Checked,,,1927,https://www.myjobquote.co.uk/t/a123djbsbjd,myjobquote
Sa1 maintenance,,Flat Pack Assembly,,,4.68,0,,ID Checked,,,2018,https://www.myjobquote.co.uk/t/sa1-maintenance,myjobquote
Renew Pro,,Flat Pack Assembly,,,4.68,0,,ID Checked,,,Jan 2025,https://www.myjobquote.co.uk/t/renew-pro,myjobquote
Cutforth Electrical,,Flat Pack Assembly,,,4.68,0,,ID Checked,,,May 2025,https://www.myjobquote.co.uk/t/cutforth-electrical,myjobquote
Matt Whitehouse,,Flat Pack Assembly,,,4.68,0,,ID Checked,,,Feb 2025,https://www.myjobquote.co.uk/t/matt-whitehouse,myjobquote
Against the grain carpentry,,Flat Pack Assembly,,,4.68,0,,ID Checked,,,Feb 2024,https://www.myjobquote.co.uk/t/against-the-grain-carpentry,myjobquote
Against the grain carpentry,,Flat Pack Assembly,,,4.68,0,,ID Checked,,,Aug 2024,https://www.myjobquote.co.uk/t/golden-wrench,myjobquote
Robert Gawel,,Flat Pack Assembly,,,4.68,0,,,,,Sep 2024,https://www.myjobquote.co.uk/t/robert-gawel,myjobquote
P M Handyman Services and Home Improvements,,Flat Pack Assembly,,,4.68,0,,,,,2024,https://www.myjobquote.co.uk/t/p-m-handyman-services-and-home-improvements,myjobquote
D&P DIY,,Flat Pack Assembly,,,4.68,0,,,,,Nov 2024,https://www.myjobquote.co.uk/t/dp-diy,myjobquote
Coastland Installations,,Flat Pack Assembly,,,4.68,0,,,,,Feb 2024,https://www.myjobquote.co.uk/t/coastland-installations,myjobquote
Fix it all,,Flat Pack Assembly,,,4.68,0,,ID Checked,,,Mar 2025,https://www.myjobquote.co.uk/t/fix-it-all-1,myjobquote
Fix it all,,Flat Pack Assembly,,,5,2,,ID Checked; Public Liability Insurance,,,Jan 2025,https://www.myjobquote.co.uk/t/lux-electrical-maintenance-wales,myjobquote
SHAW BRICKWORK,,Flat Pack Assembly,,,5,4,,ID Checked,,,2024,https://www.myjobquote.co.uk/t/shaw-brickwork,myjobquote
N.E Garden Services,,Flat Pack Assembly,,,4.7,3,,ID Checked,,,Jul 2023,https://www.myjobquote.co.uk/t/ne-garden-services,myjobquote
TD Construction,,Flat Pack Assembly,,,4,1,,ID Checked,,,2021,https://www.myjobquote.co.uk/t/td-construction-2,myjobquote
Self employed,,Flat Pack Assembly,,,4.68,0,,ID Checked,,,May 2023,https://www.myjobquote.co.uk/t/self-employed-808,myjobquote
Self employed,,Flat Pack Assembly,,,4.68,0,,,,,Jun 2025,https://www.myjobquote.co.uk/t/trident-ltd,myjobquote
Mark  aa,,Flat Pack Assembly,,,4.68,0,,,,,May 2025,https://www.myjobquote.co.uk/t/mark-aa,myjobquote
Mark  aa,,Flat Pack Assembly,,,4.68,0,,,,,May 2025,https://www.myjobquote.co.uk/t/jcmalh,myjobquote
Jcmalh,,Flat Pack Assembly,,,4.68,0,,,,,Jan 2025,https://www.myjobquote.co.uk/t/matthew-149,myjobquote
Dai Mac Building and Maintenance,,Flat Pack Assembly,,,4.68,0,,,,,Jul 2025,https://www.myjobquote.co.uk/t/dai-mac-building-and-maintenance,myjobquote
Dai Mac Building and Maintenance,,Flat Pack Assembly,,,4.68,0,,ID Checked,,,Sep 2023,https://www.myjobquote.co.uk/t/handyman-wales,myjobquote
Àable,,Flat Pack Assembly,,,4.68,0,,ID Checked,,,Dec 2024,https://www.myjobquote.co.uk/t/aable,myjobquote
Àable,,Flat Pack Assembly,,,4.68,0,,,,,Oct 2023,https://www.myjobquote.co.uk/t/kat-coin-du-monde-limited,myjobquote
Kat Coin du Monde Limited,,Flat Pack Assembly,,,4.68,0,,,,,Aug 2023,https://www.myjobquote.co.uk/t/aj-property-maintenance-7,myjobquote
Handy Fish,,Flat Pack Assembly,,,4.68,0,,ID Checked,,,Mar 2022,https://www.myjobquote.co.uk/t/handy-fish,myjobquote
Handy Fish,,Flat Pack Assembly,,,4.68,0,,ID Checked,,,Jan 2022,https://www.myjobquote.co.uk/t/rkh-property-maintenance,myjobquote
Sr Collins ground works,,Flat Pack Assembly,,,4.68,0,,ID Checked,,,Mar 2023,https://www.myjobquote.co.uk/t/sr-collins-ground-works,myjobquote
Sr Collins ground works,,Flat Pack Assembly,,,5,13,,ID Checked; Public Liability Insurance,,,2000,https://www.myjobquote.co.uk/t/colours-decorators,myjobquote
Even Coat Painting,,Flat Pack Assembly,,,5,2,,ID Checked,,,2025,https://www.myjobquote.co.uk/t/even-coat-painting,myjobquote
Evans Electrical South Wales,,Flat Pack Assembly,,,5,4,,ID Checked,,,2006,https://www.myjobquote.co.uk/t/evans-electrical-south-wales,myjobquote
Langman Carpentry,,Flat Pack Assembly,,,5,1,,ID Checked,,,Apr 2020,https://www.myjobquote.co.uk/t/langman-carpentry,myjobquote
Capewell’s home improvements & son’s,,Flat Pack Assembly,,,5,4,,ID Checked,,,2022,https://www.myjobquote.co.uk/t/capewells-home-improvements-sons,myjobquote
Handymanhardy,,Flat Pack Assembly,,,5,11,07451261290,ID Checked,,,2016,https://www.myjobquote.co.uk/t/handymanhardy,myjobquote
Alex Lee Carpenter and Builder,,Flat Pack Assembly,,,5,53,,ID Checked,,,2000,https://www.myjobquote.co.uk/t/alex-lee-carpenter-and-builder,myjobquote
E&D multi skiller tradesmen&#039;s 24/7,,Flat Pack Assembly,,,5,9,,ID Checked,,,2022,https://www.myjobquote.co.uk/t/ed-multi-skiller-tradesmens-247,myjobquote
Bullock property maintenance,,Flat Pack Assembly,,,5,12,,ID Checked,,,2017,https://www.myjobquote.co.uk/t/bullock-property-maintenance,myjobquote
Local roofing,,Flat Pack Assembly,,,5,1,,ID Checked,,,2000,https://www.myjobquote.co.uk/t/local-roofing-3,myjobquote
HEAVEN BUILD LTD,,Flat Pack Assembly,,,5,5,,ID Checked,,,2021,https://www.myjobquote.co.uk/t/heaven-build-ltd,myjobquote
Mastercraft Builders Ltd,,Flat Pack Assembly,,,5,13,,ID Checked,,,Jul 2025,https://www.myjobquote.co.uk/t/mastercraft-builders-ltd,myjobquote
PTS - Paul Treadwell Services,,Flat Pack Assembly,,,5,2,,ID Checked,,,2025,https://www.myjobquote.co.uk/t/pts-paul-treadwell-services,myjobquote
GS maintenance and repairs,,Flat Pack Assembly,,,5,4,,ID Checked; Public Liability Insurance,,,2024,https://www.myjobquote.co.uk/t/gs-maintenance-and-repairs,myjobquote
J Handyman,,Flat Pack Assembly,,,5,8,,ID Checked,,,2018,https://www.myjobquote.co.uk/t/j-handyman-1,myjobquote
James Al-rawazik,,Flat Pack Assembly,,,5,1,,ID Checked,,,2024,https://www.myjobquote.co.uk/t/james-al-rawazik,myjobquote
HandyDai,,Flat Pack Assembly,,,5,3,,ID Checked,,,2022,https://www.myjobquote.co.uk/t/handydai,myjobquote
ALEXANDER WILLIAMS,,Flat Pack Assembly,,,5,2,,ID Checked,,,2020,https://www.myjobquote.co.uk/t/alexander-williams,myjobquote
CJ’s Property Maintenance & Handyman.,,Flat Pack Assembly,,,5,2,,ID Checked,,,2022,https://www.myjobquote.co.uk/t/cjs-property-maintenance-handyman,myjobquote
Brilliant touch painting and decorating,,Flat Pack Assembly,,,5,1,,ID Checked,,,2023,https://www.myjobquote.co.uk/t/brilliant-touch-painting-and-decorating,myjobquote
Celtic Services UK,,Flat Pack Assembly,,,5,1,,ID Checked,,,2022,https://www.myjobquote.co.uk/t/celtic-services-uk,myjobquote
AC Property Maintenance,,Flat Pack Assembly,,,5,3,,ID Checked,,,2014,https://www.myjobquote.co.uk/t/ac-property-maintenance-1,myjobquote
Prestige Plumbing Swansea,,Flat Pack Assembly,,,5,23,,ID Checked,,,2018,https://www.myjobquote.co.uk/t/prestige-plumbing-swansea,myjobquote
RJ Maintenance,,Flat Pack Assembly,,,5,2,,ID Checked,,,2017,https://www.myjobquote.co.uk/t/rj-maintenance,myjobquote
Prossers plastering,,Flat Pack Assembly,,,4.68,0,,ID Checked,,,Mar 2019,https://www.myjobquote.co.uk/t/prossers-plastering,myjobquote
Francis Packington,,Flat Pack Assembly,,,4.68,0,,ID Checked,,,1994,https://www.myjobquote.co.uk/t/francis-packington,myjobquote
Scott&#039;s general maintenance,,Flat Pack Assembly,,,4.68,0,,,,,May 2023,https://www.myjobquote.co.uk/t/scotts-general-maintenance,myjobquote
PEJOEH,,Flat Pack Assembly,,,4.68,0,,ID Checked,,,Jul 2025,https://www.myjobquote.co.uk/t/pejoeh,myjobquote
Woodford building seevices,,Flat Pack Assembly,,,4.68,0,,ID Checked,,,Jan 2025,https://www.myjobquote.co.uk/t/woodford-building-seevices,myjobquote
Jbb building contractors,,Flat Pack Assembly,,,5,2,,ID Checked,,,Dec 2025,https://www.myjobquote.co.uk/t/jbb-building-contractors,myjobquote
Handy Destination,,Flat Pack Assembly,,,5,4,,ID Checked,,,2011,https://www.myjobquote.co.uk/t/handy-destination,myjobquote
Rico Property Maintenance,,Flat Pack Assembly,,,4,1,,ID Checked,,,2021,https://www.myjobquote.co.uk/t/rico-property-maintenance,myjobquote
Flat Pack Specialist,,Flat Pack Assembly,,,5,9,,ID Checked,,,2007,https://www.myjobquote.co.uk/t/flat-pack-specialist,myjobquote
Your Local Handyman,,Flat Pack Assembly,,,4.7,3,,ID Checked,,,Mar 2022,https://www.myjobquote.co.uk/t/your-local-handyman-1,myjobquote
Gerald,,Flat Pack Assembly,,,4.68,0,,ID Checked,,,Nov 2019,https://www.myjobquote.co.uk/t/gerald-12,myjobquote
ARB Solutions,,Flat Pack Assembly,,,4.68,0,,ID Checked,,,Dec 2025,https://www.myjobquote.co.uk/t/arb-solutions,myjobquote
Handiman,,Flat Pack Assembly,,,4.68,0,,ID Checked,,,Mar 2026,https://www.myjobquote.co.uk/t/handiman-8,myjobquote
Dragon House Renovation,,Flat Pack Assembly,,,4.68,0,,,,,Aug 2024,https://www.myjobquote.co.uk/t/dragon-house-renovation,myjobquote
Handyman service,,Flat Pack Assembly,,,5,1,,ID Checked,,,,https://www.myjobquote.co.uk/t/handyman-service-25,myjobquote
Proudfoot Plumbing,,Flat Pack Assembly,,,5,9,,ID Checked; Public Liability Insurance,,,2015,https://www.myjobquote.co.uk/t/proudfoot-plumbing,myjobquote
OPetkevicius,,Flat Pack Assembly,,,5,2,,ID Checked,,,2025,https://www.myjobquote.co.uk/t/opetkevicius,myjobquote
Liam Smith Handyman Services,,Flat Pack Assembly,,,5,4,,ID Checked,,,2025,https://www.myjobquote.co.uk/t/liam-smith-handyman-services,myjobquote
Trivett Construction & Painting Ltd,,Flat Pack Assembly,,,5,21,07451260601,ID Checked,,,2018,https://www.myjobquote.co.uk/t/trivett-construction-painting-ltd,myjobquote
Jeffery gagg,,Flat Pack Assembly,,,5,1,,ID Checked,,,2003,https://www.myjobquote.co.uk/t/jeffery-gagg,myjobquote
MPD Property,,Flat Pack Assembly,,,5,1,,ID Checked; Public Liability Insurance,,,2023,https://www.myjobquote.co.uk/t/mpd-property,myjobquote
TomHandySolutions,,Flat Pack Assembly,,,5,1,,ID Checked,,,2017,https://www.myjobquote.co.uk/t/tomhandysolutions,myjobquote
Barod Property Services,,Flat Pack Assembly,,,5,2,,ID Checked,,,Mar 2025,https://www.myjobquote.co.uk/t/barod-property-services,myjobquote
WRR HANDYMAN & TRIMMING SERVICES,,Flat Pack Assembly,,,5,1,,ID Checked,,,2013,https://www.myjobquote.co.uk/t/wrr-handyman-trimming-services,myjobquote
Mr T. Handy,,Flat Pack Assembly,,,5,1,,ID Checked,,,2022,https://www.myjobquote.co.uk/t/mr-t-handy,myjobquote
Johnny potter,,Flat Pack Assembly,,,4.68,0,,ID Checked,,,2015,https://www.myjobquote.co.uk/t/johnny-potter,myjobquote
Lèe Henderson,,Flat Pack Assembly,,,4.68,0,,ID Checked,,,2022,https://www.myjobquote.co.uk/t/lee-henderson,myjobquote
Jays Renovations,,Flat Pack Assembly,,,4.68,0,,ID Checked,,,Nov 2022,https://www.myjobquote.co.uk/t/jays-renovations,myjobquote
J’s Home Maintenance,,Flat Pack Assembly,,,4.68,0,,ID Checked,,,Feb 2025,https://www.myjobquote.co.uk/t/js-home-maintenance-1,myjobquote
J’s Home Maintenance,,Flat Pack Assembly,,,4.68,0,,ID Checked,,,Nov 2023,https://www.myjobquote.co.uk/t/volt-cymru-electrical,myjobquote
jonathan connor,,Flat Pack Assembly,,,4.68,0,,ID Checked,,,2023,https://www.myjobquote.co.uk/t/jonathan-connor,myjobquote
SMP Home Solutions,,Flat Pack Assembly,,,4.68,0,,ID Checked,,,Jun 2024,https://www.myjobquote.co.uk/t/smp-home-solutions,myjobquote
Iestyn,,Flat Pack Assembly,,,4.68,0,,ID Checked,,,Jul 2025,https://www.myjobquote.co.uk/t/iestyn,myjobquote
Iestyn,,Flat Pack Assembly,,,4.68,0,,ID Checked,,,2024,https://www.myjobquote.co.uk/t/handyman-cleaning-services,myjobquote
CBRenovations,,Flat Pack Assembly,,,4.68,0,,ID Checked,,,Sep 2024,https://www.myjobquote.co.uk/t/cbrenovations,myjobquote
S Little Handyman and Garden Services,,Flat Pack Assembly,,,4.68,0,,ID Checked,,,Nov 2022,https://www.myjobquote.co.uk/t/s-little-handyman-and-garden-services,myjobquote
S Little Handyman and Garden Services,,Flat Pack Assembly,,,4.68,0,,ID Checked,,,2023,https://www.myjobquote.co.uk/t/one-call-away,myjobquote
Scorpion Maintenance Service Limited,,Flat Pack Assembly,,,4.68,0,,ID Checked,,,2018,https://www.myjobquote.co.uk/t/scorpion-maintenance-service-limited,myjobquote
Atkins Handyman Services,,Flat Pack Assembly,,,4.68,0,,ID Checked,,,Feb 2018,https://www.myjobquote.co.uk/t/atkins-handyman-services-1,myjobquote
Martin Hayes,,Flat Pack Assembly,,,4.68,0,,ID Checked,,,Aug 2024,https://www.myjobquote.co.uk/t/martin-hayes,myjobquote
Martin Hayes,,Flat Pack Assembly,,,4.68,0,,ID Checked,,,2018,https://www.myjobquote.co.uk/t/on-point-handyman-service,myjobquote
Biffs bespoke builders,,Flat Pack Assembly,,,4.68,0,,ID Checked,,,Mar 2023,https://www.myjobquote.co.uk/t/biffs-bespoke-builders,myjobquote
ms handyman services,,Flat Pack Assembly,,,4.68,0,,ID Checked,,,2013,https://www.myjobquote.co.uk/t/ms-handyman-services,myjobquote
JT Decorating services,,Flat Pack Assembly,,,5,25,,ID Checked,,,2010,https://www.myjobquote.co.uk/t/jt-decorating-services-1,myjobquote
Glen Robinson,,Flat Pack Assembly,,,5,1,,ID Checked,,,Nov 2021,https://www.myjobquote.co.uk/t/glen-robinson,myjobquote
richard tate,,Flat Pack Assembly,,,4.68,0,,ID Checked,,,Oct 2020,https://www.myjobquote.co.uk/t/richard-tate,myjobquote
richard tate,,Flat Pack Assembly,,,4.68,0,,ID Checked,,,Mar 2022,https://www.myjobquote.co.uk/t/love-tiles,myjobquote
Nikolas,,Flat Pack Assembly,,,4.68,0,,ID Checked,,,Jul 2022,https://www.myjobquote.co.uk/t/nikolas-2,myjobquote
Nikolas,,Flat Pack Assembly,,,4.68,0,,,,,Aug 2023,https://www.myjobquote.co.uk/t/anthonys-electrical,myjobquote
"D & N Landscaping, DIY services",,Flat Pack Assembly,,,4.68,0,,,,,Apr 2022,https://www.myjobquote.co.uk/t/d-n-landscaping-diy-services,myjobquote
"D & N Landscaping, DIY services",,Flat Pack Assembly,,,4.68,0,,,,,Feb 2026,https://www.myjobquote.co.uk/t/ary-handyman,myjobquote
Ary Handyman,,Flat Pack Assembly,,,4.68,0,,,,,Aug 2025,https://www.myjobquote.co.uk/t/souli-construction-ltd,myjobquote
Souli construction Ltd,,Flat Pack Assembly,,,4.68,0,,ID Checked,,,Dec 2023,https://www.myjobquote.co.uk/t/aida-painting,myjobquote
aida painting,,Flat Pack Assembly,,,4.68,0,,ID Checked,,,Jul 2023,https://www.myjobquote.co.uk/t/brian-ferris,myjobquote
Brian ferris,,Flat Pack Assembly,,,4.68,0,,,,,Jan 2023,https://www.myjobquote.co.uk/t/cory-richards,myjobquote
Pw fencing,,Flat Pack Assembly,,,4.68,0,,,,,Jan 2023,https://www.myjobquote.co.uk/t/pw-fencing,myjobquote
James,,Flat Pack Assembly,,,4.68,0,,,,,Jan 2023,https://www.myjobquote.co.uk/t/james-299,myjobquote
James,,Flat Pack Assembly,,,4.68,0,,,,,Apr 2025,https://www.myjobquote.co.uk/t/bardi,myjobquote
Bardi,,Flat Pack Assembly,,,4.68,0,,,,,Mar 2025,https://www.myjobquote.co.uk/t/ollie-walker,myjobquote
Ollie walker,,Flat Pack Assembly,,,4.68,0,,,,,Nov 2022,https://www.myjobquote.co.uk/t/adam-churchill,myjobquote
Adam Churchill,,Flat Pack Assembly,,,4.68,0,,,,,Feb 2024,https://www.myjobquote.co.uk/t/craig-walker,myjobquote
Craig walker,,Flat Pack Assembly,,,4.68,0,,ID Checked,,,Jul 2023,https://www.myjobquote.co.uk/t/taylor-70,myjobquote
Taylor,,Flat Pack Assembly,,,4.68,0,,ID Checked,,,Sep 2025,https://www.myjobquote.co.uk/t/declan-kent,myjobquote
Declan kent,,Flat Pack Assembly,,,4.68,0,,,,,Jun 2023,https://www.myjobquote.co.uk/t/allin-cashell,myjobquote
ZL DOC,,Flat Pack Assembly,,,4.68,0,,,,,Feb 2024,https://www.myjobquote.co.uk/t/zl-doc,myjobquote
ZL DOC,,Flat Pack Assembly,,,4.68,0,,,,,Feb 2025,https://www.myjobquote.co.uk/t/mchamps,myjobquote
MChamps,,Flat Pack Assembly,,,4.68,0,,,,,Jan 2025,https://www.myjobquote.co.uk/t/browns-16,myjobquote
Vernon Evermy,,Flat Pack Assembly,,,4.68,0,,,,,2002,https://www.myjobquote.co.uk/t/vernon-evermy,myjobquote
Top notch garden & exterior care,,Flat Pack Assembly,,,4.68,0,,,,,2025,https://www.myjobquote.co.uk/t/top-notch-garden-exterior-care,myjobquote
Top notch garden & exterior care,,Flat Pack Assembly,,,4.68,0,,,,,Aug 2025,https://www.myjobquote.co.uk/t/tasker-1,myjobquote
Tasker,,Flat Pack Assembly,,,5,1,,ID Checked,,,1985,https://www.myjobquote.co.uk/t/zoltan-12,myjobquote
VTEL SERVICES LIMITED,,Flat Pack Assembly,,,5,2,,ID Checked,,,2025,https://www.myjobquote.co.uk/t/vtel-services-limited,myjobquote
Jefflie Electrical Services & PAT Testing,,Flat Pack Assembly,,,5,23,,ID Checked; Public Liability Insurance,,,2024,https://www.myjobquote.co.uk/t/jefflie-electrical-services-pat-testing,myjobquote
Philip&#039;s Property Services,,Flat Pack Assembly,,,4.9,11,,ID Checked,,,2008,https://www.myjobquote.co.uk/t/philips-property-services,myjobquote
Radical Property,,Flat Pack Assembly,,,5,2,,ID Checked,,,Jun 2023,https://www.myjobquote.co.uk/t/radical-property,myjobquote
Roman,,Flat Pack Assembly,,,5,1,,ID Checked,,,2023,https://www.myjobquote.co.uk/t/roman-77,myjobquote
Greg&#039;s Maintenance,,Flat Pack Assembly,,,5,29,,ID Checked,,,1999,https://www.myjobquote.co.uk/t/gregs-maintenance,myjobquote
Handy Vets,,Flat Pack Assembly,,,5,1,,ID Checked,,,Dec 2023,https://www.myjobquote.co.uk/t/handy-vets,myjobquote
PJL Repair and Maintenenace,,Flat Pack Assembly,,,5,6,,ID Checked; Public Liability Insurance,,,2025,https://www.myjobquote.co.uk/t/pjl-repair-and-maintenenace,myjobquote
C&D Removals,,Flat Pack Assembly,,,5,3,,ID Checked; Public Liability Insurance,,,2022,https://www.myjobquote.co.uk/t/cd-removals-1,myjobquote
PRS SERVICES NW,,Flat Pack Assembly,,,5,158,07441473165,ID Checked,,,2023,https://www.myjobquote.co.uk/t/prs-services-nw,myjobquote
LewRichPlumbing,,Flat Pack Assembly,,,5,3,,ID Checked,,,2020,https://www.myjobquote.co.uk/t/lewrichplumbing,myjobquote
REA Home maintenance,,Flat Pack Assembly,,,5,2,,ID Checked; Public Liability Insurance,,,2022,https://www.myjobquote.co.uk/t/rea-home-maintenance,myjobquote
Emil W,,Flat Pack Assembly,,,5,3,,ID Checked,,,2024,https://www.myjobquote.co.uk/t/emil-w,myjobquote
SP Jones Property Maintenance,,Flat Pack Assembly,,,5,2,,ID Checked,,,2018,https://www.myjobquote.co.uk/t/sp-jones-property-maintenance,myjobquote
DOMUS Home Services,,Flat Pack Assembly,,,5,4,,ID Checked,,,2017,https://www.myjobquote.co.uk/t/domus-home-services,myjobquote
Green Home Maintenance And Handyman services,,Flat Pack Assembly,,,5,62,,ID Checked,,,2018,https://www.myjobquote.co.uk/t/green-home-maintenance-and-handyman-services,myjobquote
N. Moyo Consulting and Facilities Management,,Flat Pack Assembly,,,5,26,07441449131,ID Checked,,,2011,https://www.myjobquote.co.uk/t/n-moyo-consulting-and-facilities-management,myjobquote
Flat Pack Fittings,,Flat Pack Assembly,,,5,19,,ID Checked,,,2018,https://www.myjobquote.co.uk/t/flat-pack-fittings,myjobquote
Romenzo Construction,,Flat Pack Assembly,,,5,15,,ID Checked; Public Liability Insurance,,,2020,https://www.myjobquote.co.uk/t/romenzo-construction,myjobquote
Anyjobwilldo,,Flat Pack Assembly,,,4.68,0,,Public Liability Insurance,,,Feb 2022,https://www.myjobquote.co.uk/t/anyjobwilldo,myjobquote
Anyjobwilldo,,Flat Pack Assembly,,,4.68,0,,,,,Apr 2024,https://www.myjobquote.co.uk/t/dylan-roberts-1,myjobquote
Dylan roberts,,Flat Pack Assembly,,,4.68,0,,,,,Jan 2023,https://www.myjobquote.co.uk/t/karl-jones-2,myjobquote
Andy’s handyman & garden maintenance,,Flat Pack Assembly,,,5,2,,ID Checked; Public Liability Insurance,,,2025,https://www.myjobquote.co.uk/t/andys-handyman-garden-maintenance,myjobquote
Handymike,,Flat Pack Assembly,,,5,1,,ID Checked,,,Jun 2025,https://www.myjobquote.co.uk/t/handymike-4,myjobquote
Miguel Rodriguez,,Flat Pack Assembly,,,5,5,,ID Checked,,,2020,https://www.myjobquote.co.uk/t/miguel-rodriguez,myjobquote
JB Trades,,Flat Pack Assembly,,,5,6,,ID Checked,,,2025,https://www.myjobquote.co.uk/t/jb-trades-1,myjobquote
Sutcliffe Solutions,,Flat Pack Assembly,,,5,3,,ID Checked; Public Liability Insurance,,,2025,https://www.myjobquote.co.uk/t/sutcliffe-solutions-1,myjobquote
Pablos Carpentry UK,,Flat Pack Assembly,,,5,1,,Public Liability Insurance,,,Dec 2025,https://www.myjobquote.co.uk/t/pablos-carpentry-uk,myjobquote
Muhammad Ali Murad,,Flat Pack Assembly,,,5,2,,ID Checked,,,2025,https://www.myjobquote.co.uk/t/muhammad-ali-murad,myjobquote
ST Property Maintenance,,Flat Pack Assembly,,,5,2,,ID Checked,,,2015,https://www.myjobquote.co.uk/t/st-property-maintenance-3,myjobquote
Joe the handy man.,,Flat Pack Assembly,,,5,41,,ID Checked,,,2023,https://www.myjobquote.co.uk/t/joe-the-handy-man,myjobquote
Jervis Home & Garden Services,,Flat Pack Assembly,,,5,1,,ID Checked; Public Liability Insurance,,,2002,https://www.myjobquote.co.uk/t/jervis-home-garden-services,myjobquote
Cjg suspended ceilings & partitions ltd,,Flat Pack Assembly,,,5,7,,ID Checked,,,Nov 2025,https://www.myjobquote.co.uk/t/cjg-suspended-ceilings-partitions-ltd,myjobquote
Aspire,,Flat Pack Assembly,,,5,25,,ID Checked,,,2020,https://www.myjobquote.co.uk/t/aspire-1,myjobquote
RBA SERVICES,,Flat Pack Assembly,,,5,20,,ID Checked,,,Mar 2024,https://www.myjobquote.co.uk/t/rba-services,myjobquote
Ferguson Projects,,Flat Pack Assembly,,,5,3,,ID Checked; Public Liability Insurance,,,Nov 2023,https://www.myjobquote.co.uk/t/ferguson-projects,myjobquote
Kacper Banasiak,,Flat Pack Assembly,,,5,1,,ID Checked; Public Liability Insurance,,,2008,https://www.myjobquote.co.uk/t/kacper-banasiak,myjobquote
Concierge Co.,,Flat Pack Assembly,,,5,3,,ID Checked,,,Nov 2025,https://www.myjobquote.co.uk/t/concierge-co,myjobquote
KNM Wilson & Co Ltd,,Flat Pack Assembly,,,5,4,,ID Checked,,,2025,https://www.myjobquote.co.uk/t/knm-wilson-co-ltd-1,myjobquote
S. J. Brickwork/handyman jobs,,Flat Pack Assembly,,,5,40,07441447179,ID Checked,,,2005,https://www.myjobquote.co.uk/t/s-j-brickworkhandyman-jobs,myjobquote
Martin Broad,,Flat Pack Assembly,,,5,9,,ID Checked,,,Aug 2022,https://www.myjobquote.co.uk/t/martin-broad,myjobquote
Michael Jay Ogugua,,Flat Pack Assembly,,,4,3,,ID Checked,,,2015,https://www.myjobquote.co.uk/t/michael-jay-ogugua,myjobquote
A.E.A. Installations,,Flat Pack Assembly,,,5,26,,ID Checked,,,2018,https://www.myjobquote.co.uk/t/aea-installations,myjobquote
Patryk the handyman,,Flat Pack Assembly,,,5,3,,ID Checked,,,2020,https://www.myjobquote.co.uk/t/patryk-the-handyman,myjobquote
M&j harrison property maintenance,,Flat Pack Assembly,,,5,155,,ID Checked,,,2017,https://www.myjobquote.co.uk/t/mj-harrison-property-maintenance,myjobquote
Big G DIY & Handyman Services,,Flat Pack Assembly,,,5,10,,ID Checked; Public Liability Insurance,,,2021,https://www.myjobquote.co.uk/t/big-g-diy-handyman-services,myjobquote
Handyman On Trent,,Flat Pack Assembly,,,5,6,,ID Checked,,,2021,https://www.myjobquote.co.uk/t/handyman-on-trent,myjobquote
CDF Handyman Services,,Flat Pack Assembly,,,5,25,,ID Checked,,,2010,https://www.myjobquote.co.uk/t/cdf-handyman-services,myjobquote
CMJM Interiors,,Flat Pack Assembly,,,4.8,24,,ID Checked,,,2022,https://www.myjobquote.co.uk/t/cmjm-interiors,myjobquote
ADBOH Home and Garden Service’s,,Flat Pack Assembly,,,4.8,4,,ID Checked,,,2020,https://www.myjobquote.co.uk/t/adboh-home-and-garden-services,myjobquote
Bnn0201,,Flat Pack Assembly,,,4.68,0,,ID Checked,,,Apr 2021,https://www.myjobquote.co.uk/t/bnn0201,myjobquote
Bnn0201,,Flat Pack Assembly,,,4.68,0,,ID Checked,,,Jan 2025,https://www.myjobquote.co.uk/t/mwv-services,myjobquote
M.W.V  services,,Flat Pack Assembly,,,4.68,0,,ID Checked,,,Sep 2024,https://www.myjobquote.co.uk/t/pit-decoration,myjobquote
Pit Decoration,,Flat Pack Assembly,,,4.68,0,,ID Checked,,,Oct 2024,https://www.myjobquote.co.uk/t/sunshine-painters,myjobquote
Sunshine painters,,Flat Pack Assembly,,,4.68,0,,,,,2000,https://www.myjobquote.co.uk/t/stay-dry-roofing-8,myjobquote
JD HOME AND GARDEN SERVICES,,Flat Pack Assembly,,,4.68,0,,,,,Dec 2025,https://www.myjobquote.co.uk/t/jd-home-and-garden-services,myjobquote
KJ Garden Services,,Flat Pack Assembly,,,4.68,0,,ID Checked,,,Jul 2023,https://www.myjobquote.co.uk/t/kj-garden-services,myjobquote
Src carpentry and joinery,,Flat Pack Assembly,,,4.68,0,,ID Checked,,,Jul 2025,https://www.myjobquote.co.uk/t/src-carpentry-and-joinery,myjobquote
Cals plastering services,,Flat Pack Assembly,,,4.68,0,,ID Checked,,,2008,https://www.myjobquote.co.uk/t/cals-plastering-services,myjobquote
Scott&#039;s,,Flat Pack Assembly,,,4.68,0,,ID Checked,,,Dec 2025,https://www.myjobquote.co.uk/t/scotts-4,myjobquote
Scott&#039;s,,Flat Pack Assembly,,,4.68,0,,,,,Jun 2025,https://www.myjobquote.co.uk/t/jasons-handyman-services-1,myjobquote
Jason’s Handyman Services,,Flat Pack Assembly,,,4.68,0,,ID Checked,,,Mar 2023,https://www.myjobquote.co.uk/t/solid-space,myjobquote
Hamilton Renovations,,Flat Pack Assembly,,,4.68,0,,ID Checked,,,2022,https://www.myjobquote.co.uk/t/hamilton-renovations,myjobquote
Rob stenhouse,,Flat Pack Assembly,,,4.68,0,,ID Checked,,,Feb 2026,https://www.myjobquote.co.uk/t/rob-stenhouse,myjobquote
Rob stenhouse,,Flat Pack Assembly,,,4.68,0,,ID Checked,,,2021,https://www.myjobquote.co.uk/t/asr-property-services,myjobquote
ADG Electrical Services,,Flat Pack Assembly,,,5,1,,ID Checked; Public Liability Insurance,,,2023,https://www.myjobquote.co.uk/t/adg-electrical-services,myjobquote
Jac Davies,,Flat Pack Assembly,,,4.68,0,,Public Liability Insurance,,,Nov 2023,https://www.myjobquote.co.uk/t/jac-davies,myjobquote
Jac Davies,,Flat Pack Assembly,,,4.68,0,,,,,Feb 2025,https://www.myjobquote.co.uk/t/helping-hand-12,myjobquote
Helping hand,,Flat Pack Assembly,,,4.68,0,,ID Checked,,,Feb 2026,https://www.myjobquote.co.uk/t/sam-sinclair,myjobquote
Sam sinclair,,Flat Pack Assembly,,,4.68,0,,ID Checked,,,Jan 2026,https://www.myjobquote.co.uk/t/kenzie-16,myjobquote
Kenzie,,Flat Pack Assembly,,,4.68,0,,,,,May 2024,https://www.myjobquote.co.uk/t/df-painting-2,myjobquote
DF Painting,,Flat Pack Assembly,,,4.68,0,,,,,Oct 2025,https://www.myjobquote.co.uk/t/dylan-noot,myjobquote
Buildingnology,,Flat Pack Assembly,,,4.68,0,,ID Checked,,,Feb 2023,https://www.myjobquote.co.uk/t/buildingnology,myjobquote
Levibecky,,Flat Pack Assembly,,,4.68,0,,ID Checked,,,Nov 2025,https://www.myjobquote.co.uk/t/levibecky,myjobquote
Levibecky,,Flat Pack Assembly,,,4.68,0,,,,,Mar 2023,https://www.myjobquote.co.uk/t/alexander-real-estate-ltd,myjobquote
Alexander Real Estate Ltd,,Flat Pack Assembly,,,4.68,0,,,,,May 2024,https://www.myjobquote.co.uk/t/sg-maintenance-and-repairs,myjobquote
Sg maintenance and repairs,,Flat Pack Assembly,,,5,3,,ID Checked,,,Mar 2023,https://www.myjobquote.co.uk/t/tenant-mate,myjobquote
Gianluca Elia,,Flat Pack Assembly,,,5,1,,ID Checked,,,2026,https://www.myjobquote.co.uk/t/gianluca-elia,myjobquote
Jayden&#039;s Property Services,,Flat Pack Assembly,,,5,3,,ID Checked,,,2025,https://www.myjobquote.co.uk/t/jaydens-property-services,myjobquote
Star Property Services,,Flat Pack Assembly,,,5,19,,ID Checked,,,2018,https://www.myjobquote.co.uk/t/star-property-services-1,myjobquote
K & S GARDENING SERVICES,,Flat Pack Assembly,,,5,1,07418361188,ID Checked,,,2025,https://www.myjobquote.co.uk/t/k-s-gardening-services,myjobquote
Willzes workers,,Flat Pack Assembly,,,5,1,,ID Checked,,,2025,https://www.myjobquote.co.uk/t/willzes-workers,myjobquote
We fix anything,,Flat Pack Assembly,,,5,1,,ID Checked,,,,https://www.myjobquote.co.uk/t/we-fix-anything,myjobquote
Reid’s Removals,,Flat Pack Assembly,,,5,21,,ID Checked,,,2025,https://www.myjobquote.co.uk/t/reids-removals-1,myjobquote
NG Painting & Decorating,,Flat Pack Assembly,,,5,4,,ID Checked,,,2022,https://www.myjobquote.co.uk/t/ng-painting-decorating-1,myjobquote
Marts HandyServices,,Flat Pack Assembly,,,5,1,,ID Checked,,,2026,https://www.myjobquote.co.uk/t/marts-handyservices,myjobquote
M.J Quinn integrated services,,Flat Pack Assembly,,,5,1,,ID Checked,,,1980,https://www.myjobquote.co.uk/t/mj-quinn-integrated-services,myjobquote
IQue building and joinery,,Flat Pack Assembly,,,4,1,,Public Liability Insurance,,,2019,https://www.myjobquote.co.uk/t/ique-building-and-joinery,myjobquote
SWS Carpentry,,Flat Pack Assembly,,,5,4,,ID Checked,,,2020,https://www.myjobquote.co.uk/t/sws-carpentry,myjobquote
Adam Asher,,Flat Pack Assembly,,,5,26,,ID Checked; Public Liability Insurance,,,2020,https://www.myjobquote.co.uk/t/adam-asher,myjobquote
TFHandyman,,Flat Pack Assembly,,,5,1,,ID Checked,,,Jun 2018,https://www.myjobquote.co.uk/t/tfhandyman,myjobquote
ADM SERVICES,,Flat Pack Assembly,,,5,3,,ID Checked,,,2000,https://www.myjobquote.co.uk/t/adm-services,myjobquote
Pyramid Building and Painting,,Flat Pack Assembly,,,5,2,,ID Checked,,,May 2019,https://www.myjobquote.co.uk/t/pyramid-building-and-painting,myjobquote
Cjcontractors & handy man services,,Flat Pack Assembly,,,5,1,,Public Liability Insurance,,,2025,https://www.myjobquote.co.uk/t/cjcontractors-handy-man-services,myjobquote
PCF LTD (Pineal construction and fitting Ltd),,Flat Pack Assembly,,,5,2,,ID Checked,,,2025,https://www.myjobquote.co.uk/t/pcf-ltd-pineal-construction-and-fitting-ltd,myjobquote
FPS Renovations Ltd,,Flat Pack Assembly,,,5,1,,ID Checked,,,2019,https://www.myjobquote.co.uk/t/fps-renovations-ltd,myjobquote
Alexander Vaughan Home Improvements,,Flat Pack Assembly,,,5,5,,ID Checked,,,2024,https://www.myjobquote.co.uk/t/alexander-vaughan-home-improvements,myjobquote
Bramhall Handyman,,Flat Pack Assembly,,,5,3,,ID Checked,,,2025,https://www.myjobquote.co.uk/t/bramhall-handyman,myjobquote
Top2bottombuild LTD,,Flat Pack Assembly,,,5,2,,ID Checked,,,2022,https://www.myjobquote.co.uk/t/top2bottombuild-ltd,myjobquote
La_Renovations.ltd,,Flat Pack Assembly,,,5,1,,ID Checked; Public Liability Insurance,,,Oct 2020,https://www.myjobquote.co.uk/t/la-renovationsltd,myjobquote
Proactivemaintenancemen,,Flat Pack Assembly,,,5,1,,ID Checked,,,2020,https://www.myjobquote.co.uk/t/proactivemaintenancemen,myjobquote
Dbrownbuildingservices,,Flat Pack Assembly,,,5,16,,ID Checked,,,2015,https://www.myjobquote.co.uk/t/dbrownbuildingservices,myjobquote