company_name,owner_name,trade_type,location,website_url,overall_rating,review_count,phone,verification_status,services,coverage_area,member_since,profile_url,source_platform
Issa Services,,Builder,,,4.9,33,,ID Checked,,,2016,https://www.myjobquote.co.uk/t/issa-services,myjobquote
L.G building,,Builder,,,5,2,,ID Checked; Public Liability Insurance,,,2026,https://www.myjobquote.co.uk/t/lg-building-1,myjobquote
Dfinal Touch Engineering Ltd,,Builder,,,5,1,,ID Checked,,,2013,https://www.myjobquote.co.uk/t/dfinal-touch-engineering-ltd,myjobquote
Building construction and innovation ltd,,Builder,,,5,1,07418368597,ID Checked,,,2018,https://www.myjobquote.co.uk/t/building-construction-and-innovation-ltd,myjobquote
EK Building Construction,,Builder,,,5,8,,ID Checked,,,2015,https://www.myjobquote.co.uk/t/ek-building-construction,myjobquote
Brentwood bathrooms ltd,,Builder,,,5,2,,ID Checked,,,2024,https://www.myjobquote.co.uk/t/brentwood-bathrooms-ltd,myjobquote
Komfort builders,,Builder,,,4,1,,ID Checked; Public Liability Insurance,,,2018,https://www.myjobquote.co.uk/t/komfort-builders,myjobquote
Oresti paving &  construction LTD,,Builder,,,5,5,,ID Checked,,,2002,https://www.myjobquote.co.uk/t/oresti-paving-construction-ltd,myjobquote
NLD.London,,Builder,,,5,3,,ID Checked; Public Liability Insurance,,,2015,https://www.myjobquote.co.uk/t/nldlondon,myjobquote
Allan & Sons Renovations Limited,,Builder,,,5,2,,ID Checked,,,2008,https://www.myjobquote.co.uk/t/allan-sons-renovations-limited,myjobquote
DFLCONSTRUCTIONSERVICES,,Builder,,,5,1,,ID Checked,,,1990,https://www.myjobquote.co.uk/t/dflconstructionservices,myjobquote
Tuti Builders,,Builder,,,5,6,07418340400,ID Checked,,,2018,https://www.myjobquote.co.uk/t/tuti-builders,myjobquote
Bob Building,,Builder,,,5,4,,ID Checked,,,2019,https://www.myjobquote.co.uk/t/bob-building-1,myjobquote
EWM Design & Build Ltd,,Builder,,,5,1,,ID Checked,,,Oct 2025,https://www.myjobquote.co.uk/t/ewm-design-build-ltd,myjobquote
Todor Tosev,,Builder,,,5,1,,ID Checked,,,2011,https://www.myjobquote.co.uk/t/todor-tosev,myjobquote
JK Building Services,,Builder,,,5,4,,ID Checked; Public Liability Insurance,,,2000,https://www.myjobquote.co.uk/t/jk-building-services-2,myjobquote
Silver Prism Construction Ltd,,Builder,,,5,4,,ID Checked,,,2023,https://www.myjobquote.co.uk/t/silver-prism-construction-ltd,myjobquote
AJD prooperty investment LTD,,Builder,,,5,3,,ID Checked,,,Jul 2017,https://www.myjobquote.co.uk/t/ajd-prooperty-investment-ltd,myjobquote
Idlcontractors,,Builder,,,5,2,,ID Checked,,,2017,https://www.myjobquote.co.uk/t/idlcontractors,myjobquote
Phoenix property solutions,,Builder,,,5,1,,ID Checked,,,Jan 2025,https://www.myjobquote.co.uk/t/phoenix-property-solutions,myjobquote
ASVIV LTD,,Builder,,,5,1,,ID Checked,,,2021,https://www.myjobquote.co.uk/t/asviv-ltd,myjobquote
JMC Build Ltd,,Builder,,,5,1,,ID Checked,,,2024,https://www.myjobquote.co.uk/t/jmc-build-ltd,myjobquote
Mena contractor ltd,,Builder,,,5,2,,ID Checked,,,2023,https://www.myjobquote.co.uk/t/mena-contractor-ltd,myjobquote
David general construction LTD,,Builder,,,5,1,,ID Checked,,,2016,https://www.myjobquote.co.uk/t/david-general-construction-ltd,myjobquote
Eduard,,Builder,,,5,1,07418318147,ID Checked,,,Sep 2020,https://www.myjobquote.co.uk/t/eduard-10,myjobquote
AdrianSobolak,,Builder,,,5,1,,ID Checked,,,Nov 2022,https://www.myjobquote.co.uk/t/adriansobolak,myjobquote
TSMD Properties Ltd,,Builder,,,5,1,,ID Checked,,,2021,https://www.myjobquote.co.uk/t/tsmd-properties-ltd,myjobquote
Temple Fortune Construction,,Builder,,,5,7,,ID Checked,,,Sep 2025,https://www.myjobquote.co.uk/t/temple-fortune-construction,myjobquote
Jack chapman,,Builder,,,4,2,,ID Checked,,,2024,https://www.myjobquote.co.uk/t/jack-chapman-1,myjobquote
Fix It Right,,Builder,,,5,1,,ID Checked,,,2022,https://www.myjobquote.co.uk/t/fix-it-right-3,myjobquote
Vasilica Adamuta LTD,,Builder,,,5,1,,ID Checked,,,2018,https://www.myjobquote.co.uk/t/vasilica-adamuta-ltd-1,myjobquote
Alberto,,Builder,,,5,1,,ID Checked,,,Sep 2025,https://www.myjobquote.co.uk/t/alberto-9,myjobquote
NILS ON CALL,,Builder,,,5,14,,ID Checked,,,2025,https://www.myjobquote.co.uk/t/nils-on-call,myjobquote
Noble builders,,Builder,,,5,4,,ID Checked,,,2014,https://www.myjobquote.co.uk/t/noble-builders,myjobquote
Supermarioconstraction1984,,Builder,,,5,9,,ID Checked; Public Liability Insurance,,,2007,https://www.myjobquote.co.uk/t/supermarioconstraction1984,myjobquote
Task plan development ltd,,Builder,,,5,2,,ID Checked,,,2014,https://www.myjobquote.co.uk/t/task-plan-development-ltd,myjobquote
Azad Randhawa,,Builder,,,5,5,,ID Checked,,,2019,https://www.myjobquote.co.uk/t/azad-randhawa,myjobquote
Ward Builders,,Builder,,,5,19,,ID Checked,,,1991,https://www.myjobquote.co.uk/t/ward-builders,myjobquote
Limelight Build LTD,,Builder,,,5,11,,ID Checked,,,2023,https://www.myjobquote.co.uk/t/limelight-build-ltd,myjobquote
Waldman Construction,,Builder,,,4.8,5,,ID Checked,,,2021,https://www.myjobquote.co.uk/t/waldman-construction,myjobquote
ISAV LTD,,Builder,,,5,5,,ID Checked,,,2024,https://www.myjobquote.co.uk/t/isav-ltd,myjobquote
As you like it building services Ltd,,Builder,,,5,3,,ID Checked; Public Liability Insurance,,,2014,https://www.myjobquote.co.uk/t/as-you-like-it-building-services-ltd,myjobquote
Insight Property Maintenance,,Builder,,,5,15,,ID Checked,,,2006,https://www.myjobquote.co.uk/t/insight-property-maintenance,myjobquote
MSG Design Ltd,,Builder,,,5,26,07418374742,ID Checked,,,2018,https://www.myjobquote.co.uk/t/msg-design-ltd,myjobquote
Buckingham & Sons Ltd,,Builder,,,4.8,5,,ID Checked,,,2008,https://www.myjobquote.co.uk/t/buckingham-sons-ltd,myjobquote
DDN HOLDINGS,,Builder,,,4.8,2,,ID Checked; Public Liability Insurance,,,2015,https://www.myjobquote.co.uk/t/ddn-holdings,myjobquote
Bespoke Construction,,Builder,,,5,2,,ID Checked,,,2024,https://www.myjobquote.co.uk/t/bespoke-construction-6,myjobquote
Xpert Builders,,Builder,,,5,8,,ID Checked,,,Jun 2024,https://www.myjobquote.co.uk/t/xpert-builders,myjobquote
Priority roofing&building design,,Builder,,,5,2,,ID Checked,,,2025,https://www.myjobquote.co.uk/t/priority-roofingbuilding-design,myjobquote
Clarks property services,,Builder,,,5,3,,ID Checked,,,Jun 2025,https://www.myjobquote.co.uk/t/clarks-property-services,myjobquote
Ionut Moraru,,Builder,,,5,1,,ID Checked,,,2018,https://www.myjobquote.co.uk/t/ionut-moraru,myjobquote
Cedar and co construction ltd,,Builder,,,1,1,,ID Checked,,,2022,https://www.myjobquote.co.uk/t/cedar-and-co-construction-ltd,myjobquote
london north south builders,,Builder,,,1,1,,ID Checked,,,2010,https://www.myjobquote.co.uk/t/london-north-south-builders,myjobquote
TH Decorators & maintenance,,Builder,,,3,1,,ID Checked,,,1988,https://www.myjobquote.co.uk/t/th-decorators-maintenance,myjobquote
JAM Contractors Ltd,,Builder,,,3,1,,ID Checked,,,2018,https://www.myjobquote.co.uk/t/jam-contractors-ltd-2,myjobquote
CJK DELUXE CLEANERS,,Builder,,,1,1,,ID Checked,,,2020,https://www.myjobquote.co.uk/t/cjk-deluxe-cleaners,myjobquote
Builders Fix Ltd,,Builder,,,3,1,,ID Checked,,,2018,https://www.myjobquote.co.uk/t/builders-fix-ltd,myjobquote
ESSEX BUILDING & LANDSCAPIG,,Builder,,,2,1,,ID Checked,,,2010,https://www.myjobquote.co.uk/t/essex-building-landscapig,myjobquote
Winfresh Construction Limited,,Builder,,,1,1,,ID Checked,,,2024,https://www.myjobquote.co.uk/t/winfresh-construction-limited,myjobquote
KLS SERVICES LTD,,Builder,,,3,1,,ID Checked,,,2006,https://www.myjobquote.co.uk/t/kls-services-ltd,myjobquote
Coleteanglia,,Builder,,,4.68,0,,ID Checked,,,Sep 2020,https://www.myjobquote.co.uk/t/coleteanglia,myjobquote
Coleteanglia,,Builder,,,4.68,0,,,,,Jan 2024,https://www.myjobquote.co.uk/t/okyere,myjobquote
Okyere,,Builder,,,4.68,0,,ID Checked,,,Jul 2024,https://www.myjobquote.co.uk/t/golden-builders,myjobquote
Golden Builders,,Builder,,,4.68,0,,ID Checked,,,2017,https://www.myjobquote.co.uk/t/mbs-london-ltd,myjobquote
Singh builder,,Builder,,,4.68,0,,ID Checked,,,Aug 2018,https://www.myjobquote.co.uk/t/singh-builder-7,myjobquote
Singh builder,,Builder,,,4.68,0,,ID Checked,,,2014,https://www.myjobquote.co.uk/t/rafael-12,myjobquote
Polish Builders Team,,Builder,,,4.68,0,,ID Checked; Public Liability Insurance,,,2014,https://www.myjobquote.co.uk/t/polish-builders-team,myjobquote
Raj Construction,,Builder,,,4.68,0,,ID Checked,,,2011,https://www.myjobquote.co.uk/t/raj-construction,myjobquote
LEED Construction Ltd,,Builder,,,4.68,0,,ID Checked,,,2024,https://www.myjobquote.co.uk/t/leed-construction-ltd,myjobquote
LEED Construction Ltd,,Builder,,,4.68,0,,ID Checked,,,2021,https://www.myjobquote.co.uk/t/souza-renovations-ltd,myjobquote
Evolvingassets,,Builder,,,4.68,0,,ID Checked,,,Jun 2022,https://www.myjobquote.co.uk/t/evolvingassets,myjobquote
Jj building and landscapes,,Builder,,,4.68,0,,ID Checked,,,2018,https://www.myjobquote.co.uk/t/jj-building-and-landscapes,myjobquote
Frezer ltd,,Builder,,,4.68,0,,ID Checked,,,2016,https://www.myjobquote.co.uk/t/frezer-ltd,myjobquote
Amu construction,,Builder,,,4.68,0,,,,,Mar 2024,https://www.myjobquote.co.uk/t/amu-construction,myjobquote
Jhl construction and bricks,,Builder,,,4.68,0,,,,,Aug 2025,https://www.myjobquote.co.uk/t/jhl-construction-and-bricks,myjobquote
M&S builder,,Builder,,,4.68,0,,,,,Sep 2023,https://www.myjobquote.co.uk/t/ms-builder-4,myjobquote
Jcs_multitrade,,Builder,,,4.68,0,,ID Checked,,,Aug 2024,https://www.myjobquote.co.uk/t/jcs-multitrade,myjobquote
Granger Group Ltd,,Builder,,,4.68,0,,ID Checked,,,2022,https://www.myjobquote.co.uk/t/granger-group-ltd,myjobquote
Pt construction and maintenance,,Builder,,,4.68,0,,,,,Jan 2022,https://www.myjobquote.co.uk/t/pt-construction-and-maintenance,myjobquote
Gabriel&Lica,,Builder,,,4.68,0,,ID Checked,,,Feb 2026,https://www.myjobquote.co.uk/t/gabriellica,myjobquote
Gabriel&Lica,,Builder,,,4.68,0,,ID Checked,,,Feb 2026,https://www.myjobquote.co.uk/t/horses-designs-1,myjobquote
spicer construction,,Builder,,,4.68,0,,ID Checked,,,Dec 2020,https://www.myjobquote.co.uk/t/spicer-construction,myjobquote
spicer construction,,Builder,,,4.68,0,,ID Checked,,,Jul 2024,https://www.myjobquote.co.uk/t/kentbuildingworks,myjobquote
Kentbuildingworks,,Builder,,,4.68,0,,ID Checked,,,2024,https://www.myjobquote.co.uk/t/id-construction-2,myjobquote
Sahi bilder,,Builder,,,4.68,0,,ID Checked,,,May 2025,https://www.myjobquote.co.uk/t/sahi-bilder,myjobquote
Sahi bilder,,Builder,,,4.68,0,,,,,2022,https://www.myjobquote.co.uk/t/golden-glass,myjobquote
Golden glass,,Builder,,,4.68,0,,,,,in 2010,https://www.myjobquote.co.uk/t/auster-constructions,myjobquote
Bartosz Paszko,,Builder,,,4.68,0,,ID Checked,,,2015,https://www.myjobquote.co.uk/t/bartosz-paszko,myjobquote
New build construction ltd,,Builder,,,4.68,0,07418349048,ID Checked,,,Jan 2025,https://www.myjobquote.co.uk/t/new-build-construction-ltd,myjobquote
General Refurbishment bv Ltd,,Builder,,,4.68,0,,ID Checked,,,Mar 2025,https://www.myjobquote.co.uk/t/general-refurbishment-bv-ltd,myjobquote
HiveWork,,Builder,,,4.68,0,,ID Checked; Public Liability Insurance,,,2022,https://www.myjobquote.co.uk/t/hivework,myjobquote
Tricor UK,,Builder,,,4.68,0,,ID Checked; Public Liability Insurance,,,2015,https://www.myjobquote.co.uk/t/tricor-uk,myjobquote
AM-Polish Builders ltd,,Builder,,,4.68,0,,ID Checked,,,2011,https://www.myjobquote.co.uk/t/am-polish-builders-ltd,myjobquote
Builder,,Builder,,,4.68,0,,ID Checked,,,Mar 2026,https://www.myjobquote.co.uk/t/builder-265,myjobquote
Builder,,Builder,,,4.68,0,,,,,Jan 2025,https://www.myjobquote.co.uk/t/dryliner-8,myjobquote
Dryliner,,Builder,,,4.68,0,,,,,Jan 2024,https://www.myjobquote.co.uk/t/agop-construction,myjobquote
Obenas,,Builder,,,4.68,0,,,,,Jan 2024,https://www.myjobquote.co.uk/t/obenas,myjobquote
Obenas,,Builder,,,4.68,0,,,,,Feb 2025,https://www.myjobquote.co.uk/t/ks-construction-12,myjobquote
KS construction,,Builder,,,4.68,0,,ID Checked,,,May 2025,https://www.myjobquote.co.uk/t/cumbiabuilder,myjobquote
Girard Joseph,,Builder,,,5,2,,ID Checked,,,Jul 2025,https://www.myjobquote.co.uk/t/girard-joseph,myjobquote
B&R BUILDING SERVICE Ltd,,Builder,,,5,1,,ID Checked,,,2005,https://www.myjobquote.co.uk/t/br-building-service-ltd,myjobquote
Pristine Property Group,,Builder,,,5,1,,ID Checked,,,2010,https://www.myjobquote.co.uk/t/pristine-property-group,myjobquote
Brite Constructions Limited,,Builder,,,4.68,0,,ID Checked,,,Jun 2022,https://www.myjobquote.co.uk/t/brite-constructions-limited,myjobquote
Kondi,,Builder,,,4.68,0,,ID Checked,,,Aug 2017,https://www.myjobquote.co.uk/t/kondi,myjobquote
Kondi,,Builder,,,4.68,0,,ID Checked,,,2016,https://www.myjobquote.co.uk/t/prono-ltd,myjobquote
PRONO LTD,,Builder,,,4.68,0,,ID Checked,,,2010,https://www.myjobquote.co.uk/t/ssk-builders-london,myjobquote
RKY Developments Ltd,,Builder,,,4.68,0,,ID Checked,,,2022,https://www.myjobquote.co.uk/t/rky-developments-ltd,myjobquote
Golden Hands Carpentry,,Builder,,,4.68,0,,Public Liability Insurance,,,Jan 2026,https://www.myjobquote.co.uk/t/golden-hands-carpentry,myjobquote
Burtai Refurbishment LTD,,Builder,,,4.68,0,,ID Checked,,,2012,https://www.myjobquote.co.uk/t/burtai-refurbishment-ltd,myjobquote
AJP COTRACTORS,,Builder,,,4.68,0,,ID Checked,,,2002,https://www.myjobquote.co.uk/t/ajp-cotractors,myjobquote
T1construction,,Builder,,,4.68,0,,ID Checked,,,2020,https://www.myjobquote.co.uk/t/t1construction,myjobquote
"Brickworth Landscaping, Masonry & Construction",,Builder,,,4.9,12,,ID Checked,,,2002,https://www.myjobquote.co.uk/t/brickworth-landscaping-masonry-construction,myjobquote
Surrey London Builds LTD,,Builder,,,5,1,,ID Checked,,,2025,https://www.myjobquote.co.uk/t/surrey-london-builds-ltd-1,myjobquote
G&i  tree specialist,,Builder,,,5,14,07441449091,ID Checked,,,Aug 2025,https://www.myjobquote.co.uk/t/gi-tree-specialist,myjobquote
Bilder,,Builder,,,4.68,0,,,,,Feb 2022,https://www.myjobquote.co.uk/t/bilder-1,myjobquote
Bilder,,Builder,,,4.68,0,,ID Checked,,,Feb 2022,https://www.myjobquote.co.uk/t/b85ltd,myjobquote
b85ltd,,Builder,,,4.68,0,,ID Checked,,,Jan 2024,https://www.myjobquote.co.uk/t/narcyz,myjobquote
Jakhar General Builders,,Builder,,,4.68,0,,,,,Oct 2025,https://www.myjobquote.co.uk/t/jakhar-general-builders,myjobquote
ECUABRAL,,Builder,,,4.68,0,,ID Checked,,,Sep 2022,https://www.myjobquote.co.uk/t/ecuabral-1,myjobquote
Angel building services Ltd,,Builder,,,4.68,0,,ID Checked,,,2012,https://www.myjobquote.co.uk/t/angel-building-services-ltd,myjobquote
"Alam,s",,Builder,,,4.68,0,,ID Checked,,,Jan 2024,https://www.myjobquote.co.uk/t/alams,myjobquote
"Alam,s",,Builder,,,4.68,0,,ID Checked,,,2016,https://www.myjobquote.co.uk/t/pro-jm-builders,myjobquote
Equip builders ltd,,Builder,,,4.68,0,,ID Checked,,,Mar 2025,https://www.myjobquote.co.uk/t/equip-builders-ltd,myjobquote
Alex&#039;s carpenter,,Builder,,,4.68,0,,,,,Jul 2024,https://www.myjobquote.co.uk/t/alexs-carpenter,myjobquote
Alex&#039;s carpenter,,Builder,,,4.68,0,,Public Liability Insurance,,,2015,https://www.myjobquote.co.uk/t/amplo-mm-ltd,myjobquote
Good Labourer,,Builder,,,4.68,0,,,,,May 2020,https://www.myjobquote.co.uk/t/good-labourer,myjobquote
hundal services,,Builder,,,4.68,0,,ID Checked,,,Apr 2023,https://www.myjobquote.co.uk/t/hundal-services,myjobquote
INS Projects Ltd.,,Builder,,,4.68,0,,ID Checked; Public Liability Insurance,,,2006,https://www.myjobquote.co.uk/t/ins-projects-ltd,myjobquote
Mr structual ltd,,Builder,,,4.68,0,,ID Checked,,,Nov 2022,https://www.myjobquote.co.uk/t/mr-structual-ltd,myjobquote
Y J Builders,,Builder,,,4.68,0,,ID Checked,,,Jul 2025,https://www.myjobquote.co.uk/t/y-j-builders,myjobquote
Y J Builders,,Builder,,,4.68,0,,,,,2018,https://www.myjobquote.co.uk/t/bon-dar-building-solutions,myjobquote
Joni building services,,Builder,,,4.68,0,,,,,May 2023,https://www.myjobquote.co.uk/t/joni-building-services,myjobquote
Joni building services,,Builder,,,4.68,0,,,,,Apr 2022,https://www.myjobquote.co.uk/t/marku-guaranteed-builder-uk-ltd,myjobquote
Marku Guaranteed Builder Uk Ltd,,Builder,,,4.68,0,,ID Checked,,,Dec 2022,https://www.myjobquote.co.uk/t/4cs-building-solution,myjobquote
Mastercraft building,,Builder,,,4.68,0,,ID Checked,,,2020,https://www.myjobquote.co.uk/t/mastercraft-building,myjobquote
Jamkan Building Services LTD,,Builder,,,4.68,0,,ID Checked,,,Jul 2025,https://www.myjobquote.co.uk/t/jamkan-building-services-ltd,myjobquote
Jamkan Building Services LTD,,Builder,,,4.68,0,,ID Checked,,,Jan 2024,https://www.myjobquote.co.uk/t/apskm-group-ltd,myjobquote
Soares Builders TD,,Builder,,,4.68,0,,ID Checked,,,Apr 2024,https://www.myjobquote.co.uk/t/soares-builders-td,myjobquote
Soares Builders TD,,Builder,,,4.68,0,,,,,Jun 2024,https://www.myjobquote.co.uk/t/mjr-builders-ltd,myjobquote
MJR Builders Ltd,,Builder,,,4.68,0,,ID Checked,,,2010,https://www.myjobquote.co.uk/t/ioan-cioinea-tomoiaga,myjobquote
helix construction ltd,,Builder,,,4.68,0,,ID Checked,,,Sep 2019,https://www.myjobquote.co.uk/t/helix-construction-ltd,myjobquote
evergreenstructures ltd,,Builder,,,4.68,0,,,,,Jun 2023,https://www.myjobquote.co.uk/t/evergreenstructures-ltd,myjobquote
Hyusein,,Builder,,,4.68,0,,ID Checked,,,May 2025,https://www.myjobquote.co.uk/t/hyusein,myjobquote
Hyusein,,Builder,,,4.68,0,,ID Checked,,,Oct 2023,https://www.myjobquote.co.uk/t/theconsciousbuilder,myjobquote
Kriss,,Builder,,,4.68,0,,ID Checked,,,Sep 2023,https://www.myjobquote.co.uk/t/kriss-6,myjobquote
Kriss,,Builder,,,4.68,0,,ID Checked,,,Feb 2024,https://www.myjobquote.co.uk/t/mmbild,myjobquote
Jason,,Builder,,,4.68,0,,ID Checked,,,2014,https://www.myjobquote.co.uk/t/jason-18,myjobquote
SP Refurbishment and Construction Ltd,,Builder,,,4.68,0,,ID Checked,,,2012,https://www.myjobquote.co.uk/t/sp-refurbishment-and-construction-ltd,myjobquote
A to z Dream  construction,,Builder,,,4.68,0,,ID Checked,,,Jan 2019,https://www.myjobquote.co.uk/t/a-to-z-dream-construction,myjobquote
Ihor7,,Builder,,,4.68,0,,ID Checked,,,Jul 2025,https://www.myjobquote.co.uk/t/ihor7,myjobquote
Ihor7,,Builder,,,4.68,0,,ID Checked,,,May 2025,https://www.myjobquote.co.uk/t/marius-89,myjobquote
Marius,,Builder,,,4.68,0,,ID Checked,,,2023,https://www.myjobquote.co.uk/t/bcui-builders-ltd,myjobquote
O A Falusi Ltd,,Builder,,,4.68,0,,ID Checked,,,2016,https://www.myjobquote.co.uk/t/o-a-falusi-ltd,myjobquote
E&M builders,,Builder,,,4.68,0,,ID Checked,,,2016,https://www.myjobquote.co.uk/t/em-builders,myjobquote
NRN Tokyo Construction,,Builder,,,4.68,0,,ID Checked,,,2021,https://www.myjobquote.co.uk/t/nrn-tokyo-construction,myjobquote
DDLK Construction Ltd,,Builder,,,4.68,0,,ID Checked,,,2022,https://www.myjobquote.co.uk/t/ddlk-construction-ltd,myjobquote
London Green Building Services,,Builder,,,4.68,0,,ID Checked,,,Mar 2022,https://www.myjobquote.co.uk/t/london-green-building-services,myjobquote
Sabre Property Services,,Builder,,,4.68,0,,ID Checked,,,Apr 2024,https://www.myjobquote.co.uk/t/sabre-property-services,myjobquote
Jb refurbishment,,Builder,,,4.68,0,,ID Checked,,,2012,https://www.myjobquote.co.uk/t/jb-refurbishment,myjobquote
Wisfix,,Builder,,,4.68,0,,ID Checked,,,Feb 2022,https://www.myjobquote.co.uk/t/wisfix,myjobquote
Kcor services,,Builder,,,4.68,0,,,,,1983,https://www.myjobquote.co.uk/t/kcor-services,myjobquote
Sunny Uk Builder,,Builder,,,4.68,0,,,,,2020,https://www.myjobquote.co.uk/t/sunny-uk-builder,myjobquote
Soima,,Builder,,,4.68,0,,,,,Jan 2026,https://www.myjobquote.co.uk/t/soima,myjobquote
Soima,,Builder,,,4.68,0,,ID Checked,,,2009,https://www.myjobquote.co.uk/t/phn-construction-developments,myjobquote
Jede Construction,,Builder,,,4.68,0,,ID Checked,,,2019,https://www.myjobquote.co.uk/t/jede-construction,myjobquote
Bibis-Fabs Ltd,,Builder,,,4.68,0,,ID Checked,,,2019,https://www.myjobquote.co.uk/t/bibis-fabs-ltd,myjobquote
MLA Maintenance,,Builder,,,4.68,0,,ID Checked,,,Nov 2019,https://www.myjobquote.co.uk/t/mla-maintenance,myjobquote
MLA Maintenance,,Builder,,,4.68,0,,ID Checked,,,Oct 2024,https://www.myjobquote.co.uk/t/s-r-mayfair-projects,myjobquote
CaroLine Builders Ltd,,Builder,,,4.68,0,,,,,2023,https://www.myjobquote.co.uk/t/caroline-builders-ltd,myjobquote
ABL BUILDING CONSTRUCTION,,Builder,,,4.68,0,,,,,Nov 2023,https://www.myjobquote.co.uk/t/abl-building-construction,myjobquote
ABL BUILDING CONSTRUCTION,,Builder,,,4.68,0,,,,,2016,https://www.myjobquote.co.uk/t/kevluck-builders,myjobquote
Valer LTD,,Builder,,,4.68,0,,ID Checked,,,2022,https://www.myjobquote.co.uk/t/valer-ltd,myjobquote
Smiley Building & Construction LTD,,Builder,,,4.68,0,,,,,2017,https://www.myjobquote.co.uk/t/smiley-building-construction-ltd,myjobquote
ACTIVEMAN CONSTRUCTION LIMITED,,Builder,,,4.68,0,,,,,Mar 2024,https://www.myjobquote.co.uk/t/activeman-construction-limited,myjobquote
Makaan,,Builder,,,4.68,0,,ID Checked,,,2007,https://www.myjobquote.co.uk/t/makaan-1,myjobquote
Tj roofing and building,,Builder,,,5,2,,ID Checked; Public Liability Insurance,,,1997,https://www.myjobquote.co.uk/t/tj-roofing-and-building-1,myjobquote
V & Son’s construction services LTD,,Builder,,,5,1,,ID Checked,,,2020,https://www.myjobquote.co.uk/t/v-sons-construction-services-ltd,myjobquote
Joshua Oshioke,,Builder,,,4.68,0,,ID Checked,,,May 2020,https://www.myjobquote.co.uk/t/joshua-oshioke,myjobquote
Joshua Oshioke,,Builder,,,4.68,0,,ID Checked,,,2023,https://www.myjobquote.co.uk/t/lndn-build-clear,myjobquote
MA Builders UK,,Builder,,,4.68,0,,ID Checked,,,2021,https://www.myjobquote.co.uk/t/ma-builders-uk,myjobquote
ARG Maintenance Ltd,,Builder,,,4.68,0,,ID Checked; Public Liability Insurance,,,2024,https://www.myjobquote.co.uk/t/arg-maintenance-ltd,myjobquote
Sam’s Builders LTD,,Builder,,,4.68,0,,Public Liability Insurance,,,Feb 2026,https://www.myjobquote.co.uk/t/sams-builders-ltd,myjobquote
Manusrl,,Builder,,,4.68,0,,,,,Feb 2024,https://www.myjobquote.co.uk/t/manusrl,myjobquote
Manusrl,,Builder,,,4.68,0,,,,,Mar 2026,https://www.myjobquote.co.uk/t/sp-property-management,myjobquote
Sp property management,,Builder,,,4.68,0,,,,,2021,https://www.myjobquote.co.uk/t/xps-construction-and-skills-learning-ltd,myjobquote
Vasile,,Builder,,,4.68,0,,,,,Mar 2024,https://www.myjobquote.co.uk/t/vasile-63,myjobquote
Vasile,,Builder,,,4.68,0,,,,,Jan 2024,https://www.myjobquote.co.uk/t/new-style-construction-uk-ltd,myjobquote
new style construction uk ltd,,Builder,,,4.68,0,,ID Checked,,,May 2025,https://www.myjobquote.co.uk/t/foreman,myjobquote
foreman,,Builder,,,4.68,0,,ID Checked,,,Mar 2024,https://www.myjobquote.co.uk/t/saimir-3,myjobquote
Saimir,,Builder,,,4.68,0,,ID Checked,,,2020,https://www.myjobquote.co.uk/t/mauro,myjobquote
MGD Services (London),,Builder,,,4.68,0,,ID Checked,,,2009,https://www.myjobquote.co.uk/t/mgd-services-london,myjobquote
Jk dhillon ltd,,Builder,,,4.68,0,,,,,Mar 2022,https://www.myjobquote.co.uk/t/jk-dhillon-ltd,myjobquote
VNJ Construction,,Builder,,,5,1,,,,,2015,https://www.myjobquote.co.uk/t/vnj-construction,myjobquote
Asap Handy Service,,Builder,,,4.68,0,,ID Checked,,,2021,https://www.myjobquote.co.uk/t/asap-handy-service,myjobquote
ETBM.,,Builder,,,5,1,,ID Checked,,,2005,https://www.myjobquote.co.uk/t/etbm,myjobquote
Alin1,,Builder,,,5,2,,ID Checked,,,2015,https://www.myjobquote.co.uk/t/alin1-1,myjobquote
Andrea construction ltd,,Builder,,,5,1,,ID Checked,,,2020,https://www.myjobquote.co.uk/t/andrea-construction-ltd,myjobquote
Bro Paving & Groundworks,,Builder,,,5,1,,ID Checked,,,2023,https://www.myjobquote.co.uk/t/bro-paving-groundworks,myjobquote
Crafty Buck Building,,Builder,,,5,1,,ID Checked,,,Oct 2024,https://www.myjobquote.co.uk/t/crafty-buck-building,myjobquote
A.M Probuilds,,Builder,,,4.9,17,,ID Checked,,,2010,https://www.myjobquote.co.uk/t/am-probuilds,myjobquote
The Shortlands Handyman,,Builder,,,4.68,0,,ID Checked,,,Apr 2021,https://www.myjobquote.co.uk/t/the-shortlands-handyman,myjobquote
The Shortlands Handyman,,Builder,,,4.68,0,,,,,Jun 2023,https://www.myjobquote.co.uk/t/optimus-recruits,myjobquote
Easy quote limited,,Builder,,,4.68,0,,ID Checked,,,1990,https://www.myjobquote.co.uk/t/easy-quote-limited,myjobquote
Nicholas James,,Builder,,,4.68,0,,ID Checked,,,2009,https://www.myjobquote.co.uk/t/nicholas-james,myjobquote
LEED Construction Ltd,,Builder,,,4.68,0,,ID Checked,,,Jul 2024,https://www.myjobquote.co.uk/t/bromley-builds,myjobquote
George Potanga,,Builder,,,4.68,0,,,,,Aug 2024,https://www.myjobquote.co.uk/t/george-potanga,myjobquote
Home Deco Property Management Limited,,Builder,,,4.68,0,,ID Checked,,,2012,https://www.myjobquote.co.uk/t/home-deco-property-management-limited,myjobquote
EDII Construction LTD,,Builder,,,4.68,0,,ID Checked,,,Jul 2020,https://www.myjobquote.co.uk/t/edii-construction-ltd,myjobquote
EDII Construction LTD,,Builder,,,4.68,0,,ID Checked,,,Jun 2025,https://www.myjobquote.co.uk/t/p5-developments,myjobquote
Timberline roofing & building,,Builder,,,5,2,,ID Checked,,,2018,https://www.myjobquote.co.uk/t/timberline-roofing-building,myjobquote
AFH building services,,Builder,,,4.68,0,,ID Checked,,,Jan 2024,https://www.myjobquote.co.uk/t/afh-building-services,myjobquote
pthompson,,Builder,,,4.68,0,,ID Checked,,,2010,https://www.myjobquote.co.uk/t/pthompson,myjobquote
EFT Constructions Ltd,,Builder,,,4.68,0,,ID Checked,,,2021,https://www.myjobquote.co.uk/t/eft-constructions-ltd,myjobquote
D. Design,,Builder,,,4.68,0,,ID Checked,,,Jun 2022,https://www.myjobquote.co.uk/t/d-design,myjobquote
Sundridge Homes & Gardens Ltd,,Builder,,,4.68,0,,,,,Sep 2024,https://www.myjobquote.co.uk/t/sundridge-homes-gardens-ltd,myjobquote
JD SMART BUILDING SERVICES,,Builder,,,4.68,0,,ID Checked,,,2025,https://www.myjobquote.co.uk/t/jd-smart-building-services,myjobquote
Rutland Building,,Builder,,,4.68,0,,ID Checked,,,Sep 2020,https://www.myjobquote.co.uk/t/rutland-building,myjobquote
Rutland Building,,Builder,,,4.68,0,,,,,Mar 2023,https://www.myjobquote.co.uk/t/ab-brickwork-6,myjobquote
EDS ltd,,Builder,,,4.68,0,,,,,Jun 2025,https://www.myjobquote.co.uk/t/eds-ltd-1,myjobquote
EDS ltd,,Builder,,,4.68,0,,,,,Aug 2025,https://www.myjobquote.co.uk/t/superior-estate-and-builders-ltd,myjobquote
Superior Estate and Builders Ltd,,Builder,,,4.68,0,,,,,Mar 2022,https://www.myjobquote.co.uk/t/easy-build-developments-ltd,myjobquote
Easy Build & Developments Ltd,,Builder,,,4.68,0,,,,,May 2023,https://www.myjobquote.co.uk/t/eraldo,myjobquote
Eraldo,,Builder,,,4.68,0,,,,,2010,https://www.myjobquote.co.uk/t/the-conversion-company,myjobquote
KD Building Services,,Builder,,,4.68,0,,,,,Aug 2019,https://www.myjobquote.co.uk/t/kd-building-services-2,myjobquote
C N  Builders,,Builder,,,4.68,0,,,,,Oct 2022,https://www.myjobquote.co.uk/t/c-n-builders-1,myjobquote
C N  Builders,,Builder,,,4.68,0,,,,,Feb 2025,https://www.myjobquote.co.uk/t/q-space-renovations,myjobquote
ValleyRefurbishmentsltd,,Builder,,,5,1,,ID Checked,,,2016,https://www.myjobquote.co.uk/t/valleyrefurbishmentsltd,myjobquote
Fox CONTRACTS,,Builder,,,5,6,07418317065,ID Checked,,,1982,https://www.myjobquote.co.uk/t/fox-contracts,myjobquote
The Handicraftsman,,Builder,,,5,6,07451260970,ID Checked,,,1997,https://www.myjobquote.co.uk/t/the-handicraftsman,myjobquote
Access Home Improvements,,Builder,,,5,4,,ID Checked,,,Jan 2026,https://www.myjobquote.co.uk/t/access-home-improvements,myjobquote
Prestige Building & Roofing,,Builder,,,5,4,,ID Checked,,,2024,https://www.myjobquote.co.uk/t/prestige-building-roofing-2,myjobquote
HappyBuilders,,Builder,,,5,1,,ID Checked,,,2020,https://www.myjobquote.co.uk/t/happybuilders,myjobquote
JKDunbar ltd,,Builder,,,4,1,,ID Checked; Public Liability Insurance,,,Mar 2025,https://www.myjobquote.co.uk/t/jkdunbar-ltd,myjobquote
Roof2Roof,,Builder,,,5,21,,ID Checked,,,2001,https://www.myjobquote.co.uk/t/roof2roof-2,myjobquote
Jrlandsons ltd,,Builder,,,4,3,,ID Checked,,,2024,https://www.myjobquote.co.uk/t/jrlandsons-ltd,myjobquote
K1 builders ltd,,Builder,,,5,2,,ID Checked,,,2010,https://www.myjobquote.co.uk/t/k1-builders-ltd,myjobquote
Mac London Building,,Builder,,,5,1,,ID Checked,,,2013,https://www.myjobquote.co.uk/t/mac-london-building,myjobquote
Able Renovations Kent,,Builder,,,5,5,,ID Checked,,,2020,https://www.myjobquote.co.uk/t/able-renovations-kent,myjobquote
J.c.s landscaping & building ltd,,Builder,,,5,1,,ID Checked,,,2018,https://www.myjobquote.co.uk/t/jcs-landscaping-building-ltd,myjobquote
Besard,,Builder,,,5,20,,ID Checked,,,2021,https://www.myjobquote.co.uk/t/besard,myjobquote
Interior and Exterior Renovations and Repairs,,Builder,,,5,1,,ID Checked,,,Jul 2024,https://www.myjobquote.co.uk/t/interior-and-exterior-renovations-and-repairs,myjobquote
FFrey Interiors LDN,,Builder,,,5,1,,ID Checked,,,2010,https://www.myjobquote.co.uk/t/ffrey-interiors-ldn,myjobquote
Inside Property Group,,Builder,,,5,3,,ID Checked; Public Liability Insurance,,,2005,https://www.myjobquote.co.uk/t/inside-property-group,myjobquote
Thompson Brickwork and landscaping,,Builder,,,5,1,,ID Checked,,,2018,https://www.myjobquote.co.uk/t/thompson-brickwork-and-landscaping-1,myjobquote
Kinvek Construction,,Builder,,,4.9,35,,ID Checked; Public Liability Insurance,,,2005,https://www.myjobquote.co.uk/t/kinvek-construction,myjobquote
Martin leslie,,Builder,,,4.9,25,,ID Checked,,,1989,https://www.myjobquote.co.uk/t/martin-leslie,myjobquote
Taimaz,,Builder,,,5,2,,ID Checked,,,2005,https://www.myjobquote.co.uk/t/taimaz,myjobquote
iT Building Interiors,,Builder,,,5,2,,ID Checked; Public Liability Insurance,,,,https://www.myjobquote.co.uk/t/it-building-interiors,myjobquote
Xplore Construction,,Builder,,,5,1,,ID Checked,,,2018,https://www.myjobquote.co.uk/t/xplore-construction,myjobquote
Munce&sons construction,,Builder,,,4.8,4,,ID Checked,,,2008,https://www.myjobquote.co.uk/t/muncesons-construction,myjobquote
Dream Conversion,,Builder,,,5,1,,ID Checked,,,1990,https://www.myjobquote.co.uk/t/dream-conversion,myjobquote
CLBS Construction LTD,,Builder,,,5,1,,ID Checked,,,2018,https://www.myjobquote.co.uk/t/clbs-construction-ltd,myjobquote
N.K. Carpentry & Construction Ltd,,Builder,,,5,1,,ID Checked,,,2010,https://www.myjobquote.co.uk/t/nk-carpentry-construction-ltd,myjobquote
Addmorehomeimprovements,,Builder,,,5,1,,ID Checked; Public Liability Insurance,,,2009,https://www.myjobquote.co.uk/t/addmorehomeimprovements,myjobquote
Bosston Ltd,,Builder,,,5,3,,ID Checked,,,Mar 2021,https://www.myjobquote.co.uk/t/bosston-ltd,myjobquote
Peakstone Services Ltd,,Builder,,,5,1,,ID Checked,,,Jul 2016,https://www.myjobquote.co.uk/t/peakstone-services-ltd,myjobquote
Arnoutt and James ltd,,Builder,,,4.68,0,,ID Checked,,,Mar 2018,https://www.myjobquote.co.uk/t/arnoutt-and-james-ltd,myjobquote
Arnoutt and James ltd,,Builder,,,4.68,0,,,,,Oct 2025,https://www.myjobquote.co.uk/t/george-204,myjobquote
Akili handyman,,Builder,,,4.68,0,,ID Checked,,,Feb 2024,https://www.myjobquote.co.uk/t/akili-handyman,myjobquote
MH Property Renovations,,Builder,,,4.68,0,,ID Checked,,,2023,https://www.myjobquote.co.uk/t/mh-property-renovations,myjobquote
TMG trading ltd,,Builder,,,4.68,0,,ID Checked,,,May 2020,https://www.myjobquote.co.uk/t/tmg-trading-ltd,myjobquote
TMG trading ltd,,Builder,,,4.68,0,,ID Checked,,,2014,https://www.myjobquote.co.uk/t/top-marks-london-ltd,myjobquote
Beelinebrickwork,,Builder,,,4.68,0,,ID Checked,,,Mar 2025,https://www.myjobquote.co.uk/t/beelinebrickwork,myjobquote
S.R.J. Roofing,,Builder,,,4.68,0,,ID Checked,,,2014,https://www.myjobquote.co.uk/t/srj-roofing,myjobquote
ForiniBuilders,,Builder,,,4.68,0,,ID Checked,,,2024,https://www.myjobquote.co.uk/t/forinibuilders,myjobquote
ibuild developments,,Builder,,,4.68,0,,,,,,https://www.myjobquote.co.uk/t/ibuild-developments,myjobquote
Victoria Building Group,,Builder,,,5,23,,ID Checked,,,2007,https://www.myjobquote.co.uk/t/victoria-building-group,myjobquote
S.l.n.t. handyman services,,Builder,,,5,1,,ID Checked,,,2020,https://www.myjobquote.co.uk/t/slnt-handyman-services,myjobquote
Bristol&bath building&roofing,,Builder,,,5,1,,ID Checked,,,2010,https://www.myjobquote.co.uk/t/bristolbath-buildingroofing,myjobquote
Bristol General Builders,,Builder,,,5,2,07418372060,ID Checked; Public Liability Insurance,,,1999,https://www.myjobquote.co.uk/t/bristol-general-builders,myjobquote
Gcj groundworks and garden rooms,,Builder,,,5,3,,ID Checked,,,2017,https://www.myjobquote.co.uk/t/gcj-groundworks-and-garden-rooms,myjobquote
Abacus Builders of Bath,,Builder,,,4,2,,ID Checked; Public Liability Insurance,,,1985,https://www.myjobquote.co.uk/t/abacus-builders-of-bath,myjobquote
Odd Job John,,Builder,,,5,27,,ID Checked,,,2024,https://www.myjobquote.co.uk/t/odd-job-john-1,myjobquote
Elevate construction,,Builder,,,4,2,,ID Checked,,,2022,https://www.myjobquote.co.uk/t/elevate-construction,myjobquote
MSD Building and design,,Builder,,,5,9,07441440851,ID Checked,,,2019,https://www.myjobquote.co.uk/t/msd-building-and-design,myjobquote
J M Building services sw ltd,,Builder,,,5,5,,ID Checked; Public Liability Insurance,,,2020,https://www.myjobquote.co.uk/t/j-m-building-services-sw-ltd,myjobquote
Baldwin carpentry,,Builder,,,5,1,,ID Checked,,,2011,https://www.myjobquote.co.uk/t/baldwin-carpentry,myjobquote
Mister skim,,Builder,,,5,14,,ID Checked,,,2018,https://www.myjobquote.co.uk/t/mister-skim,myjobquote
LT building works,,Builder,,,5,2,,ID Checked,,,Jan 2021,https://www.myjobquote.co.uk/t/lt-building-works,myjobquote
JM Building Services,,Builder,,,5,1,,ID Checked,,,2001,https://www.myjobquote.co.uk/t/jm-building-services,myjobquote
Avon Stone Limited,,Builder,,,5,1,,ID Checked,,,2018,https://www.myjobquote.co.uk/t/avon-stone-limited,myjobquote
Joseph Hewetson,,Builder,,,4.68,0,,ID Checked; Public Liability Insurance,,,2015,https://www.myjobquote.co.uk/t/joseph-hewetson,myjobquote
FN great,,Builder,,,4.68,0,,ID Checked; Public Liability Insurance,,,Nov 2025,https://www.myjobquote.co.uk/t/fn-great,myjobquote
FN great,,Builder,,,4.68,0,,,,,Oct 2022,https://www.myjobquote.co.uk/t/gill-builders-1,myjobquote
Lindson Building Services,,Builder,,,4.68,0,,ID Checked,,,1990,https://www.myjobquote.co.uk/t/lindson-building-services,myjobquote
Legendary Design,,Builder,,,4.9,9,,ID Checked; Public Liability Insurance,,,2023,https://www.myjobquote.co.uk/t/legendary-design,myjobquote
Honesty Builders,,Builder,,,5,11,,ID Checked,,,2007,https://www.myjobquote.co.uk/t/honesty-builders,myjobquote
Husky construction south west,,Builder,,,5,2,07418374605,ID Checked; Public Liability Insurance,,,2000,https://www.myjobquote.co.uk/t/husky-construction-south-west,myjobquote
Pmac Property Services,,Builder,,,5,1,,ID Checked; Public Liability Insurance,,,2002,https://www.myjobquote.co.uk/t/pmac-property-services,myjobquote
Kray Building & Roofing specialist,,Builder,,,5,4,,ID Checked,,,2023,https://www.myjobquote.co.uk/t/kray-building-roofing-specialist,myjobquote
Oliphant Build and Design,,Builder,,,1,1,,ID Checked,,,2005,https://www.myjobquote.co.uk/t/oliphant-build-and-design,myjobquote
SGBC Ltd,,Builder,,,5,1,,ID Checked,,,2025,https://www.myjobquote.co.uk/t/sgbc-ltd,myjobquote
My Dream Home Limited,,Builder,,,5,3,,ID Checked; Public Liability Insurance,,,2022,https://www.myjobquote.co.uk/t/my-dream-home-limited,myjobquote
Clifton Construction (Bristol) Ltd,,Builder,,,5,1,,ID Checked,,,2023,https://www.myjobquote.co.uk/t/clifton-construction-bristol-ltd,myjobquote
Build Archi Construction,,Builder,,,5,3,,ID Checked,,,2010,https://www.myjobquote.co.uk/t/build-archi-construction,myjobquote
G S f brickwork & groundwork’s,,Builder,,,5,1,07441449106,ID Checked,,,2021,https://www.myjobquote.co.uk/t/g-s-f-brickwork-groundworks,myjobquote
A&R Building contractors,,Builder,,,5,3,,ID Checked,,,2019,https://www.myjobquote.co.uk/t/ar-building-contractors-1,myjobquote
Elite building services,,Builder,,,4,1,,ID Checked,,,2022,https://www.myjobquote.co.uk/t/elite-building-services-3,myjobquote
Dragonfly  construction,,Builder,,,4.5,2,,ID Checked,,,1984,https://www.myjobquote.co.uk/t/dragonfly-construction,myjobquote
Wootten Developments,,Builder,,,4.5,2,,ID Checked,,,2019,https://www.myjobquote.co.uk/t/wootten-developments,myjobquote
Rightbuild construction,,Builder,,,5,2,,ID Checked,,,2008,https://www.myjobquote.co.uk/t/rightbuild-construction,myjobquote
Trialone,,Builder,,,4.68,0,,ID Checked,,,Jan 2019,https://www.myjobquote.co.uk/t/trialone,myjobquote
LS Carpentry and Renovations Limited,,Builder,,,4.68,0,,ID Checked,,,2007,https://www.myjobquote.co.uk/t/ls-carpentry-and-renovations-limited,myjobquote
Mall brickwork ltd,,Builder,,,4.68,0,,ID Checked,,,Sep 2024,https://www.myjobquote.co.uk/t/mall-brickwork-ltd,myjobquote
HRB CONSTRUCTION,,Builder,,,4.68,0,,ID Checked,,,2021,https://www.myjobquote.co.uk/t/hrb-construction,myjobquote
Sw building firm,,Builder,,,4.68,0,,,,,,https://www.myjobquote.co.uk/t/sw-building-firm,myjobquote
Towns roofing and building,,Builder,,,4.68,0,,ID Checked,,,May 2024,https://www.myjobquote.co.uk/t/towns-roofing-and-building,myjobquote
D Osborne roofing & building,,Builder,,,4.68,0,,ID Checked,,,Nov 2023,https://www.myjobquote.co.uk/t/d-osborne-roofing-building,myjobquote
D Osborne roofing & building,,Builder,,,4.68,0,,ID Checked,,,2010,https://www.myjobquote.co.uk/t/saxon-developments,myjobquote
Bristol Build,,Builder,,,4.68,0,,ID Checked,,,2018,https://www.myjobquote.co.uk/t/bristol-build,myjobquote
L.p.s construction Sw ltd,,Builder,,,4.68,0,,ID Checked,,,2019,https://www.myjobquote.co.uk/t/lps-construction-sw-ltd,myjobquote
Vandy projects limited,,Builder,,,4.68,0,,ID Checked,,,Apr 2022,https://www.myjobquote.co.uk/t/vandy-projects-limited,myjobquote
Gurt grafters,,Builder,,,4.68,0,,ID Checked,,,Feb 2026,https://www.myjobquote.co.uk/t/gurt-grafters,myjobquote
Gurt grafters,,Builder,,,4.68,0,,ID Checked,,,Aug 2024,https://www.myjobquote.co.uk/t/amls-complete-solutions,myjobquote
Gale Build,,Builder,,,4.68,0,,,,,2018,https://www.myjobquote.co.uk/t/gale-build,myjobquote
JLT SERVICES,,Builder,,,4.68,0,,ID Checked,,,2017,https://www.myjobquote.co.uk/t/jlt-services,myjobquote
Kieran,,Builder,,,4.68,0,,ID Checked,,,Oct 2018,https://www.myjobquote.co.uk/t/kieran-133,myjobquote
Kieran,,Builder,,,4.68,0,,ID Checked,,,2018,https://www.myjobquote.co.uk/t/my-project-group,myjobquote
PCS ES LTD,,Builder,,,4.68,0,07451260335,ID Checked,,,2018,https://www.myjobquote.co.uk/t/pcs-es-ltd,myjobquote
Builder You Need,,Builder,,,4.68,0,,ID Checked,,,Mar 2023,https://www.myjobquote.co.uk/t/builder-you-need,myjobquote
A1 Walls & Ceilings ltd,,Builder,,,4.68,0,,ID Checked,,,2017,https://www.myjobquote.co.uk/t/a1-walls-ceilings-ltd,myjobquote
Evolve Carpentry and Build Ltd,,Builder,,,4.68,0,,ID Checked,,,Aug 2023,https://www.myjobquote.co.uk/t/evolve-carpentry-and-build-ltd,myjobquote
Renew & Restore Bristol,,Builder,,,4.68,0,,ID Checked,,,Nov 2024,https://www.myjobquote.co.uk/t/renew-restore-bristol,myjobquote
L Bishop Building & Maintenance,,Builder,,,4.68,0,,ID Checked,,,2010,https://www.myjobquote.co.uk/t/l-bishop-building-maintenance,myjobquote
Wall2Wall Renovations,,Builder,,,4.68,0,,ID Checked,,,2021,https://www.myjobquote.co.uk/t/wall2wall-renovations,myjobquote
Well decide building solutions,,Builder,,,4.68,0,,,,,2021,https://www.myjobquote.co.uk/t/well-decide-building-solutions,myjobquote
Well decide building solutions,,Builder,,,4.68,0,,,,,Jul 2023,https://www.myjobquote.co.uk/t/stevens-construction,myjobquote
Shahid Malik,,Builder,,,4.68,0,,ID Checked,,,Jan 2025,https://www.myjobquote.co.uk/t/shahid-malik,myjobquote
Fren Building and Maintenance,,Builder,,,4.68,0,,ID Checked,,,2024,https://www.myjobquote.co.uk/t/fren-building-and-maintenance,myjobquote
B AND E BUILDERS LIMITED,,Builder,,,4.68,0,,ID Checked,,,2017,https://www.myjobquote.co.uk/t/b-and-e-builders-limited,myjobquote
NRO construction and renovation,,Builder,,,4.68,0,,ID Checked,,,2000,https://www.myjobquote.co.uk/t/nro-construction-and-renovation,myjobquote
CLP Bristol Limited,,Builder,,,4.68,0,,ID Checked; Public Liability Insurance,,,Jun 2022,https://www.myjobquote.co.uk/t/clp-bristol-limited,myjobquote
Clever Conversions,,Builder,,,4.68,0,,ID Checked,,,2004,https://www.myjobquote.co.uk/t/clever-conversions,myjobquote
BD Building & Maintenance LTD,,Builder,,,4.68,0,,ID Checked,,,2020,https://www.myjobquote.co.uk/t/bd-building-maintenance-ltd,myjobquote
Map buildings and restoration’s,,Builder,,,4.68,0,,,,,Feb 2025,https://www.myjobquote.co.uk/t/map-buildings-and-restorations,myjobquote
Map buildings and restoration’s,,Builder,,,4.68,0,,ID Checked; Public Liability Insurance,,,Feb 2022,https://www.myjobquote.co.uk/t/blackrock-prop-ltd,myjobquote
Blackrock Prop Ltd,,Builder,,,4.68,0,,ID Checked,,,1985,https://www.myjobquote.co.uk/t/sl-builders-6,myjobquote
Envision Property & Landscaping,,Builder,,,4.68,0,,ID Checked,,,May 2024,https://www.myjobquote.co.uk/t/envision-property-landscaping,myjobquote
EMKA Building Contractors Ltd,,Builder,,,4.68,0,07418361884,ID Checked; Public Liability Insurance,,,2008,https://www.myjobquote.co.uk/t/emka-building-contractors-ltd,myjobquote
Parkinson carpentry and building Ltd,,Builder,,,4.68,0,,ID Checked,,,2017,https://www.myjobquote.co.uk/t/parkinson-carpentry-and-building-ltd,myjobquote
Habib,,Builder,,,4.68,0,,ID Checked,,,Mar 2017,https://www.myjobquote.co.uk/t/habib-11,myjobquote
Habib,,Builder,,,4.68,0,,,,,2005,https://www.myjobquote.co.uk/t/simply-home-designs-ltd,myjobquote
BGS maintenance and home improvements,,Builder,,,4.68,0,,ID Checked,,,2023,https://www.myjobquote.co.uk/t/bgs-maintenance-and-home-improvements,myjobquote
MD painting and decorating services Ltd,,Builder,,,4.68,0,,ID Checked,,,Sep 2023,https://www.myjobquote.co.uk/t/md-painting-and-decorating-services-ltd,myjobquote
DJM Masonry & General Building,,Builder,,,4.68,0,07418362409,ID Checked,,,2016,https://www.myjobquote.co.uk/t/djm-masonry-general-building,myjobquote
Valuto builders limited,,Builder,,,4.68,0,,ID Checked,,,2019,https://www.myjobquote.co.uk/t/valuto-builders-limited,myjobquote
Kaizen build,,Builder,,,4.68,0,,ID Checked,,,Mar 2019,https://www.myjobquote.co.uk/t/kaizen-build-1,myjobquote
Dj construction,,Builder,,,4.68,0,,ID Checked,,,2006,https://www.myjobquote.co.uk/t/dj-construction-3,myjobquote
Chalso Home Improvements,,Builder,,,4.68,0,,ID Checked,,,Apr 2021,https://www.myjobquote.co.uk/t/chalso-home-improvements,myjobquote
Chalso Home Improvements,,Builder,,,4.68,0,,ID Checked,,,2019,https://www.myjobquote.co.uk/t/ultra-warmroof,myjobquote
Project House Group LTD,,Builder,,,4.68,0,,ID Checked,,,2022,https://www.myjobquote.co.uk/t/project-house-group-ltd,myjobquote
Serbo Limited,,Builder,,,4.68,0,,ID Checked,,,2017,https://www.myjobquote.co.uk/t/serbo-limited,myjobquote
Albert General Building Ltd,,Builder,,,4.68,0,,ID Checked,,,2016,https://www.myjobquote.co.uk/t/albert-general-building-ltd,myjobquote
Archway Building Contractors,,Builder,,,4.68,0,,ID Checked,,,Apr 2018,https://www.myjobquote.co.uk/t/archway-building-contractors,myjobquote
Adept southwest building co,,Builder,,,4.68,0,,ID Checked,,,2005,https://www.myjobquote.co.uk/t/adept-southwest-building-co-1,myjobquote
Essential Installations,,Builder,,,4.68,0,,ID Checked,,,2019,https://www.myjobquote.co.uk/t/essential-installations,myjobquote
S.Kendall,,Builder,,,4.68,0,,ID Checked,,,Jun 2025,https://www.myjobquote.co.uk/t/skendall,myjobquote
Southwest elite bulidingcontractors,,Builder,,,4.68,0,,,,,Jan 2024,https://www.myjobquote.co.uk/t/southwest-elite-bulidingcontractors,myjobquote
Hanson & Spring LTD,,Builder,,,4.68,0,,ID Checked,,,2024,https://www.myjobquote.co.uk/t/hanson-spring-ltd,myjobquote
Louis Castles,,Builder,,,4.68,0,,ID Checked,,,Aug 2024,https://www.myjobquote.co.uk/t/louis-castles,myjobquote
Louis Castles,,Builder,,,4.68,0,,,,,Sep 2025,https://www.myjobquote.co.uk/t/cannon-construction-1,myjobquote
THOR UK CONSTRUCTION,,Builder,,,4.68,0,,,,,2005,https://www.myjobquote.co.uk/t/thor-uk-construction,myjobquote
Advanced design and construction,,Builder,,,4.68,0,,,,,2023,https://www.myjobquote.co.uk/t/advanced-design-and-construction,myjobquote
A m building,,Builder,,,4.68,0,,ID Checked,,,2010,https://www.myjobquote.co.uk/t/a-m-building,myjobquote
RJGroundworks,,Builder,,,4.68,0,,ID Checked; Public Liability Insurance,,,Feb 2024,https://www.myjobquote.co.uk/t/rjgroundworks,myjobquote
ALT Joinery & Building,,Builder,,,4.9,16,07451260557,ID Checked,,,2019,https://www.myjobquote.co.uk/t/alt-joinery-building,myjobquote
IK Building Landscaping,,Builder,,,4,1,,ID Checked,,,2013,https://www.myjobquote.co.uk/t/ik-building-landscaping,myjobquote
24 abc limited,,Builder,,,5,3,07418370724,ID Checked,,,2019,https://www.myjobquote.co.uk/t/24-abc-limited,myjobquote
Macpaint,,Builder,,,5,1,,ID Checked,,,Jan 2024,https://www.myjobquote.co.uk/t/macpaint-1,myjobquote
J k contract,,Builder,,,5,1,,ID Checked,,,Nov 2025,https://www.myjobquote.co.uk/t/j-k-contract,myjobquote
Azı azi,,Builder,,,4.68,0,,ID Checked,,,Apr 2024,https://www.myjobquote.co.uk/t/azi-azi,myjobquote
Azı azi,,Builder,,,4.68,0,,ID Checked,,,2008,https://www.myjobquote.co.uk/t/cbr-maintenance-group,myjobquote
Maximize Building & Renovations LTD,,Builder,,,4.68,0,,ID Checked,,,2011,https://www.myjobquote.co.uk/t/maximize-building-renovations-ltd,myjobquote
LBSC Limited,,Builder,,,4.68,0,,ID Checked,,,Oct 2023,https://www.myjobquote.co.uk/t/lbsc-limited,myjobquote
I not have,,Builder,,,4.68,0,,ID Checked,,,Sep 2024,https://www.myjobquote.co.uk/t/i-not-have-1,myjobquote
I not have,,Builder,,,4.68,0,,,,,2007,https://www.myjobquote.co.uk/t/ardent-masonry-building-and-landscapes,myjobquote
Renato Home Renovation,,Builder,,,4.68,0,,ID Checked,,,2026,https://www.myjobquote.co.uk/t/renato-home-renovation,myjobquote
SRS Roofing and building,,Builder,,,4.68,0,,ID Checked,,,2007,https://www.myjobquote.co.uk/t/srs-roofing-and-building,myjobquote
Aaditya,,Builder,,,4.68,0,,ID Checked,,,Jan 2022,https://www.myjobquote.co.uk/t/aaditya,myjobquote
Cbarton,,Builder,,,4.68,0,,,,,Oct 2023,https://www.myjobquote.co.uk/t/cbarton,myjobquote
Cbarton,,Builder,,,4.3,3,07418349769,ID Checked,,,1998,https://www.myjobquote.co.uk/t/central-scotland-roofing,myjobquote
M&R Joinery,,Builder,,,5,11,,ID Checked; Public Liability Insurance,,,2024,https://www.myjobquote.co.uk/t/mr-joinery-3,myjobquote
GJ Wright Civils,,Builder,,,5,5,,ID Checked,,,1998,https://www.myjobquote.co.uk/t/gj-wright-civils,myjobquote
Markitan,,Builder,,,5,1,,ID Checked,,,2015,https://www.myjobquote.co.uk/t/markitan,myjobquote
Thompson brickwork,,Builder,,,5,1,,ID Checked,,,1999,https://www.myjobquote.co.uk/t/thompson-brickwork,myjobquote
eh1 contracts,,Builder,,,4.68,0,,,,,Dec 2022,https://www.myjobquote.co.uk/t/eh1-contracts,myjobquote
eh1 contracts,,Builder,,,4.68,0,,,,,Dec 2022,https://www.myjobquote.co.uk/t/karol-gembiak,myjobquote
Karol Gembiak,,Builder,,,4.68,0,,,,,Feb 2024,https://www.myjobquote.co.uk/t/di-beveridge-construction,myjobquote
Stuart,,Builder,,,4.68,0,,ID Checked,,,Jan 2024,https://www.myjobquote.co.uk/t/stuart-26,myjobquote
Stuart,,Builder,,,4.68,0,,ID Checked,,,Jun 2023,https://www.myjobquote.co.uk/t/brandon-brookes,myjobquote
brandon brookes,,Builder,,,4.68,0,,ID Checked,,,2016,https://www.myjobquote.co.uk/t/jacob-moody,myjobquote
Baran Bulut,,Builder,,,4.68,0,,ID Checked,,,Feb 2023,https://www.myjobquote.co.uk/t/baran-bulut,myjobquote
Paul lindsay,,Builder,,,5,3,,ID Checked,,,1996,https://www.myjobquote.co.uk/t/paul-lindsay,myjobquote
R&M builders and landscapers,,Builder,,,5,12,,ID Checked,,,2021,https://www.myjobquote.co.uk/t/rm-builders-and-landscapers,myjobquote
RMG Electrical/capital interiors,,Builder,,,5,11,,ID Checked,,,2020,https://www.myjobquote.co.uk/t/rmg-electricalcapital-interiors,myjobquote
Clean Air Energy Ltd,,Builder,,,5,1,,ID Checked,,,2010,https://www.myjobquote.co.uk/t/clean-air-energy-ltd,myjobquote
Kaded,,Builder,,,5,2,,ID Checked,,,2022,https://www.myjobquote.co.uk/t/kaded,myjobquote
Wilson’s building and landscaping services,,Builder,,,4,1,,ID Checked,,,2025,https://www.myjobquote.co.uk/t/wilsons-building-and-landscaping-services,myjobquote
Aaron Hamer,,Builder,,,5,2,,ID Checked,,,2016,https://www.myjobquote.co.uk/t/aaron-hamer,myjobquote
"T,Q,Roofing",,Builder,,,5,4,,ID Checked,,,2019,https://www.myjobquote.co.uk/t/tqroofing,myjobquote
Mcmanus,,Builder,,,5,3,,ID Checked,,,2007,https://www.myjobquote.co.uk/t/mcmanus,myjobquote
Kingsknowe Joinery/All Trades,,Builder,,,4.5,6,,ID Checked,,,1995,https://www.myjobquote.co.uk/t/kingsknowe-joineryall-trades,myjobquote
Challenge Construction,,Builder,,,5,1,,ID Checked,,,Apr 2023,https://www.myjobquote.co.uk/t/challenge-construction,myjobquote
Peninsula premier construction,,Builder,,,5,3,,ID Checked,,,Dec 2022,https://www.myjobquote.co.uk/t/peninsula-premier-construction,myjobquote
Hoyt Electrical,,Builder,,,5,1,,ID Checked,,,2001,https://www.myjobquote.co.uk/t/hoyt-electrical,myjobquote
Kejbuilders,,Builder,,,5,2,,ID Checked,,,2014,https://www.myjobquote.co.uk/t/kejbuilders,myjobquote
Robert Brydon&#039;s Building Services,,Builder,,,4.68,0,,ID Checked,,,Aug 2017,https://www.myjobquote.co.uk/t/robert-brydons-building-services,myjobquote
Twana,,Builder,,,4.68,0,,ID Checked,,,Jan 2024,https://www.myjobquote.co.uk/t/twana,myjobquote
Twana,,Builder,,,4.68,0,,,,,Jan 2026,https://www.myjobquote.co.uk/t/donaldson-roofing-services,myjobquote
Verra Decoration,,Builder,,,4.68,0,,ID Checked,,,2020,https://www.myjobquote.co.uk/t/verra-decoration,myjobquote
Geno Construction,,Builder,,,4.68,0,,ID Checked,,,Nov 2025,https://www.myjobquote.co.uk/t/geno-construction,myjobquote
Geno Construction,,Builder,,,4.68,0,,,,,Jan 2024,https://www.myjobquote.co.uk/t/aryan-1,myjobquote
Aryan,,Builder,,,4.68,0,,ID Checked; Public Liability Insurance,,,2011,https://www.myjobquote.co.uk/t/km-building-system-ltd,myjobquote
Milldown ltd,,Builder,,,4.68,0,,ID Checked,,,Feb 2018,https://www.myjobquote.co.uk/t/milldown-ltd,myjobquote
OWL AV CONSTRUCTION LIMITED,,Builder,,,4.68,0,,ID Checked,,,2021,https://www.myjobquote.co.uk/t/owl-av-construction-limited,myjobquote
Capital Crest Construction Ltd,,Builder,,,4.68,0,,,,,Jun 2024,https://www.myjobquote.co.uk/t/capital-crest-construction-ltd,myjobquote
MBK Joiners,,Builder,,,4.68,0,,ID Checked,,,Feb 2026,https://www.myjobquote.co.uk/t/mbk-joiners,myjobquote
Edin all trades Ltd,,Builder,,,4.68,0,,ID Checked,,,Jan 2025,https://www.myjobquote.co.uk/t/edin-all-trades-ltd,myjobquote
Prime home and garden,,Builder,,,4.68,0,,ID Checked,,,2021,https://www.myjobquote.co.uk/t/prime-home-and-garden,myjobquote
PSG twenty six,,Builder,,,4.68,0,,ID Checked,,,Mar 2025,https://www.myjobquote.co.uk/t/psg-twenty-six,myjobquote
visions of you,,Builder,,,4.68,0,,ID Checked,,,Apr 2022,https://www.myjobquote.co.uk/t/visions-of-you,myjobquote
Rw1 Building & landscaping,,Builder,,,4.68,0,,,,,Feb 2022,https://www.myjobquote.co.uk/t/rw1-building-landscaping,myjobquote
Thistle roofing,,Builder,,,4.68,0,,ID Checked,,,2002,https://www.myjobquote.co.uk/t/thistle-roofing-1,myjobquote
Home Trades Services,,Builder,,,4.68,0,,ID Checked,,,1998,https://www.myjobquote.co.uk/t/home-trades-services,myjobquote
A R Parkin building contractors,,Builder,,,4.68,0,,,,,1990,https://www.myjobquote.co.uk/t/a-r-parkin-building-contractors,myjobquote
Thistlerock Deisgns LTD,,Builder,,,4.68,0,,ID Checked,,,,https://www.myjobquote.co.uk/t/thistlerock-deisgns-ltd,myjobquote
Williamnisbetbuilder,,Builder,,,4.68,0,,ID Checked,,,Aug 2025,https://www.myjobquote.co.uk/t/williamnisbetbuilder,myjobquote
Mezowo Building Services,,Builder,,,4.68,0,,ID Checked,,,2025,https://www.myjobquote.co.uk/t/mezowo-building-services,myjobquote
KAD-BUILD,,Builder,,,4.68,0,,ID Checked,,,Apr 2025,https://www.myjobquote.co.uk/t/kad-build,myjobquote
Rjc builders,,Builder,,,4.68,0,,ID Checked,,,Mar 2025,https://www.myjobquote.co.uk/t/rjc-builders,myjobquote
Rjc builders,,Builder,,,4.68,0,,ID Checked,,,2023,https://www.myjobquote.co.uk/t/progression-projects-edinburgh,myjobquote
A&M renovations,,Builder,,,4.68,0,,ID Checked,,,1998,https://www.myjobquote.co.uk/t/am-renovations,myjobquote
Construction Services Scotland Ltd,,Builder,,,4.68,0,,ID Checked,,,2023,https://www.myjobquote.co.uk/t/construction-services-scotland-ltd,myjobquote
Carpentry and build solutions,,Builder,,,4.68,0,,ID Checked,,,Mar 2023,https://www.myjobquote.co.uk/t/carpentry-and-build-solutions,myjobquote
Mykola,,Builder,,,4.68,0,,ID Checked,,,Oct 2024,https://www.myjobquote.co.uk/t/mykola-12,myjobquote
Mykola,,Builder,,,4.68,0,,ID Checked,,,Nov 2024,https://www.myjobquote.co.uk/t/edinburgh-city-builders,myjobquote
MVR RIVERMOUNT CONSTRUCTION LTD,,Builder,,,4.68,0,,ID Checked,,,Feb 2025,https://www.myjobquote.co.uk/t/mvr-rivermount-construction-ltd,myjobquote
Pavstonemasonbuilder,,Builder,,,4.68,0,,ID Checked,,,Jul 2025,https://www.myjobquote.co.uk/t/pavstonemasonbuilder,myjobquote
Pavstonemasonbuilder,,Builder,,,4.68,0,,,,,May 2024,https://www.myjobquote.co.uk/t/jr-windows,myjobquote
JR Windows,,Builder,,,2,1,,,,,2020,https://www.myjobquote.co.uk/t/ns-building-and-lanscaping,myjobquote
Pinnacle Construction,,Builder,,,4.68,0,,ID Checked,,,2019,https://www.myjobquote.co.uk/t/pinnacle-construction-1,myjobquote
Buildit Haddington LTD,,Builder,,,4.68,0,,ID Checked,,,Apr 2024,https://www.myjobquote.co.uk/t/buildit-haddington-ltd,myjobquote
C Foster Plant Hire,,Builder,,,4.68,0,,ID Checked,,,Sep 2022,https://www.myjobquote.co.uk/t/c-foster-plant-hire,myjobquote
The Converters Group,,Builder,,,4.68,0,,ID Checked,,,2010,https://www.myjobquote.co.uk/t/the-converters-group,myjobquote
City trades Scotland ltd,,Builder,,,4.68,0,,ID Checked,,,May 2025,https://www.myjobquote.co.uk/t/city-trades-scotland-ltd,myjobquote
RT Services,,Builder,,,5,2,,ID Checked,,,,https://www.myjobquote.co.uk/t/rt-services-3,myjobquote
CFR BUILDERS,,Builder,,,5,2,,ID Checked,,,2021,https://www.myjobquote.co.uk/t/cfr-builders,myjobquote
cb builders,,Builder,,,5,1,,ID Checked,,,2007,https://www.myjobquote.co.uk/t/cb-builders-2,myjobquote
Painter,,Builder,,,4.68,0,,ID Checked,,,Nov 2020,https://www.myjobquote.co.uk/t/painter-422,myjobquote
Painter,,Builder,,,4.68,0,,ID Checked,,,2018,https://www.myjobquote.co.uk/t/carnan-electrical-services,myjobquote
Besi roofing company ltd,,Builder,,,4.68,0,,ID Checked,,,2019,https://www.myjobquote.co.uk/t/besi-roofing-company-ltd,myjobquote
Besi roofing company ltd,,Builder,,,4.68,0,,ID Checked,,,Sep 2023,https://www.myjobquote.co.uk/t/keymasonry-1,myjobquote
Keymasonry,,Builder,,,4.68,0,,ID Checked,,,Aug 2022,https://www.myjobquote.co.uk/t/pkipp-maintenance,myjobquote
Pkipp maintenance,,Builder,,,4.68,0,,,,,Mar 2023,https://www.myjobquote.co.uk/t/andre-builder,myjobquote
ANDRE BUILDER,,Builder,,,4.68,0,,ID Checked,,,Jan 2026,https://www.myjobquote.co.uk/t/lukas-paint-you-life,myjobquote
Lukas Paint you life,,Builder,,,4.68,0,,ID Checked,,,Jul 2022,https://www.myjobquote.co.uk/t/jb-contracts-scotland-ltd,myjobquote
B.C.W Roofing and Building,,Builder,,,4.68,0,,,,,Jan 2023,https://www.myjobquote.co.uk/t/bcw-roofing-and-building,myjobquote
B.C.W Roofing and Building,,Builder,,,4.68,0,,,,,Dec 2022,https://www.myjobquote.co.uk/t/gavin-13,myjobquote
Gavin,,Builder,,,4.68,0,,,,,May 2023,https://www.myjobquote.co.uk/t/ryan-clark,myjobquote
Ryan Clark,,Builder,,,4.68,0,,,,,Jan 2024,https://www.myjobquote.co.uk/t/bricklaying-27,myjobquote
MiroS,,Builder,,,4.68,0,,,,,Apr 2025,https://www.myjobquote.co.uk/t/miros-3,myjobquote
MiroS,,Builder,,,4.68,0,,,,,Oct 2025,https://www.myjobquote.co.uk/t/builditall,myjobquote
Builder,,Builder,,,4.68,0,,,,,Mar 2026,https://www.myjobquote.co.uk/t/builder-104,myjobquote
Builder,,Builder,,,4.68,0,,,,,Apr 2023,https://www.myjobquote.co.uk/t/sks-home-and-garden-improvements,myjobquote
Ankush Singh,,Builder,,,4.68,0,,,,,Jan 2025,https://www.myjobquote.co.uk/t/ankush-singh,myjobquote
Woodandstone,,Builder,,,5,3,,ID Checked; Public Liability Insurance,,,1990,https://www.myjobquote.co.uk/t/woodandstone,myjobquote
Luxe Installations,,Builder,,,5,1,,ID Checked,,,Apr 2024,https://www.myjobquote.co.uk/t/luxe-installations,myjobquote
Bricks&mortar,,Builder,,,5,1,,ID Checked; Public Liability Insurance,,,2016,https://www.myjobquote.co.uk/t/bricksmortar-1,myjobquote
CHF Landscaping and Building,,Builder,,,5,1,,ID Checked,,,1993,https://www.myjobquote.co.uk/t/chf-landscaping-and-building,myjobquote
Woodgate joinery & building Ltd,,Builder,,,5,2,,ID Checked,,,2023,https://www.myjobquote.co.uk/t/woodgate-joinery-building-ltd,myjobquote
Jimmy,,Builder,,,4.68,0,,ID Checked,,,Jan 2025,https://www.myjobquote.co.uk/t/jimmy-39,myjobquote
Jimmy,,Builder,,,4.68,0,,ID Checked,,,2017,https://www.myjobquote.co.uk/t/colak-and-gow,myjobquote
colak and gow,,Builder,,,4.68,0,,ID Checked,,,Apr 2018,https://www.myjobquote.co.uk/t/blasting-tail,myjobquote
Blasting tail,,Builder,,,4.68,0,,ID Checked,,,May 2025,https://www.myjobquote.co.uk/t/done-right-projects,myjobquote
SBBA LIMITED,,Builder,,,4.68,0,,ID Checked,,,2017,https://www.myjobquote.co.uk/t/sbba-limited,myjobquote
Jax design & build ltd,,Builder,,,4.68,0,,ID Checked,,,Jan 2017,https://www.myjobquote.co.uk/t/jax-design-build-ltd,myjobquote
Jax design & build ltd,,Builder,,,4.68,0,,ID Checked,,,1997,https://www.myjobquote.co.uk/t/vjl-builders-1,myjobquote
Notch Above Joinery,,Builder,,,4.68,0,,ID Checked,,,2024,https://www.myjobquote.co.uk/t/notch-above-joinery,myjobquote
Arash,,Builder,,,4.68,0,,,,,Jan 2025,https://www.myjobquote.co.uk/t/arash-5,myjobquote
Arash,,Builder,,,5,2,,ID Checked,,,2022,https://www.myjobquote.co.uk/t/porter-homes-property-builder-ltd,myjobquote
RXB Building and Landscapes ltd,,Builder,,,5,1,,ID Checked,,,2025,https://www.myjobquote.co.uk/t/rxb-building-and-landscapes-ltd,myjobquote
Weather guard roofing services,,Builder,,,4,1,,ID Checked,,,Oct 2019,https://www.myjobquote.co.uk/t/weather-guard-roofing-services-1,myjobquote
Wa MEHER LTD,,Builder,,,4.68,0,,,,,Aug 2024,https://www.myjobquote.co.uk/t/wa-meher-ltd,myjobquote
Wa MEHER LTD,,Builder,,,4.68,0,,ID Checked,,,1992,https://www.myjobquote.co.uk/t/scott-macinnes,myjobquote
A plus Design and construction,,Builder,,,4.68,0,,ID Checked,,,Oct 2020,https://www.myjobquote.co.uk/t/a-plus-design-and-construction,myjobquote
A plus Design and construction,,Builder,,,4.68,0,,ID Checked,,,Dec 2025,https://www.myjobquote.co.uk/t/building-solutions-10,myjobquote
Weatherface Ltd,,Builder,,,4.68,0,,ID Checked,,,2015,https://www.myjobquote.co.uk/t/weatherface-ltd,myjobquote
Briggs Building,,Builder,,,4.68,0,,ID Checked,,,2010,https://www.myjobquote.co.uk/t/briggs-building,myjobquote
Andrews Builders,,Builder,,,4.68,0,,ID Checked,,,Nov 2024,https://www.myjobquote.co.uk/t/andrews-builders,myjobquote
Gla building,,Builder,,,4.68,0,,,,,Jun 2023,https://www.myjobquote.co.uk/t/gla-building-1,myjobquote
Gla building,,Builder,,,4.68,0,,ID Checked,,,Dec 2024,https://www.myjobquote.co.uk/t/sky-company,myjobquote
Sky company,,Builder,,,4.68,0,,ID Checked,,,Mar 2026,https://www.myjobquote.co.uk/t/jackk-4,myjobquote
Jackk,,Builder,,,4.68,0,,ID Checked,,,2014,https://www.myjobquote.co.uk/t/bk-building,myjobquote
DORRy BUILDER LTD,,Builder,,,4.68,0,,ID Checked,,,2011,https://www.myjobquote.co.uk/t/dorry-builder-ltd,myjobquote
Rnsplastering,,Builder,,,4.68,0,,ID Checked,,,2010,https://www.myjobquote.co.uk/t/rnsplastering,myjobquote
HandyHelp,,Builder,,,4.68,0,,ID Checked,,,Jan 2023,https://www.myjobquote.co.uk/t/handyhelp,myjobquote
HandyHelp,,Builder,,,4.68,0,,ID Checked,,,Jan 2025,https://www.myjobquote.co.uk/t/dynamite-building,myjobquote
Tommy,,Builder,,,4.68,0,,ID Checked,,,Dec 2025,https://www.myjobquote.co.uk/t/tommy-38,myjobquote
Tommy,,Builder,,,4.68,0,,ID Checked,,,2012,https://www.myjobquote.co.uk/t/highwood-developments-ltd,myjobquote
Sdriveways and landscape,,Builder,,,5,1,,ID Checked,,,Nov 2024,https://www.myjobquote.co.uk/t/sdriveways-and-landscape,myjobquote
Arcus refurbishment,,Builder,,,5,1,,ID Checked,,,2017,https://www.myjobquote.co.uk/t/arcus-refurbishment,myjobquote
SJ Specialist Interior Solutions Limited,,Builder,,,5,1,,ID Checked,,,Jan 2023,https://www.myjobquote.co.uk/t/sj-specialist-interior-solutions-limited-1,myjobquote
jcconstruction,,Builder,,,4,1,,ID Checked,,,,https://www.myjobquote.co.uk/t/jcconstruction,myjobquote
Alafendi,,Builder,,,4.68,0,,ID Checked,,,2022,https://www.myjobquote.co.uk/t/alafendi,myjobquote
Madjid Lmt,,Builder,,,4.68,0,,,,,Sep 2023,https://www.myjobquote.co.uk/t/madjid-lmt,myjobquote
Madjid Lmt,,Builder,,,4.68,0,,ID Checked,,,May 2025,https://www.myjobquote.co.uk/t/matt-smith,myjobquote
Matt smith,,Builder,,,4.68,0,,ID Checked,,,Feb 2022,https://www.myjobquote.co.uk/t/cristidima,myjobquote
Buildscape Projects,,Builder,,,4.68,0,,ID Checked,,,2023,https://www.myjobquote.co.uk/t/buildscape-projects,myjobquote
naqeebullah,,Builder,,,4.68,0,,ID Checked,,,Mar 2023,https://www.myjobquote.co.uk/t/naqeebullah,myjobquote
naqeebullah,,Builder,,,4.68,0,,,,,Jul 2024,https://www.myjobquote.co.uk/t/saity,myjobquote
SaitY,,Builder,,,4.68,0,,,,,Nov 2024,https://www.myjobquote.co.uk/t/thomson-trades,myjobquote
Thomson trades,,Builder,,,4.68,0,,,,,May 2023,https://www.myjobquote.co.uk/t/nu-am-compniei,myjobquote
Nu am compniei,,Builder,,,4.68,0,,,,,Nov 2024,https://www.myjobquote.co.uk/t/monsaf,myjobquote
Monsaf,,Builder,,,4.68,0,,,Ground work,,Oct 2024,https://www.myjobquote.co.uk/t/blumbergs,myjobquote
Blumbergs,,Builder,,,4.68,0,,,,,Mar 2026,https://www.myjobquote.co.uk/t/as-brothers-construction,myjobquote
As Brothers Construction,,Builder,,,4.68,0,,,,,Jan 2026,https://www.myjobquote.co.uk/t/finegan,myjobquote
Finegan,,Builder,,,4.68,0,,,,,Jan 2022,https://www.myjobquote.co.uk/t/manny,myjobquote
Manny,,Builder,,,4.68,0,,,,,May 2023,https://www.myjobquote.co.uk/t/royal-bam-group,myjobquote
Royal Bam group,,Builder,,,4.68,0,,,,,Apr 2025,https://www.myjobquote.co.uk/t/macd-builder,myjobquote
Macd builder,,Builder,,,4.68,0,,,,,1985,https://www.myjobquote.co.uk/t/e-farren-contracts,myjobquote
Garrow ltd,,Builder,,,4.68,0,,ID Checked,,,2012,https://www.myjobquote.co.uk/t/garrow-ltd,myjobquote
Garrow ltd,,Builder,,,4.68,0,,ID Checked,,,Feb 2024,https://www.myjobquote.co.uk/t/colin-rodgers,myjobquote
Huzaifa,,Builder,,,4.68,0,,,,,Jun 2023,https://www.myjobquote.co.uk/t/huzaifa,myjobquote
Liam Henry,,Builder,,,4.68,0,,,,,Jun 2023,https://www.myjobquote.co.uk/t/liam-henry,myjobquote
C Carson joinery,,Builder,,,5,1,,ID Checked; Public Liability Insurance,,,2015,https://www.myjobquote.co.uk/t/c-carson-joinery,myjobquote
Talented Tradesmen,,Builder,,,5,7,,ID Checked,,,2017,https://www.myjobquote.co.uk/t/talented-tradesmen,myjobquote
Jhs roofing and building,,Builder,,,5,2,,ID Checked,,,1900,https://www.myjobquote.co.uk/t/jhs-roofing-and-building-1,myjobquote
S.I.B Fabrications,,Builder,,,4.8,6,,ID Checked; Public Liability Insurance,,,2025,https://www.myjobquote.co.uk/t/sib-fabrications,myjobquote
Brick’s n Bob’s,,Builder,,,5,1,,ID Checked,,,Sep 2023,https://www.myjobquote.co.uk/t/bricks-n-bobs,myjobquote
AMC Roofing and Building Ltd,,Builder,,,5,3,,ID Checked,,,2025,https://www.myjobquote.co.uk/t/amc-roofing-and-building-ltd,myjobquote
MR Construction,,Builder,,,5,1,,ID Checked,,,2018,https://www.myjobquote.co.uk/t/mr-construction-8,myjobquote
WD Joinery and Building Services,,Builder,,,5,1,,ID Checked,,,2004,https://www.myjobquote.co.uk/t/wd-joinery-and-building-services,myjobquote
LDA Contracts Ltd,,Builder,,,5,4,,ID Checked,,,2023,https://www.myjobquote.co.uk/t/lda-contracts-ltd,myjobquote
Thistle Property Services,,Builder,,,4.9,19,,ID Checked,,,2020,https://www.myjobquote.co.uk/t/thistle-property-services,myjobquote
Mateusz,,Builder,,,5,3,,ID Checked,,,Sep 2023,https://www.myjobquote.co.uk/t/mateusz-22,myjobquote
Mrcc renavations and refreshments,,Builder,,,5,6,,ID Checked,,,2023,https://www.myjobquote.co.uk/t/mrcc-renavations-and-refreshments,myjobquote
Myson maintainance / construction,,Builder,,,5,1,,ID Checked,,,1990,https://www.myjobquote.co.uk/t/myson-maintainance-construction,myjobquote
RJM construction,,Builder,,,5,1,,ID Checked,,,Jun 2020,https://www.myjobquote.co.uk/t/rjm-construction,myjobquote
Glasgow Building & Construction Group Ltd,,Builder,,,5,1,,ID Checked,,,2011,https://www.myjobquote.co.uk/t/glasgow-building-construction-group-ltd,myjobquote
JJR joinery,,Builder,,,5,2,,ID Checked,,,2018,https://www.myjobquote.co.uk/t/jjr-joinery,myjobquote
JCM bricklaying & construction,,Builder,,,5,1,,ID Checked,,,2022,https://www.myjobquote.co.uk/t/jcm-bricklaying-construction,myjobquote
Jamie Choi Joinery and Building,,Builder,,,4,3,,ID Checked,,,2019,https://www.myjobquote.co.uk/t/jamie-choi-joinery-and-building,myjobquote
Custom Edge Projects,,Builder,,,4.5,4,,ID Checked,,,2020,https://www.myjobquote.co.uk/t/custom-edge-projects,myjobquote
Prestige properties,,Builder,,,4.2,10,,ID Checked,,,2019,https://www.myjobquote.co.uk/t/prestige-properties,myjobquote
P.meechan Brickwork & stonework,,Builder,,,4.2,1,,,,,2021,https://www.myjobquote.co.uk/t/pmeechan-brickwork-stonework,myjobquote
E.P.M Emerie Property Maintenance,,Builder,,,5,3,,,,,2020,https://www.myjobquote.co.uk/t/epm-emerie-property-maintenance,myjobquote
GK.Builders Limited,,Builder,,,5,2,,ID Checked,,,2004,https://www.myjobquote.co.uk/t/gkbuilders-limited,myjobquote
WPG All Jobs,,Builder,,,4.7,3,,ID Checked,,,2020,https://www.myjobquote.co.uk/t/wpg-all-jobs,myjobquote
Kamil Leszczynski,,Builder,,,4.8,6,,ID Checked,,,2017,https://www.myjobquote.co.uk/t/kamil-leszczynski,myjobquote
RolandKeszeg,,Builder,,,4.8,2,,ID Checked,,,2020,https://www.myjobquote.co.uk/t/rolandkeszeg,myjobquote
I was delivery Rider,,Builder,,,4.68,0,,ID Checked,,,Nov 2020,https://www.myjobquote.co.uk/t/i-was-delivery-rider,myjobquote
I was delivery Rider,,Builder,,,4.68,0,,,,,Feb 2026,https://www.myjobquote.co.uk/t/tl-projects,myjobquote
TL Projects,,Builder,,,4.68,0,,ID Checked,,,2016,https://www.myjobquote.co.uk/t/karol-repairs-renovations,myjobquote
mykola,,Builder,,,4.68,0,,ID Checked,,,Sep 2025,https://www.myjobquote.co.uk/t/mykola-20,myjobquote
mykola,,Builder,,,4.68,0,,ID Checked,,,Feb 2026,https://www.myjobquote.co.uk/t/robert-frew,myjobquote
Robert Frew,,Builder,,,4.68,0,,ID Checked,,,Jan 2024,https://www.myjobquote.co.uk/t/al-joinery,myjobquote
Jd contracts,,Builder,,,4.68,0,,ID Checked,,,2001,https://www.myjobquote.co.uk/t/jd-contracts,myjobquote
DS JOINERS,,Builder,,,4.68,0,,ID Checked,,,2022,https://www.myjobquote.co.uk/t/ds-joiners,myjobquote
Aurel sr,,Builder,,,4.68,0,,,,,Nov 2024,https://www.myjobquote.co.uk/t/aurel-sr,myjobquote
MacDonald worx,,Builder,,,5,2,,ID Checked,,,2010,https://www.myjobquote.co.uk/t/macdonald-worx,myjobquote
A W JOINERS LIMITED,,Builder,,,4.68,0,,ID Checked,,,2018,https://www.myjobquote.co.uk/t/a-w-joiners-limited,myjobquote
Zechariah,,Builder,,,4.68,0,,ID Checked,,,Jan 2018,https://www.myjobquote.co.uk/t/zechariah,myjobquote
Varsity Joiners Ltd,,Builder,,,4.68,0,,ID Checked,,,2018,https://www.myjobquote.co.uk/t/varsity-joiners-ltd,myjobquote
JM maintainence,,Builder,,,4.68,0,,ID Checked,,,2009,https://www.myjobquote.co.uk/t/jm-maintainence,myjobquote
JM maintainence,,Builder,,,4.68,0,,ID Checked,,,2023,https://www.myjobquote.co.uk/t/pro-glaze-group-scotland-limited,myjobquote
Charlie Stewart,,Builder,,,4.68,0,,ID Checked,,,Feb 2025,https://www.myjobquote.co.uk/t/charlie-stewart-1,myjobquote
Alastair buchanan,,Builder,,,4.68,0,,,,,Jun 2023,https://www.myjobquote.co.uk/t/alastair-buchanan,myjobquote
KD property group,,Builder,,,4.68,0,,,,,Apr 2023,https://www.myjobquote.co.uk/t/kd-property-group,myjobquote
M&M Building Solutions,,Builder,,,5,9,,,,,2013,https://www.myjobquote.co.uk/t/mm-building-solutions,myjobquote
SM Construction,,Builder,,,5,1,,ID Checked,,,2009,https://www.myjobquote.co.uk/t/sm-construction-1,myjobquote
CL Joinery,,Builder,,,4.68,0,,ID Checked,,,May 2020,https://www.myjobquote.co.uk/t/cl-joinery-2,myjobquote
Livingstone builders,,Builder,,,4.68,0,,ID Checked,,,2001,https://www.myjobquote.co.uk/t/livingstone-builders,myjobquote
Steven Wilson Joinery,,Builder,,,4.68,0,,Public Liability Insurance,,,Sep 2023,https://www.myjobquote.co.uk/t/steven-wilson-joinery,myjobquote
R.M Joinery Building Services LTD,,Builder,,,4.68,0,,ID Checked,,,Jun 2025,https://www.myjobquote.co.uk/t/rm-joinery-building-services-ltd,myjobquote
Craig,,Builder,,,4.68,0,,ID Checked,,,Aug 2024,https://www.myjobquote.co.uk/t/craig-100,myjobquote
Craig,,Builder,,,4.68,0,,ID Checked,,,Feb 2026,https://www.myjobquote.co.uk/t/harpreet-singh-9,myjobquote
Harpreet singh,,Builder,,,4.68,0,,ID Checked,,,2020,https://www.myjobquote.co.uk/t/laister-construction,myjobquote
Wardlaw construction,,Builder,,,4.68,0,,ID Checked,,,Jun 2025,https://www.myjobquote.co.uk/t/wardlaw-construction,myjobquote
Wardlaw construction,,Builder,,,4.68,0,,ID Checked,,,Sep 2024,https://www.myjobquote.co.uk/t/central-property-care-1,myjobquote
Adamsol synergy ltd,,Builder,,,4.68,0,,,,,Feb 2026,https://www.myjobquote.co.uk/t/adamsol-synergy-ltd,myjobquote
Adamsol synergy ltd,,Builder,,,4.68,0,,ID Checked,,,2022,https://www.myjobquote.co.uk/t/rcj-build,myjobquote
Kelpie construction Ltd,,Builder,,,4.68,0,,ID Checked,,,Sep 2023,https://www.myjobquote.co.uk/t/kelpie-construction-ltd,myjobquote
"Robert Painting , Decorating and Joinery",,Builder,,,4.68,0,,ID Checked,,,2023,https://www.myjobquote.co.uk/t/robert-painting-decorating-and-joinery,myjobquote
SES Renovations Ltd,,Builder,,,4.68,0,,ID Checked,,,2020,https://www.myjobquote.co.uk/t/ses-renovations-ltd,myjobquote
Freedon joinery and building contractor,,Builder,,,4.68,0,,ID Checked,,,Sep 2022,https://www.myjobquote.co.uk/t/freedon-joinery-and-building-contractor,myjobquote
Pat Building Service LTD,,Builder,,,4.68,0,,ID Checked,,,2019,https://www.myjobquote.co.uk/t/pat-building-service-ltd,myjobquote
DarioMarian LTD,,Builder,,,4.68,0,,ID Checked,,,Jan 2023,https://www.myjobquote.co.uk/t/dariomarian-ltd,myjobquote
Aleksejs,,Builder,,,4.68,0,,,,,,https://www.myjobquote.co.uk/t/aleksejs,myjobquote
KManston Carpentry,,Builder,,,4.68,0,,,,,2001,https://www.myjobquote.co.uk/t/kmanston-carpentry,myjobquote
Clyde construction and joinery Ltd,,Builder,,,4.68,0,,,,,2011,https://www.myjobquote.co.uk/t/clyde-construction-and-joinery-ltd,myjobquote
CPR Restorations,,Builder,,,4.68,0,,ID Checked,,,Nov 2024,https://www.myjobquote.co.uk/t/cpr-restorations,myjobquote
CPR Restorations,,Builder,,,4.68,0,,ID Checked,,,2014,https://www.myjobquote.co.uk/t/singhconstructionglasgow-at-gmailcom,myjobquote
nonononono,,Builder,,,4.68,0,,ID Checked,,,Jun 2023,https://www.myjobquote.co.uk/t/nonononono,myjobquote
nonononono,,Builder,,,4.68,0,,ID Checked,,,Jun 2024,https://www.myjobquote.co.uk/t/assured-building-contractors-scotland-ltd,myjobquote
Scott Cramb Construction Ltd,,Builder,,,4.68,0,,ID Checked,,,Dec 2023,https://www.myjobquote.co.uk/t/scott-cramb-construction-ltd,myjobquote
Scott Cramb Construction Ltd,,Builder,,,4.68,0,,ID Checked,,,Jul 2023,https://www.myjobquote.co.uk/t/project3-homes-ltd,myjobquote
Rikki paving,,Builder,,,4.68,0,,ID Checked,,,Feb 2026,https://www.myjobquote.co.uk/t/rikki-paving,myjobquote
R&m roofing and roughcasting contractors,,Builder,,,4.68,0,,ID Checked,,,Mar 2025,https://www.myjobquote.co.uk/t/rm-roofing-and-roughcasting-contractors,myjobquote
R&m roofing and roughcasting contractors,,Builder,,,4.68,0,,,,,Apr 2024,https://www.myjobquote.co.uk/t/alexander-mcgill,myjobquote
buildbuzz creation,,Builder,,,4.68,0,,ID Checked,,,2017,https://www.myjobquote.co.uk/t/buildbuzz-creation,myjobquote
JS Projects Scotland Ltd,,Builder,,,4.68,0,,ID Checked,,,2008,https://www.myjobquote.co.uk/t/js-projects-scotland-ltd,myjobquote
L&L building contractors,,Builder,,,4.68,0,,ID Checked,,,2008,https://www.myjobquote.co.uk/t/ll-building-contractors,myjobquote
Henryk Zakrzewski,,Builder,,,5,3,,ID Checked,,,2016,https://www.myjobquote.co.uk/t/henryk-zakrzewski,myjobquote
nmh plastering services,,Builder,,,5,1,,ID Checked,,,2010,https://www.myjobquote.co.uk/t/nmh-plastering-services,myjobquote
Rohan,,Builder,,,4.68,0,,ID Checked,,,Mar 2017,https://www.myjobquote.co.uk/t/rohan-6,myjobquote
Rohan,,Builder,,,4.68,0,,Public Liability Insurance,,,Nov 2024,https://www.myjobquote.co.uk/t/jm-joiners-1,myjobquote
CLB&M Builders,,Builder,,,4.68,0,,Public Liability Insurance,,,Mar 2023,https://www.myjobquote.co.uk/t/clbm-builders,myjobquote
K&D Joiners,,Builder,,,4.68,0,,,,,Jun 2023,https://www.myjobquote.co.uk/t/kd-joiners,myjobquote
Heryy,,Builder,,,4.68,0,,,,,Feb 2024,https://www.myjobquote.co.uk/t/heryy,myjobquote
Heryy,,Builder,,,4.68,0,,,,,Mar 2023,https://www.myjobquote.co.uk/t/signet-group-scotland-limited,myjobquote
Krisztian Elekes,,Builder,,,4.68,0,,,,,Feb 2026,https://www.myjobquote.co.uk/t/krisztian-elekes,myjobquote
WOZ Contracts,,Builder,,,4.68,0,,ID Checked,,,Oct 2025,https://www.myjobquote.co.uk/t/woz-contracts,myjobquote
WOZ Contracts,,Builder,,,4.68,0,,ID Checked,,,Feb 2024,https://www.myjobquote.co.uk/t/caiden-2,myjobquote
Caiden,,Builder,,,4.68,0,,,,,Oct 2023,https://www.myjobquote.co.uk/t/joseph-98,myjobquote
joseph,,Builder,,,4.68,0,,,,,Nov 2024,https://www.myjobquote.co.uk/t/timber-sheild,myjobquote
Clark and watters,,Builder,,,4.68,0,,,,,Jan 2026,https://www.myjobquote.co.uk/t/clark-and-watters,myjobquote
Craig,,Builder,,,4.68,0,,,,,Sep 2025,https://www.myjobquote.co.uk/t/craig-17,myjobquote
The Caledonia Group,,Builder,,,4.68,0,,,,,Aug 2024,https://www.myjobquote.co.uk/t/the-caledonia-group,myjobquote
The Caledonia Group,,Builder,,,4.68,0,,,,,Aug 2024,https://www.myjobquote.co.uk/t/deep1234,myjobquote
Deep1234,,Builder,,,4.68,0,,,,,Oct 2023,https://www.myjobquote.co.uk/t/pawel-56,myjobquote
Pawel,,Builder,,,4.68,0,,,,,Mar 2025,https://www.myjobquote.co.uk/t/liam-baillie,myjobquote
Manny,,Builder,,,4.68,0,,,,,May 2023,https://www.myjobquote.co.uk/t/scott-saunders-1,myjobquote
Jimmy,,Builder,,,4.68,0,,ID Checked,,,Jul 2025,https://www.myjobquote.co.uk/t/premier-garage-conversions,myjobquote
As Brothers Construction,,Builder,,,4.68,0,,ID Checked,,,2012,https://www.myjobquote.co.uk/t/gd-building-services-1,myjobquote
KGjoinery,,Builder,,,5,1,,ID Checked,,,Dec 2025,https://www.myjobquote.co.uk/t/kgjoinery,myjobquote
Renovation roofing and building,,Builder,,,5,1,,ID Checked,,,Dec 2023,https://www.myjobquote.co.uk/t/renovation-roofing-and-building,myjobquote
Bright Worx Scotland,,Builder,,,5,7,,ID Checked,,,2017,https://www.myjobquote.co.uk/t/bright-worx-scotland,myjobquote
BR Home Solutions,,Builder,,,4.68,0,,ID Checked,,,Jan 2019,https://www.myjobquote.co.uk/t/br-home-solutions,myjobquote
Saltire property maintenance,,Builder,,,4.68,0,,,,,Feb 2025,https://www.myjobquote.co.uk/t/saltire-property-maintenance,myjobquote
DLD contractors,,Builder,,,5,11,,ID Checked,,,2021,https://www.myjobquote.co.uk/t/dld-contractors,myjobquote
MacDonald contracts,,Builder,,,3.7,3,,,,,2008,https://www.myjobquote.co.uk/t/macdonald-contracts,myjobquote
Elite plumbing and joinery ltd,,Builder,,,5,3,,ID Checked,,,2010,https://www.myjobquote.co.uk/t/elite-plumbing-and-joinery-ltd,myjobquote
Bradley,,Builder,,,5,4,,ID Checked,,,2012,https://www.myjobquote.co.uk/t/bradley-102,myjobquote
T.POTTER & SONS BUILDERS LTD.,,Builder,,,5,3,,ID Checked,,,1974,https://www.myjobquote.co.uk/t/tpotter-sons-builders-ltd,myjobquote
M R CONTRACTORS,,Builder,,,4.68,0,,ID Checked,,,Apr 2021,https://www.myjobquote.co.uk/t/m-r-contractors,myjobquote
Eleganza Kitchens and Bathrooms Limited,,Builder,,,4.68,0,,ID Checked,,,Sep 2023,https://www.myjobquote.co.uk/t/eleganza-kitchens-and-bathrooms-limited,myjobquote
CUBE REtreat,,Builder,,,4.68,0,,ID Checked,,,May 2025,https://www.myjobquote.co.uk/t/cube-retreat,myjobquote
Holdfast construction ltd,,Builder,,,4.68,0,,ID Checked,,,2023,https://www.myjobquote.co.uk/t/holdfast-construction-ltd,myjobquote
CPR Restorations,,Builder,,,4.68,0,,ID Checked,,,2024,https://www.myjobquote.co.uk/t/aj-build-manage-ltd,myjobquote
SL Group,,Builder,,,4.68,0,,ID Checked,,,Jan 2024,https://www.myjobquote.co.uk/t/sl-group,myjobquote
DontStop,,Builder,,,4.68,0,,,,,Feb 2024,https://www.myjobquote.co.uk/t/dontstop,myjobquote
Karen,,Builder,,,4.68,0,,ID Checked,,,Nov 2024,https://www.myjobquote.co.uk/t/karen-11,myjobquote
Egan contracts ltd,,Builder,,,4.68,0,,ID Checked,,,Feb 2025,https://www.myjobquote.co.uk/t/egan-contracts-ltd,myjobquote
Blasting tail,,Builder,,,4.68,0,,,,,May 2025,https://www.myjobquote.co.uk/t/s2s-contractors,myjobquote
Thistle Home Renovations,,Builder,,,4.68,0,,ID Checked,,,2019,https://www.myjobquote.co.uk/t/thistle-home-renovations,myjobquote
Elder ltd,,Builder,,,4.68,0,,ID Checked,,,Jan 2019,https://www.myjobquote.co.uk/t/elder-ltd,myjobquote
Apex damp proofing,,Builder,,,5,2,,ID Checked; Public Liability Insurance,,,2008,https://www.myjobquote.co.uk/t/apex-damp-proofing,myjobquote
REX Construction,,Builder,,,5,4,,ID Checked,,,2015,https://www.myjobquote.co.uk/t/rex-construction,myjobquote
WBuild,,Builder,,,5,4,,ID Checked,,,2015,https://www.myjobquote.co.uk/t/wbuild,myjobquote
JN Building Services & Property Development Limited,,Builder,,,5,1,,ID Checked; Public Liability Insurance,,,2025,https://www.myjobquote.co.uk/t/jn-building-services-property-development-limited,myjobquote
M j ceretti builders,,Builder,,,5,1,,ID Checked,,,2004,https://www.myjobquote.co.uk/t/m-j-ceretti-builders,myjobquote
LARH Construction,,Builder,,,5,4,,ID Checked,,,1999,https://www.myjobquote.co.uk/t/larh-construction,myjobquote
Rayan Haris Builders,,Builder,,,5,2,,ID Checked,,,2018,https://www.myjobquote.co.uk/t/rayan-haris-builders,myjobquote
Tanvir,,Builder,,,4.68,0,,ID Checked,,,Jan 2021,https://www.myjobquote.co.uk/t/tanvir-2,myjobquote
Tanvir,,Builder,,,4.68,0,,ID Checked,,,Dec 2022,https://www.myjobquote.co.uk/t/ariea,myjobquote
Ariea,,Builder,,,4.68,0,,ID Checked,,,2020,https://www.myjobquote.co.uk/t/imperial-buildinglandscaping,myjobquote
Humble growth,,Builder,,,4.68,0,,ID Checked,,,2008,https://www.myjobquote.co.uk/t/humble-growth,myjobquote
Capital Construction SW LTD,,Builder,,,4.68,0,,ID Checked,,,Mar 2019,https://www.myjobquote.co.uk/t/capital-construction-sw-ltd,myjobquote
Tradeprice developments,,Builder,,,4.68,0,,ID Checked,,,Feb 2017,https://www.myjobquote.co.uk/t/tradeprice-developments,myjobquote
Tradeprice developments,,Builder,,,4.68,0,,ID Checked,,,Sep 2024,https://www.myjobquote.co.uk/t/fixxed-2,myjobquote
Fixxed,,Builder,,,4.68,0,,ID Checked,,,2023,https://www.myjobquote.co.uk/t/jonathan-connor,myjobquote
Casa Construction,,Builder,,,4.68,0,,ID Checked,,,2023,https://www.myjobquote.co.uk/t/casa-construction-2,myjobquote
KP contractors,,Builder,,,5,1,,ID Checked,,,May 2023,https://www.myjobquote.co.uk/t/kp-contractors,myjobquote
Gorilla Build,,Builder,,,4.68,0,07418317645,ID Checked,,,2010,https://www.myjobquote.co.uk/t/gorilla-build,myjobquote
Star Home Improvements Ltd,,Builder,,,4.68,0,,ID Checked,,,2020,https://www.myjobquote.co.uk/t/star-home-improvements-ltd,myjobquote
Szot Construction Ltd,,Builder,,,4.68,0,,ID Checked,,,2019,https://www.myjobquote.co.uk/t/szot-construction-ltd,myjobquote
Szot Construction Ltd,,Builder,,,4.68,0,,ID Checked,,,Jan 2025,https://www.myjobquote.co.uk/t/billa-2,myjobquote
billa,,Builder,,,4.68,0,,ID Checked,,,2021,https://www.myjobquote.co.uk/t/ellsworth-maintenance,myjobquote
IP Industrial Services Ltd,,Builder,,,4.68,0,,ID Checked,,,Jan 2022,https://www.myjobquote.co.uk/t/ip-industrial-services-ltd,myjobquote
IP Industrial Services Ltd,,Builder,,,4.68,0,,,,,Oct 2024,https://www.myjobquote.co.uk/t/sd-handyman-ltd,myjobquote
Martin Builder,,Builder,,,4.68,0,,ID Checked,,,2024,https://www.myjobquote.co.uk/t/martin-builder,myjobquote
R d landscaping,,Builder,,,4.68,0,,ID Checked,,,Dec 2023,https://www.myjobquote.co.uk/t/r-d-landscaping,myjobquote
R d landscaping,,Builder,,,4.68,0,,ID Checked,,,2014,https://www.myjobquote.co.uk/t/operate-excavate-ltd-1,myjobquote
Adam Edmonds,,Builder,,,4.68,0,,ID Checked,,,Feb 2023,https://www.myjobquote.co.uk/t/adam-edmonds,myjobquote
Wright Renovations,,Builder,,,4.68,0,,ID Checked,,,2012,https://www.myjobquote.co.uk/t/wright-renovations-2,myjobquote
Rennco ltd,,Builder,,,4.68,0,,ID Checked,,,Apr 2025,https://www.myjobquote.co.uk/t/rennco-ltd,myjobquote
Astons Home Improvements,,Builder,,,4.68,0,,ID Checked,,,2010,https://www.myjobquote.co.uk/t/astons-home-improvements-1,myjobquote
RDF BUILDING &construction,,Builder,,,4.68,0,,ID Checked,,,Apr 2024,https://www.myjobquote.co.uk/t/rdf-building-construction,myjobquote
Ellis Building & Sons,,Builder,,,4.68,0,,ID Checked,,,Feb 2026,https://www.myjobquote.co.uk/t/ellis-building-sons,myjobquote
Apex Home Solutions Ltd,,Builder,,,4.68,0,,ID Checked,,,2006,https://www.myjobquote.co.uk/t/apex-home-solutions-ltd,myjobquote
AH carpentry @ plastering,,Builder,,,4.68,0,,ID Checked,,,2023,https://www.myjobquote.co.uk/t/ah-carpentry-at-plastering,myjobquote
ESB Building & Maintenance,,Builder,,,4.68,0,,ID Checked,,,2015,https://www.myjobquote.co.uk/t/esb-building-maintenance,myjobquote
RAB Construction,,Builder,,,4.68,0,,ID Checked,,,Nov 2025,https://www.myjobquote.co.uk/t/rab-construction,myjobquote
JPR Carpentry and Building Services Ltd,,Builder,,,4.68,0,,ID Checked,,,2016,https://www.myjobquote.co.uk/t/jpr-carpentry-and-building-services-ltd,myjobquote
Llewellyn Developments Ltd,,Builder,,,4.68,0,,ID Checked,,,2020,https://www.myjobquote.co.uk/t/llewellyn-developments-ltd,myjobquote
MCS Construction & Developments,,Builder,,,4.68,0,,ID Checked,,,2012,https://www.myjobquote.co.uk/t/mcs-construction-developments,myjobquote
TCB Construction Cardiff,,Builder,,,4.68,0,,ID Checked,,,Feb 2021,https://www.myjobquote.co.uk/t/tcb-construction-cardiff,myjobquote
Andy Davies,,Builder,,,4.68,0,,ID Checked; Public Liability Insurance,,,1985,https://www.myjobquote.co.uk/t/andy-davies,myjobquote
A D W builders,,Builder,,,4.68,0,,ID Checked,,,Jan 2020,https://www.myjobquote.co.uk/t/a-d-w-builders,myjobquote
T&O construction ltd,,Builder,,,4.68,0,,ID Checked,,,2021,https://www.myjobquote.co.uk/t/to-construction-ltd,myjobquote
churchfield construction,,Builder,,,4.68,0,,ID Checked,,,Oct 2023,https://www.myjobquote.co.uk/t/churchfield-construction,myjobquote
G P Jones Builders (Wales),,Builder,,,4.68,0,,,,,2016,https://www.myjobquote.co.uk/t/g-p-jones-builders-wales,myjobquote
DotLen Construction,,Builder,,,4.68,0,,ID Checked,,,2024,https://www.myjobquote.co.uk/t/dotlen-construction,myjobquote
S J Clarke Building,,Builder,,,5,2,,ID Checked,,,Feb 2025,https://www.myjobquote.co.uk/t/s-j-clarke-building,myjobquote
RITESTONE CONSTUCTION Ltd,,Builder,,,5,4,,ID Checked,,,Oct 2024,https://www.myjobquote.co.uk/t/ritestone-constuction-ltd,myjobquote
Able Property Services,,Builder,,,5,1,,ID Checked,,,1990,https://www.myjobquote.co.uk/t/able-property-services,myjobquote
Mf and sons,,Builder,,,4.68,0,,ID Checked,,,May 2022,https://www.myjobquote.co.uk/t/mf-and-sons,myjobquote
JB plumbing,,Builder,,,4.68,0,,ID Checked; Public Liability Insurance,,,Oct 2022,https://www.myjobquote.co.uk/t/jb-plumbing-9,myjobquote
JB plumbing,,Builder,,,4.68,0,,,,,Nov 2023,https://www.myjobquote.co.uk/t/tomos-hewitt-construction,myjobquote
Tomos Hewitt Construction,,Builder,,,4.68,0,,,,,Sep 2024,https://www.myjobquote.co.uk/t/johnconibeer,myjobquote
JohnConibeer,,Builder,,,4.68,0,,,,,2007,https://www.myjobquote.co.uk/t/robert-217,myjobquote
Gethin baber,,Builder,,,4.68,0,,,,,Jun 2025,https://www.myjobquote.co.uk/t/gethin-baber,myjobquote
S and roofing  building and fencing,,Builder,,,4.68,0,,,,,Feb 2023,https://www.myjobquote.co.uk/t/s-and-roofing-building-and-fencing,myjobquote
SRG - Limited,,Builder,,,4.68,0,,,,,Jan 2025,https://www.myjobquote.co.uk/t/srg-limited,myjobquote
DSJ LTD,,Builder,,,4.68,0,,,,,Aug 2023,https://www.myjobquote.co.uk/t/dsj-ltd-1,myjobquote
DSJ LTD,,Builder,,,4.68,0,,,,,Aug 2023,https://www.myjobquote.co.uk/t/chris-edwards-1,myjobquote
Chris Edwards,,Builder,,,4.68,0,,,,,Feb 2026,https://www.myjobquote.co.uk/t/cityskim,myjobquote
Cityskim,,Builder,,,4.68,0,,,,,Sep 2023,https://www.myjobquote.co.uk/t/c-horlor-builder,myjobquote
C horlor  builder,,Builder,,,4.68,0,,ID Checked,,,Sep 2025,https://www.myjobquote.co.uk/t/build-buddies,myjobquote
EnBee Construction Ltd,,Builder,,,4.68,0,,ID Checked,,,2017,https://www.myjobquote.co.uk/t/enbee-construction-ltd,myjobquote
EnBee Construction Ltd,,Builder,,,4.68,0,,ID Checked,,,Apr 2023,https://www.myjobquote.co.uk/t/x1-group-w,myjobquote
Home vision,,Builder,,,4.68,0,,,,,Nov 2023,https://www.myjobquote.co.uk/t/home-vision-1,myjobquote
Forty builders ltd,,Builder,,,4.68,0,,ID Checked,,,2015,https://www.myjobquote.co.uk/t/forty-builders-ltd,myjobquote
Impressions builders Cardiff,,Builder,,,4.68,0,,ID Checked,,,Jan 2025,https://www.myjobquote.co.uk/t/impressions-builders-cardiff,myjobquote
RENNconstructuction,,Builder,,,5,1,,ID Checked,,,Apr 2017,https://www.myjobquote.co.uk/t/rennconstructuction,myjobquote
Webuild Cymru,,Builder,,,5,1,,ID Checked,,,1994,https://www.myjobquote.co.uk/t/webuild-cymru-1,myjobquote
Capewell’s home improvements & son’s,,Builder,,,5,4,,ID Checked,,,2022,https://www.myjobquote.co.uk/t/capewells-home-improvements-sons,myjobquote
Richwoodwindowdesigns,,Builder,,,5,6,07418369559,ID Checked,,,2004,https://www.myjobquote.co.uk/t/richwoodwindowdesigns,myjobquote
GN Electric & Renovation,,Builder,,,5,3,,ID Checked,,,2021,https://www.myjobquote.co.uk/t/gn-electric-renovation,myjobquote
"Spgbrickwork,building and landscaping",,Builder,,,5,1,,ID Checked,,,2018,https://www.myjobquote.co.uk/t/spgbrickworkbuilding-and-landscaping,myjobquote
TLC brickwork ltd,,Builder,,,5,1,,ID Checked,,,2024,https://www.myjobquote.co.uk/t/tlc-brickwork-ltd,myjobquote
D.R Jones,,Builder,,,5,1,,ID Checked,,,2020,https://www.myjobquote.co.uk/t/dr-jones,myjobquote
JP Ground and Developments,,Builder,,,5,1,,ID Checked,,,Aug 2025,https://www.myjobquote.co.uk/t/jp-ground-and-developments,myjobquote
Design & Renew Ltd,,Builder,,,5,1,,ID Checked,,,2024,https://www.myjobquote.co.uk/t/design-renew-ltd,myjobquote
Mastercraft Builders Ltd,,Builder,,,4,13,,ID Checked,,,Jan 2024,https://www.myjobquote.co.uk/t/mastercraft-builders-ltd,myjobquote
J/n plumbing &building,,Builder,,,5,7,,ID Checked,,,1985,https://www.myjobquote.co.uk/t/jn-plumbing-building,myjobquote
Newport Building And Home Improvements,,Builder,,,5,12,,ID Checked,,,2012,https://www.myjobquote.co.uk/t/newport-building-and-home-improvements,myjobquote
j h wright & son building & roofing contractor,,Builder,,,5,1,,ID Checked,,,Sep 2021,https://www.myjobquote.co.uk/t/j-h-wright-son-building-roofing-contractor,myjobquote
KMDM BUILDING SERVICES,,Builder,,,5,2,07451278987,ID Checked; Public Liability Insurance,,,2012,https://www.myjobquote.co.uk/t/kmdm-building-services,myjobquote
WOW Builder Last construction,,Builder,,,5,1,,ID Checked; Public Liability Insurance,,,Nov 2017,https://www.myjobquote.co.uk/t/wow-builder-last-construction,myjobquote
Cll Contracting,,Builder,,,4.8,35,,ID Checked,,,2002,https://www.myjobquote.co.uk/t/cll-contracting,myjobquote
Sudalb Construction,,Builder,,,5,1,,ID Checked,,,2019,https://www.myjobquote.co.uk/t/sudalb-construction,myjobquote
Orange stone construction,,Builder,,,5,1,,ID Checked,,,Sep 2024,https://www.myjobquote.co.uk/t/orange-stone-construction,myjobquote
Anderson Building & Maintenance,,Builder,,,4.7,10,,ID Checked,,,2024,https://www.myjobquote.co.uk/t/anderson-building-maintenance,myjobquote
Checkmate Building,,Builder,,,5,2,,ID Checked,,,Jan 2025,https://www.myjobquote.co.uk/t/checkmate-building,myjobquote
ROJ Property Maintenance,,Builder,,,5,4,,ID Checked,,,2015,https://www.myjobquote.co.uk/t/roj-property-maintenance,myjobquote
Skilled Craftsmen Ltd,,Builder,,,5,1,,ID Checked,,,2012,https://www.myjobquote.co.uk/t/skilled-craftsmen-ltd,myjobquote
S.welsh property services,,Builder,,,5,1,,ID Checked,,,2023,https://www.myjobquote.co.uk/t/swelsh-property-services,myjobquote
AJ joinery,,Builder,,,5,2,,ID Checked,,,2020,https://www.myjobquote.co.uk/t/aj-joinery-6,myjobquote
Forsi LTD,,Builder,,,4.68,0,,ID Checked,,,Jan 2024,https://www.myjobquote.co.uk/t/forsi-ltd,myjobquote
Beestons Property Services,,Builder,,,5,4,,ID Checked; Public Liability Insurance,,,1996,https://www.myjobquote.co.uk/t/beestons-property-services,myjobquote
Lj developments,,Builder,,,5,1,,ID Checked,,,2015,https://www.myjobquote.co.uk/t/lj-developments,myjobquote
Wrexham Building & Joinery Ltd,,Builder,,,4.68,0,,ID Checked,,,Nov 2025,https://www.myjobquote.co.uk/t/wrexham-building-joinery-ltd-1,myjobquote
CIAN builders,,Builder,,,4.68,0,,,,,Aug 2022,https://www.myjobquote.co.uk/t/cian-builders,myjobquote
CIAN builders,,Builder,,,4.68,0,,,,,May 2022,https://www.myjobquote.co.uk/t/honeycomb-construction,myjobquote
Philly construction,,Builder,,,4.68,0,,ID Checked; Public Liability Insurance,,,2007,https://www.myjobquote.co.uk/t/philly-construction,myjobquote
A&dprobuild,,Builder,,,4.68,0,,Public Liability Insurance,,,Dec 2025,https://www.myjobquote.co.uk/t/adprobuild,myjobquote
elite contractors limited,,Builder,,,4.68,0,,ID Checked,,,2020,https://www.myjobquote.co.uk/t/elite-contractors-limited,myjobquote
Bill and son paving specialists,,Builder,,,4.68,0,,ID Checked,,,Dec 2025,https://www.myjobquote.co.uk/t/bill-and-son-paving-specialists,myjobquote
N.M brickwork,,Builder,,,4.68,0,,ID Checked,,,Sep 2023,https://www.myjobquote.co.uk/t/nm-brickwork,myjobquote
N.M brickwork,,Builder,,,4.68,0,,ID Checked,,,Nov 2024,https://www.myjobquote.co.uk/t/gavin-wiggins-paving-building,myjobquote
Bulkowski74,,Builder,,,4.68,0,,,,,Jan 2022,https://www.myjobquote.co.uk/t/bulkowski74,myjobquote
Bulkowski74,,Builder,,,4.68,0,,,,,2023,https://www.myjobquote.co.uk/t/p-r-builders,myjobquote
P r builders,,Builder,,,4.68,0,,,,,Feb 2023,https://www.myjobquote.co.uk/t/raven-developments,myjobquote
Raven Developments,,Builder,,,5,2,,ID Checked,,,2025,https://www.myjobquote.co.uk/t/paul-builder-groundwork,myjobquote
TSS Building Services,,Builder,,,5,1,,ID Checked,,,1990,https://www.myjobquote.co.uk/t/tss-building-services,myjobquote
Jayden&#039;s Property Services,,Builder,,,5,3,,ID Checked,,,2025,https://www.myjobquote.co.uk/t/jaydens-property-services,myjobquote
A grainger.building &landscaping,,Builder,,,5,1,,ID Checked,,,1997,https://www.myjobquote.co.uk/t/a-graingerbuilding-landscaping,myjobquote
jd & sons,,Builder,,,4.68,0,,,,,1994,https://www.myjobquote.co.uk/t/jd-sons-1,myjobquote
Omari Carpentry,,Builder,,,4.68,0,,ID Checked,,,May 2024,https://www.myjobquote.co.uk/t/omari-carpentry,myjobquote
Db plastering.com,,Builder,,,4.68,0,,ID Checked,,,Feb 2025,https://www.myjobquote.co.uk/t/db-plasteringcom,myjobquote
Db plastering.com,,Builder,,,4.68,0,,ID Checked,,,2016,https://www.myjobquote.co.uk/t/hsm-builders-ltd,myjobquote
J.W.Pearce. Building & Plastering,,Builder,,,4.68,0,,ID Checked,,,2010,https://www.myjobquote.co.uk/t/jwpearce-building-plastering,myjobquote
C B construction,,Builder,,,4.68,0,,ID Checked,,,Jul 2017,https://www.myjobquote.co.uk/t/c-b-construction-1,myjobquote
C B construction,,Builder,,,4.68,0,,ID Checked,,,Feb 2024,https://www.myjobquote.co.uk/t/dn-joinery-2,myjobquote
A&D Probuild,,Builder,,,4.68,0,,ID Checked,,,2021,https://www.myjobquote.co.uk/t/ad-probuild,myjobquote
Willow,,Builder,,,4.68,0,,ID Checked,,,Jul 2024,https://www.myjobquote.co.uk/t/willow-1,myjobquote
TWEC DEvelopments Ltd,,Builder,,,4.68,0,,ID Checked,,,2010,https://www.myjobquote.co.uk/t/twec-developments-ltd,myjobquote
TWEC DEvelopments Ltd,,Builder,,,4.68,0,,ID Checked,,,2020,https://www.myjobquote.co.uk/t/dave-edwards,myjobquote
Evri Construction ltd,,Builder,,,4.68,0,,ID Checked,,,2012,https://www.myjobquote.co.uk/t/evri-construction-ltd,myjobquote
Mike griffiths builders,,Builder,,,4.68,0,,ID Checked,,,Nov 2025,https://www.myjobquote.co.uk/t/mike-griffiths-builders,myjobquote
JJJ BRICKWORK LIMITED,,Builder,,,4.68,0,,,,,Jun 2023,https://www.myjobquote.co.uk/t/jjj-brickwork-limited,myjobquote
JJJ BRICKWORK LIMITED,,Builder,,,4.68,0,,ID Checked,,,Mar 2024,https://www.myjobquote.co.uk/t/dljbrickwork,myjobquote
Dljbrickwork,,Builder,,,4.68,0,,ID Checked,,,Mar 2024,https://www.myjobquote.co.uk/t/k-f-brickworks-nw-ltd,myjobquote
Sarlm Mcone,,Builder,,,4.68,0,,ID Checked,,,Apr 2022,https://www.myjobquote.co.uk/t/sarlm-mcone,myjobquote
Cascade building solutions ltd,,Builder,,,5,1,07418362483,ID Checked; Public Liability Insurance,,,2024,https://www.myjobquote.co.uk/t/cascade-building-solutions-ltd-1,myjobquote
Barry Giff,,Builder,,,5,1,,ID Checked; Public Liability Insurance,,,Feb 2026,https://www.myjobquote.co.uk/t/barry-giff,myjobquote
Brickwork Direct,,Builder,,,5,1,,ID Checked,,,1989,https://www.myjobquote.co.uk/t/brickwork-direct,myjobquote
Sealey Roofing&Building,,Builder,,,5,1,,ID Checked,,,2017,https://www.myjobquote.co.uk/t/sealey-roofingbuilding,myjobquote
David murtagh,,Builder,,,5,5,,ID Checked,,,2000,https://www.myjobquote.co.uk/t/david-murtagh,myjobquote
Masterplan Developments,,Builder,,,5,1,,ID Checked,,,2012,https://www.myjobquote.co.uk/t/masterplan-developments,myjobquote
AE QUALITYBUILD LTD,,Builder,,,5,2,,ID Checked; Public Liability Insurance,,,Jan 2026,https://www.myjobquote.co.uk/t/ae-qualitybuild-ltd,myjobquote
Birchy builders,,Builder,,,5,1,,ID Checked,,,2005,https://www.myjobquote.co.uk/t/birchy-builders,myjobquote
AW Plastering Solutions,,Builder,,,5,74,,ID Checked,,,2013,https://www.myjobquote.co.uk/t/aw-plastering-solutions,myjobquote
Build and Brick,,Builder,,,5,13,,ID Checked,,,2015,https://www.myjobquote.co.uk/t/build-and-brick,myjobquote
Honestus Roofing ltd,,Builder,,,5,5,07418374643,ID Checked,,,1994,https://www.myjobquote.co.uk/t/honestus-roofing-ltd,myjobquote
Aspire,,Builder,,,5,25,,ID Checked,,,2020,https://www.myjobquote.co.uk/t/aspire-1,myjobquote
Victoria builders,,Builder,,,5,1,,ID Checked,,,Mar 2024,https://www.myjobquote.co.uk/t/victoria-builders-1,myjobquote
FPS Renovations Ltd,,Builder,,,5,1,,ID Checked,,,2019,https://www.myjobquote.co.uk/t/fps-renovations-ltd,myjobquote
Property Fix,,Builder,,,5,26,,ID Checked; Public Liability Insurance,,,2018,https://www.myjobquote.co.uk/t/property-fix,myjobquote
Jacks Building and Garden services,,Builder,,,5,2,,ID Checked,,,2023,https://www.myjobquote.co.uk/t/jacks-building-and-garden-services,myjobquote
BG BUILDER,,Builder,,,5,1,,ID Checked,,,2025,https://www.myjobquote.co.uk/t/bg-builder,myjobquote
SimplexMD,,Builder,,,5,2,,ID Checked,,,2018,https://www.myjobquote.co.uk/t/simplexmd,myjobquote
AKL Electrical Services,,Builder,,,5,7,,ID Checked; Public Liability Insurance,,,2016,https://www.myjobquote.co.uk/t/akl-electrical-services,myjobquote
Property bro’s pointing and property maintenance,,Builder,,,5,1,,ID Checked,,,Aug 2023,https://www.myjobquote.co.uk/t/property-bros-pointing-and-property-maintenance,myjobquote
Buildstreet Ltd,,Builder,,,5,3,,ID Checked,,,2005,https://www.myjobquote.co.uk/t/buildstreet-ltd,myjobquote
Evolution Bricklaying & General Building Services,,Builder,,,5,2,,ID Checked,,,2024,https://www.myjobquote.co.uk/t/evolution-bricklaying-general-building-services,myjobquote
Jordan churchill,,Builder,,,5,2,,ID Checked,,,2017,https://www.myjobquote.co.uk/t/jordan-churchill,myjobquote
Noori Builders Ltd,,Builder,,,4.8,10,,ID Checked; Public Liability Insurance,,,2007,https://www.myjobquote.co.uk/t/noori-builders-ltd,myjobquote
R M Temple Handyman Services,,Builder,,,5,8,,ID Checked,,,1984,https://www.myjobquote.co.uk/t/r-m-temple-handyman-services,myjobquote
S. J. Brickwork/handyman jobs,,Builder,,,4,40,07441447179,ID Checked,,,2005,https://www.myjobquote.co.uk/t/s-j-brickworkhandyman-jobs,myjobquote
Hallows Construction,,Builder,,,5,1,,ID Checked,,,2008,https://www.myjobquote.co.uk/t/hallows-construction,myjobquote
The flooring company,,Builder,,,5,2,,ID Checked,,,Dec 2024,https://www.myjobquote.co.uk/t/the-flooring-company-1,myjobquote
Cheshire Plastering and Building Services,,Builder,,,4.6,44,,ID Checked,,,Jun 2024,https://www.myjobquote.co.uk/t/cheshire-plastering-and-building-services,myjobquote
BuildscapeUk,,Builder,,,4.6,1,,ID Checked,,,2000,https://www.myjobquote.co.uk/t/buildscapeuk,myjobquote
K Hill Brickwork and General Building Contractor,,Builder,,,5,5,,ID Checked,,,1983,https://www.myjobquote.co.uk/t/k-hill-brickwork-and-general-building-contractor-1,myjobquote
SD Building Services,,Builder,,,5,2,,ID Checked,,,2024,https://www.myjobquote.co.uk/t/sd-building-services-3,myjobquote
LJ groundwork’s & landscaping,,Builder,,,4.5,2,,ID Checked,,,2020,https://www.myjobquote.co.uk/t/lj-groundworks-landscaping,myjobquote
Marks Garden Improvements,,Builder,,,4.9,14,,ID Checked,,,Feb 2023,https://www.myjobquote.co.uk/t/marks-garden-improvements,myjobquote
Reyno,,Builder,,,5,2,,ID Checked,,,Aug 2023,https://www.myjobquote.co.uk/t/reyno,myjobquote
ThornBuild,,Builder,,,5,14,,ID Checked,,,2001,https://www.myjobquote.co.uk/t/thornbuild,myjobquote
Bespoke Build (NW) Ltd,,Builder,,,5,1,,ID Checked,,,2023,https://www.myjobquote.co.uk/t/bespoke-build-nw-ltd,myjobquote
Dnl homemaintenance,,Builder,,,5,1,,ID Checked,,,2010,https://www.myjobquote.co.uk/t/dnl-homemaintenance,myjobquote
Graham Daltrey,,Builder,,,5,4,,ID Checked,,,1989,https://www.myjobquote.co.uk/t/graham-daltrey,myjobquote
Kkh groundworks and civils,,Builder,,,4.68,0,,ID Checked,,,2020,https://www.myjobquote.co.uk/t/kkh-groundworks-and-civils,myjobquote
SWJ Brickwork,,Builder,,,4.68,0,,,,,Nov 2025,https://www.myjobquote.co.uk/t/swj-brickwork,myjobquote
SWJ Brickwork,,Builder,,,4.68,0,,ID Checked,,,2025,https://www.myjobquote.co.uk/t/resilientroofing,myjobquote
AB brickwork,,Builder,,,4.68,0,,ID Checked,,,Oct 2025,https://www.myjobquote.co.uk/t/ab-brickwork-1,myjobquote
T&K Groundworks & Garden Transformations,,Builder,,,4.68,0,,ID Checked,,,2021,https://www.myjobquote.co.uk/t/tk-groundworks-garden-transformations,myjobquote
Acorn landscaping contractors ltd,,Builder,,,4.68,0,,ID Checked; Public Liability Insurance,,,2000,https://www.myjobquote.co.uk/t/acorn-landscaping-contractors-ltd,myjobquote
C b plastering,,Builder,,,4.68,0,,ID Checked,,,2007,https://www.myjobquote.co.uk/t/c-b-plastering-1,myjobquote
Hughes environmental,,Builder,,,4.68,0,,ID Checked,,,Nov 2023,https://www.myjobquote.co.uk/t/hughes-environmental,myjobquote
A W Builders Oswestry,,Builder,,,4.68,0,,,,,Aug 2024,https://www.myjobquote.co.uk/t/a-w-builders-oswestry,myjobquote
Jr joinery & construction,,Builder,,,4.68,0,,ID Checked,,,Mar 2023,https://www.myjobquote.co.uk/t/jr-joinery-construction,myjobquote
Amber Oswstry limited,,Builder,,,4.68,0,,ID Checked,,,1985,https://www.myjobquote.co.uk/t/amber-oswstry-limited,myjobquote
Williams,,Builder,,,4.68,0,,ID Checked,,,Jun 2023,https://www.myjobquote.co.uk/t/williams-13,myjobquote
Williams,,Builder,,,4.68,0,,ID Checked,,,2006,https://www.myjobquote.co.uk/t/a-to-z-property-maintenance-and-roofer-in-pairs,myjobquote
Quirks Property Maintenance Ltd,,Builder,,,4.68,0,,Public Liability Insurance,,,2010,https://www.myjobquote.co.uk/t/quirks-property-maintenance-ltd-1,myjobquote
Nezajrenovation,,Builder,,,4.68,0,,Public Liability Insurance,,,Sep 2025,https://www.myjobquote.co.uk/t/nezajrenovation,myjobquote
Nezajrenovation,,Builder,,,4.68,0,,ID Checked,,,2018,https://www.myjobquote.co.uk/t/willow-design-build-ltd,myjobquote
Gurber group ltd,,Builder,,,4.68,0,,ID Checked,,,Jan 2020,https://www.myjobquote.co.uk/t/gurber-group-ltd,myjobquote
highgrove construction,,Builder,,,4.68,0,,ID Checked,,,Dec 2023,https://www.myjobquote.co.uk/t/highgrove-construction,myjobquote
Cowley Construction Ltd,,Builder,,,4.68,0,,ID Checked,,,2023,https://www.myjobquote.co.uk/t/cowley-construction-ltd,myjobquote
DC Building and Maintenance,,Builder,,,4.68,0,,ID Checked,,,Nov 2023,https://www.myjobquote.co.uk/t/dc-building-and-maintenance,myjobquote
DC Building and Maintenance,,Builder,,,4.68,0,,ID Checked,,,2010,https://www.myjobquote.co.uk/t/lonsdale-building-services,myjobquote
Dobrush.Ltd.Constraction,,Builder,,,4.68,0,,ID Checked,,,Aug 2021,https://www.myjobquote.co.uk/t/dobrushltdconstraction,myjobquote
Dobrush.Ltd.Constraction,,Builder,,,4.68,0,,,,,Nov 2024,https://www.myjobquote.co.uk/t/nicu-ltd,myjobquote
K v services,,Builder,,,4.68,0,,,,,Jan 2024,https://www.myjobquote.co.uk/t/k-v-services,myjobquote
Issa Services,,Builder,,,4.9,33,,ID Checked,,,2016,https://www.myjobquote.co.uk/t/issa-services,myjobquote
L.G building,,Builder,,,5,2,,ID Checked; Public Liability Insurance,,,2026,https://www.myjobquote.co.uk/t/lg-building-1,myjobquote
Dfinal Touch Engineering Ltd,,Builder,,,5,1,,ID Checked,,,2013,https://www.myjobquote.co.uk/t/dfinal-touch-engineering-ltd,myjobquote
Building construction and innovation ltd,,Builder,,,5,1,07418368597,ID Checked,,,2018,https://www.myjobquote.co.uk/t/building-construction-and-innovation-ltd,myjobquote
EK Building Construction,,Builder,,,5,8,,ID Checked,,,2015,https://www.myjobquote.co.uk/t/ek-building-construction,myjobquote
Brentwood bathrooms ltd,,Builder,,,5,2,,ID Checked,,,2024,https://www.myjobquote.co.uk/t/brentwood-bathrooms-ltd,myjobquote
Komfort builders,,Builder,,,4,1,,ID Checked; Public Liability Insurance,,,2018,https://www.myjobquote.co.uk/t/komfort-builders,myjobquote
Oresti paving &  construction LTD,,Builder,,,5,5,,ID Checked,,,2002,https://www.myjobquote.co.uk/t/oresti-paving-construction-ltd,myjobquote
NLD.London,,Builder,,,5,3,,ID Checked; Public Liability Insurance,,,2015,https://www.myjobquote.co.uk/t/nldlondon,myjobquote
Allan & Sons Renovations Limited,,Builder,,,5,2,,ID Checked,,,2008,https://www.myjobquote.co.uk/t/allan-sons-renovations-limited,myjobquote
DFLCONSTRUCTIONSERVICES,,Builder,,,5,1,,ID Checked,,,1990,https://www.myjobquote.co.uk/t/dflconstructionservices,myjobquote
Tuti Builders,,Builder,,,5,6,07418340400,ID Checked,,,2018,https://www.myjobquote.co.uk/t/tuti-builders,myjobquote
Bob Building,,Builder,,,5,4,,ID Checked,,,2019,https://www.myjobquote.co.uk/t/bob-building-1,myjobquote
EWM Design & Build Ltd,,Builder,,,5,1,,ID Checked,,,Oct 2025,https://www.myjobquote.co.uk/t/ewm-design-build-ltd,myjobquote
Todor Tosev,,Builder,,,5,1,,ID Checked,,,2011,https://www.myjobquote.co.uk/t/todor-tosev,myjobquote
JK Building Services,,Builder,,,5,4,,ID Checked; Public Liability Insurance,,,2000,https://www.myjobquote.co.uk/t/jk-building-services-2,myjobquote
Silver Prism Construction Ltd,,Builder,,,5,4,,ID Checked,,,2023,https://www.myjobquote.co.uk/t/silver-prism-construction-ltd,myjobquote
AJD prooperty investment LTD,,Builder,,,5,3,,ID Checked,,,Jul 2017,https://www.myjobquote.co.uk/t/ajd-prooperty-investment-ltd,myjobquote
Idlcontractors,,Builder,,,5,2,,ID Checked,,,2017,https://www.myjobquote.co.uk/t/idlcontractors,myjobquote
Phoenix property solutions,,Builder,,,5,1,,ID Checked,,,Jan 2025,https://www.myjobquote.co.uk/t/phoenix-property-solutions,myjobquote
Richmond Bespoke Builders,,Builder,,,5,1,,,,,2020,https://www.myjobquote.co.uk/t/richmond-bespoke-builders,myjobquote
ASVIV LTD,,Builder,,,5,1,,ID Checked,,,2021,https://www.myjobquote.co.uk/t/asviv-ltd,myjobquote
Mena contractor ltd,,Builder,,,5,2,,ID Checked,,,2023,https://www.myjobquote.co.uk/t/mena-contractor-ltd,myjobquote
David general construction LTD,,Builder,,,5,1,,ID Checked,,,2016,https://www.myjobquote.co.uk/t/david-general-construction-ltd,myjobquote
AdrianSobolak,,Builder,,,5,1,,ID Checked,,,Sep 2020,https://www.myjobquote.co.uk/t/adriansobolak,myjobquote
Eduard,,Builder,,,5,1,07418318147,ID Checked,,,Mar 2025,https://www.myjobquote.co.uk/t/eduard-10,myjobquote
TSMD Properties Ltd,,Builder,,,5,1,,ID Checked,,,2021,https://www.myjobquote.co.uk/t/tsmd-properties-ltd,myjobquote
Temple Fortune Construction,,Builder,,,5,7,,ID Checked,,,Sep 2025,https://www.myjobquote.co.uk/t/temple-fortune-construction,myjobquote
Jack chapman,,Builder,,,4,2,,ID Checked,,,2024,https://www.myjobquote.co.uk/t/jack-chapman-1,myjobquote
Fix It Right,,Builder,,,5,1,,ID Checked,,,2022,https://www.myjobquote.co.uk/t/fix-it-right-3,myjobquote
Vasilica Adamuta LTD,,Builder,,,5,1,,ID Checked,,,2018,https://www.myjobquote.co.uk/t/vasilica-adamuta-ltd-1,myjobquote
Alberto,,Builder,,,5,1,,ID Checked,,,Sep 2025,https://www.myjobquote.co.uk/t/alberto-9,myjobquote
NILS ON CALL,,Builder,,,5,14,,ID Checked,,,2025,https://www.myjobquote.co.uk/t/nils-on-call,myjobquote
Noble builders,,Builder,,,5,4,,ID Checked,,,2014,https://www.myjobquote.co.uk/t/noble-builders,myjobquote
Supermarioconstraction1984,,Builder,,,5,9,,ID Checked; Public Liability Insurance,,,2007,https://www.myjobquote.co.uk/t/supermarioconstraction1984,myjobquote
Task plan development ltd,,Builder,,,5,2,,ID Checked,,,2014,https://www.myjobquote.co.uk/t/task-plan-development-ltd,myjobquote
Azad Randhawa,,Builder,,,5,5,,ID Checked,,,2019,https://www.myjobquote.co.uk/t/azad-randhawa,myjobquote
Ward Builders,,Builder,,,5,19,,ID Checked,,,1991,https://www.myjobquote.co.uk/t/ward-builders,myjobquote
Limelight Build LTD,,Builder,,,5,11,,ID Checked,,,2023,https://www.myjobquote.co.uk/t/limelight-build-ltd,myjobquote
Waldman Construction,,Builder,,,4.8,5,,ID Checked,,,2021,https://www.myjobquote.co.uk/t/waldman-construction,myjobquote
ISAV LTD,,Builder,,,5,5,,ID Checked,,,2024,https://www.myjobquote.co.uk/t/isav-ltd,myjobquote
As you like it building services Ltd,,Builder,,,5,3,,ID Checked; Public Liability Insurance,,,2014,https://www.myjobquote.co.uk/t/as-you-like-it-building-services-ltd,myjobquote
Insight Property Maintenance,,Builder,,,5,15,,ID Checked,,,2006,https://www.myjobquote.co.uk/t/insight-property-maintenance,myjobquote
MSG Design Ltd,,Builder,,,5,26,07418374742,ID Checked,,,2018,https://www.myjobquote.co.uk/t/msg-design-ltd,myjobquote
Buckingham & Sons Ltd,,Builder,,,4.8,5,,ID Checked,,,2008,https://www.myjobquote.co.uk/t/buckingham-sons-ltd,myjobquote
DDN HOLDINGS,,Builder,,,4.8,2,,ID Checked; Public Liability Insurance,,,2015,https://www.myjobquote.co.uk/t/ddn-holdings,myjobquote
Bespoke Construction,,Builder,,,5,2,,ID Checked,,,2024,https://www.myjobquote.co.uk/t/bespoke-construction-6,myjobquote
Xpert Builders,,Builder,,,5,8,,ID Checked,,,Jun 2024,https://www.myjobquote.co.uk/t/xpert-builders,myjobquote
Priority roofing&building design,,Builder,,,5,2,,ID Checked,,,2025,https://www.myjobquote.co.uk/t/priority-roofingbuilding-design,myjobquote
Clarks property services,,Builder,,,5,3,,ID Checked,,,Jun 2025,https://www.myjobquote.co.uk/t/clarks-property-services,myjobquote
Builders Fix Ltd,,Builder,,,5,1,,ID Checked,,,2018,https://www.myjobquote.co.uk/t/builders-fix-ltd,myjobquote
ESSEX BUILDING & LANDSCAPIG,,Builder,,,2,1,,ID Checked,,,2010,https://www.myjobquote.co.uk/t/essex-building-landscapig,myjobquote
CJK DELUXE CLEANERS,,Builder,,,1,1,,ID Checked,,,2020,https://www.myjobquote.co.uk/t/cjk-deluxe-cleaners,myjobquote
Winfresh Construction Limited,,Builder,,,1,1,,ID Checked,,,2024,https://www.myjobquote.co.uk/t/winfresh-construction-limited,myjobquote
TH Decorators & maintenance,,Builder,,,3,1,,ID Checked,,,1988,https://www.myjobquote.co.uk/t/th-decorators-maintenance,myjobquote
KLS SERVICES LTD,,Builder,,,3,1,,ID Checked,,,2006,https://www.myjobquote.co.uk/t/kls-services-ltd,myjobquote
JAM Contractors Ltd,,Builder,,,3,1,,ID Checked,,,2018,https://www.myjobquote.co.uk/t/jam-contractors-ltd-2,myjobquote
Llllllll,,Builder,,,1,1,,ID Checked,,,2021,https://www.myjobquote.co.uk/t/llllllll,myjobquote
Cedar and co construction ltd,,Builder,,,1,1,,ID Checked,,,2022,https://www.myjobquote.co.uk/t/cedar-and-co-construction-ltd,myjobquote
Ionut Moraru,,Builder,,,1,1,,ID Checked,,,2018,https://www.myjobquote.co.uk/t/ionut-moraru,myjobquote
The Home Extension Experts Ltd,,Builder,,,4.68,0,,ID Checked,,,2020,https://www.myjobquote.co.uk/t/the-home-extension-experts-ltd,myjobquote
Builder Brothers Design,,Builder,,,4.68,0,,ID Checked,,,2020,https://www.myjobquote.co.uk/t/builder-brothers-design,myjobquote
Ivan Ivanov,,Builder,,,4.68,0,,ID Checked,,,2014,https://www.myjobquote.co.uk/t/ivan-ivanov-4,myjobquote
Embury LTD,,Builder,,,4.68,0,,ID Checked,,,2013,https://www.myjobquote.co.uk/t/embury-ltd,myjobquote
Banafa Construction Ltd,,Builder,,,4.68,0,,ID Checked,,,2019,https://www.myjobquote.co.uk/t/banafa-construction-ltd,myjobquote
ehabaljondy,,Builder,,,4.68,0,,ID Checked,,,2007,https://www.myjobquote.co.uk/t/ehabaljondy,myjobquote
kel & co,,Builder,,,4.68,0,,,,,Nov 2023,https://www.myjobquote.co.uk/t/kel-co,myjobquote
Ali builder ltd,,Builder,,,4.68,0,,,,,May 2024,https://www.myjobquote.co.uk/t/ali-builder-ltd,myjobquote
Jhon-Builder,,Builder,,,4.68,0,,ID Checked,,,2013,https://www.myjobquote.co.uk/t/jhon-builder,myjobquote
Matteo construction ltd,,Builder,,,4.68,0,,ID Checked,,,Aug 2025,https://www.myjobquote.co.uk/t/matteo-construction-ltd,myjobquote
Matteo construction ltd,,Builder,,,4.68,0,,ID Checked,,,2024,https://www.myjobquote.co.uk/t/thaqi-build-ltd,myjobquote
Pro Unic Home Extension & Renovation,,Builder,,,4.68,0,,ID Checked,,,2007,https://www.myjobquote.co.uk/t/pro-unic-home-extension-renovation,myjobquote
Echo Builders,,Builder,,,4.68,0,,ID Checked,,,2020,https://www.myjobquote.co.uk/t/echo-builders,myjobquote
F&S Property Limited,,Builder,,,4.68,0,,ID Checked,,,May 2023,https://www.myjobquote.co.uk/t/fs-property-limited,myjobquote
Mass construction,,Builder,,,4.68,0,,ID Checked,,,Apr 2023,https://www.myjobquote.co.uk/t/mass-construction,myjobquote
MolRenovations,,Builder,,,4.68,0,,ID Checked,,,Dec 2023,https://www.myjobquote.co.uk/t/molrenovations,myjobquote
George cobzaru,,Builder,,,4.68,0,,ID Checked,,,2010,https://www.myjobquote.co.uk/t/george-cobzaru,myjobquote
K.e.r. bespoke glass and building contractor,,Builder,,,4.68,0,,ID Checked,,,1999,https://www.myjobquote.co.uk/t/ker-bespoke-glass-and-building-contractor,myjobquote
NEKTOP LTD,,Builder,,,4.68,0,,ID Checked,,,2022,https://www.myjobquote.co.uk/t/nektop-ltd,myjobquote
Steel fixer,,Builder,,,4.68,0,,ID Checked,,,2012,https://www.myjobquote.co.uk/t/steel-fixer-4,myjobquote
TJR Builders,,Builder,,,4.68,0,,ID Checked,,,Mar 2025,https://www.myjobquote.co.uk/t/tjr-builders,myjobquote
n s builder,,Builder,,,4.68,0,,ID Checked,,,Jan 2024,https://www.myjobquote.co.uk/t/n-s-builder-1,myjobquote
n s builder,,Builder,,,4.68,0,,ID Checked,,,Jan 2026,https://www.myjobquote.co.uk/t/dnts-building-gc,myjobquote
mane & co uk ltd,,Builder,,,4.68,0,,ID Checked,,,2016,https://www.myjobquote.co.uk/t/mane-co-uk-ltd,myjobquote
AEL Solution,,Builder,,,4.68,0,,ID Checked,,,May 2025,https://www.myjobquote.co.uk/t/ael-solution,myjobquote
Ruslan,,Builder,,,4.68,0,,ID Checked,,,Jan 2022,https://www.myjobquote.co.uk/t/ruslan-15,myjobquote
Ruslan,,Builder,,,4.68,0,,ID Checked,,,2019,https://www.myjobquote.co.uk/t/eagle-hills-global,myjobquote
Thane Construction Ltd,,Builder,,,4.68,0,,ID Checked,,,2014,https://www.myjobquote.co.uk/t/thane-construction-ltd,myjobquote
Belvedere,,Builder,,,4.68,0,,ID Checked,,,Sep 2024,https://www.myjobquote.co.uk/t/belvedere,myjobquote
Ihor7,,Builder,,,4.68,0,,ID Checked,,,Jun 2024,https://www.myjobquote.co.uk/t/ihor7,myjobquote
Ihor7,,Builder,,,4.68,0,,ID Checked,,,2020,https://www.myjobquote.co.uk/t/albpa,myjobquote
Sam Construction Services,,Builder,,,4.68,0,,ID Checked,,,Feb 2019,https://www.myjobquote.co.uk/t/sam-construction-services,myjobquote
RCB Group,,Builder,,,4.68,0,,,,,Mar 2025,https://www.myjobquote.co.uk/t/rcb-group,myjobquote
Edgars Saukants,,Builder,,,4.68,0,,,,,Jun 2022,https://www.myjobquote.co.uk/t/edgars-saukants,myjobquote
Edgars Saukants,,Builder,,,4.68,0,,,,,Jan 2024,https://www.myjobquote.co.uk/t/ink-construction,myjobquote
Jeran The Builder,,Builder,,,4.68,0,,ID Checked,,,Feb 2024,https://www.myjobquote.co.uk/t/jeran-the-builder,myjobquote
Master Builders Developments ltd,,Builder,,,4.68,0,,ID Checked,,,2018,https://www.myjobquote.co.uk/t/master-builders-developments-ltd,myjobquote
DMP London Services,,Builder,,,4.68,0,,ID Checked,,,Feb 2026,https://www.myjobquote.co.uk/t/dmp-london-services,myjobquote
DMP London Services,,Builder,,,4.68,0,,ID Checked,,,2023,https://www.myjobquote.co.uk/t/glenltd,myjobquote
Girard Joseph,,Builder,,,5,2,,ID Checked,,,Jul 2025,https://www.myjobquote.co.uk/t/girard-joseph,myjobquote
B&R BUILDING SERVICE Ltd,,Builder,,,5,1,,ID Checked,,,2005,https://www.myjobquote.co.uk/t/br-building-service-ltd,myjobquote
Pristine Property Group,,Builder,,,5,1,,ID Checked,,,2010,https://www.myjobquote.co.uk/t/pristine-property-group,myjobquote
Brite Constructions Limited,,Builder,,,4.68,0,,ID Checked,,,Jun 2022,https://www.myjobquote.co.uk/t/brite-constructions-limited,myjobquote
Kondi,,Builder,,,4.68,0,,ID Checked,,,Aug 2017,https://www.myjobquote.co.uk/t/kondi,myjobquote
Kondi,,Builder,,,4.68,0,,ID Checked,,,2016,https://www.myjobquote.co.uk/t/prono-ltd,myjobquote
PRONO LTD,,Builder,,,4.68,0,,ID Checked,,,2022,https://www.myjobquote.co.uk/t/rky-developments-ltd,myjobquote
SSK builders London,,Builder,,,4.68,0,,ID Checked,,,2010,https://www.myjobquote.co.uk/t/ssk-builders-london,myjobquote
Golden Hands Carpentry,,Builder,,,4.68,0,,Public Liability Insurance,,,Jul 2023,https://www.myjobquote.co.uk/t/golden-hands-carpentry,myjobquote
Burtai Refurbishment LTD,,Builder,,,4.68,0,,ID Checked,,,2012,https://www.myjobquote.co.uk/t/burtai-refurbishment-ltd,myjobquote
AJP COTRACTORS,,Builder,,,4.68,0,,ID Checked,,,2002,https://www.myjobquote.co.uk/t/ajp-cotractors,myjobquote
T1construction,,Builder,,,4.68,0,,ID Checked,,,2020,https://www.myjobquote.co.uk/t/t1construction,myjobquote
"Brickworth Landscaping, Masonry & Construction",,Builder,,,4.9,12,,ID Checked,,,2002,https://www.myjobquote.co.uk/t/brickworth-landscaping-masonry-construction,myjobquote
Surrey London Builds LTD,,Builder,,,5,1,,ID Checked,,,2025,https://www.myjobquote.co.uk/t/surrey-london-builds-ltd-1,myjobquote
G&i  tree specialist,,Builder,,,5,14,07441449091,ID Checked,,,Aug 2025,https://www.myjobquote.co.uk/t/gi-tree-specialist,myjobquote
b85ltd,,Builder,,,4.68,0,,ID Checked,,,Jan 2024,https://www.myjobquote.co.uk/t/b85ltd,myjobquote
b85ltd,,Builder,,,4.68,0,,ID Checked,,,Jan 2024,https://www.myjobquote.co.uk/t/bilder-1,myjobquote
Bilder,,Builder,,,4.68,0,,,,,Feb 2022,https://www.myjobquote.co.uk/t/narcyz,myjobquote
Jakhar General Builders,,Builder,,,4.68,0,,,,,Oct 2025,https://www.myjobquote.co.uk/t/jakhar-general-builders,myjobquote
ECUABRAL,,Builder,,,4.68,0,,ID Checked,,,Sep 2022,https://www.myjobquote.co.uk/t/ecuabral-1,myjobquote
"Alam,s",,Builder,,,4.68,0,,ID Checked,,,Apr 2023,https://www.myjobquote.co.uk/t/alams,myjobquote
"Alam,s",,Builder,,,4.68,0,,ID Checked,,,Aug 2022,https://www.myjobquote.co.uk/t/equip-builders-ltd,myjobquote
Alex&#039;s carpenter,,Builder,,,4.68,0,,,,,Jul 2024,https://www.myjobquote.co.uk/t/alexs-carpenter,myjobquote
Alex&#039;s carpenter,,Builder,,,4.68,0,,ID Checked,,,2012,https://www.myjobquote.co.uk/t/angel-building-services-ltd,myjobquote
Pro Jm Builders,,Builder,,,4.68,0,,ID Checked,,,2016,https://www.myjobquote.co.uk/t/pro-jm-builders,myjobquote
AMPLO MM LTD,,Builder,,,4.68,0,,Public Liability Insurance,,,2015,https://www.myjobquote.co.uk/t/amplo-mm-ltd,myjobquote
Good Labourer,,Builder,,,4.68,0,,,,,May 2020,https://www.myjobquote.co.uk/t/good-labourer,myjobquote
hundal services,,Builder,,,4.68,0,,ID Checked,,,Apr 2023,https://www.myjobquote.co.uk/t/hundal-services,myjobquote
INS Projects Ltd.,,Builder,,,4.68,0,,ID Checked; Public Liability Insurance,,,2006,https://www.myjobquote.co.uk/t/ins-projects-ltd,myjobquote
Mr structual ltd,,Builder,,,4.68,0,,ID Checked,,,Nov 2022,https://www.myjobquote.co.uk/t/mr-structual-ltd,myjobquote
Y J Builders,,Builder,,,4.68,0,,ID Checked,,,Jul 2025,https://www.myjobquote.co.uk/t/y-j-builders,myjobquote
Y J Builders,,Builder,,,4.68,0,,,,,2018,https://www.myjobquote.co.uk/t/bon-dar-building-solutions,myjobquote
Joni building services,,Builder,,,4.68,0,,,,,May 2023,https://www.myjobquote.co.uk/t/joni-building-services,myjobquote
Joni building services,,Builder,,,4.68,0,,ID Checked,,,Apr 2022,https://www.myjobquote.co.uk/t/4cs-building-solution,myjobquote
Marku Guaranteed Builder Uk Ltd,,Builder,,,4.68,0,,ID Checked,,,Mar 2024,https://www.myjobquote.co.uk/t/marku-guaranteed-builder-uk-ltd,myjobquote
Mastercraft building,,Builder,,,4.68,0,,ID Checked,,,2020,https://www.myjobquote.co.uk/t/mastercraft-building,myjobquote
Jamkan Building Services LTD,,Builder,,,4.68,0,,ID Checked,,,Jul 2025,https://www.myjobquote.co.uk/t/jamkan-building-services-ltd,myjobquote
Jamkan Building Services LTD,,Builder,,,4.68,0,,ID Checked,,,Jan 2024,https://www.myjobquote.co.uk/t/apskm-group-ltd,myjobquote
Soares Builders TD,,Builder,,,4.68,0,,ID Checked,,,Apr 2024,https://www.myjobquote.co.uk/t/soares-builders-td,myjobquote
Soares Builders TD,,Builder,,,4.68,0,,,,,Jun 2024,https://www.myjobquote.co.uk/t/mjr-builders-ltd,myjobquote
MJR Builders Ltd,,Builder,,,4.68,0,,ID Checked,,,2010,https://www.myjobquote.co.uk/t/ioan-cioinea-tomoiaga,myjobquote
helix construction ltd,,Builder,,,4.68,0,,ID Checked,,,Sep 2019,https://www.myjobquote.co.uk/t/helix-construction-ltd,myjobquote
evergreenstructures ltd,,Builder,,,4.68,0,,,,,Jun 2023,https://www.myjobquote.co.uk/t/evergreenstructures-ltd,myjobquote
Hyusein,,Builder,,,4.68,0,,ID Checked,,,May 2025,https://www.myjobquote.co.uk/t/hyusein,myjobquote
Hyusein,,Builder,,,4.68,0,,ID Checked,,,Oct 2023,https://www.myjobquote.co.uk/t/theconsciousbuilder,myjobquote
Kriss,,Builder,,,4.68,0,,ID Checked,,,Sep 2023,https://www.myjobquote.co.uk/t/kriss-6,myjobquote
Kriss,,Builder,,,4.68,0,,ID Checked,,,Feb 2024,https://www.myjobquote.co.uk/t/mmbild,myjobquote
Jason,,Builder,,,4.68,0,,ID Checked,,,2014,https://www.myjobquote.co.uk/t/jason-18,myjobquote
SP Refurbishment and Construction Ltd,,Builder,,,4.68,0,,ID Checked,,,2012,https://www.myjobquote.co.uk/t/sp-refurbishment-and-construction-ltd,myjobquote
A to z Dream  construction,,Builder,,,4.68,0,,ID Checked,,,Jan 2019,https://www.myjobquote.co.uk/t/a-to-z-dream-construction,myjobquote
A to z Dream  construction,,Builder,,,4.68,0,,ID Checked; Public Liability Insurance,,,2014,https://www.myjobquote.co.uk/t/polish-builders-team,myjobquote
Ihor7,,Builder,,,4.68,0,,ID Checked,,,May 2025,https://www.myjobquote.co.uk/t/marius-89,myjobquote
Marius,,Builder,,,4.68,0,,ID Checked,,,2023,https://www.myjobquote.co.uk/t/bcui-builders-ltd,myjobquote
O A Falusi Ltd,,Builder,,,4.68,0,,ID Checked,,,2016,https://www.myjobquote.co.uk/t/o-a-falusi-ltd,myjobquote
E&M builders,,Builder,,,4.68,0,,ID Checked,,,2016,https://www.myjobquote.co.uk/t/em-builders,myjobquote
NRN Tokyo Construction,,Builder,,,4.68,0,,ID Checked,,,2021,https://www.myjobquote.co.uk/t/nrn-tokyo-construction,myjobquote
DDLK Construction Ltd,,Builder,,,4.68,0,,ID Checked,,,2022,https://www.myjobquote.co.uk/t/ddlk-construction-ltd,myjobquote
London Green Building Services,,Builder,,,4.68,0,,ID Checked,,,Mar 2022,https://www.myjobquote.co.uk/t/london-green-building-services,myjobquote
Sabre Property Services,,Builder,,,4.68,0,,ID Checked,,,Apr 2024,https://www.myjobquote.co.uk/t/sabre-property-services,myjobquote
Evolvingassets,,Builder,,,4.68,0,,,,,Jan 2025,https://www.myjobquote.co.uk/t/evolvingassets,myjobquote
Jb refurbishment,,Builder,,,4.68,0,,ID Checked,,,2012,https://www.myjobquote.co.uk/t/jb-refurbishment,myjobquote
Wisfix,,Builder,,,4.68,0,,ID Checked,,,Feb 2022,https://www.myjobquote.co.uk/t/wisfix,myjobquote
Kcor services,,Builder,,,4.68,0,,,,,1983,https://www.myjobquote.co.uk/t/kcor-services,myjobquote
Sunny Uk Builder,,Builder,,,4.68,0,,,,,2020,https://www.myjobquote.co.uk/t/sunny-uk-builder,myjobquote
Soima,,Builder,,,4.68,0,,,,,Jan 2026,https://www.myjobquote.co.uk/t/soima,myjobquote
Soima,,Builder,,,4.68,0,,ID Checked,,,2009,https://www.myjobquote.co.uk/t/phn-construction-developments,myjobquote
Jede Construction,,Builder,,,4.68,0,,ID Checked,,,2019,https://www.myjobquote.co.uk/t/jede-construction,myjobquote
Bibis-Fabs Ltd,,Builder,,,4.68,0,,ID Checked,,,2019,https://www.myjobquote.co.uk/t/bibis-fabs-ltd,myjobquote
MLA Maintenance,,Builder,,,4.68,0,,ID Checked,,,Nov 2019,https://www.myjobquote.co.uk/t/mla-maintenance,myjobquote
MLA Maintenance,,Builder,,,4.68,0,,ID Checked,,,Oct 2024,https://www.myjobquote.co.uk/t/s-r-mayfair-projects,myjobquote
CaroLine Builders Ltd,,Builder,,,4.68,0,,,,,2023,https://www.myjobquote.co.uk/t/caroline-builders-ltd,myjobquote
ABL BUILDING CONSTRUCTION,,Builder,,,4.68,0,,,,,Nov 2023,https://www.myjobquote.co.uk/t/abl-building-construction,myjobquote
ABL BUILDING CONSTRUCTION,,Builder,,,4.68,0,,,,,2016,https://www.myjobquote.co.uk/t/kevluck-builders,myjobquote
Valer LTD,,Builder,,,4.68,0,,ID Checked,,,2022,https://www.myjobquote.co.uk/t/valer-ltd,myjobquote
Smiley Building & Construction LTD,,Builder,,,4.68,0,,,,,2017,https://www.myjobquote.co.uk/t/smiley-building-construction-ltd,myjobquote
ACTIVEMAN CONSTRUCTION LIMITED,,Builder,,,4.68,0,,,,,Mar 2024,https://www.myjobquote.co.uk/t/activeman-construction-limited,myjobquote
Makaan,,Builder,,,4.68,0,,ID Checked,,,2007,https://www.myjobquote.co.uk/t/makaan-1,myjobquote
Tj roofing and building,,Builder,,,5,2,,ID Checked; Public Liability Insurance,,,1997,https://www.myjobquote.co.uk/t/tj-roofing-and-building-1,myjobquote
V & Son’s construction services LTD,,Builder,,,5,1,,ID Checked,,,2020,https://www.myjobquote.co.uk/t/v-sons-construction-services-ltd,myjobquote
Joshua Oshioke,,Builder,,,4.68,0,,ID Checked,,,May 2020,https://www.myjobquote.co.uk/t/joshua-oshioke,myjobquote
Joshua Oshioke,,Builder,,,4.68,0,,ID Checked,,,2021,https://www.myjobquote.co.uk/t/ma-builders-uk,myjobquote
LNDN Build & Clear,,Builder,,,4.68,0,,ID Checked,,,2023,https://www.myjobquote.co.uk/t/lndn-build-clear,myjobquote
ARG Maintenance Ltd,,Builder,,,4.68,0,,ID Checked; Public Liability Insurance,,,2024,https://www.myjobquote.co.uk/t/arg-maintenance-ltd,myjobquote
Sam’s Builders LTD,,Builder,,,4.68,0,,Public Liability Insurance,,,Feb 2026,https://www.myjobquote.co.uk/t/sams-builders-ltd,myjobquote
Manusrl,,Builder,,,4.68,0,,,,,Feb 2024,https://www.myjobquote.co.uk/t/manusrl,myjobquote
Manusrl,,Builder,,,4.68,0,,,,,Mar 2026,https://www.myjobquote.co.uk/t/sp-property-management,myjobquote
Sp property management,,Builder,,,4.68,0,,,,,2021,https://www.myjobquote.co.uk/t/xps-construction-and-skills-learning-ltd,myjobquote
Vasile,,Builder,,,4.68,0,,,,,Mar 2024,https://www.myjobquote.co.uk/t/vasile-63,myjobquote
Vasile,,Builder,,,4.68,0,,,,,Jan 2024,https://www.myjobquote.co.uk/t/new-style-construction-uk-ltd,myjobquote
new style construction uk ltd,,Builder,,,4.68,0,,ID Checked,,,May 2025,https://www.myjobquote.co.uk/t/foreman,myjobquote
foreman,,Builder,,,4.68,0,,ID Checked,,,Mar 2024,https://www.myjobquote.co.uk/t/saimir-3,myjobquote
Saimir,,Builder,,,4.68,0,,ID Checked,,,2020,https://www.myjobquote.co.uk/t/mauro,myjobquote
MGD Services (London),,Builder,,,4.68,0,,ID Checked,,,2009,https://www.myjobquote.co.uk/t/mgd-services-london,myjobquote
Jk dhillon ltd,,Builder,,,4.68,0,,,,,Mar 2022,https://www.myjobquote.co.uk/t/jk-dhillon-ltd,myjobquote
VNJ Construction,,Builder,,,5,1,,,,,2015,https://www.myjobquote.co.uk/t/vnj-construction,myjobquote
Asap Handy Service,,Builder,,,4.68,0,,ID Checked,,,2021,https://www.myjobquote.co.uk/t/asap-handy-service,myjobquote
ETBM.,,Builder,,,5,1,,ID Checked,,,2005,https://www.myjobquote.co.uk/t/etbm,myjobquote
Alin1,,Builder,,,5,2,,ID Checked,,,2015,https://www.myjobquote.co.uk/t/alin1-1,myjobquote
Andrea construction ltd,,Builder,,,5,1,,ID Checked,,,2020,https://www.myjobquote.co.uk/t/andrea-construction-ltd,myjobquote
Bro Paving & Groundworks,,Builder,,,5,1,,ID Checked,,,2023,https://www.myjobquote.co.uk/t/bro-paving-groundworks,myjobquote
Crafty Buck Building,,Builder,,,5,1,,ID Checked,,,Oct 2024,https://www.myjobquote.co.uk/t/crafty-buck-building,myjobquote
A.M Probuilds,,Builder,,,4.9,17,,ID Checked,,,2010,https://www.myjobquote.co.uk/t/am-probuilds,myjobquote
The Shortlands Handyman,,Builder,,,4.68,0,,ID Checked,,,Apr 2021,https://www.myjobquote.co.uk/t/the-shortlands-handyman,myjobquote
The Shortlands Handyman,,Builder,,,4.68,0,,,,,Jun 2023,https://www.myjobquote.co.uk/t/optimus-recruits,myjobquote
Easy quote limited,,Builder,,,4.68,0,,ID Checked,,,1990,https://www.myjobquote.co.uk/t/easy-quote-limited,myjobquote
Nicholas James,,Builder,,,4.68,0,,ID Checked,,,2009,https://www.myjobquote.co.uk/t/nicholas-james,myjobquote
LEED Construction Ltd,,Builder,,,4.68,0,,ID Checked,,,2024,https://www.myjobquote.co.uk/t/leed-construction-ltd,myjobquote
LEED Construction Ltd,,Builder,,,4.68,0,,ID Checked,,,Jul 2024,https://www.myjobquote.co.uk/t/bromley-builds,myjobquote
George Potanga,,Builder,,,4.68,0,,,,,Aug 2024,https://www.myjobquote.co.uk/t/george-potanga,myjobquote
Home Deco Property Management Limited,,Builder,,,4.68,0,,ID Checked,,,2012,https://www.myjobquote.co.uk/t/home-deco-property-management-limited,myjobquote
EDII Construction LTD,,Builder,,,4.68,0,,ID Checked,,,Jul 2020,https://www.myjobquote.co.uk/t/edii-construction-ltd,myjobquote
EDII Construction LTD,,Builder,,,4.68,0,,ID Checked,,,Jun 2025,https://www.myjobquote.co.uk/t/p5-developments,myjobquote
Timberline roofing & building,,Builder,,,5,2,,ID Checked,,,2018,https://www.myjobquote.co.uk/t/timberline-roofing-building,myjobquote
AFH building services,,Builder,,,4.68,0,,ID Checked,,,Jan 2024,https://www.myjobquote.co.uk/t/afh-building-services,myjobquote
pthompson,,Builder,,,4.68,0,,ID Checked,,,2010,https://www.myjobquote.co.uk/t/pthompson,myjobquote
EFT Constructions Ltd,,Builder,,,4.68,0,,ID Checked,,,2021,https://www.myjobquote.co.uk/t/eft-constructions-ltd,myjobquote
D. Design,,Builder,,,4.68,0,,ID Checked,,,Jun 2022,https://www.myjobquote.co.uk/t/d-design,myjobquote
Sundridge Homes & Gardens Ltd,,Builder,,,4.68,0,,,,,Sep 2024,https://www.myjobquote.co.uk/t/sundridge-homes-gardens-ltd,myjobquote
JD SMART BUILDING SERVICES,,Builder,,,4.68,0,,ID Checked,,,2025,https://www.myjobquote.co.uk/t/jd-smart-building-services,myjobquote
Rutland Building,,Builder,,,4.68,0,,ID Checked,,,Sep 2020,https://www.myjobquote.co.uk/t/rutland-building,myjobquote
Rutland Building,,Builder,,,4.68,0,,,,,Mar 2023,https://www.myjobquote.co.uk/t/ab-brickwork-6,myjobquote
EDS ltd,,Builder,,,4.68,0,,,,,Jun 2025,https://www.myjobquote.co.uk/t/eds-ltd-1,myjobquote
EDS ltd,,Builder,,,4.68,0,,,,,Aug 2025,https://www.myjobquote.co.uk/t/superior-estate-and-builders-ltd,myjobquote
Superior Estate and Builders Ltd,,Builder,,,4.68,0,,,,,Mar 2022,https://www.myjobquote.co.uk/t/easy-build-developments-ltd,myjobquote
Easy Build & Developments Ltd,,Builder,,,4.68,0,,,,,May 2023,https://www.myjobquote.co.uk/t/eraldo,myjobquote
Eraldo,,Builder,,,4.68,0,,,,,2010,https://www.myjobquote.co.uk/t/the-conversion-company,myjobquote
KD Building Services,,Builder,,,4.68,0,,,,,Aug 2019,https://www.myjobquote.co.uk/t/kd-building-services-2,myjobquote
C N  Builders,,Builder,,,4.68,0,,,,,Oct 2022,https://www.myjobquote.co.uk/t/c-n-builders-1,myjobquote
C N  Builders,,Builder,,,4.68,0,,,,,Feb 2025,https://www.myjobquote.co.uk/t/q-space-renovations,myjobquote
ValleyRefurbishmentsltd,,Builder,,,5,1,,ID Checked,,,2016,https://www.myjobquote.co.uk/t/valleyrefurbishmentsltd,myjobquote
Fox CONTRACTS,,Builder,,,5,6,07418317065,ID Checked,,,1982,https://www.myjobquote.co.uk/t/fox-contracts,myjobquote
The Handicraftsman,,Builder,,,5,6,07451260970,ID Checked,,,1997,https://www.myjobquote.co.uk/t/the-handicraftsman,myjobquote
Access Home Improvements,,Builder,,,5,4,,ID Checked,,,Jan 2026,https://www.myjobquote.co.uk/t/access-home-improvements,myjobquote
Prestige Building & Roofing,,Builder,,,5,4,,ID Checked,,,2024,https://www.myjobquote.co.uk/t/prestige-building-roofing-2,myjobquote
HappyBuilders,,Builder,,,5,1,,ID Checked,,,2020,https://www.myjobquote.co.uk/t/happybuilders,myjobquote
JKDunbar ltd,,Builder,,,4,1,,ID Checked; Public Liability Insurance,,,Mar 2025,https://www.myjobquote.co.uk/t/jkdunbar-ltd,myjobquote
Roof2Roof,,Builder,,,5,21,,ID Checked,,,2001,https://www.myjobquote.co.uk/t/roof2roof-2,myjobquote
Jrlandsons ltd,,Builder,,,4,3,,ID Checked,,,2024,https://www.myjobquote.co.uk/t/jrlandsons-ltd,myjobquote
K1 builders ltd,,Builder,,,5,2,,ID Checked,,,2010,https://www.myjobquote.co.uk/t/k1-builders-ltd,myjobquote
Mac London Building,,Builder,,,5,1,,ID Checked,,,2013,https://www.myjobquote.co.uk/t/mac-london-building,myjobquote
Able Renovations Kent,,Builder,,,5,5,,ID Checked,,,2020,https://www.myjobquote.co.uk/t/able-renovations-kent,myjobquote
J.c.s landscaping & building ltd,,Builder,,,5,1,,ID Checked,,,2018,https://www.myjobquote.co.uk/t/jcs-landscaping-building-ltd,myjobquote
Besard,,Builder,,,5,20,,ID Checked,,,2021,https://www.myjobquote.co.uk/t/besard,myjobquote
Interior and Exterior Renovations and Repairs,,Builder,,,5,1,,ID Checked,,,Jul 2024,https://www.myjobquote.co.uk/t/interior-and-exterior-renovations-and-repairs,myjobquote
FFrey Interiors LDN,,Builder,,,5,1,,ID Checked,,,2010,https://www.myjobquote.co.uk/t/ffrey-interiors-ldn,myjobquote
Inside Property Group,,Builder,,,5,3,,ID Checked; Public Liability Insurance,,,2005,https://www.myjobquote.co.uk/t/inside-property-group,myjobquote
Thompson Brickwork and landscaping,,Builder,,,5,1,,ID Checked,,,2018,https://www.myjobquote.co.uk/t/thompson-brickwork-and-landscaping-1,myjobquote
Kinvek Construction,,Builder,,,4.9,35,,ID Checked; Public Liability Insurance,,,2005,https://www.myjobquote.co.uk/t/kinvek-construction,myjobquote
Martin leslie,,Builder,,,4.9,25,,ID Checked,,,1989,https://www.myjobquote.co.uk/t/martin-leslie,myjobquote
Taimaz,,Builder,,,5,2,,ID Checked,,,2005,https://www.myjobquote.co.uk/t/taimaz,myjobquote
iT Building Interiors,,Builder,,,5,2,,ID Checked; Public Liability Insurance,,,,https://www.myjobquote.co.uk/t/it-building-interiors,myjobquote
Xplore Construction,,Builder,,,5,1,,ID Checked,,,2018,https://www.myjobquote.co.uk/t/xplore-construction,myjobquote
Munce&sons construction,,Builder,,,4.8,4,,ID Checked,,,2008,https://www.myjobquote.co.uk/t/muncesons-construction,myjobquote
Dream Conversion,,Builder,,,5,1,,ID Checked,,,1990,https://www.myjobquote.co.uk/t/dream-conversion,myjobquote
CLBS Construction LTD,,Builder,,,5,1,,ID Checked,,,2018,https://www.myjobquote.co.uk/t/clbs-construction-ltd,myjobquote
N.K. Carpentry & Construction Ltd,,Builder,,,5,1,,ID Checked,,,2010,https://www.myjobquote.co.uk/t/nk-carpentry-construction-ltd,myjobquote
Addmorehomeimprovements,,Builder,,,5,1,,ID Checked; Public Liability Insurance,,,2009,https://www.myjobquote.co.uk/t/addmorehomeimprovements,myjobquote
Bosston Ltd,,Builder,,,5,3,,ID Checked,,,Mar 2021,https://www.myjobquote.co.uk/t/bosston-ltd,myjobquote
Peakstone Services Ltd,,Builder,,,5,1,,ID Checked,,,Jul 2016,https://www.myjobquote.co.uk/t/peakstone-services-ltd,myjobquote
Arnoutt and James ltd,,Builder,,,4.68,0,,ID Checked,,,Mar 2018,https://www.myjobquote.co.uk/t/arnoutt-and-james-ltd,myjobquote
Arnoutt and James ltd,,Builder,,,4.68,0,,,,,Oct 2025,https://www.myjobquote.co.uk/t/george-204,myjobquote
Akili handyman,,Builder,,,4.68,0,,ID Checked,,,Feb 2024,https://www.myjobquote.co.uk/t/akili-handyman,myjobquote
MH Property Renovations,,Builder,,,4.68,0,,ID Checked,,,2023,https://www.myjobquote.co.uk/t/mh-property-renovations,myjobquote
TMG trading ltd,,Builder,,,4.68,0,,ID Checked,,,May 2020,https://www.myjobquote.co.uk/t/tmg-trading-ltd,myjobquote
TMG trading ltd,,Builder,,,4.68,0,,ID Checked,,,2014,https://www.myjobquote.co.uk/t/top-marks-london-ltd,myjobquote
Beelinebrickwork,,Builder,,,4.68,0,,ID Checked,,,Mar 2025,https://www.myjobquote.co.uk/t/beelinebrickwork,myjobquote
S.R.J. Roofing,,Builder,,,4.68,0,,ID Checked,,,2014,https://www.myjobquote.co.uk/t/srj-roofing,myjobquote
ForiniBuilders,,Builder,,,4.68,0,,ID Checked,,,2024,https://www.myjobquote.co.uk/t/forinibuilders,myjobquote
ibuild developments,,Builder,,,4.68,0,,,,,,https://www.myjobquote.co.uk/t/ibuild-developments,myjobquote
Victoria Building Group,,Builder,,,5,23,,ID Checked,,,2007,https://www.myjobquote.co.uk/t/victoria-building-group,myjobquote
S.l.n.t. handyman services,,Builder,,,5,1,,ID Checked,,,2020,https://www.myjobquote.co.uk/t/slnt-handyman-services,myjobquote
Bristol&bath building&roofing,,Builder,,,5,1,,ID Checked,,,2010,https://www.myjobquote.co.uk/t/bristolbath-buildingroofing,myjobquote
Bristol General Builders,,Builder,,,5,2,07418372060,ID Checked; Public Liability Insurance,,,1999,https://www.myjobquote.co.uk/t/bristol-general-builders,myjobquote
Gcj groundworks and garden rooms,,Builder,,,5,3,,ID Checked,,,2017,https://www.myjobquote.co.uk/t/gcj-groundworks-and-garden-rooms,myjobquote
Abacus Builders of Bath,,Builder,,,4,2,,ID Checked; Public Liability Insurance,,,1985,https://www.myjobquote.co.uk/t/abacus-builders-of-bath,myjobquote
Odd Job John,,Builder,,,5,27,,ID Checked,,,2024,https://www.myjobquote.co.uk/t/odd-job-john-1,myjobquote
Elevate construction,,Builder,,,4,2,,ID Checked,,,2022,https://www.myjobquote.co.uk/t/elevate-construction,myjobquote
MSD Building and design,,Builder,,,5,9,07441440851,ID Checked,,,2019,https://www.myjobquote.co.uk/t/msd-building-and-design,myjobquote
J M Building services sw ltd,,Builder,,,5,5,,ID Checked; Public Liability Insurance,,,2020,https://www.myjobquote.co.uk/t/j-m-building-services-sw-ltd,myjobquote
Baldwin carpentry,,Builder,,,5,1,,ID Checked,,,2011,https://www.myjobquote.co.uk/t/baldwin-carpentry,myjobquote
Mister skim,,Builder,,,5,14,,ID Checked,,,2018,https://www.myjobquote.co.uk/t/mister-skim,myjobquote
LT building works,,Builder,,,5,2,,ID Checked,,,Jan 2021,https://www.myjobquote.co.uk/t/lt-building-works,myjobquote
JM Building Services,,Builder,,,5,1,,ID Checked,,,2001,https://www.myjobquote.co.uk/t/jm-building-services,myjobquote
Avon Stone Limited,,Builder,,,5,1,,ID Checked,,,2018,https://www.myjobquote.co.uk/t/avon-stone-limited,myjobquote
Joseph Hewetson,,Builder,,,4.68,0,,ID Checked; Public Liability Insurance,,,2015,https://www.myjobquote.co.uk/t/joseph-hewetson,myjobquote
FN great,,Builder,,,4.68,0,,ID Checked; Public Liability Insurance,,,Nov 2025,https://www.myjobquote.co.uk/t/fn-great,myjobquote
FN great,,Builder,,,4.68,0,,,,,Oct 2022,https://www.myjobquote.co.uk/t/gill-builders-1,myjobquote
Lindson Building Services,,Builder,,,4.68,0,,ID Checked,,,1990,https://www.myjobquote.co.uk/t/lindson-building-services,myjobquote
Legendary Design,,Builder,,,4.9,9,,ID Checked; Public Liability Insurance,,,2023,https://www.myjobquote.co.uk/t/legendary-design,myjobquote
Honesty Builders,,Builder,,,5,11,,ID Checked,,,2007,https://www.myjobquote.co.uk/t/honesty-builders,myjobquote
Husky construction south west,,Builder,,,5,2,07418374605,ID Checked; Public Liability Insurance,,,2000,https://www.myjobquote.co.uk/t/husky-construction-south-west,myjobquote
Pmac Property Services,,Builder,,,5,1,,ID Checked; Public Liability Insurance,,,2002,https://www.myjobquote.co.uk/t/pmac-property-services,myjobquote
Kray Building & Roofing specialist,,Builder,,,5,4,,ID Checked,,,2023,https://www.myjobquote.co.uk/t/kray-building-roofing-specialist,myjobquote
Oliphant Build and Design,,Builder,,,1,1,,ID Checked,,,2005,https://www.myjobquote.co.uk/t/oliphant-build-and-design,myjobquote
SGBC Ltd,,Builder,,,5,1,,ID Checked,,,2025,https://www.myjobquote.co.uk/t/sgbc-ltd,myjobquote
My Dream Home Limited,,Builder,,,5,3,,ID Checked; Public Liability Insurance,,,2022,https://www.myjobquote.co.uk/t/my-dream-home-limited,myjobquote
Clifton Construction (Bristol) Ltd,,Builder,,,5,1,,ID Checked,,,2023,https://www.myjobquote.co.uk/t/clifton-construction-bristol-ltd,myjobquote
Build Archi Construction,,Builder,,,5,3,,ID Checked,,,2010,https://www.myjobquote.co.uk/t/build-archi-construction,myjobquote
G S f brickwork & groundwork’s,,Builder,,,5,1,07441449106,ID Checked,,,2021,https://www.myjobquote.co.uk/t/g-s-f-brickwork-groundworks,myjobquote
A&R Building contractors,,Builder,,,5,3,,ID Checked,,,2019,https://www.myjobquote.co.uk/t/ar-building-contractors-1,myjobquote
Elite building services,,Builder,,,4,1,,ID Checked,,,2022,https://www.myjobquote.co.uk/t/elite-building-services-3,myjobquote
Dragonfly  construction,,Builder,,,4.5,2,,ID Checked,,,1984,https://www.myjobquote.co.uk/t/dragonfly-construction,myjobquote
Wootten Developments,,Builder,,,4.5,2,,ID Checked,,,2019,https://www.myjobquote.co.uk/t/wootten-developments,myjobquote
Rightbuild construction,,Builder,,,5,2,,ID Checked,,,2008,https://www.myjobquote.co.uk/t/rightbuild-construction,myjobquote
Trialone,,Builder,,,4.68,0,,ID Checked,,,Jan 2019,https://www.myjobquote.co.uk/t/trialone,myjobquote
LS Carpentry and Renovations Limited,,Builder,,,4.68,0,,ID Checked,,,2007,https://www.myjobquote.co.uk/t/ls-carpentry-and-renovations-limited,myjobquote
Mall brickwork ltd,,Builder,,,4.68,0,,ID Checked,,,Sep 2024,https://www.myjobquote.co.uk/t/mall-brickwork-ltd,myjobquote
HRB CONSTRUCTION,,Builder,,,4.68,0,,ID Checked,,,2021,https://www.myjobquote.co.uk/t/hrb-construction,myjobquote
Sw building firm,,Builder,,,4.68,0,,,,,,https://www.myjobquote.co.uk/t/sw-building-firm,myjobquote
Towns roofing and building,,Builder,,,4.68,0,,ID Checked,,,May 2024,https://www.myjobquote.co.uk/t/towns-roofing-and-building,myjobquote
D Osborne roofing & building,,Builder,,,4.68,0,,ID Checked,,,Nov 2023,https://www.myjobquote.co.uk/t/d-osborne-roofing-building,myjobquote
D Osborne roofing & building,,Builder,,,4.68,0,,ID Checked,,,2010,https://www.myjobquote.co.uk/t/saxon-developments,myjobquote
Bristol Build,,Builder,,,4.68,0,,ID Checked,,,2018,https://www.myjobquote.co.uk/t/bristol-build,myjobquote
L.p.s construction Sw ltd,,Builder,,,4.68,0,,ID Checked,,,2019,https://www.myjobquote.co.uk/t/lps-construction-sw-ltd,myjobquote
Vandy projects limited,,Builder,,,4.68,0,,ID Checked,,,Apr 2022,https://www.myjobquote.co.uk/t/vandy-projects-limited,myjobquote
Gurt grafters,,Builder,,,4.68,0,,ID Checked,,,Feb 2026,https://www.myjobquote.co.uk/t/gurt-grafters,myjobquote
Gurt grafters,,Builder,,,4.68,0,,ID Checked,,,Aug 2024,https://www.myjobquote.co.uk/t/amls-complete-solutions,myjobquote
Gale Build,,Builder,,,4.68,0,,,,,2018,https://www.myjobquote.co.uk/t/gale-build,myjobquote
JLT SERVICES,,Builder,,,4.68,0,,ID Checked,,,2017,https://www.myjobquote.co.uk/t/jlt-services,myjobquote
Kieran,,Builder,,,4.68,0,,ID Checked,,,Oct 2018,https://www.myjobquote.co.uk/t/kieran-133,myjobquote
Kieran,,Builder,,,4.68,0,,ID Checked,,,2018,https://www.myjobquote.co.uk/t/my-project-group,myjobquote
PCS ES LTD,,Builder,,,4.68,0,07451260335,ID Checked,,,2018,https://www.myjobquote.co.uk/t/pcs-es-ltd,myjobquote
Builder You Need,,Builder,,,4.68,0,,ID Checked,,,Mar 2023,https://www.myjobquote.co.uk/t/builder-you-need,myjobquote
A1 Walls & Ceilings ltd,,Builder,,,4.68,0,,ID Checked,,,2017,https://www.myjobquote.co.uk/t/a1-walls-ceilings-ltd,myjobquote
Evolve Carpentry and Build Ltd,,Builder,,,4.68,0,,ID Checked,,,Aug 2023,https://www.myjobquote.co.uk/t/evolve-carpentry-and-build-ltd,myjobquote
Renew & Restore Bristol,,Builder,,,4.68,0,,ID Checked,,,Nov 2024,https://www.myjobquote.co.uk/t/renew-restore-bristol,myjobquote
L Bishop Building & Maintenance,,Builder,,,4.68,0,,ID Checked,,,2010,https://www.myjobquote.co.uk/t/l-bishop-building-maintenance,myjobquote
Wall2Wall Renovations,,Builder,,,4.68,0,,ID Checked,,,2021,https://www.myjobquote.co.uk/t/wall2wall-renovations,myjobquote
Well decide building solutions,,Builder,,,4.68,0,,,,,2021,https://www.myjobquote.co.uk/t/well-decide-building-solutions,myjobquote
Well decide building solutions,,Builder,,,4.68,0,,,,,Jul 2023,https://www.myjobquote.co.uk/t/stevens-construction,myjobquote
Shahid Malik,,Builder,,,4.68,0,,ID Checked,,,Jan 2025,https://www.myjobquote.co.uk/t/shahid-malik,myjobquote
Fren Building and Maintenance,,Builder,,,4.68,0,,ID Checked,,,2024,https://www.myjobquote.co.uk/t/fren-building-and-maintenance,myjobquote
B AND E BUILDERS LIMITED,,Builder,,,4.68,0,,ID Checked,,,2017,https://www.myjobquote.co.uk/t/b-and-e-builders-limited,myjobquote
NRO construction and renovation,,Builder,,,4.68,0,,ID Checked,,,2000,https://www.myjobquote.co.uk/t/nro-construction-and-renovation,myjobquote
CLP Bristol Limited,,Builder,,,4.68,0,,ID Checked; Public Liability Insurance,,,Jun 2022,https://www.myjobquote.co.uk/t/clp-bristol-limited,myjobquote
Clever Conversions,,Builder,,,4.68,0,,ID Checked,,,2004,https://www.myjobquote.co.uk/t/clever-conversions,myjobquote
BD Building & Maintenance LTD,,Builder,,,4.68,0,,ID Checked,,,2020,https://www.myjobquote.co.uk/t/bd-building-maintenance-ltd,myjobquote
Map buildings and restoration’s,,Builder,,,4.68,0,,,,,Feb 2025,https://www.myjobquote.co.uk/t/map-buildings-and-restorations,myjobquote
Map buildings and restoration’s,,Builder,,,4.68,0,,ID Checked; Public Liability Insurance,,,Feb 2022,https://www.myjobquote.co.uk/t/blackrock-prop-ltd,myjobquote
Blackrock Prop Ltd,,Builder,,,4.68,0,,ID Checked,,,1985,https://www.myjobquote.co.uk/t/sl-builders-6,myjobquote
Envision Property & Landscaping,,Builder,,,4.68,0,,ID Checked,,,May 2024,https://www.myjobquote.co.uk/t/envision-property-landscaping,myjobquote
EMKA Building Contractors Ltd,,Builder,,,4.68,0,07418361884,ID Checked; Public Liability Insurance,,,2008,https://www.myjobquote.co.uk/t/emka-building-contractors-ltd,myjobquote
Parkinson carpentry and building Ltd,,Builder,,,4.68,0,,ID Checked,,,2017,https://www.myjobquote.co.uk/t/parkinson-carpentry-and-building-ltd,myjobquote
Habib,,Builder,,,4.68,0,,ID Checked,,,Mar 2017,https://www.myjobquote.co.uk/t/habib-11,myjobquote
Habib,,Builder,,,4.68,0,,,,,2005,https://www.myjobquote.co.uk/t/simply-home-designs-ltd,myjobquote
BGS maintenance and home improvements,,Builder,,,4.68,0,,ID Checked,,,2023,https://www.myjobquote.co.uk/t/bgs-maintenance-and-home-improvements,myjobquote
MD painting and decorating services Ltd,,Builder,,,4.68,0,,ID Checked,,,Sep 2023,https://www.myjobquote.co.uk/t/md-painting-and-decorating-services-ltd,myjobquote
DJM Masonry & General Building,,Builder,,,4.68,0,07418362409,ID Checked,,,2016,https://www.myjobquote.co.uk/t/djm-masonry-general-building,myjobquote
Valuto builders limited,,Builder,,,4.68,0,,ID Checked,,,2019,https://www.myjobquote.co.uk/t/valuto-builders-limited,myjobquote
Kaizen build,,Builder,,,4.68,0,,ID Checked,,,Mar 2019,https://www.myjobquote.co.uk/t/kaizen-build-1,myjobquote
Dj construction,,Builder,,,4.68,0,,ID Checked,,,2006,https://www.myjobquote.co.uk/t/dj-construction-3,myjobquote
Chalso Home Improvements,,Builder,,,4.68,0,,ID Checked,,,Apr 2021,https://www.myjobquote.co.uk/t/chalso-home-improvements,myjobquote
Chalso Home Improvements,,Builder,,,4.68,0,,ID Checked,,,2019,https://www.myjobquote.co.uk/t/ultra-warmroof,myjobquote
Project House Group LTD,,Builder,,,4.68,0,,ID Checked,,,2022,https://www.myjobquote.co.uk/t/project-house-group-ltd,myjobquote
Serbo Limited,,Builder,,,4.68,0,,ID Checked,,,2017,https://www.myjobquote.co.uk/t/serbo-limited,myjobquote
Albert General Building Ltd,,Builder,,,4.68,0,,ID Checked,,,2016,https://www.myjobquote.co.uk/t/albert-general-building-ltd,myjobquote
Archway Building Contractors,,Builder,,,4.68,0,,ID Checked,,,Apr 2018,https://www.myjobquote.co.uk/t/archway-building-contractors,myjobquote
Adept southwest building co,,Builder,,,4.68,0,,ID Checked,,,2005,https://www.myjobquote.co.uk/t/adept-southwest-building-co-1,myjobquote
Essential Installations,,Builder,,,4.68,0,,ID Checked,,,2019,https://www.myjobquote.co.uk/t/essential-installations,myjobquote
S.Kendall,,Builder,,,4.68,0,,ID Checked,,,Jun 2025,https://www.myjobquote.co.uk/t/skendall,myjobquote
Southwest elite bulidingcontractors,,Builder,,,4.68,0,,,,,Jan 2024,https://www.myjobquote.co.uk/t/southwest-elite-bulidingcontractors,myjobquote
Hanson & Spring LTD,,Builder,,,4.68,0,,ID Checked,,,2024,https://www.myjobquote.co.uk/t/hanson-spring-ltd,myjobquote
Louis Castles,,Builder,,,4.68,0,,ID Checked,,,Aug 2024,https://www.myjobquote.co.uk/t/louis-castles,myjobquote
Louis Castles,,Builder,,,4.68,0,,,,,Sep 2025,https://www.myjobquote.co.uk/t/cannon-construction-1,myjobquote
THOR UK CONSTRUCTION,,Builder,,,4.68,0,,,,,2005,https://www.myjobquote.co.uk/t/thor-uk-construction,myjobquote
Advanced design and construction,,Builder,,,4.68,0,,,,,2023,https://www.myjobquote.co.uk/t/advanced-design-and-construction,myjobquote
A m building,,Builder,,,4.68,0,,ID Checked,,,2010,https://www.myjobquote.co.uk/t/a-m-building,myjobquote
RJGroundworks,,Builder,,,4.68,0,,ID Checked; Public Liability Insurance,,,Feb 2024,https://www.myjobquote.co.uk/t/rjgroundworks,myjobquote
ALT Joinery & Building,,Builder,,,4.9,16,07451260557,ID Checked,,,2019,https://www.myjobquote.co.uk/t/alt-joinery-building,myjobquote
IK Building Landscaping,,Builder,,,4,1,,ID Checked,,,2013,https://www.myjobquote.co.uk/t/ik-building-landscaping,myjobquote
24 abc limited,,Builder,,,5,3,07418370724,ID Checked,,,2019,https://www.myjobquote.co.uk/t/24-abc-limited,myjobquote
Macpaint,,Builder,,,5,1,,ID Checked,,,Jan 2024,https://www.myjobquote.co.uk/t/macpaint-1,myjobquote
J k contract,,Builder,,,5,1,,ID Checked,,,Nov 2025,https://www.myjobquote.co.uk/t/j-k-contract,myjobquote
Azı azi,,Builder,,,4.68,0,,ID Checked,,,Apr 2024,https://www.myjobquote.co.uk/t/azi-azi,myjobquote
Azı azi,,Builder,,,4.68,0,,ID Checked,,,2008,https://www.myjobquote.co.uk/t/cbr-maintenance-group,myjobquote
Maximize Building & Renovations LTD,,Builder,,,4.68,0,,ID Checked,,,2011,https://www.myjobquote.co.uk/t/maximize-building-renovations-ltd,myjobquote
LBSC Limited,,Builder,,,4.68,0,,ID Checked,,,Oct 2023,https://www.myjobquote.co.uk/t/lbsc-limited,myjobquote
I not have,,Builder,,,4.68,0,,ID Checked,,,Sep 2024,https://www.myjobquote.co.uk/t/i-not-have-1,myjobquote
I not have,,Builder,,,4.68,0,,,,,2007,https://www.myjobquote.co.uk/t/ardent-masonry-building-and-landscapes,myjobquote
Renato Home Renovation,,Builder,,,4.68,0,,ID Checked,,,2026,https://www.myjobquote.co.uk/t/renato-home-renovation,myjobquote
SRS Roofing and building,,Builder,,,4.68,0,,ID Checked,,,2007,https://www.myjobquote.co.uk/t/srs-roofing-and-building,myjobquote
Aaditya,,Builder,,,4.68,0,,ID Checked,,,Jan 2022,https://www.myjobquote.co.uk/t/aaditya,myjobquote
Cbarton,,Builder,,,4.68,0,,,,,Oct 2023,https://www.myjobquote.co.uk/t/cbarton,myjobquote
Cbarton,,Builder,,,4.3,3,07418349769,ID Checked,,,1998,https://www.myjobquote.co.uk/t/central-scotland-roofing,myjobquote
M&R Joinery,,Builder,,,5,11,,ID Checked; Public Liability Insurance,,,2024,https://www.myjobquote.co.uk/t/mr-joinery-3,myjobquote
GJ Wright Civils,,Builder,,,5,5,,ID Checked,,,1998,https://www.myjobquote.co.uk/t/gj-wright-civils,myjobquote
Markitan,,Builder,,,5,1,,ID Checked,,,2015,https://www.myjobquote.co.uk/t/markitan,myjobquote
Thompson brickwork,,Builder,,,5,1,,ID Checked,,,1999,https://www.myjobquote.co.uk/t/thompson-brickwork,myjobquote
eh1 contracts,,Builder,,,4.68,0,,,,,Dec 2022,https://www.myjobquote.co.uk/t/eh1-contracts,myjobquote
eh1 contracts,,Builder,,,4.68,0,,,,,Dec 2022,https://www.myjobquote.co.uk/t/karol-gembiak,myjobquote
Karol Gembiak,,Builder,,,4.68,0,,,,,Feb 2024,https://www.myjobquote.co.uk/t/di-beveridge-construction,myjobquote
Stuart,,Builder,,,4.68,0,,ID Checked,,,Jan 2024,https://www.myjobquote.co.uk/t/stuart-26,myjobquote
Stuart,,Builder,,,4.68,0,,ID Checked,,,Jun 2023,https://www.myjobquote.co.uk/t/brandon-brookes,myjobquote
brandon brookes,,Builder,,,4.68,0,,ID Checked,,,2016,https://www.myjobquote.co.uk/t/jacob-moody,myjobquote
Baran Bulut,,Builder,,,4.68,0,,ID Checked,,,Feb 2023,https://www.myjobquote.co.uk/t/baran-bulut,myjobquote
Paul lindsay,,Builder,,,5,3,,ID Checked,,,1996,https://www.myjobquote.co.uk/t/paul-lindsay,myjobquote
R&M builders and landscapers,,Builder,,,5,12,,ID Checked,,,2021,https://www.myjobquote.co.uk/t/rm-builders-and-landscapers,myjobquote
RMG Electrical/capital interiors,,Builder,,,5,11,,ID Checked,,,2020,https://www.myjobquote.co.uk/t/rmg-electricalcapital-interiors,myjobquote
Clean Air Energy Ltd,,Builder,,,5,1,,ID Checked,,,2010,https://www.myjobquote.co.uk/t/clean-air-energy-ltd,myjobquote
Kaded,,Builder,,,5,2,,ID Checked,,,2022,https://www.myjobquote.co.uk/t/kaded,myjobquote
Wilson’s building and landscaping services,,Builder,,,4,1,,ID Checked,,,2025,https://www.myjobquote.co.uk/t/wilsons-building-and-landscaping-services,myjobquote
Aaron Hamer,,Builder,,,5,2,,ID Checked,,,2016,https://www.myjobquote.co.uk/t/aaron-hamer,myjobquote
"T,Q,Roofing",,Builder,,,5,4,,ID Checked,,,2019,https://www.myjobquote.co.uk/t/tqroofing,myjobquote
Mcmanus,,Builder,,,5,3,,ID Checked,,,2007,https://www.myjobquote.co.uk/t/mcmanus,myjobquote
Kingsknowe Joinery/All Trades,,Builder,,,4.5,6,,ID Checked,,,1995,https://www.myjobquote.co.uk/t/kingsknowe-joineryall-trades,myjobquote
Challenge Construction,,Builder,,,5,1,,ID Checked,,,Apr 2023,https://www.myjobquote.co.uk/t/challenge-construction,myjobquote
Peninsula premier construction,,Builder,,,5,3,,ID Checked,,,Dec 2022,https://www.myjobquote.co.uk/t/peninsula-premier-construction,myjobquote
Hoyt Electrical,,Builder,,,5,1,,ID Checked,,,2001,https://www.myjobquote.co.uk/t/hoyt-electrical,myjobquote
Kejbuilders,,Builder,,,5,2,,ID Checked,,,2014,https://www.myjobquote.co.uk/t/kejbuilders,myjobquote
Robert Brydon&#039;s Building Services,,Builder,,,4.68,0,,ID Checked,,,Aug 2017,https://www.myjobquote.co.uk/t/robert-brydons-building-services,myjobquote
Twana,,Builder,,,4.68,0,,ID Checked,,,Jan 2024,https://www.myjobquote.co.uk/t/twana,myjobquote
Twana,,Builder,,,4.68,0,,,,,Jan 2026,https://www.myjobquote.co.uk/t/donaldson-roofing-services,myjobquote
Verra Decoration,,Builder,,,4.68,0,,ID Checked,,,2020,https://www.myjobquote.co.uk/t/verra-decoration,myjobquote
Geno Construction,,Builder,,,4.68,0,,ID Checked,,,Nov 2025,https://www.myjobquote.co.uk/t/geno-construction,myjobquote
Geno Construction,,Builder,,,4.68,0,,,,,Jan 2024,https://www.myjobquote.co.uk/t/aryan-1,myjobquote
Aryan,,Builder,,,4.68,0,,ID Checked; Public Liability Insurance,,,2011,https://www.myjobquote.co.uk/t/km-building-system-ltd,myjobquote
Milldown ltd,,Builder,,,4.68,0,,ID Checked,,,Feb 2018,https://www.myjobquote.co.uk/t/milldown-ltd,myjobquote
OWL AV CONSTRUCTION LIMITED,,Builder,,,4.68,0,,ID Checked,,,2021,https://www.myjobquote.co.uk/t/owl-av-construction-limited,myjobquote
Capital Crest Construction Ltd,,Builder,,,4.68,0,,,,,Jun 2024,https://www.myjobquote.co.uk/t/capital-crest-construction-ltd,myjobquote
MBK Joiners,,Builder,,,4.68,0,,ID Checked,,,Feb 2026,https://www.myjobquote.co.uk/t/mbk-joiners,myjobquote
Edin all trades Ltd,,Builder,,,4.68,0,,ID Checked,,,Jan 2025,https://www.myjobquote.co.uk/t/edin-all-trades-ltd,myjobquote
Prime home and garden,,Builder,,,4.68,0,,ID Checked,,,2021,https://www.myjobquote.co.uk/t/prime-home-and-garden,myjobquote
PSG twenty six,,Builder,,,4.68,0,,ID Checked,,,Mar 2025,https://www.myjobquote.co.uk/t/psg-twenty-six,myjobquote
visions of you,,Builder,,,4.68,0,,ID Checked,,,Apr 2022,https://www.myjobquote.co.uk/t/visions-of-you,myjobquote
Rw1 Building & landscaping,,Builder,,,4.68,0,,,,,Feb 2022,https://www.myjobquote.co.uk/t/rw1-building-landscaping,myjobquote
Thistle roofing,,Builder,,,4.68,0,,ID Checked,,,2002,https://www.myjobquote.co.uk/t/thistle-roofing-1,myjobquote
Home Trades Services,,Builder,,,4.68,0,,ID Checked,,,1998,https://www.myjobquote.co.uk/t/home-trades-services,myjobquote
A R Parkin building contractors,,Builder,,,4.68,0,,,,,1990,https://www.myjobquote.co.uk/t/a-r-parkin-building-contractors,myjobquote
Thistlerock Deisgns LTD,,Builder,,,4.68,0,,ID Checked,,,,https://www.myjobquote.co.uk/t/thistlerock-deisgns-ltd,myjobquote
Williamnisbetbuilder,,Builder,,,4.68,0,,ID Checked,,,Aug 2025,https://www.myjobquote.co.uk/t/williamnisbetbuilder,myjobquote
Mezowo Building Services,,Builder,,,4.68,0,,ID Checked,,,2025,https://www.myjobquote.co.uk/t/mezowo-building-services,myjobquote
KAD-BUILD,,Builder,,,4.68,0,,ID Checked,,,Apr 2025,https://www.myjobquote.co.uk/t/kad-build,myjobquote
Rjc builders,,Builder,,,4.68,0,,ID Checked,,,Mar 2025,https://www.myjobquote.co.uk/t/rjc-builders,myjobquote
Rjc builders,,Builder,,,4.68,0,,ID Checked,,,2023,https://www.myjobquote.co.uk/t/progression-projects-edinburgh,myjobquote
A&M renovations,,Builder,,,4.68,0,,ID Checked,,,1998,https://www.myjobquote.co.uk/t/am-renovations,myjobquote
Construction Services Scotland Ltd,,Builder,,,4.68,0,,ID Checked,,,2023,https://www.myjobquote.co.uk/t/construction-services-scotland-ltd,myjobquote
Carpentry and build solutions,,Builder,,,4.68,0,,ID Checked,,,Mar 2023,https://www.myjobquote.co.uk/t/carpentry-and-build-solutions,myjobquote
Mykola,,Builder,,,4.68,0,,ID Checked,,,Oct 2024,https://www.myjobquote.co.uk/t/mykola-12,myjobquote
Mykola,,Builder,,,4.68,0,,ID Checked,,,Nov 2024,https://www.myjobquote.co.uk/t/edinburgh-city-builders,myjobquote
MVR RIVERMOUNT CONSTRUCTION LTD,,Builder,,,4.68,0,,ID Checked,,,Feb 2025,https://www.myjobquote.co.uk/t/mvr-rivermount-construction-ltd,myjobquote
Pavstonemasonbuilder,,Builder,,,4.68,0,,ID Checked,,,Jul 2025,https://www.myjobquote.co.uk/t/pavstonemasonbuilder,myjobquote
Pavstonemasonbuilder,,Builder,,,4.68,0,,,,,May 2024,https://www.myjobquote.co.uk/t/jr-windows,myjobquote
JR Windows,,Builder,,,2,1,,,,,2020,https://www.myjobquote.co.uk/t/ns-building-and-lanscaping,myjobquote
Pinnacle Construction,,Builder,,,4.68,0,,ID Checked,,,2019,https://www.myjobquote.co.uk/t/pinnacle-construction-1,myjobquote
Buildit Haddington LTD,,Builder,,,4.68,0,,ID Checked,,,Apr 2024,https://www.myjobquote.co.uk/t/buildit-haddington-ltd,myjobquote
C Foster Plant Hire,,Builder,,,4.68,0,,ID Checked,,,Sep 2022,https://www.myjobquote.co.uk/t/c-foster-plant-hire,myjobquote
The Converters Group,,Builder,,,4.68,0,,ID Checked,,,2010,https://www.myjobquote.co.uk/t/the-converters-group,myjobquote
City trades Scotland ltd,,Builder,,,4.68,0,,ID Checked,,,May 2025,https://www.myjobquote.co.uk/t/city-trades-scotland-ltd,myjobquote
RT Services,,Builder,,,5,2,,ID Checked,,,,https://www.myjobquote.co.uk/t/rt-services-3,myjobquote
CFR BUILDERS,,Builder,,,5,2,,ID Checked,,,2021,https://www.myjobquote.co.uk/t/cfr-builders,myjobquote
cb builders,,Builder,,,5,1,,ID Checked,,,2007,https://www.myjobquote.co.uk/t/cb-builders-2,myjobquote
Painter,,Builder,,,4.68,0,,ID Checked,,,Nov 2020,https://www.myjobquote.co.uk/t/painter-422,myjobquote
Painter,,Builder,,,4.68,0,,ID Checked,,,2018,https://www.myjobquote.co.uk/t/carnan-electrical-services,myjobquote
Besi roofing company ltd,,Builder,,,4.68,0,,ID Checked,,,2019,https://www.myjobquote.co.uk/t/besi-roofing-company-ltd,myjobquote
Besi roofing company ltd,,Builder,,,4.68,0,,ID Checked,,,Sep 2023,https://www.myjobquote.co.uk/t/keymasonry-1,myjobquote
Keymasonry,,Builder,,,4.68,0,,ID Checked,,,Aug 2022,https://www.myjobquote.co.uk/t/pkipp-maintenance,myjobquote
Pkipp maintenance,,Builder,,,4.68,0,,,,,Mar 2023,https://www.myjobquote.co.uk/t/andre-builder,myjobquote
ANDRE BUILDER,,Builder,,,4.68,0,,ID Checked,,,Jan 2026,https://www.myjobquote.co.uk/t/lukas-paint-you-life,myjobquote
Lukas Paint you life,,Builder,,,4.68,0,,ID Checked,,,Jul 2022,https://www.myjobquote.co.uk/t/jb-contracts-scotland-ltd,myjobquote
B.C.W Roofing and Building,,Builder,,,4.68,0,,,,,Jan 2023,https://www.myjobquote.co.uk/t/bcw-roofing-and-building,myjobquote
B.C.W Roofing and Building,,Builder,,,4.68,0,,,,,Dec 2022,https://www.myjobquote.co.uk/t/gavin-13,myjobquote
Gavin,,Builder,,,4.68,0,,,,,May 2023,https://www.myjobquote.co.uk/t/ryan-clark,myjobquote
Ryan Clark,,Builder,,,4.68,0,,,,,Jan 2024,https://www.myjobquote.co.uk/t/bricklaying-27,myjobquote
MiroS,,Builder,,,4.68,0,,,,,Apr 2025,https://www.myjobquote.co.uk/t/miros-3,myjobquote
MiroS,,Builder,,,4.68,0,,,,,Oct 2025,https://www.myjobquote.co.uk/t/builditall,myjobquote
Builder,,Builder,,,4.68,0,,,,,Mar 2026,https://www.myjobquote.co.uk/t/builder-104,myjobquote
Builder,,Builder,,,4.68,0,,,,,Apr 2023,https://www.myjobquote.co.uk/t/sks-home-and-garden-improvements,myjobquote
Ankush Singh,,Builder,,,4.68,0,,,,,Jan 2025,https://www.myjobquote.co.uk/t/ankush-singh,myjobquote
Woodandstone,,Builder,,,5,3,,ID Checked; Public Liability Insurance,,,1990,https://www.myjobquote.co.uk/t/woodandstone,myjobquote
Luxe Installations,,Builder,,,5,1,,ID Checked,,,Apr 2024,https://www.myjobquote.co.uk/t/luxe-installations,myjobquote
Bricks&mortar,,Builder,,,5,1,,ID Checked; Public Liability Insurance,,,2016,https://www.myjobquote.co.uk/t/bricksmortar-1,myjobquote
CHF Landscaping and Building,,Builder,,,5,1,,ID Checked,,,1993,https://www.myjobquote.co.uk/t/chf-landscaping-and-building,myjobquote
Woodgate joinery & building Ltd,,Builder,,,5,2,,ID Checked,,,2023,https://www.myjobquote.co.uk/t/woodgate-joinery-building-ltd,myjobquote
Jimmy,,Builder,,,4.68,0,,ID Checked,,,Jan 2025,https://www.myjobquote.co.uk/t/jimmy-39,myjobquote
Jimmy,,Builder,,,4.68,0,,ID Checked,,,2017,https://www.myjobquote.co.uk/t/colak-and-gow,myjobquote
colak and gow,,Builder,,,4.68,0,,ID Checked,,,Apr 2018,https://www.myjobquote.co.uk/t/blasting-tail,myjobquote
Blasting tail,,Builder,,,4.68,0,,ID Checked,,,May 2025,https://www.myjobquote.co.uk/t/done-right-projects,myjobquote
SBBA LIMITED,,Builder,,,4.68,0,,ID Checked,,,2017,https://www.myjobquote.co.uk/t/sbba-limited,myjobquote
Jax design & build ltd,,Builder,,,4.68,0,,ID Checked,,,Jan 2017,https://www.myjobquote.co.uk/t/jax-design-build-ltd,myjobquote
Jax design & build ltd,,Builder,,,4.68,0,,ID Checked,,,1997,https://www.myjobquote.co.uk/t/vjl-builders-1,myjobquote
Notch Above Joinery,,Builder,,,4.68,0,,ID Checked,,,2024,https://www.myjobquote.co.uk/t/notch-above-joinery,myjobquote
Arash,,Builder,,,4.68,0,,,,,Jan 2025,https://www.myjobquote.co.uk/t/arash-5,myjobquote
Arash,,Builder,,,5,2,,ID Checked,,,2022,https://www.myjobquote.co.uk/t/porter-homes-property-builder-ltd,myjobquote
RXB Building and Landscapes ltd,,Builder,,,5,1,,ID Checked,,,2025,https://www.myjobquote.co.uk/t/rxb-building-and-landscapes-ltd,myjobquote
Weather guard roofing services,,Builder,,,4,1,,ID Checked,,,Oct 2019,https://www.myjobquote.co.uk/t/weather-guard-roofing-services-1,myjobquote
Wa MEHER LTD,,Builder,,,4.68,0,,,,,Aug 2024,https://www.myjobquote.co.uk/t/wa-meher-ltd,myjobquote
Wa MEHER LTD,,Builder,,,4.68,0,,ID Checked,,,1992,https://www.myjobquote.co.uk/t/scott-macinnes,myjobquote
A plus Design and construction,,Builder,,,4.68,0,,ID Checked,,,Oct 2020,https://www.myjobquote.co.uk/t/a-plus-design-and-construction,myjobquote
A plus Design and construction,,Builder,,,4.68,0,,ID Checked,,,Dec 2025,https://www.myjobquote.co.uk/t/building-solutions-10,myjobquote
Weatherface Ltd,,Builder,,,4.68,0,,ID Checked,,,2015,https://www.myjobquote.co.uk/t/weatherface-ltd,myjobquote
Briggs Building,,Builder,,,4.68,0,,ID Checked,,,2010,https://www.myjobquote.co.uk/t/briggs-building,myjobquote
Andrews Builders,,Builder,,,4.68,0,,ID Checked,,,Nov 2024,https://www.myjobquote.co.uk/t/andrews-builders,myjobquote
Gla building,,Builder,,,4.68,0,,,,,Jun 2023,https://www.myjobquote.co.uk/t/gla-building-1,myjobquote
Gla building,,Builder,,,4.68,0,,ID Checked,,,Dec 2024,https://www.myjobquote.co.uk/t/sky-company,myjobquote
Sky company,,Builder,,,4.68,0,,ID Checked,,,Mar 2026,https://www.myjobquote.co.uk/t/jackk-4,myjobquote
Jackk,,Builder,,,4.68,0,,ID Checked,,,2014,https://www.myjobquote.co.uk/t/bk-building,myjobquote
DORRy BUILDER LTD,,Builder,,,4.68,0,,ID Checked,,,2011,https://www.myjobquote.co.uk/t/dorry-builder-ltd,myjobquote
Rnsplastering,,Builder,,,4.68,0,,ID Checked,,,2010,https://www.myjobquote.co.uk/t/rnsplastering,myjobquote
HandyHelp,,Builder,,,4.68,0,,ID Checked,,,Jan 2023,https://www.myjobquote.co.uk/t/handyhelp,myjobquote
HandyHelp,,Builder,,,4.68,0,,ID Checked,,,Jan 2025,https://www.myjobquote.co.uk/t/dynamite-building,myjobquote
Tommy,,Builder,,,4.68,0,,ID Checked,,,Dec 2025,https://www.myjobquote.co.uk/t/tommy-38,myjobquote
Tommy,,Builder,,,4.68,0,,ID Checked,,,2012,https://www.myjobquote.co.uk/t/highwood-developments-ltd,myjobquote
Sdriveways and landscape,,Builder,,,5,1,,ID Checked,,,Nov 2024,https://www.myjobquote.co.uk/t/sdriveways-and-landscape,myjobquote
Arcus refurbishment,,Builder,,,5,1,,ID Checked,,,2017,https://www.myjobquote.co.uk/t/arcus-refurbishment,myjobquote
SJ Specialist Interior Solutions Limited,,Builder,,,5,1,,ID Checked,,,Jan 2023,https://www.myjobquote.co.uk/t/sj-specialist-interior-solutions-limited-1,myjobquote
jcconstruction,,Builder,,,4,1,,ID Checked,,,,https://www.myjobquote.co.uk/t/jcconstruction,myjobquote
Alafendi,,Builder,,,4.68,0,,ID Checked,,,2022,https://www.myjobquote.co.uk/t/alafendi,myjobquote
Madjid Lmt,,Builder,,,4.68,0,,,,,Sep 2023,https://www.myjobquote.co.uk/t/madjid-lmt,myjobquote
Madjid Lmt,,Builder,,,4.68,0,,ID Checked,,,May 2025,https://www.myjobquote.co.uk/t/matt-smith,myjobquote
Matt smith,,Builder,,,4.68,0,,ID Checked,,,Feb 2022,https://www.myjobquote.co.uk/t/cristidima,myjobquote
Buildscape Projects,,Builder,,,4.68,0,,ID Checked,,,2023,https://www.myjobquote.co.uk/t/buildscape-projects,myjobquote
naqeebullah,,Builder,,,4.68,0,,ID Checked,,,Mar 2023,https://www.myjobquote.co.uk/t/naqeebullah,myjobquote
naqeebullah,,Builder,,,4.68,0,,,,,Jul 2024,https://www.myjobquote.co.uk/t/saity,myjobquote
SaitY,,Builder,,,4.68,0,,,,,Nov 2024,https://www.myjobquote.co.uk/t/thomson-trades,myjobquote
Thomson trades,,Builder,,,4.68,0,,,,,May 2023,https://www.myjobquote.co.uk/t/nu-am-compniei,myjobquote
Nu am compniei,,Builder,,,4.68,0,,,,,Nov 2024,https://www.myjobquote.co.uk/t/monsaf,myjobquote
Monsaf,,Builder,,,4.68,0,,,,,Oct 2024,https://www.myjobquote.co.uk/t/as-brothers-construction,myjobquote
As Brothers Construction,,Builder,,,4.68,0,,,Ground work,,Jan 2026,https://www.myjobquote.co.uk/t/blumbergs,myjobquote
Blumbergs,,Builder,,,4.68,0,,,,,Mar 2026,https://www.myjobquote.co.uk/t/finegan,myjobquote
Finegan,,Builder,,,4.68,0,,,,,Jan 2022,https://www.myjobquote.co.uk/t/manny,myjobquote
Manny,,Builder,,,4.68,0,,,,,May 2023,https://www.myjobquote.co.uk/t/royal-bam-group,myjobquote
Royal Bam group,,Builder,,,4.68,0,,,,,Apr 2025,https://www.myjobquote.co.uk/t/macd-builder,myjobquote
Macd builder,,Builder,,,4.68,0,,,,,1985,https://www.myjobquote.co.uk/t/e-farren-contracts,myjobquote
Garrow ltd,,Builder,,,4.68,0,,ID Checked,,,2012,https://www.myjobquote.co.uk/t/garrow-ltd,myjobquote
Garrow ltd,,Builder,,,4.68,0,,ID Checked,,,Feb 2024,https://www.myjobquote.co.uk/t/colin-rodgers,myjobquote
Huzaifa,,Builder,,,4.68,0,,,,,Jun 2023,https://www.myjobquote.co.uk/t/huzaifa,myjobquote
Liam Henry,,Builder,,,4.68,0,,,,,Jun 2023,https://www.myjobquote.co.uk/t/liam-henry,myjobquote
C Carson joinery,,Builder,,,5,1,,ID Checked; Public Liability Insurance,,,2015,https://www.myjobquote.co.uk/t/c-carson-joinery,myjobquote
Talented Tradesmen,,Builder,,,5,7,,ID Checked,,,2017,https://www.myjobquote.co.uk/t/talented-tradesmen,myjobquote
Jhs roofing and building,,Builder,,,5,2,,ID Checked,,,1900,https://www.myjobquote.co.uk/t/jhs-roofing-and-building-1,myjobquote
S.I.B Fabrications,,Builder,,,4.8,6,,ID Checked; Public Liability Insurance,,,2025,https://www.myjobquote.co.uk/t/sib-fabrications,myjobquote
Brick’s n Bob’s,,Builder,,,5,1,,ID Checked,,,Sep 2023,https://www.myjobquote.co.uk/t/bricks-n-bobs,myjobquote
AMC Roofing and Building Ltd,,Builder,,,5,3,,ID Checked,,,2025,https://www.myjobquote.co.uk/t/amc-roofing-and-building-ltd,myjobquote
MR Construction,,Builder,,,5,1,,ID Checked,,,2018,https://www.myjobquote.co.uk/t/mr-construction-8,myjobquote
WD Joinery and Building Services,,Builder,,,5,1,,ID Checked,,,2004,https://www.myjobquote.co.uk/t/wd-joinery-and-building-services,myjobquote
LDA Contracts Ltd,,Builder,,,5,4,,ID Checked,,,2023,https://www.myjobquote.co.uk/t/lda-contracts-ltd,myjobquote
Thistle Property Services,,Builder,,,4.9,19,,ID Checked,,,2020,https://www.myjobquote.co.uk/t/thistle-property-services,myjobquote
Mateusz,,Builder,,,5,3,,ID Checked,,,Sep 2023,https://www.myjobquote.co.uk/t/mateusz-22,myjobquote
Mrcc renavations and refreshments,,Builder,,,5,6,,ID Checked,,,2023,https://www.myjobquote.co.uk/t/mrcc-renavations-and-refreshments,myjobquote
Myson maintainance / construction,,Builder,,,5,1,,ID Checked,,,1990,https://www.myjobquote.co.uk/t/myson-maintainance-construction,myjobquote
RJM construction,,Builder,,,5,1,,ID Checked,,,Jun 2020,https://www.myjobquote.co.uk/t/rjm-construction,myjobquote
Glasgow Building & Construction Group Ltd,,Builder,,,5,1,,ID Checked,,,2011,https://www.myjobquote.co.uk/t/glasgow-building-construction-group-ltd,myjobquote
JJR joinery,,Builder,,,5,2,,ID Checked,,,2018,https://www.myjobquote.co.uk/t/jjr-joinery,myjobquote
JCM bricklaying & construction,,Builder,,,5,1,,ID Checked,,,2022,https://www.myjobquote.co.uk/t/jcm-bricklaying-construction,myjobquote
Jamie Choi Joinery and Building,,Builder,,,4,3,,ID Checked,,,2019,https://www.myjobquote.co.uk/t/jamie-choi-joinery-and-building,myjobquote
Custom Edge Projects,,Builder,,,4.5,4,,ID Checked,,,2020,https://www.myjobquote.co.uk/t/custom-edge-projects,myjobquote
Prestige properties,,Builder,,,4.2,10,,ID Checked,,,2019,https://www.myjobquote.co.uk/t/prestige-properties,myjobquote
P.meechan Brickwork & stonework,,Builder,,,4.2,1,,,,,2021,https://www.myjobquote.co.uk/t/pmeechan-brickwork-stonework,myjobquote
E.P.M Emerie Property Maintenance,,Builder,,,5,3,,,,,2020,https://www.myjobquote.co.uk/t/epm-emerie-property-maintenance,myjobquote
GK.Builders Limited,,Builder,,,5,2,,ID Checked,,,2004,https://www.myjobquote.co.uk/t/gkbuilders-limited,myjobquote
WPG All Jobs,,Builder,,,4.7,3,,ID Checked,,,2020,https://www.myjobquote.co.uk/t/wpg-all-jobs,myjobquote
Kamil Leszczynski,,Builder,,,4.8,6,,ID Checked,,,2017,https://www.myjobquote.co.uk/t/kamil-leszczynski,myjobquote
RolandKeszeg,,Builder,,,4.8,2,,ID Checked,,,2020,https://www.myjobquote.co.uk/t/rolandkeszeg,myjobquote
I was delivery Rider,,Builder,,,4.68,0,,ID Checked,,,Nov 2020,https://www.myjobquote.co.uk/t/i-was-delivery-rider,myjobquote
I was delivery Rider,,Builder,,,4.68,0,,,,,Feb 2026,https://www.myjobquote.co.uk/t/tl-projects,myjobquote
TL Projects,,Builder,,,4.68,0,,ID Checked,,,2016,https://www.myjobquote.co.uk/t/karol-repairs-renovations,myjobquote
mykola,,Builder,,,4.68,0,,ID Checked,,,Sep 2025,https://www.myjobquote.co.uk/t/mykola-20,myjobquote
mykola,,Builder,,,4.68,0,,ID Checked,,,Feb 2026,https://www.myjobquote.co.uk/t/robert-frew,myjobquote
Robert Frew,,Builder,,,4.68,0,,ID Checked,,,Jan 2024,https://www.myjobquote.co.uk/t/al-joinery,myjobquote
Jd contracts,,Builder,,,4.68,0,,ID Checked,,,2001,https://www.myjobquote.co.uk/t/jd-contracts,myjobquote
DS JOINERS,,Builder,,,4.68,0,,ID Checked,,,2022,https://www.myjobquote.co.uk/t/ds-joiners,myjobquote
Aurel sr,,Builder,,,4.68,0,,,,,Nov 2024,https://www.myjobquote.co.uk/t/aurel-sr,myjobquote
MacDonald worx,,Builder,,,5,2,,ID Checked,,,2010,https://www.myjobquote.co.uk/t/macdonald-worx,myjobquote
A W JOINERS LIMITED,,Builder,,,4.68,0,,ID Checked,,,2018,https://www.myjobquote.co.uk/t/a-w-joiners-limited,myjobquote
Zechariah,,Builder,,,4.68,0,,ID Checked,,,Jan 2018,https://www.myjobquote.co.uk/t/zechariah,myjobquote
Varsity Joiners Ltd,,Builder,,,4.68,0,,ID Checked,,,2018,https://www.myjobquote.co.uk/t/varsity-joiners-ltd,myjobquote
JM maintainence,,Builder,,,4.68,0,,ID Checked,,,2009,https://www.myjobquote.co.uk/t/jm-maintainence,myjobquote
JM maintainence,,Builder,,,4.68,0,,ID Checked,,,2023,https://www.myjobquote.co.uk/t/pro-glaze-group-scotland-limited,myjobquote
Charlie Stewart,,Builder,,,4.68,0,,ID Checked,,,Feb 2025,https://www.myjobquote.co.uk/t/charlie-stewart-1,myjobquote
Alastair buchanan,,Builder,,,4.68,0,,,,,Jun 2023,https://www.myjobquote.co.uk/t/alastair-buchanan,myjobquote
KD property group,,Builder,,,4.68,0,,,,,Apr 2023,https://www.myjobquote.co.uk/t/kd-property-group,myjobquote
M&M Building Solutions,,Builder,,,5,9,,,,,2013,https://www.myjobquote.co.uk/t/mm-building-solutions,myjobquote
SM Construction,,Builder,,,5,1,,ID Checked,,,2009,https://www.myjobquote.co.uk/t/sm-construction-1,myjobquote
CL Joinery,,Builder,,,4.68,0,,ID Checked,,,May 2020,https://www.myjobquote.co.uk/t/cl-joinery-2,myjobquote
Livingstone builders,,Builder,,,4.68,0,,ID Checked,,,2001,https://www.myjobquote.co.uk/t/livingstone-builders,myjobquote
Steven Wilson Joinery,,Builder,,,4.68,0,,Public Liability Insurance,,,Sep 2023,https://www.myjobquote.co.uk/t/steven-wilson-joinery,myjobquote
R.M Joinery Building Services LTD,,Builder,,,4.68,0,,ID Checked,,,Jun 2025,https://www.myjobquote.co.uk/t/rm-joinery-building-services-ltd,myjobquote
Craig,,Builder,,,4.68,0,,ID Checked,,,Aug 2024,https://www.myjobquote.co.uk/t/craig-100,myjobquote
Craig,,Builder,,,4.68,0,,ID Checked,,,Feb 2026,https://www.myjobquote.co.uk/t/harpreet-singh-9,myjobquote
Harpreet singh,,Builder,,,4.68,0,,ID Checked,,,2020,https://www.myjobquote.co.uk/t/laister-construction,myjobquote
Wardlaw construction,,Builder,,,4.68,0,,ID Checked,,,Jun 2025,https://www.myjobquote.co.uk/t/wardlaw-construction,myjobquote
Wardlaw construction,,Builder,,,4.68,0,,ID Checked,,,Sep 2024,https://www.myjobquote.co.uk/t/central-property-care-1,myjobquote
Adamsol synergy ltd,,Builder,,,4.68,0,,,,,Feb 2026,https://www.myjobquote.co.uk/t/adamsol-synergy-ltd,myjobquote
Adamsol synergy ltd,,Builder,,,4.68,0,,ID Checked,,,2022,https://www.myjobquote.co.uk/t/rcj-build,myjobquote
Kelpie construction Ltd,,Builder,,,4.68,0,,ID Checked,,,Sep 2023,https://www.myjobquote.co.uk/t/kelpie-construction-ltd,myjobquote
"Robert Painting , Decorating and Joinery",,Builder,,,4.68,0,,ID Checked,,,2023,https://www.myjobquote.co.uk/t/robert-painting-decorating-and-joinery,myjobquote
SES Renovations Ltd,,Builder,,,4.68,0,,ID Checked,,,2020,https://www.myjobquote.co.uk/t/ses-renovations-ltd,myjobquote
Freedon joinery and building contractor,,Builder,,,4.68,0,,ID Checked,,,Sep 2022,https://www.myjobquote.co.uk/t/freedon-joinery-and-building-contractor,myjobquote
Pat Building Service LTD,,Builder,,,4.68,0,,ID Checked,,,2019,https://www.myjobquote.co.uk/t/pat-building-service-ltd,myjobquote
DarioMarian LTD,,Builder,,,4.68,0,,ID Checked,,,Jan 2023,https://www.myjobquote.co.uk/t/dariomarian-ltd,myjobquote
Aleksejs,,Builder,,,4.68,0,,,,,,https://www.myjobquote.co.uk/t/aleksejs,myjobquote
KManston Carpentry,,Builder,,,4.68,0,,,,,2001,https://www.myjobquote.co.uk/t/kmanston-carpentry,myjobquote
Clyde construction and joinery Ltd,,Builder,,,4.68,0,,,,,2011,https://www.myjobquote.co.uk/t/clyde-construction-and-joinery-ltd,myjobquote
CPR Restorations,,Builder,,,4.68,0,,ID Checked,,,Nov 2024,https://www.myjobquote.co.uk/t/cpr-restorations,myjobquote
CPR Restorations,,Builder,,,4.68,0,,ID Checked,,,2014,https://www.myjobquote.co.uk/t/singhconstructionglasgow-at-gmailcom,myjobquote
nonononono,,Builder,,,4.68,0,,ID Checked,,,Jun 2023,https://www.myjobquote.co.uk/t/nonononono,myjobquote
nonononono,,Builder,,,4.68,0,,ID Checked,,,Jun 2024,https://www.myjobquote.co.uk/t/assured-building-contractors-scotland-ltd,myjobquote
Project3 Homes LTD,,Builder,,,4.68,0,,ID Checked,,,Dec 2023,https://www.myjobquote.co.uk/t/project3-homes-ltd,myjobquote
Scott Cramb Construction Ltd,,Builder,,,4.68,0,,ID Checked,,,Feb 2026,https://www.myjobquote.co.uk/t/scott-cramb-construction-ltd,myjobquote
Scott Cramb Construction Ltd,,Builder,,,4.68,0,,ID Checked,,,Jul 2023,https://www.myjobquote.co.uk/t/rikki-paving,myjobquote
R&m roofing and roughcasting contractors,,Builder,,,4.68,0,,ID Checked,,,Mar 2025,https://www.myjobquote.co.uk/t/rm-roofing-and-roughcasting-contractors,myjobquote
R&m roofing and roughcasting contractors,,Builder,,,4.68,0,,,,,Apr 2024,https://www.myjobquote.co.uk/t/alexander-mcgill,myjobquote
buildbuzz creation,,Builder,,,4.68,0,,ID Checked,,,2017,https://www.myjobquote.co.uk/t/buildbuzz-creation,myjobquote
JS Projects Scotland Ltd,,Builder,,,4.68,0,,ID Checked,,,2008,https://www.myjobquote.co.uk/t/js-projects-scotland-ltd,myjobquote
L&L building contractors,,Builder,,,4.68,0,,ID Checked,,,2008,https://www.myjobquote.co.uk/t/ll-building-contractors,myjobquote
Henryk Zakrzewski,,Builder,,,5,3,,ID Checked,,,2016,https://www.myjobquote.co.uk/t/henryk-zakrzewski,myjobquote
nmh plastering services,,Builder,,,5,1,,ID Checked,,,2010,https://www.myjobquote.co.uk/t/nmh-plastering-services,myjobquote
Rohan,,Builder,,,4.68,0,,ID Checked,,,Mar 2017,https://www.myjobquote.co.uk/t/rohan-6,myjobquote
Rohan,,Builder,,,4.68,0,,Public Liability Insurance,,,Nov 2024,https://www.myjobquote.co.uk/t/jm-joiners-1,myjobquote
CLB&M Builders,,Builder,,,4.68,0,,Public Liability Insurance,,,Mar 2023,https://www.myjobquote.co.uk/t/clbm-builders,myjobquote
K&D Joiners,,Builder,,,4.68,0,,,,,Jun 2023,https://www.myjobquote.co.uk/t/kd-joiners,myjobquote
Heryy,,Builder,,,4.68,0,,,,,Feb 2024,https://www.myjobquote.co.uk/t/heryy,myjobquote
Heryy,,Builder,,,4.68,0,,,,,Mar 2023,https://www.myjobquote.co.uk/t/signet-group-scotland-limited,myjobquote
Krisztian Elekes,,Builder,,,4.68,0,,,,,Feb 2026,https://www.myjobquote.co.uk/t/krisztian-elekes,myjobquote
WOZ Contracts,,Builder,,,4.68,0,,ID Checked,,,Oct 2025,https://www.myjobquote.co.uk/t/woz-contracts,myjobquote
WOZ Contracts,,Builder,,,4.68,0,,ID Checked,,,Feb 2024,https://www.myjobquote.co.uk/t/caiden-2,myjobquote
Caiden,,Builder,,,4.68,0,,,,,Oct 2023,https://www.myjobquote.co.uk/t/joseph-98,myjobquote
joseph,,Builder,,,4.68,0,,,,,Nov 2024,https://www.myjobquote.co.uk/t/timber-sheild,myjobquote
Clark and watters,,Builder,,,4.68,0,,,,,Jan 2026,https://www.myjobquote.co.uk/t/clark-and-watters,myjobquote
Craig,,Builder,,,4.68,0,,,,,Sep 2025,https://www.myjobquote.co.uk/t/craig-17,myjobquote
The Caledonia Group,,Builder,,,4.68,0,,,,,Aug 2024,https://www.myjobquote.co.uk/t/the-caledonia-group,myjobquote
The Caledonia Group,,Builder,,,4.68,0,,,,,Aug 2024,https://www.myjobquote.co.uk/t/deep1234,myjobquote
Deep1234,,Builder,,,4.68,0,,,,,Oct 2023,https://www.myjobquote.co.uk/t/pawel-56,myjobquote
Pawel,,Builder,,,4.68,0,,,,,Mar 2025,https://www.myjobquote.co.uk/t/liam-baillie,myjobquote
Manny,,Builder,,,4.68,0,,,,,May 2023,https://www.myjobquote.co.uk/t/scott-saunders-1,myjobquote
Jimmy,,Builder,,,4.68,0,,ID Checked,,,Jul 2025,https://www.myjobquote.co.uk/t/premier-garage-conversions,myjobquote
As Brothers Construction,,Builder,,,4.68,0,,ID Checked,,,2012,https://www.myjobquote.co.uk/t/gd-building-services-1,myjobquote
KGjoinery,,Builder,,,5,1,,ID Checked,,,Dec 2025,https://www.myjobquote.co.uk/t/kgjoinery,myjobquote
Renovation roofing and building,,Builder,,,5,1,,ID Checked,,,Dec 2023,https://www.myjobquote.co.uk/t/renovation-roofing-and-building,myjobquote
Bright Worx Scotland,,Builder,,,5,7,,ID Checked,,,2017,https://www.myjobquote.co.uk/t/bright-worx-scotland,myjobquote
BR Home Solutions,,Builder,,,4.68,0,,ID Checked,,,Jan 2019,https://www.myjobquote.co.uk/t/br-home-solutions,myjobquote
Saltire property maintenance,,Builder,,,4.68,0,,,,,Feb 2025,https://www.myjobquote.co.uk/t/saltire-property-maintenance,myjobquote
DLD contractors,,Builder,,,5,11,,ID Checked,,,2021,https://www.myjobquote.co.uk/t/dld-contractors,myjobquote
MacDonald contracts,,Builder,,,3.7,3,,,,,2008,https://www.myjobquote.co.uk/t/macdonald-contracts,myjobquote
Elite plumbing and joinery ltd,,Builder,,,5,3,,ID Checked,,,2010,https://www.myjobquote.co.uk/t/elite-plumbing-and-joinery-ltd,myjobquote
Bradley,,Builder,,,5,4,,ID Checked,,,2012,https://www.myjobquote.co.uk/t/bradley-102,myjobquote
T.POTTER & SONS BUILDERS LTD.,,Builder,,,5,3,,ID Checked,,,1974,https://www.myjobquote.co.uk/t/tpotter-sons-builders-ltd,myjobquote
M R CONTRACTORS,,Builder,,,4.68,0,,ID Checked,,,Apr 2021,https://www.myjobquote.co.uk/t/m-r-contractors,myjobquote
Eleganza Kitchens and Bathrooms Limited,,Builder,,,4.68,0,,ID Checked,,,Sep 2023,https://www.myjobquote.co.uk/t/eleganza-kitchens-and-bathrooms-limited,myjobquote
CUBE REtreat,,Builder,,,4.68,0,,ID Checked,,,May 2025,https://www.myjobquote.co.uk/t/cube-retreat,myjobquote
Holdfast construction ltd,,Builder,,,4.68,0,,ID Checked,,,2023,https://www.myjobquote.co.uk/t/holdfast-construction-ltd,myjobquote
CPR Restorations,,Builder,,,4.68,0,,ID Checked,,,2024,https://www.myjobquote.co.uk/t/aj-build-manage-ltd,myjobquote
SL Group,,Builder,,,4.68,0,,ID Checked,,,Jan 2024,https://www.myjobquote.co.uk/t/sl-group,myjobquote
DontStop,,Builder,,,4.68,0,,,,,Feb 2024,https://www.myjobquote.co.uk/t/dontstop,myjobquote
Karen,,Builder,,,4.68,0,,ID Checked,,,Nov 2024,https://www.myjobquote.co.uk/t/karen-11,myjobquote
Egan contracts ltd,,Builder,,,4.68,0,,ID Checked,,,Feb 2025,https://www.myjobquote.co.uk/t/egan-contracts-ltd,myjobquote
Blasting tail,,Builder,,,4.68,0,,,,,May 2025,https://www.myjobquote.co.uk/t/s2s-contractors,myjobquote
Thistle Home Renovations,,Builder,,,4.68,0,,ID Checked,,,2019,https://www.myjobquote.co.uk/t/thistle-home-renovations,myjobquote
Elder ltd,,Builder,,,4.68,0,,ID Checked,,,Jan 2019,https://www.myjobquote.co.uk/t/elder-ltd,myjobquote
Apex damp proofing,,Builder,,,5,2,,ID Checked; Public Liability Insurance,,,2008,https://www.myjobquote.co.uk/t/apex-damp-proofing,myjobquote
REX Construction,,Builder,,,5,4,,ID Checked,,,2015,https://www.myjobquote.co.uk/t/rex-construction,myjobquote
WBuild,,Builder,,,5,4,,ID Checked,,,2015,https://www.myjobquote.co.uk/t/wbuild,myjobquote
JN Building Services & Property Development Limited,,Builder,,,5,1,,ID Checked; Public Liability Insurance,,,2025,https://www.myjobquote.co.uk/t/jn-building-services-property-development-limited,myjobquote
M j ceretti builders,,Builder,,,5,1,,ID Checked,,,2004,https://www.myjobquote.co.uk/t/m-j-ceretti-builders,myjobquote
LARH Construction,,Builder,,,5,4,,ID Checked,,,1999,https://www.myjobquote.co.uk/t/larh-construction,myjobquote
Rayan Haris Builders,,Builder,,,5,2,,ID Checked,,,2018,https://www.myjobquote.co.uk/t/rayan-haris-builders,myjobquote
Tanvir,,Builder,,,4.68,0,,ID Checked,,,Jan 2021,https://www.myjobquote.co.uk/t/tanvir-2,myjobquote
Tanvir,,Builder,,,4.68,0,,ID Checked,,,Dec 2022,https://www.myjobquote.co.uk/t/ariea,myjobquote
Ariea,,Builder,,,4.68,0,,ID Checked,,,2020,https://www.myjobquote.co.uk/t/imperial-buildinglandscaping,myjobquote
Humble growth,,Builder,,,4.68,0,,ID Checked,,,2008,https://www.myjobquote.co.uk/t/humble-growth,myjobquote
Capital Construction SW LTD,,Builder,,,4.68,0,,ID Checked,,,Mar 2019,https://www.myjobquote.co.uk/t/capital-construction-sw-ltd,myjobquote
Tradeprice developments,,Builder,,,4.68,0,,ID Checked,,,Feb 2017,https://www.myjobquote.co.uk/t/tradeprice-developments,myjobquote
Tradeprice developments,,Builder,,,4.68,0,,ID Checked,,,Sep 2024,https://www.myjobquote.co.uk/t/fixxed-2,myjobquote
Fixxed,,Builder,,,4.68,0,,ID Checked,,,2023,https://www.myjobquote.co.uk/t/casa-construction-2,myjobquote
jonathan connor,,Builder,,,4.68,0,,ID Checked,,,2023,https://www.myjobquote.co.uk/t/jonathan-connor,myjobquote
KP contractors,,Builder,,,5,1,,ID Checked,,,Jun 2024,https://www.myjobquote.co.uk/t/kp-contractors,myjobquote
Gorilla Build,,Builder,,,4.68,0,07418317645,ID Checked,,,2010,https://www.myjobquote.co.uk/t/gorilla-build,myjobquote
Star Home Improvements Ltd,,Builder,,,4.68,0,,ID Checked,,,2020,https://www.myjobquote.co.uk/t/star-home-improvements-ltd,myjobquote
Szot Construction Ltd,,Builder,,,4.68,0,,ID Checked,,,2019,https://www.myjobquote.co.uk/t/szot-construction-ltd,myjobquote
Szot Construction Ltd,,Builder,,,4.68,0,,ID Checked,,,Jan 2025,https://www.myjobquote.co.uk/t/billa-2,myjobquote
billa,,Builder,,,4.68,0,,ID Checked,,,2021,https://www.myjobquote.co.uk/t/ellsworth-maintenance,myjobquote
IP Industrial Services Ltd,,Builder,,,4.68,0,,ID Checked,,,Jan 2022,https://www.myjobquote.co.uk/t/ip-industrial-services-ltd,myjobquote
IP Industrial Services Ltd,,Builder,,,4.68,0,,,,,Oct 2024,https://www.myjobquote.co.uk/t/sd-handyman-ltd,myjobquote
Martin Builder,,Builder,,,4.68,0,,ID Checked,,,2024,https://www.myjobquote.co.uk/t/martin-builder,myjobquote
R d landscaping,,Builder,,,4.68,0,,ID Checked,,,Dec 2023,https://www.myjobquote.co.uk/t/r-d-landscaping,myjobquote
R d landscaping,,Builder,,,4.68,0,,ID Checked,,,2014,https://www.myjobquote.co.uk/t/operate-excavate-ltd-1,myjobquote
Adam Edmonds,,Builder,,,4.68,0,,ID Checked,,,Feb 2023,https://www.myjobquote.co.uk/t/adam-edmonds,myjobquote
Wright Renovations,,Builder,,,4.68,0,,ID Checked,,,2012,https://www.myjobquote.co.uk/t/wright-renovations-2,myjobquote
Rennco ltd,,Builder,,,4.68,0,,ID Checked,,,Apr 2025,https://www.myjobquote.co.uk/t/rennco-ltd,myjobquote
Astons Home Improvements,,Builder,,,4.68,0,,ID Checked,,,2010,https://www.myjobquote.co.uk/t/astons-home-improvements-1,myjobquote
RDF BUILDING &construction,,Builder,,,4.68,0,,ID Checked,,,Apr 2024,https://www.myjobquote.co.uk/t/rdf-building-construction,myjobquote
Ellis Building & Sons,,Builder,,,4.68,0,,ID Checked,,,Feb 2026,https://www.myjobquote.co.uk/t/ellis-building-sons,myjobquote
Apex Home Solutions Ltd,,Builder,,,4.68,0,,ID Checked,,,2006,https://www.myjobquote.co.uk/t/apex-home-solutions-ltd,myjobquote
AH carpentry @ plastering,,Builder,,,4.68,0,,ID Checked,,,2023,https://www.myjobquote.co.uk/t/ah-carpentry-at-plastering,myjobquote
ESB Building & Maintenance,,Builder,,,4.68,0,,ID Checked,,,2015,https://www.myjobquote.co.uk/t/esb-building-maintenance,myjobquote
RAB Construction,,Builder,,,4.68,0,,ID Checked,,,Nov 2025,https://www.myjobquote.co.uk/t/rab-construction,myjobquote
JPR Carpentry and Building Services Ltd,,Builder,,,4.68,0,,ID Checked,,,2016,https://www.myjobquote.co.uk/t/jpr-carpentry-and-building-services-ltd,myjobquote
Llewellyn Developments Ltd,,Builder,,,4.68,0,,ID Checked,,,2020,https://www.myjobquote.co.uk/t/llewellyn-developments-ltd,myjobquote
MCS Construction & Developments,,Builder,,,4.68,0,,ID Checked,,,2012,https://www.myjobquote.co.uk/t/mcs-construction-developments,myjobquote
TCB Construction Cardiff,,Builder,,,4.68,0,,ID Checked,,,Feb 2021,https://www.myjobquote.co.uk/t/tcb-construction-cardiff,myjobquote
Andy Davies,,Builder,,,4.68,0,,ID Checked; Public Liability Insurance,,,1985,https://www.myjobquote.co.uk/t/andy-davies,myjobquote
A D W builders,,Builder,,,4.68,0,,ID Checked,,,Jan 2020,https://www.myjobquote.co.uk/t/a-d-w-builders,myjobquote
T&O construction ltd,,Builder,,,4.68,0,,ID Checked,,,2021,https://www.myjobquote.co.uk/t/to-construction-ltd,myjobquote
churchfield construction,,Builder,,,4.68,0,,ID Checked,,,Oct 2023,https://www.myjobquote.co.uk/t/churchfield-construction,myjobquote
G P Jones Builders (Wales),,Builder,,,4.68,0,,,,,2016,https://www.myjobquote.co.uk/t/g-p-jones-builders-wales,myjobquote
DotLen Construction,,Builder,,,4.68,0,,ID Checked,,,2024,https://www.myjobquote.co.uk/t/dotlen-construction,myjobquote
S J Clarke Building,,Builder,,,5,2,,ID Checked,,,Feb 2025,https://www.myjobquote.co.uk/t/s-j-clarke-building,myjobquote
RITESTONE CONSTUCTION Ltd,,Builder,,,5,4,,ID Checked,,,Oct 2024,https://www.myjobquote.co.uk/t/ritestone-constuction-ltd,myjobquote
Able Property Services,,Builder,,,5,1,,ID Checked,,,1990,https://www.myjobquote.co.uk/t/able-property-services,myjobquote
Mf and sons,,Builder,,,4.68,0,,ID Checked,,,May 2022,https://www.myjobquote.co.uk/t/mf-and-sons,myjobquote
JB plumbing,,Builder,,,4.68,0,,ID Checked; Public Liability Insurance,,,Oct 2022,https://www.myjobquote.co.uk/t/jb-plumbing-9,myjobquote
JB plumbing,,Builder,,,4.68,0,,,,,Nov 2023,https://www.myjobquote.co.uk/t/tomos-hewitt-construction,myjobquote
Tomos Hewitt Construction,,Builder,,,4.68,0,,,,,Sep 2024,https://www.myjobquote.co.uk/t/johnconibeer,myjobquote
JohnConibeer,,Builder,,,4.68,0,,,,,2007,https://www.myjobquote.co.uk/t/robert-217,myjobquote
Gethin baber,,Builder,,,4.68,0,,,,,Jun 2025,https://www.myjobquote.co.uk/t/gethin-baber,myjobquote
S and roofing  building and fencing,,Builder,,,4.68,0,,,,,Feb 2023,https://www.myjobquote.co.uk/t/s-and-roofing-building-and-fencing,myjobquote
SRG - Limited,,Builder,,,4.68,0,,,,,Jan 2025,https://www.myjobquote.co.uk/t/srg-limited,myjobquote
DSJ LTD,,Builder,,,4.68,0,,,,,Aug 2023,https://www.myjobquote.co.uk/t/dsj-ltd-1,myjobquote
DSJ LTD,,Builder,,,4.68,0,,,,,Aug 2023,https://www.myjobquote.co.uk/t/chris-edwards-1,myjobquote
Chris Edwards,,Builder,,,4.68,0,,,,,Feb 2026,https://www.myjobquote.co.uk/t/cityskim,myjobquote
Cityskim,,Builder,,,4.68,0,,,,,Sep 2023,https://www.myjobquote.co.uk/t/c-horlor-builder,myjobquote
C horlor  builder,,Builder,,,4.68,0,,ID Checked,,,Sep 2025,https://www.myjobquote.co.uk/t/build-buddies,myjobquote
EnBee Construction Ltd,,Builder,,,4.68,0,,ID Checked,,,2017,https://www.myjobquote.co.uk/t/enbee-construction-ltd,myjobquote
EnBee Construction Ltd,,Builder,,,4.68,0,,ID Checked,,,Apr 2023,https://www.myjobquote.co.uk/t/x1-group-w,myjobquote
Home vision,,Builder,,,4.68,0,,,,,Nov 2023,https://www.myjobquote.co.uk/t/home-vision-1,myjobquote
Forty builders ltd,,Builder,,,4.68,0,,ID Checked,,,2015,https://www.myjobquote.co.uk/t/forty-builders-ltd,myjobquote
Impressions builders Cardiff,,Builder,,,4.68,0,,ID Checked,,,Jan 2025,https://www.myjobquote.co.uk/t/impressions-builders-cardiff,myjobquote
RENNconstructuction,,Builder,,,5,1,,ID Checked,,,Apr 2017,https://www.myjobquote.co.uk/t/rennconstructuction,myjobquote
Webuild Cymru,,Builder,,,5,1,,ID Checked,,,1994,https://www.myjobquote.co.uk/t/webuild-cymru-1,myjobquote
Capewell’s home improvements & son’s,,Builder,,,5,4,,ID Checked,,,2022,https://www.myjobquote.co.uk/t/capewells-home-improvements-sons,myjobquote
Richwoodwindowdesigns,,Builder,,,5,6,07418369559,ID Checked,,,2004,https://www.myjobquote.co.uk/t/richwoodwindowdesigns,myjobquote
GN Electric & Renovation,,Builder,,,5,3,,ID Checked,,,2021,https://www.myjobquote.co.uk/t/gn-electric-renovation,myjobquote
"Spgbrickwork,building and landscaping",,Builder,,,5,1,,ID Checked,,,2018,https://www.myjobquote.co.uk/t/spgbrickworkbuilding-and-landscaping,myjobquote
TLC brickwork ltd,,Builder,,,5,1,,ID Checked,,,2024,https://www.myjobquote.co.uk/t/tlc-brickwork-ltd,myjobquote
D.R Jones,,Builder,,,5,1,,ID Checked,,,2020,https://www.myjobquote.co.uk/t/dr-jones,myjobquote
JP Ground and Developments,,Builder,,,5,1,,ID Checked,,,Aug 2025,https://www.myjobquote.co.uk/t/jp-ground-and-developments,myjobquote
Design & Renew Ltd,,Builder,,,5,1,,ID Checked,,,2024,https://www.myjobquote.co.uk/t/design-renew-ltd,myjobquote
Mastercraft Builders Ltd,,Builder,,,4,13,,ID Checked,,,Jan 2024,https://www.myjobquote.co.uk/t/mastercraft-builders-ltd,myjobquote
J/n plumbing &building,,Builder,,,5,7,,ID Checked,,,1985,https://www.myjobquote.co.uk/t/jn-plumbing-building,myjobquote
Newport Building And Home Improvements,,Builder,,,5,12,,ID Checked,,,2012,https://www.myjobquote.co.uk/t/newport-building-and-home-improvements,myjobquote
j h wright & son building & roofing contractor,,Builder,,,5,1,,ID Checked,,,Sep 2021,https://www.myjobquote.co.uk/t/j-h-wright-son-building-roofing-contractor,myjobquote
KMDM BUILDING SERVICES,,Builder,,,5,2,07451278987,ID Checked; Public Liability Insurance,,,2012,https://www.myjobquote.co.uk/t/kmdm-building-services,myjobquote
WOW Builder Last construction,,Builder,,,5,1,,ID Checked; Public Liability Insurance,,,Nov 2017,https://www.myjobquote.co.uk/t/wow-builder-last-construction,myjobquote
Cll Contracting,,Builder,,,4.8,35,,ID Checked,,,2002,https://www.myjobquote.co.uk/t/cll-contracting,myjobquote
Sudalb Construction,,Builder,,,5,1,,ID Checked,,,2019,https://www.myjobquote.co.uk/t/sudalb-construction,myjobquote
Orange stone construction,,Builder,,,5,1,,ID Checked,,,Sep 2024,https://www.myjobquote.co.uk/t/orange-stone-construction,myjobquote
Anderson Building & Maintenance,,Builder,,,4.7,10,,ID Checked,,,2024,https://www.myjobquote.co.uk/t/anderson-building-maintenance,myjobquote
Checkmate Building,,Builder,,,5,2,,ID Checked,,,Jan 2025,https://www.myjobquote.co.uk/t/checkmate-building,myjobquote
ROJ Property Maintenance,,Builder,,,5,4,,ID Checked,,,2015,https://www.myjobquote.co.uk/t/roj-property-maintenance,myjobquote
Skilled Craftsmen Ltd,,Builder,,,5,1,,ID Checked,,,2012,https://www.myjobquote.co.uk/t/skilled-craftsmen-ltd,myjobquote
S.welsh property services,,Builder,,,5,1,,ID Checked,,,2023,https://www.myjobquote.co.uk/t/swelsh-property-services,myjobquote
AJ joinery,,Builder,,,5,2,,ID Checked,,,2020,https://www.myjobquote.co.uk/t/aj-joinery-6,myjobquote
Forsi LTD,,Builder,,,4.68,0,,ID Checked,,,Jan 2024,https://www.myjobquote.co.uk/t/forsi-ltd,myjobquote
Beestons Property Services,,Builder,,,5,4,,ID Checked; Public Liability Insurance,,,1996,https://www.myjobquote.co.uk/t/beestons-property-services,myjobquote
Lj developments,,Builder,,,5,1,,ID Checked,,,2015,https://www.myjobquote.co.uk/t/lj-developments,myjobquote
Wrexham Building & Joinery Ltd,,Builder,,,4.68,0,,ID Checked,,,Nov 2025,https://www.myjobquote.co.uk/t/wrexham-building-joinery-ltd-1,myjobquote
CIAN builders,,Builder,,,4.68,0,,,,,Aug 2022,https://www.myjobquote.co.uk/t/cian-builders,myjobquote
CIAN builders,,Builder,,,4.68,0,,,,,May 2022,https://www.myjobquote.co.uk/t/honeycomb-construction,myjobquote
Philly construction,,Builder,,,4.68,0,,ID Checked; Public Liability Insurance,,,2007,https://www.myjobquote.co.uk/t/philly-construction,myjobquote
A&dprobuild,,Builder,,,4.68,0,,Public Liability Insurance,,,Dec 2025,https://www.myjobquote.co.uk/t/adprobuild,myjobquote
elite contractors limited,,Builder,,,4.68,0,,ID Checked,,,2020,https://www.myjobquote.co.uk/t/elite-contractors-limited,myjobquote
Bill and son paving specialists,,Builder,,,4.68,0,,ID Checked,,,Dec 2025,https://www.myjobquote.co.uk/t/bill-and-son-paving-specialists,myjobquote
N.M brickwork,,Builder,,,4.68,0,,ID Checked,,,Sep 2023,https://www.myjobquote.co.uk/t/nm-brickwork,myjobquote
N.M brickwork,,Builder,,,4.68,0,,ID Checked,,,Nov 2024,https://www.myjobquote.co.uk/t/gavin-wiggins-paving-building,myjobquote
Bulkowski74,,Builder,,,4.68,0,,,,,Jan 2022,https://www.myjobquote.co.uk/t/bulkowski74,myjobquote
Bulkowski74,,Builder,,,4.68,0,,,,,2023,https://www.myjobquote.co.uk/t/p-r-builders,myjobquote
P r builders,,Builder,,,4.68,0,,,,,Feb 2023,https://www.myjobquote.co.uk/t/raven-developments,myjobquote
Raven Developments,,Builder,,,5,2,,ID Checked,,,2025,https://www.myjobquote.co.uk/t/paul-builder-groundwork,myjobquote
TSS Building Services,,Builder,,,5,1,,ID Checked,,,1990,https://www.myjobquote.co.uk/t/tss-building-services,myjobquote
Jayden&#039;s Property Services,,Builder,,,5,3,,ID Checked,,,2025,https://www.myjobquote.co.uk/t/jaydens-property-services,myjobquote
A grainger.building &landscaping,,Builder,,,5,1,,ID Checked,,,1997,https://www.myjobquote.co.uk/t/a-graingerbuilding-landscaping,myjobquote
jd & sons,,Builder,,,4.68,0,,,,,1994,https://www.myjobquote.co.uk/t/jd-sons-1,myjobquote
Omari Carpentry,,Builder,,,4.68,0,,ID Checked,,,May 2024,https://www.myjobquote.co.uk/t/omari-carpentry,myjobquote
Db plastering.com,,Builder,,,4.68,0,,ID Checked,,,Feb 2025,https://www.myjobquote.co.uk/t/db-plasteringcom,myjobquote
Db plastering.com,,Builder,,,4.68,0,,ID Checked,,,2016,https://www.myjobquote.co.uk/t/hsm-builders-ltd,myjobquote
J.W.Pearce. Building & Plastering,,Builder,,,4.68,0,,ID Checked,,,2010,https://www.myjobquote.co.uk/t/jwpearce-building-plastering,myjobquote
C B construction,,Builder,,,4.68,0,,ID Checked,,,Jul 2017,https://www.myjobquote.co.uk/t/c-b-construction-1,myjobquote
C B construction,,Builder,,,4.68,0,,ID Checked,,,Feb 2024,https://www.myjobquote.co.uk/t/dn-joinery-2,myjobquote
A&D Probuild,,Builder,,,4.68,0,,ID Checked,,,2021,https://www.myjobquote.co.uk/t/ad-probuild,myjobquote
Willow,,Builder,,,4.68,0,,ID Checked,,,Jul 2024,https://www.myjobquote.co.uk/t/willow-1,myjobquote
TWEC DEvelopments Ltd,,Builder,,,4.68,0,,ID Checked,,,2010,https://www.myjobquote.co.uk/t/twec-developments-ltd,myjobquote
TWEC DEvelopments Ltd,,Builder,,,4.68,0,,ID Checked,,,2020,https://www.myjobquote.co.uk/t/dave-edwards,myjobquote
Evri Construction ltd,,Builder,,,4.68,0,,ID Checked,,,2012,https://www.myjobquote.co.uk/t/evri-construction-ltd,myjobquote
Mike griffiths builders,,Builder,,,4.68,0,,ID Checked,,,Nov 2025,https://www.myjobquote.co.uk/t/mike-griffiths-builders,myjobquote
JJJ BRICKWORK LIMITED,,Builder,,,4.68,0,,,,,Jun 2023,https://www.myjobquote.co.uk/t/jjj-brickwork-limited,myjobquote
JJJ BRICKWORK LIMITED,,Builder,,,4.68,0,,ID Checked,,,Mar 2024,https://www.myjobquote.co.uk/t/dljbrickwork,myjobquote
Dljbrickwork,,Builder,,,4.68,0,,ID Checked,,,Mar 2024,https://www.myjobquote.co.uk/t/k-f-brickworks-nw-ltd,myjobquote
Sarlm Mcone,,Builder,,,4.68,0,,ID Checked,,,Apr 2022,https://www.myjobquote.co.uk/t/sarlm-mcone,myjobquote
Cascade building solutions ltd,,Builder,,,5,1,07418362483,ID Checked; Public Liability Insurance,,,2024,https://www.myjobquote.co.uk/t/cascade-building-solutions-ltd-1,myjobquote
Barry Giff,,Builder,,,5,1,,ID Checked; Public Liability Insurance,,,Feb 2026,https://www.myjobquote.co.uk/t/barry-giff,myjobquote
Brickwork Direct,,Builder,,,5,1,,ID Checked,,,1989,https://www.myjobquote.co.uk/t/brickwork-direct,myjobquote
Sealey Roofing&Building,,Builder,,,5,1,,ID Checked,,,2017,https://www.myjobquote.co.uk/t/sealey-roofingbuilding,myjobquote
David murtagh,,Builder,,,5,5,,ID Checked,,,2000,https://www.myjobquote.co.uk/t/david-murtagh,myjobquote
Masterplan Developments,,Builder,,,5,1,,ID Checked,,,2012,https://www.myjobquote.co.uk/t/masterplan-developments,myjobquote
AE QUALITYBUILD LTD,,Builder,,,5,2,,ID Checked; Public Liability Insurance,,,Jan 2026,https://www.myjobquote.co.uk/t/ae-qualitybuild-ltd,myjobquote
Birchy builders,,Builder,,,5,1,,ID Checked,,,2005,https://www.myjobquote.co.uk/t/birchy-builders,myjobquote
AW Plastering Solutions,,Builder,,,5,74,,ID Checked,,,2013,https://www.myjobquote.co.uk/t/aw-plastering-solutions,myjobquote
Build and Brick,,Builder,,,5,13,,ID Checked,,,2015,https://www.myjobquote.co.uk/t/build-and-brick,myjobquote
Honestus Roofing ltd,,Builder,,,5,5,07418374643,ID Checked,,,1994,https://www.myjobquote.co.uk/t/honestus-roofing-ltd,myjobquote
Aspire,,Builder,,,5,25,,ID Checked,,,2020,https://www.myjobquote.co.uk/t/aspire-1,myjobquote
Victoria builders,,Builder,,,5,1,,ID Checked,,,Mar 2024,https://www.myjobquote.co.uk/t/victoria-builders-1,myjobquote
FPS Renovations Ltd,,Builder,,,5,1,,ID Checked,,,2019,https://www.myjobquote.co.uk/t/fps-renovations-ltd,myjobquote
Property Fix,,Builder,,,5,26,,ID Checked; Public Liability Insurance,,,2018,https://www.myjobquote.co.uk/t/property-fix,myjobquote
Jacks Building and Garden services,,Builder,,,5,2,,ID Checked,,,2023,https://www.myjobquote.co.uk/t/jacks-building-and-garden-services,myjobquote
BG BUILDER,,Builder,,,5,1,,ID Checked,,,2025,https://www.myjobquote.co.uk/t/bg-builder,myjobquote
SimplexMD,,Builder,,,5,2,,ID Checked,,,2018,https://www.myjobquote.co.uk/t/simplexmd,myjobquote
AKL Electrical Services,,Builder,,,5,7,,ID Checked; Public Liability Insurance,,,2016,https://www.myjobquote.co.uk/t/akl-electrical-services,myjobquote
Property bro’s pointing and property maintenance,,Builder,,,5,1,,ID Checked,,,Aug 2023,https://www.myjobquote.co.uk/t/property-bros-pointing-and-property-maintenance,myjobquote
Buildstreet Ltd,,Builder,,,5,3,,ID Checked,,,2005,https://www.myjobquote.co.uk/t/buildstreet-ltd,myjobquote
Evolution Bricklaying & General Building Services,,Builder,,,5,2,,ID Checked,,,2024,https://www.myjobquote.co.uk/t/evolution-bricklaying-general-building-services,myjobquote
Jordan churchill,,Builder,,,5,2,,ID Checked,,,2017,https://www.myjobquote.co.uk/t/jordan-churchill,myjobquote
Noori Builders Ltd,,Builder,,,4.8,10,,ID Checked; Public Liability Insurance,,,2007,https://www.myjobquote.co.uk/t/noori-builders-ltd,myjobquote
R M Temple Handyman Services,,Builder,,,5,8,,ID Checked,,,1984,https://www.myjobquote.co.uk/t/r-m-temple-handyman-services,myjobquote
S. J. Brickwork/handyman jobs,,Builder,,,4,40,07441447179,ID Checked,,,2005,https://www.myjobquote.co.uk/t/s-j-brickworkhandyman-jobs,myjobquote
Hallows Construction,,Builder,,,5,1,,ID Checked,,,2008,https://www.myjobquote.co.uk/t/hallows-construction,myjobquote
The flooring company,,Builder,,,5,2,,ID Checked,,,Dec 2024,https://www.myjobquote.co.uk/t/the-flooring-company-1,myjobquote
Cheshire Plastering and Building Services,,Builder,,,4.6,44,,ID Checked,,,Jun 2024,https://www.myjobquote.co.uk/t/cheshire-plastering-and-building-services,myjobquote
BuildscapeUk,,Builder,,,4.6,1,,ID Checked,,,2000,https://www.myjobquote.co.uk/t/buildscapeuk,myjobquote
K Hill Brickwork and General Building Contractor,,Builder,,,5,5,,ID Checked,,,1983,https://www.myjobquote.co.uk/t/k-hill-brickwork-and-general-building-contractor-1,myjobquote
SD Building Services,,Builder,,,5,2,,ID Checked,,,2024,https://www.myjobquote.co.uk/t/sd-building-services-3,myjobquote
LJ groundwork’s & landscaping,,Builder,,,4.5,2,,ID Checked,,,2020,https://www.myjobquote.co.uk/t/lj-groundworks-landscaping,myjobquote
Marks Garden Improvements,,Builder,,,4.9,14,,ID Checked,,,Feb 2023,https://www.myjobquote.co.uk/t/marks-garden-improvements,myjobquote
Reyno,,Builder,,,5,2,,ID Checked,,,Aug 2023,https://www.myjobquote.co.uk/t/reyno,myjobquote
ThornBuild,,Builder,,,5,14,,ID Checked,,,2001,https://www.myjobquote.co.uk/t/thornbuild,myjobquote
Bespoke Build (NW) Ltd,,Builder,,,5,1,,ID Checked,,,2023,https://www.myjobquote.co.uk/t/bespoke-build-nw-ltd,myjobquote
Dnl homemaintenance,,Builder,,,5,1,,ID Checked,,,2010,https://www.myjobquote.co.uk/t/dnl-homemaintenance,myjobquote
Graham Daltrey,,Builder,,,5,4,,ID Checked,,,1989,https://www.myjobquote.co.uk/t/graham-daltrey,myjobquote
Kkh groundworks and civils,,Builder,,,4.68,0,,ID Checked,,,2020,https://www.myjobquote.co.uk/t/kkh-groundworks-and-civils,myjobquote
SWJ Brickwork,,Builder,,,4.68,0,,,,,Nov 2025,https://www.myjobquote.co.uk/t/swj-brickwork,myjobquote
SWJ Brickwork,,Builder,,,4.68,0,,ID Checked,,,2025,https://www.myjobquote.co.uk/t/resilientroofing,myjobquote
AB brickwork,,Builder,,,4.68,0,,ID Checked,,,Oct 2025,https://www.myjobquote.co.uk/t/ab-brickwork-1,myjobquote
T&K Groundworks & Garden Transformations,,Builder,,,4.68,0,,ID Checked,,,2021,https://www.myjobquote.co.uk/t/tk-groundworks-garden-transformations,myjobquote
Acorn landscaping contractors ltd,,Builder,,,4.68,0,,ID Checked; Public Liability Insurance,,,2000,https://www.myjobquote.co.uk/t/acorn-landscaping-contractors-ltd,myjobquote
C b plastering,,Builder,,,4.68,0,,ID Checked,,,2007,https://www.myjobquote.co.uk/t/c-b-plastering-1,myjobquote
Hughes environmental,,Builder,,,4.68,0,,ID Checked,,,Nov 2023,https://www.myjobquote.co.uk/t/hughes-environmental,myjobquote
A W Builders Oswestry,,Builder,,,4.68,0,,,,,Aug 2024,https://www.myjobquote.co.uk/t/a-w-builders-oswestry,myjobquote
Jr joinery & construction,,Builder,,,4.68,0,,ID Checked,,,Mar 2023,https://www.myjobquote.co.uk/t/jr-joinery-construction,myjobquote
Amber Oswstry limited,,Builder,,,4.68,0,,ID Checked,,,1985,https://www.myjobquote.co.uk/t/amber-oswstry-limited,myjobquote
Williams,,Builder,,,4.68,0,,ID Checked,,,Jun 2023,https://www.myjobquote.co.uk/t/williams-13,myjobquote
Williams,,Builder,,,4.68,0,,ID Checked,,,2006,https://www.myjobquote.co.uk/t/a-to-z-property-maintenance-and-roofer-in-pairs,myjobquote
Quirks Property Maintenance Ltd,,Builder,,,4.68,0,,Public Liability Insurance,,,2010,https://www.myjobquote.co.uk/t/quirks-property-maintenance-ltd-1,myjobquote
Nezajrenovation,,Builder,,,4.68,0,,Public Liability Insurance,,,Sep 2025,https://www.myjobquote.co.uk/t/nezajrenovation,myjobquote
Nezajrenovation,,Builder,,,4.68,0,,ID Checked,,,2018,https://www.myjobquote.co.uk/t/willow-design-build-ltd,myjobquote
Gurber group ltd,,Builder,,,4.68,0,,ID Checked,,,Jan 2020,https://www.myjobquote.co.uk/t/gurber-group-ltd,myjobquote
highgrove construction,,Builder,,,4.68,0,,ID Checked,,,Dec 2023,https://www.myjobquote.co.uk/t/highgrove-construction,myjobquote
Cowley Construction Ltd,,Builder,,,4.68,0,,ID Checked,,,2023,https://www.myjobquote.co.uk/t/cowley-construction-ltd,myjobquote
DC Building and Maintenance,,Builder,,,4.68,0,,ID Checked,,,Nov 2023,https://www.myjobquote.co.uk/t/dc-building-and-maintenance,myjobquote
DC Building and Maintenance,,Builder,,,4.68,0,,ID Checked,,,2010,https://www.myjobquote.co.uk/t/lonsdale-building-services,myjobquote
Dobrush.Ltd.Constraction,,Builder,,,4.68,0,,ID Checked,,,Aug 2021,https://www.myjobquote.co.uk/t/dobrushltdconstraction,myjobquote
Dobrush.Ltd.Constraction,,Builder,,,4.68,0,,,,,Nov 2024,https://www.myjobquote.co.uk/t/nicu-ltd,myjobquote
K v services,,Builder,,,4.68,0,,,,,Jan 2024,https://www.myjobquote.co.uk/t/k-v-services,myjobquote