company_name,owner_name,trade_type,location,website_url,overall_rating,review_count,years_experience,phone,verification_status,services,coverage_area,profile_url,source_platform
Selectrical Services Ltd,,Electrician,"Enfield, North London, Barnet, Chingford, Woodford, Hertfordshire, Essex",https://www.trustagarage.com/,5.0,17,,07307 204918,"vetted; Verified; verified; Insurance
Verified",,"Enfield, North London, Barnet, Chingford, Woodford, Hertfordshire, Essex",https://www.trustatrader.com/traders/selectrical-services-ltd-electricians-n21-and-n9,trustatrader
Route Electrical Ltd,,Electrician,All South and East london,http://www.route-electrical.co.uk/,4.93,72,,07360 276979,vetted; Verified; verified,,All South and East london,https://www.trustatrader.com/traders/route-electrical-and-plumbing-ltd-electricians-lambeth,trustatrader
SS Electrical,,Electrician,"Walthamstow, North and East London and surrounding areas",http://www.sselectricaleastlondon.co.uk/,4.95,79,,07307 211702,vetted; Verified; verified,,"Walthamstow, North and East London and surrounding areas",https://www.trustatrader.com/traders/ss-electrical-electricians-waltham-forest-,trustatrader
TNE Electrical Ltd,,Electrician,London and all surrounding areas,http://tneelectrical.co.uk/,4.8,77,,07360 268919,"vetted; Verified; verified; Insurance
Verified",,London and all surrounding areas,https://www.trustatrader.com/traders/tne-electrical-ltd-electricians-w4-and-w12,trustatrader
F&A Electrical,,Electrician,all of London,https://fandaelectrical.co.uk/,4.84,25,,07307 206026,vetted; Verified; verified,,all of London,https://www.trustatrader.com/traders/f-a-electrical-electricians-se1-and-se11,trustatrader
Daddy Electrician Ltd,,Electrician,"Putney, Fulham, Chelsea, Parsons Green, Wimbledon, Richmond, Barnes, Mortlake, Hammersmith, King",https://www.daddyelectrician.com/,5.0,12,,07360 272756,vetted; Verified; verified,,"Putney, Fulham, Chelsea, Parsons Green, Wimbledon, Richmond, Barnes, Mortlake, Hammersmith, King",https://www.trustatrader.com/traders/daddy-electrician-ltd-electricians-sw13-sw14-sw15,trustatrader
Fuse Wise Electrical Ltd,,Electrician,South East London,https://fuse-wise.co.uk/,4.89,20,,07307 249322,vetted; Verified; verified,,South East London,https://www.trustatrader.com/traders/fuse-wise-electrical-ltd-electricians-cr7-and-se25,trustatrader
MM Electrical,,Electrician,NW4 and surrounding area,https://mmelectricalservices.uk/,4.76,9,,07307 292616,"vetted; Verified; verified; Insurance
Verified",,NW4 and surrounding area,https://www.trustatrader.com/traders/mm-electrical-electricians-n3-nw4-and-nw11,trustatrader
THS Electrical Services,,Electrician,all areas of London,http://www.ths-electrical.co.uk/,4.97,209,,07307 203857,"vetted; Verified; verified; Insurance
Verified",,all areas of London,https://www.trustatrader.com/traders/ths-electrical-services-electricians-e15-and-e3,trustatrader
KA Contractors Ltd,,Electrician,London,https://kacontractorsltd.co.uk/,4.99,78,,07307 209051,"vetted; Verified; verified; Insurance
Verified",,London,https://www.trustatrader.com/traders/ka-contractors-ltd-electricians-e2-and-e8,trustatrader
"Conan Electrical Services, Camberley",,Electrician,"Surrey, Berkshire and Hampshire",https://www.conanelectricalservices.co.uk/,5.0,25,,07308 510356,"vetted; Verified; verified; Insurance
Verified",,"Surrey, Berkshire and Hampshire",https://www.trustatrader.com/traders/conan-electrical-services-electricians-sandhurst-and-fleet,trustatrader
"Neat Electrics Ltd, Wembley",,Electrician,North-West London and surrounding areas,http://www.neatelectrics.co.uk/,4.94,11,,07539 103 213,vetted; Verified; verified,,North-West London and surrounding areas,https://www.trustatrader.com/traders/neat-electrics-ltd-electricians-ha0-and-w5,trustatrader
"IGS Electrics, Chislehurst",,Electrician,"Chislehurst, South London and surrounding areas",http://www.igselectrics.co.uk/,4.98,139,10,07307 231617,"vetted; Verified; verified; Insurance
Verified",,"Chislehurst, South London and surrounding areas",https://www.trustatrader.com/traders/igs-electrics-electricians-bromley,trustatrader
Electro Expert,,Electrician,London 50 miles,http://electroexpert.co.uk/,5.0,21,,07360 495098,vetted; Verified; verified,,London 50 miles,https://www.trustatrader.com/traders/electro-expert-electricians-se15-and-se22,trustatrader
WF Electrical Installations,,Electrician,"London, Kingston, Sutton, Weybridge, Surbiton, Surrey, Epsom and New Malden",http://www.wfelectricalinstallations.co.uk/,4.97,27,,07307 211723,vetted; Verified; verified,,"London, Kingston, Sutton, Weybridge, Surbiton, Surrey, Epsom and New Malden",https://www.trustatrader.com/traders/wf-electrical-installations-electricians-elmbridge,trustatrader
AC Electrical,,Electrician,South East & East London,http://www.acelectrical.org/,4.96,39,,07307 209129,"vetted; Verified; verified; Insurance
Verified",,South East & East London,https://www.trustatrader.com/traders/ac-electrical-electricians-rm9-rm13-and-se2,trustatrader
Grove Maintenance,,Electrician,"Walthamstow, Chingford, Woodford, Finsbury Park, Leyton, Hackney, Wood Green, Stoke Newington an",https://www.trustagarage.com/,4.98,15,,07307 213410,"vetted; Verified; verified; Insurance
Verified",,"Walthamstow, Chingford, Woodford, Finsbury Park, Leyton, Hackney, Wood Green, Stoke Newington an",https://www.trustatrader.com/traders/grove-maintenance-electricians-walthamstow,trustatrader
Whitton Electrical Ltd,,Electrician,"Hertfordshire, Buckinghamshire, Essex, North and North West London areas",http://whittonelectrical.co.uk/,4.88,141,14,07308 501519,"vetted; Verified; verified; Insurance
Verified",,"Hertfordshire, Buckinghamshire, Essex, North and North West London areas",https://www.trustatrader.com/traders/whitton-electrical-ltd-electricians-hounslow,trustatrader
Mill Hill Electrical Ltd,,Electrician,London,https://millhillelectrical.co.uk/,4.96,41,,07360 280319,vetted; Verified; verified,,London,https://www.trustatrader.com/traders/mill-hill-electrical-ltd-electricians-nw7-and-nw9,trustatrader
MAPS Renewables,,Electrician,"Acton, Ealing, Chiswick, Brentford, Wembley, Greenford and all surrounding areas in London W3",https://mscelectric.co.uk/,4.9,47,,07307 206539,vetted; Verified; verified,,"Acton, Ealing, Chiswick, Brentford, Wembley, Greenford and all surrounding areas in London W3",https://www.trustatrader.com/traders/maps-renewables-electricians-w3-and-tw8,trustatrader
DJ Electrics,,Electrician,all of London,https://www.trustagarage.com/,4.99,25,12,07360 273543,vetted; Verified; verified,,all of London,https://www.trustatrader.com/traders/dj-electrics-electricians-southwark,trustatrader
MBA Gas & Electrical Contractor’s,,Electrician,all of London,https://www.mbaelectrical.com/,4.99,23,,07360 276319,vetted; Verified; verified,,all of London,https://www.trustatrader.com/traders/mba-gas-electrical-contractors-electricians-e14-,trustatrader
NK Electrical Engineering Ltd,,Electrician,South London and surrounding areas,https://www.trustagarage.com/,4.98,54,,07307 209236,"vetted; Verified; verified; Insurance
Verified",,South London and surrounding areas,https://www.trustatrader.com/traders/nk-electrical-engineering-ltd-electricians-sw16,trustatrader
London Electrical Solutions Ltd,,Electrician,the Whole of London within the M25 and South East England,https://www.londonelectricalsolutions.com/,4.93,537,,07360 268908,vetted; Verified; verified,,the Whole of London within the M25 and South East England,https://www.trustatrader.com/traders/london-electrical-solutions-ltd-electricians-tower-hamlets,trustatrader
Affordable Electrics and Repairs Ltd,,Electrician,South West London and North Surrey as far as Dorking,https://affordableelectrics.co.uk/,4.78,33,,07360 269399,"vetted; Verified; verified; Insurance
Verified",,South West London and North Surrey as far as Dorking,https://www.trustatrader.com/traders/affordable-electrics-and-repairs-ltd-electricians-elmbridge,trustatrader
Effect Electrics,,Electrician,"all areas of North, North West and Central London",http://www.effectelectrics.co.uk/,4.91,72,,07360 275419,vetted; Verified; verified,,"all areas of North, North West and Central London",https://www.trustatrader.com/traders/effect-electrics-electricians-barnet,trustatrader
Thompson's Electrical,,Electrician,North London,https://www.thompsonselectrical.co.uk/,4.91,90,,07307 212280,"vetted; Verified; verified; Insurance
Verified",,North London,https://www.trustatrader.com/traders/thompsons-electrical-electricians-islington,trustatrader
Rahilly Electrical Ltd,,Electrician,London and the Home Counties,https://www.rahillyelectrical.uk/,4.97,19,,07307 203649,"vetted; Verified; verified; Insurance
Verified",,London and the Home Counties,https://www.trustatrader.com/traders/rahilly-electrical-ltd-electricians-sw4-and-sw9,trustatrader
Mayday Electrical,,Electrician,your next agreed job with this trader for free by registering for the TrustATrader Guarantee,https://maydayelectrical.co.uk/,4.95,79,,07307 260351,vetted; Verified; verified,,your next agreed job with this trader for free by registering for the TrustATrader Guarantee,https://www.trustatrader.com/traders/mayday-electrical-electricians-nw3-and-nw8,trustatrader
CLGJ Electric Ltd,,Electrician,Palmers Green and surrounding areas,https://clgj-electric-ltd.business.site/,4.9,12,,07360 278979,"vetted; Verified; verified; Insurance
Verified",,Palmers Green and surrounding areas,https://www.trustatrader.com/traders/clgj-electric-ltd-electricians-n13-n14-and-n18,trustatrader
Miko Construction Ltd,,Electrician,"South London, West London, Central London, Battersea, Kensington and Chelsea, Fulham, Hammersmit",https://mikoconstruction.co.uk/,5.0,37,,07360 265267,"vetted; Verified; verified; Insurance
Verified",,"South London, West London, Central London, Battersea, Kensington and Chelsea, Fulham, Hammersmit",https://www.trustatrader.com/traders/miko-construction-ltd-electricians-soho-mayfair-and-bayswater,trustatrader
Certified Electricians London Ltd,,Electrician,"South London, East London and all surrounding areas",https://certifiedelectricians.london/,4.94,82,,07307 206131,vetted; Verified; verified,,"South London, East London and all surrounding areas",https://www.trustatrader.com/traders/certified-electricians-london-ltd-br3-se20-and-se26,trustatrader
Haler Electrical Ltd,,Electrician,all of London,https://halerelectrical.co.uk/,4.99,17,,07307 230926,vetted; Verified; verified,,all of London,https://www.trustatrader.com/traders/haler-electrical-ltd-electricians-se1-and-se11,trustatrader
Update Electrical Ltd,,Electrician,Hillingdon,https://www.trustagarage.com/,4.99,34,,07308 500923,"vetted; Verified; verified; Insurance
Verified",,Hillingdon,https://www.trustatrader.com/traders/update-electrical-ltd-electricians-ub8-and-ub10,trustatrader
Pinotage Electrical Services Ltd,,Electrician,Londons postcode areas SW7-SW10-SW11-SW12-SW13-SW14-SW15-SW16-SW17-SW18-SW19-SW20,https://www.trustagarage.com/,4.93,119,,07360 263785,"vetted; Verified; verified; Insurance
Verified",,Londons postcode areas SW7-SW10-SW11-SW12-SW13-SW14-SW15-SW16-SW17-SW18-SW19-SW20,https://www.trustatrader.com/traders/pinotage-electrical-services-ltd-electricians-kingston,trustatrader
CRW Electrical Solutions Ltd,,Electrician,"SW London, Wandsworth, Fulham, Tooting and Wimbledon",https://www.trustagarage.com/,4.93,102,,07307 209605,"vetted; Verified; verified; Insurance
Verified",,"SW London, Wandsworth, Fulham, Tooting and Wimbledon",https://www.trustatrader.com/traders/crw-electrical-solutions-ltd-electricians-epsom-ewell,trustatrader
Alin Virtej Electrical,,Electrician,London,http://www.alinelectrical.co.uk/,4.99,22,,07360 273902,"vetted; Verified; verified; Insurance
Verified",,London,https://www.trustatrader.com/traders/alin-virtej-electrical-electricians-wandsworth,trustatrader
ALB Projects & Electrics Ltd,,Electrician,"Chelsea, Kensington, Earls Court, Fulham, Putney, Battersea, Notting Hill Gate, West Brompton",https://albelectricians.co.uk/,4.95,44,,07308 502863,vetted; Verified; verified,,"Chelsea, Kensington, Earls Court, Fulham, Putney, Battersea, Notting Hill Gate, West Brompton",https://www.trustatrader.com/traders/alb-projects-electrics-ltd-electricians-south-kensington-and-chelsea,trustatrader
Joni Electrical Limited,,Electrician,"Clapham, Battersea, Brixton, Streatham, Wandsworth, Wimbledon, Camberwell, Balham, Tooting, Mitc",https://www.trustagarage.com/,4.98,21,,07308 507630,vetted; Verified; verified,,"Clapham, Battersea, Brixton, Streatham, Wandsworth, Wimbledon, Camberwell, Balham, Tooting, Mitc",https://www.trustatrader.com/traders/joni-electrical-limited-electricians-sw4-and-sw9,trustatrader
Adrians Electrical Ltd,,Electrician,All areas of South East and South West London and surrounding boroughs,http://www.home2do.co.uk/,4.96,122,,07307 243596,"vetted; Verified; verified; Insurance
Verified",,All areas of South East and South West London and surrounding boroughs,https://www.trustatrader.com/traders/adrians-electrical-ltd-electricians-se3-se7-and-se12,trustatrader
Lloyd Hallowell Electrics,,Electrician,all of London and the surrounding areas,http://www.lloydhallowellelectrics.co.uk/,4.95,211,,07360 498578,vetted; Verified; verified,,all of London and the surrounding areas,https://www.trustatrader.com/traders/lloyd-hallowell-electrics-electricians-tower-hamlets,trustatrader
Barton Knight Electrical Limited,,Electrician,"Surrey, Hampshire, South Coast and London",http://www.bartonelectricalservices.com/,4.86,92,,07308 502845,vetted; Verified; verified,,"Surrey, Hampshire, South Coast and London",https://www.trustatrader.com/traders/barton-electrical-services-limited-electricians-hammersmith-fulham,trustatrader
SENSS Electrical and Security Services Limited,,Electrician,"London, Greater London, Essex and all surrounding areas within a fifty mile radius",http://www.senss.co.uk/,4.91,68,,07307 226892,"vetted; Verified; verified; Insurance
Verified",,"London, Greater London, Essex and all surrounding areas within a fifty mile radius",https://www.trustatrader.com/traders/senss-electrical-and-security-services-limited-electricians-finsbury-bloomsbury-and-city-of-london,trustatrader
Ray Electrical Services Ltd,,Electrician,London and surrounding areas,https://rayelectricalservices.co.uk/,4.91,19,,07360 270743,"vetted; Verified; verified; Insurance
Verified",,London and surrounding areas,https://www.trustatrader.com/traders/ray-electrical-services-ltd-electricians-en4-en5-and-n20,trustatrader
JAR Construction Carpentry and Joinery Ltd,,Electrician,London and all surrounding areas,https://www.trustagarage.com/,4.83,93,20,07307 235764,vetted; Verified; verified,,London and all surrounding areas,https://www.trustatrader.com/traders/jar-construction-carpentry-and-joinery-ltd-electricians-w3-and-tw8,trustatrader
London Ohms Central Ltd,,Electrician,Kensington,http://www.londonohms.com/,4.95,6,,07307 237981,"vetted; Verified; verified; Insurance
Verified",,Kensington,https://www.trustatrader.com/traders/london-ohms-central-ltd-electricians-w7-and-w13,trustatrader
EPG Specialists Limited,,Electrician,Clapham and surrounding areas,https://epgspecialists.co.uk/,4.99,36,,07307 201892,vetted; Verified; verified,,Clapham and surrounding areas,https://www.trustatrader.com/traders/epg-specialists-limited-electricians-sw4-and-sw9,trustatrader
Clayden Electrical Ltd,,Electrician,"Chingford, Highams Park, Walthamstow, Woodford, Waltham Abbey, Epping, Loughton, Enfield, Buckhu",http://admin@claydenelectrical.co.uk/,4.99,120,,07308 511536,"vetted; Verified; verified; Insurance
Verified",,"Chingford, Highams Park, Walthamstow, Woodford, Waltham Abbey, Epping, Loughton, Enfield, Buckhu",https://www.trustatrader.com/traders/clayden-electrical-ltd-electricians-e4-and-ig9,trustatrader
SCV Electrical Limited,,Electrician,all of London,https://scv-electrical.co.uk/,4.89,101,,07307 200976,vetted; Verified; verified,,all of London,https://www.trustatrader.com/traders/scv-electrical-limited-electricians-e1-and-e1w,trustatrader
District Group Services Ltd,,Electrician,"Central, South and West London and Surrey",http://www.districtgroupservices.co.uk/,4.98,34,,07307 279557,vetted; Verified; verified,,"Central, South and West London and Surrey",https://www.trustatrader.com/traders/district-group-services-ltd-electricians-sw18,trustatrader
Portobello Electrical Ltd,,Electrician,London,https://portobelloelectrical.uk/,4.98,35,,07307 204055,vetted; Verified; verified,,London,https://www.trustatrader.com/traders/portobello-electrical-ltd-electricians-w8-w11-and-w14,trustatrader
Edison Electrical Services Ltd,,Electrician,"Islington, Wembley, Acton, Pinner, Golders Green, Sudbury, Harrow, Hendon and Mill Hill areas",http://www.egelectricians.co.uk/,4.97,97,,07307 239324,"vetted; Verified; verified; Insurance
Verified",,"Islington, Wembley, Acton, Pinner, Golders Green, Sudbury, Harrow, Hendon and Mill Hill areas",https://www.trustatrader.com/traders/edison-electrical-services-ltd-electricians-islington,trustatrader
MK Electrical London,,Electrician,"London, excluding East London",https://www.mkelectricallondon.co.uk/,4.85,137,,07360 497570,"vetted; Verified; verified; Insurance
Verified",,"London, excluding East London",https://www.trustatrader.com/traders/mk-electrical-london-electricians-hammersmith-fulham,trustatrader
Cre8 Electricity Ltd,,Electrician,London and surrounding areas,http://www.cre8electricity.com/,4.9,339,,07360 274394,vetted; Verified; verified,,London and surrounding areas,https://www.trustatrader.com/traders/cre8-electricity-ltd-electricians-wandsworth,trustatrader
AA Electrical Contractors Limited,,Electrician,Surrey and London,https://www.trustagarage.com/,4.97,26,,07360 497234,"vetted; Verified; verified; Insurance
Verified",,Surrey and London,https://www.trustatrader.com/traders/aa-electrical-electricians-tw3-tw5,trustatrader
Mango Electrical,,Electrician,all surrounding areas,http://www.mangoelectrical.com/,4.95,142,,07307 210862,"vetted; Verified; verified; Insurance
Verified",,all surrounding areas,https://www.trustatrader.com/traders/mango-electrical-electricians-nw3-and-nw8,trustatrader
Fahri Electricians London Ltd,,Electrician,"London, Kent & Surrey",https://fahrielectricianslondon.com/,5.0,22,,07360 277868,vetted; Verified; verified,,"London, Kent & Surrey",https://www.trustatrader.com/traders/fahri-electricians-london-ltd-se3-se7-and-se12,trustatrader
Wimbledon Electrical Services Ltd,,Electrician,Wimbledon,https://www.trustagarage.com/,4.97,5,,07414 110673,vetted; Verified; verified,,Wimbledon,https://www.trustatrader.com/traders/wimbledon-electrical-services-ltd-electricians-sw19-and-sw20,trustatrader
PSC Electrical London Ltd,,Electrician,"Croydon, South East London and all surrounding areas",http://www.pscelectrical.com/,4.91,210,16,07307 202716,"vetted; Verified; verified; Insurance
Verified",,"Croydon, South East London and all surrounding areas",https://www.trustatrader.com/traders/psc-electrical-london-ltd-electricians-croydon,trustatrader
Greenhills Electrical,,Electrician,"Leyton, E17, E1, E5, E8, E9, EC2, N16, N1, N7, N19 and all surrounding areas of East London",https://amacelectricalcontracting.com/,4.71,73,40,07307 229958,"vetted; Verified; verified; Insurance
Verified",,"Leyton, E17, E1, E5, E8, E9, EC2, N16, N1, N7, N19 and all surrounding areas of East London",https://www.trustatrader.com/traders/greenhills-electrical-electricians-e9-and-e10,trustatrader
DC Electrical Services,,Electrician,Bromley and surrounding areas,https://www.trustagarage.com/,4.98,39,,07307 226540,"vetted; Verified; verified; Insurance
Verified",,Bromley and surrounding areas,https://www.trustatrader.com/traders/dc-electrical-services-electricians-br2-br4-and-tn16,trustatrader
Proper Connection Ltd,,Electrician,London & Hertfordshire,http://www.properconnectionltd.co.uk/,4.97,39,,07307 240707,"vetted; Verified; verified; Insurance
Verified",,London & Hertfordshire,https://www.trustatrader.com/traders/proper-connection-ltd-electricians-ha1-and-ha9,trustatrader
Poultons Electrical UK Ltd,,Electrician,your next agreed job with this trader for free by registering for the TrustATrader Guarantee,https://www.trustagarage.com/,4.99,32,,07307 291144,vetted; Verified; verified,,your next agreed job with this trader for free by registering for the TrustATrader Guarantee,https://www.trustatrader.com/traders/poultons-electrical-uk-ltd-electricians-sm4-sm5-sm7-,trustatrader
RHD Electrical Ltd,,Electrician,all surrounding areas,https://www.trustagarage.com/,4.93,29,,07307 208677,vetted; Verified; verified,,all surrounding areas,https://www.trustatrader.com/traders/rhd-electrical-ltd-electricians-cr0,trustatrader
CJ Electric,,Electrician,Kent and South London areas,http://www.cjelectric.uk/,4.98,151,,07307 207265,"vetted; Verified; verified; Insurance
Verified",,Kent and South London areas,https://www.trustatrader.com/traders/cj-electrical-electricians-bromley,trustatrader
SGK Electrical,,Electrician,"Bromley, Beckenham, West Wickham, Orpington, Farnborough, Chislehurst, Biggin Hill, and South Ea",https://sgkelectrical.co.uk/,4.97,26,,07360 498644,"vetted; Verified; verified; Insurance
Verified",,"Bromley, Beckenham, West Wickham, Orpington, Farnborough, Chislehurst, Biggin Hill, and South Ea",https://www.trustatrader.com/traders/sgk-electrical-electricians-br2-br4-and-tn16,trustatrader
Gimi's Electrical,,Electrician,North West London,https://www.trustagarage.com/,4.99,36,,07307 206404,"vetted; Verified; verified; Insurance
Verified",,North West London,https://www.trustatrader.com/traders/gimis-electrical-electricians-brent,trustatrader
Demarc Enterprises Ltd,,Electrician,Croydon 10 Mile radius,https://demarcenterprises.co.uk/,5.0,27,,07360 273712,vetted; Verified; verified,,Croydon 10 Mile radius,https://www.trustatrader.com/traders/demarc-enterprises-ltd-electricians-cr2-cr6-cr8,trustatrader
REA Electricians Ltd,,Electrician,"Sidcup, Dartford, Bexley, Swanley, West Kingsdow, Hartley, Swanscombe, Gravesend, Maidstone, Bro",https://www.reaelectricians.co.uk/,4.94,207,,07360 497509,"vetted; Verified; verified; Insurance
Verified",,"Sidcup, Dartford, Bexley, Swanley, West Kingsdow, Hartley, Swanscombe, Gravesend, Maidstone, Bro",https://www.trustatrader.com/traders/rea-electricians-ltd-sidcup-and-foots-cray,trustatrader
Cussens Electrical Services Ltd,,Electrician,"South East, Kent and London",https://www.cussenselectrical.co.uk/,4.97,6,,07360 267837,"vetted; Verified; verified; Insurance
Verified",,"South East, Kent and London",https://www.trustatrader.com/traders/cussens-electrical-services-ltd-electricians-da16-and-se9,trustatrader
London Surrey Electrical Services Ltd,,Electrician,Surrey and South London,https://www.londonsurreyelectricalservices.com/,4.98,24,,07360 496985,vetted; Verified; verified,,Surrey and South London,https://www.trustatrader.com/traders/london-surrey-electrical-services-ltd-electricians-kingston,trustatrader
MB Electrical Connections,,Electrician,Teddington and surrounding areas,https://electrical-connections.co.uk/,5.0,8,,07307 230654,"vetted; Verified; verified; Insurance
Verified",,Teddington and surrounding areas,https://www.trustatrader.com/traders/mb-electrical-connections-electricians-richmond-and-teddington,trustatrader
LOP Electrical Ltd,,Electrician,Kingston upon Thames and the surrounding area,https://www.lopelectrical.co.uk/,4.97,26,,07307 292115,vetted; Verified; verified,,Kingston upon Thames and the surrounding area,https://www.trustatrader.com/traders/lop-electrical-ltd-electricians-kingston,trustatrader
Elite Electrics (UK) Ltd,,Electrician,"North and North East London, Essex, Cambs, Herts and surrounding areas",http://www.eliteelectricsuk.com/,4.91,381,,07307 269240,"vetted; Verified; verified; Insurance
Verified",,"North and North East London, Essex, Cambs, Herts and surrounding areas",https://www.trustatrader.com/traders/elite-electrics-uk-ltd-electricians-enfield,trustatrader
Quadrant Electrics Ltd,,Electrician,London & Kent,https://quadrantelectrics.co.uk/,4.99,23,,07360 270617,vetted; Verified; verified,,London & Kent,https://www.trustatrader.com/traders/quadrant-electrics-ltd-electricians-bexleyheath,trustatrader
BS Electrical Solutions Ltd,,Electrician,"Dagenham, Hornchurch, Romford, Rainham, Barking, Ilford, Stratford, Essex, East London & London",http://www.bs-electrical.com/,4.95,66,,07307 278961,"vetted; Verified; verified; insurance
Verified",,"Dagenham, Hornchurch, Romford, Rainham, Barking, Ilford, Stratford, Essex, East London & London",https://www.trustatrader.com/traders/bs-electrical-electricians-rm9-rm13-and-se2,trustatrader
Ohm & Safe Electrical Ltd,,Electrician,"South London, Surrey and Kent",https://www.ohmandsafeelectrical.co.uk/,5.0,11,,07463 588682,vetted; Verified; verified,,"South London, Surrey and Kent",https://www.trustatrader.com/traders/ohm-safe-electrical-ltd-electricians-cr0,trustatrader
Noble Building and Electrical Services Ltd,,Electrician,Barnet and all surrounding areas within a twenty five mile radius,https://www.trustagarage.com/,4.93,5,,07446 968387,vetted; Verified; verified,,Barnet and all surrounding areas within a twenty five mile radius,https://www.trustatrader.com/traders/noble-building-and-electrical-services-ltd-electricians-en4-en5-and-n20,trustatrader
Intelectrical Solutions Ltd,,Electrician,"Bexley, Bexleyheath, Bromley, Chislehurst, Swanley Dartford, Orpington, Woolwich & Thamesmead",http://www.intelectricalsolutions.com./,4.97,31,,07476 951691,"vetted; Verified; verified; Insurance
Verified",,"Bexley, Bexleyheath, Bromley, Chislehurst, Swanley Dartford, Orpington, Woolwich & Thamesmead",https://www.trustatrader.com/traders/intelectrical-solutions-ltd-electricians-bexleyheath-,trustatrader
CTG Electrical Ltd,,Electrician,All of Surrey and South West London,https://www.trustagarage.com/,4.98,57,,07307 211278,vetted; Verified; verified,,All of Surrey and South West London,https://www.trustatrader.com/traders/ctg-electrical-ltd-electricians-epsom-and-ewell-north,trustatrader
DB Electrical,,Electrician,"London, Herts and Essex",https://www.dbelectrical.net/,4.98,26,,07360 276274,"vetted; Verified; verified; Insurance
Verified",,"London, Herts and Essex",https://www.trustatrader.com/traders/db-electrical-electricians-en4-en5-and-n20,trustatrader
T-Electrix,,Electrician,London and surrounding areas,http://www.t-electrix.co.uk/,4.98,37,,07307 205315,vetted; Verified; verified,,London and surrounding areas,https://www.trustatrader.com/traders/t-electrix-electricians-ha7-and-ha8,trustatrader
Cox Electrical Contracting Ltd,,Electrician,"all areas of Essex, London and Kent",https://cox-electrical.com/,4.95,166,40,07905 848 710,vetted; Verified; verified,,"all areas of Essex, London and Kent",https://www.trustatrader.com/traders/cox-electrical-contracting-ltd-electricians-brentwood-epping-forest,trustatrader
DCJ Electrical,,Electrician,London & Kent,http://www.dcjelectrical.co.uk/,4.87,81,,07307 239741,vetted; Verified; verified,,London & Kent,https://www.trustatrader.com/traders/dcj-electrical-electricians-bexley,trustatrader
Embassy Electrical Services,,Electrician,"Orpington, Bromley, South East London, Dartford, Maidstone, Gravesend, Rochester, Tonbridge, Sev",https://embassyelectrical.co.uk/,4.97,30,,07307 210661,"vetted; Verified; verified; Insurance
Verified",,"Orpington, Bromley, South East London, Dartford, Maidstone, Gravesend, Rochester, Tonbridge, Sev",https://www.trustatrader.com/traders/embassy-electrical-services-electricians-br5-and-br7,trustatrader
Essential Electrics Ltd,,Electrician,throughout Surrey,https://www.essentialelectricsltd.co.uk/,4.99,89,,07360 270149,vetted; Verified; verified,,throughout Surrey,https://www.trustatrader.com/traders/essential-electrics-ltd-electricians-epsom-and-ewell-south-and-leatherhead,trustatrader
R&R Electrical,,Electrician,"Warlingham, Oxted, Westerham, Reigate & Sanderstead",https://randr-electrical.co.uk/,5.0,32,,07360 278201,vetted; Verified; verified,,"Warlingham, Oxted, Westerham, Reigate & Sanderstead",https://www.trustatrader.com/traders/r-r-electrical-electricians-cr2-cr6-cr8,trustatrader
CWR Electrics,,Electrician,South East and Kent,http://www.cwr-electrics.com/,5.0,30,,07307 214747,"vetted; Verified; verified; Insurance
Verified",,South East and Kent,https://www.trustatrader.com/traders/cwr-electrics-electricians-sidcup-and-foots-cray,trustatrader
Facelift Electrical Services Ltd,,Electrician,"London, Middlesex and surrounding areas including Uxbridge, Slough, Ivor, Denham, Watford, Hertf",http://faceliftelectrical.co.uk/,4.89,315,,07307 209064,"vetted; Verified; verified; Insurance
Verified",,"London, Middlesex and surrounding areas including Uxbridge, Slough, Ivor, Denham, Watford, Hertf",https://www.trustatrader.com/traders/facelift-electrical-services-ltd-electricians-hillingdon,trustatrader
Taylor Made Technical Services Ltd,,Electrician,Kent & all surrounding areas,http://www.tmts.ltd/,4.98,7,,07414 105125,vetted; Verified; verified,,Kent & all surrounding areas,https://www.trustatrader.com/traders/taylor-made-technical-services-ltd-electricians-br6-br8-and-da4,trustatrader
Con-fused Electrical Limited,,Electrician,"Essex, Kent and London",https://www.con-fused.co.uk/,4.97,150,,07307 208784,vetted; Verified; verified,,"Essex, Kent and London",https://www.trustatrader.com/traders/con-fused-electrical-limited-electricians-romford-east,trustatrader
J Davies Electrical Ltd,,Electrician,Caterham and surrounding South East of England,https://www.trustagarage.com/,4.99,49,,07308 506643,"vetted; Verified; verified; Insurance
Verified",,Caterham and surrounding South East of England,https://www.trustatrader.com/traders/j-davies-electrical-ltd-electricians-cr3-cr5-kt20-,trustatrader
R&D Electrical Ltd,,Electrician,"Bushey, Watford, North & North West London, Hertfordshire",https://www.trustagarage.com/,4.87,35,,07307 203581,vetted; Verified; verified,,"Bushey, Watford, North & North West London, Hertfordshire",https://www.trustatrader.com/traders/r-d-electrical-ltd-electricians-watford-east,trustatrader
Safe Circuit Electrical Services,,Electrician,Hayes and the surrounding area,https://www.safecircuit.uk/,4.95,35,,07307 202955,"vetted; Verified; verified; Insurance
Verified",,Hayes and the surrounding area,https://www.trustatrader.com/traders/safe-circuit-electrical-services-electricians-ub3-ub7-,trustatrader
MBM Electrical Services Ltd,,Electrician,all surrounding areas,https://www.trustagarage.com/,5.0,15,,07307 247508,vetted; Verified; verified,,all surrounding areas,https://www.trustatrader.com/traders/mbm-electrical-services-ltd-electricians-romford-east,trustatrader
JR Electrical Group Ltd,,Electrician,South east,https://www.trustagarage.com/,4.98,9,,07307 201704,vetted; Verified; verified,,South east,https://www.trustatrader.com/traders/jr-electrical-group-ltd-electricians-cr3-cr5-kt20,trustatrader
SM Electrical Services,,Electrician,Hertfordshire and North London,https://smelectricalservices.org/,4.99,30,,07307 209827,"vetted; Verified; verified; Insurance
Verified",,Hertfordshire and North London,https://www.trustatrader.com/traders/sm-electrical-services-electricians-en1-en2-and-en6,trustatrader
JAE Electrical Ltd,,Electrician,all London and Essex areas,http://www.jaeelectrical.uk/,4.99,160,,07307 291505,vetted; Verified; verified,,all London and Essex areas,https://www.trustatrader.com/traders/jae-electrical-ltd-electricians-havering,trustatrader
Leon Electricians Ltd,,Electrician,"London, Essex & Herts",https://www.trustagarage.com/,5.0,12,,07307 299480,vetted; Verified; verified,,"London, Essex & Herts",https://www.trustatrader.com/traders/leon-electricians-ltd-en1-en2-and-en6,trustatrader
JB Electrical Contractors Ltd,,Electrician,your next agreed job with this trader for free by registering for the TrustATrader Guarantee,http://www.jbelectricalcontractorsltd.co.uk/,4.9,86,,07307 235616,vetted; Verified; verified,,your next agreed job with this trader for free by registering for the TrustATrader Guarantee,https://www.trustatrader.com/traders/jb-electrical-contractors-ltd-electricians-hillingdon,trustatrader
R Squared Electrical Ltd,,Electrician,Surrey/London,https://www.rsquaredelectrical.co.uk/,5.0,23,,07360 276214,vetted; Verified; verified,,Surrey/London,https://www.trustatrader.com/traders/r-squared-electrical-ltd-electricians-epsom-and-ewell-south-and-leatherhead,trustatrader
Tam & Co Ltd,,Electrician,"Cheshunt, Waltham Cross, Hoddenson, Enfield",https://www.trustagarage.com/,4.99,45,,07360 497771,vetted; Verified; verified,,"Cheshunt, Waltham Cross, Hoddenson, Enfield",https://www.trustatrader.com/traders/tam-co-ltd-electricians-hoddeson-and-waltham-cross,trustatrader
IVU Electrical Ltd,,Electrician,"London, Watford and surrounding area",https://ivuelectrical.co.uk/,4.98,18,,07307 263615,"vetted; Verified; verified; Insurance
Verified",,"London, Watford and surrounding area",https://www.trustatrader.com/traders/ivu-electrical-ltd-electricians-watford-east,trustatrader
DH Electrical Solutions,,Electrician,Watford and surrounding areas,https://www.trustagarage.com/,4.9,302,,,vetted; Verified; verified,,Watford and surrounding areas,https://www.trustatrader.com/traders/dh-electrical-solutions-electricians-watford-east,trustatrader
JJB Electrical Ltd,,Electrician,all surrounding areas,https://www.jjb-electrical.com/,4.99,28,,07307 208716,"vetted; Verified; verified; Insurance
Verified",,all surrounding areas,https://www.trustatrader.com/traders/jjb-electrical-ltd-electricians-epping-and-harlow,trustatrader
Infinity Electrical Innovations Ltd,,Electrician,"London, Surrey, Middlesex, Berkshire, Buckinghamshire",https://www.infinityelec.co.uk/,5.0,23,,07307 268401,vetted; Verified; verified,,"London, Surrey, Middlesex, Berkshire, Buckinghamshire",https://www.trustatrader.com/traders/infinity-electrical-innovations-ltd-electricians-ashford,trustatrader
RB Electrical,,Electrician,St Albans,https://www.trustagarage.com/,4.99,41,,07360 267138,"vetted; Verified; verified; Insurance
Verified",,St Albans,https://www.trustatrader.com/traders/rb-electrical-electricians-st-albans,trustatrader
Marc Horton Electrical,,Electrician,St Albans and surrounding areas,https://www.marchortonelectrical.com/,4.91,179,,07360 274967,vetted; Verified; verified,,St Albans and surrounding areas,https://www.trustatrader.com/traders/marc-horton-electrical-electricians-watford-st-albans,trustatrader
Langley Electrical Contractors Ltd,,Electrician,Abbots Langley and a 20 mile surrounding area,http://langleyec.co.uk/,4.82,11,,07307 205419,"vetted; Verified; verified; Insurance
Verified",,Abbots Langley and a 20 mile surrounding area,https://www.trustatrader.com/traders/langley-electrical-contractors-ltd-electricians-hemel-hempstead-and-kings-langley,trustatrader
Electrical Solutions GB Ltd,,Electrician,"Hertfordshire, Bedfordshire, Buckinghamshire, Middlesex, London",http://www.esgb.co.uk/,4.99,39,,07360 276039,vetted; Verified; verified,,"Hertfordshire, Bedfordshire, Buckinghamshire, Middlesex, London",https://www.trustatrader.com/traders/electrical-solutions-gb-ltd-electricians-st-albans,trustatrader
ESI Electrical Services Installations,,Electrician,all surrounding areas within a fifteen mile radius,http://esielectrical.org/,4.99,33,,07307 237533,vetted; Verified; verified,,all surrounding areas within a fifteen mile radius,https://www.trustatrader.com/traders/esi-electrical-services-installations-electricians-epping-and-harlow,trustatrader
Bryden Electrical Ltd,,Electrician,"Chelmsford, Maldon, Hornchurch, Romford, Upminster, Brentwood, Epping, Braintree, Colchester, Bi",http://www.brydenelectricalltd.co.uk/electricians-brentwood,4.97,272,,07307 260524,vetted; Verified; verified,,"Chelmsford, Maldon, Hornchurch, Romford, Upminster, Brentwood, Epping, Braintree, Colchester, Bi",https://www.trustatrader.com/traders/bryden-electrical-ltd-electricians-brentwood-epping-forest-,trustatrader
Herts Electrical Services Ltd,,Electrician,"St Albans, Stevenage, Knebworth, Welwyn Garden City and all areas within a surrounding 50 mile r",http://hertselectricalservicesltd.co.uk/index.php,4.94,351,20,07307 268863,vetted; Verified; verified,,"St Albans, Stevenage, Knebworth, Welwyn Garden City and all areas within a surrounding 50 mile r",https://www.trustatrader.com/traders/herts-electrical-services-ltd-electricians-st-albans,trustatrader
JP Electrical Services,,Electrician,"Kent, South London & Essex",http://jpelectrical.uk/,4.98,76,,07308 506083,"vetted; Verified; verified; Insurance
Verified",,"Kent, South London & Essex",https://www.trustatrader.com/traders/jp-electrical-services-electricians-west-malling-and-gravesham,trustatrader
T Ryan Limited,,Electrician,Gravesend and all surrounding areas,https://www.trustagarage.com/,4.98,43,,07360 269585,"vetted; Verified; verified; Insurance
Verified",,Gravesend and all surrounding areas,https://www.trustatrader.com/traders/t-ryan-limited-electricians-gravesham,trustatrader
Duke Electrical Contractors,,Electrician,Welwyn Garden City and surrounding area,https://www.trustagarage.com/,4.99,13,,07307 211648,vetted; Verified; verified,,Welwyn Garden City and surrounding area,https://www.trustatrader.com/traders/duke-electrical-contractors-electricians-welwyn-garden-city,trustatrader
DDS Electrical,,Electrician,"Surrey, Kent, Brighton & All Surrounding Areas",https://www.trustagarage.com/,4.96,107,,07307 206465,vetted; Verified; verified,,"Surrey, Kent, Brighton & All Surrounding Areas",https://www.trustatrader.com/traders/dds-electrical-electricians-mole-valley,trustatrader
SV Electrical,,Electrician,Kent,http://www.lightmywire.co.uk/,4.92,135,,07360 493594,vetted; Verified; verified,,Kent,https://www.trustatrader.com/traders/sv-electrical-electricians-sevenoaks-tonbridge-and-malling,trustatrader
BM Electricals,,Electrician,"Throughout, Berkshire, Buckinghamshire and London",https://www.bmelectricals.co.uk/,4.98,22,,07307 289704,vetted; Verified; verified,,"Throughout, Berkshire, Buckinghamshire and London",https://www.trustatrader.com/traders/bm-electricals-electricians-slough-north-and-amersham,trustatrader
MAB Electrical,,Electrician,Woking and the surrounding 20 miles,https://www.trustagarage.com/,4.92,124,,07307 264812,"vetted; Verified; verified; Insurance
Verified",,Woking and the surrounding 20 miles,https://www.trustatrader.com/traders/mab-electrical-electricians-woking,trustatrader
B.P.H. Electrics,,Electrician,"Slough, Windsor, Reading, Maidenhead, Taplow, Uxbridge, Hayes, Beaconsfield and High Wycombe,",https://www.trustagarage.com/,4.99,39,,07360 263202,vetted; Verified; verified,,"Slough, Windsor, Reading, Maidenhead, Taplow, Uxbridge, Hayes, Beaconsfield and High Wycombe,",https://www.trustatrader.com/traders/b-p-h-electrics-electricians-slough-south-and-windsor,trustatrader
Steven Birt Electrical,,Electrician,Windsor and surrounding 30 mile radius,https://www.stevenbirtproperties.com/,4.81,178,25,07307 211829,"vetted; Verified; verified; Insurance
Verified",,Windsor and surrounding 30 mile radius,https://www.trustatrader.com/traders/sb-carpentry-joinery-electricians-bracknel-forest-windsor-maidenhead,trustatrader
Live Wire Electrical Contractors Ltd,,Electrician,Woking,https://www.trustagarage.com/,5.0,32,,07360 536067,"vetted; Verified; verified; Insurance
Verified",,Woking,https://www.trustatrader.com/traders/live-wire-electrical-contractors-ltd-electricians-woking,trustatrader
TrustSpark Ltd,,Electrician,South East London and Kent,https://trustsparkltd.co.uk/,4.99,24,,07307 205694,vetted; Verified; verified,,South East London and Kent,https://www.trustatrader.com/traders/trustspark-ltd-electricians-west-malling-and-gravesham,trustatrader
Kind Energy Ltd,,Electrician,South East of England,https://kindenergy.co.uk/,4.94,8,,07728 236004,"vetted; Verified; verified; Insurance
Verified",,South East of England,https://www.trustatrader.com/traders/kind-energy-ltd-electricians-slough-north-and-amersham,trustatrader
Electrical Tradesmen Ltd,,Electrician,"Harpenden, Hitchin, Luton, St Albans, Watford and all surrounding areas",http://www.electricaltradesmen.co.uk/,4.97,304,,07307 201523,vetted; Verified; verified,,"Harpenden, Hitchin, Luton, St Albans, Watford and all surrounding areas",https://www.trustatrader.com/traders/electrical-tradesmen-ltd-electricians-luton-dunstable-and-harpenden-3-,trustatrader
Mead Electrical Services Ltd,,Electrician,Essex,https://meadelectricalservices.co.uk/,5.0,178,,07307 203066,vetted; Verified; verified,,Essex,https://www.trustatrader.com/traders/mead-electrical-services-ltd-electricians-basildon-and-laindon,trustatrader
KJF Electrical Limited,,Electrician,all surrounding areas of Essex,http://kjfelectrical.co.uk/,4.97,770,,07307 201175,vetted; Verified; verified,,all surrounding areas of Essex,https://www.trustatrader.com/traders/kjf-electrical-limited-electricians-basildon,trustatrader
Mainline Environmental Services LLP,,Electrician,"Herts, Beds, Bucks and North London",https://www.mainlineelectrical.co.uk/,4.96,40,,07307 206440,vetted; Verified; verified,,"Herts, Beds, Bucks and North London",https://www.trustatrader.com/traders/mainline-environmental-services-llp-electricians-welwyn-hatfield,trustatrader
EPHD Services Ltd,,Electrician,"Billericay, Basildon, Wickford, Benfleet, Rayleigh",https://www.ephdservices.co.uk/,4.96,97,,07307 205928,"vetted; Verified; verified; Insurance
Verified",,"Billericay, Basildon, Wickford, Benfleet, Rayleigh",https://www.trustatrader.com/traders/ephd-services-ltd-electricians-chelmsford-south-and-billericay,trustatrader
A&P Moyes Electrical Services,,Electrician,all surrounding areas,https://www.electricianshighwycombe.co.uk/,5.0,8,,07307 280093,"vetted; Verified; verified; Insurance
Verified",,all surrounding areas,https://www.trustatrader.com/traders/a-p-moyes-electrical-services-electricians-high-wycombe,trustatrader
West Wood Electrical,,Electrician,"West Sussex, Surrey",https://linktr.ee/westwoodelec,5.0,29,,07360 497760,vetted; Verified; verified,,"West Sussex, Surrey",https://www.trustatrader.com/traders/west-wood-electrical-electricians-crawley-east-and-east-grinstead,trustatrader
Essex Electrical Solutions Ltd,,Electrician,"Basildon, Southend, Billericay, Wickford, Laindon, Braintree, Chelmsford, Brentwood, Thurrock, R",http://www.essexelectricalsolutions.co.uk/,4.99,184,,07307 245829,vetted; Verified; verified,,"Basildon, Southend, Billericay, Wickford, Laindon, Braintree, Chelmsford, Brentwood, Thurrock, R",https://www.trustatrader.com/traders/essex-electrical-solutions-ltd-electricians-basildon,trustatrader
A.P.T Electrical Services (LOCAL ELECTRICIAN),,Electrician,"Pitsea, Basildon, Wickford, Benfleet and all other surrounding areas of Essex",http://www.apt-electrical.co.uk/,4.95,275,,07360 272639,vetted; Verified; verified,,"Pitsea, Basildon, Wickford, Benfleet and all other surrounding areas of Essex",https://www.trustatrader.com/traders/apt-electrical-services-local-electrician-electricians-basildon,trustatrader
LE Electrical,,Electrician,Buckinghamshire Within a 30 Mile Radius,https://www.trustagarage.com/,4.96,21,,07308 503817,"vetted; Verified; verified; Insurance
Verified",,Buckinghamshire Within a 30 Mile Radius,https://www.trustatrader.com/traders/le-electrical-electricians-princes-risborough-and-amersham-south,trustatrader
R&S Electrical Contractors  Ltd,,Electrician,Home Counties,https://www.rselectricalltd.co.uk/,5.0,8,,07307 205237,"vetted; Verified; verified; Insurance
Verified",,Home Counties,https://www.trustatrader.com/traders/r-s-electrical-contractors-ltd-electricians-bracknell,trustatrader
Lewis Electrical and Property Maintenance,,Electrician,Bishop's Stortford and the surrounding areas within a 30 mile radius,https://www.trustagarage.com/,4.99,33,,07307 223677,vetted; Verified; verified,,Bishop's Stortford and the surrounding areas within a 30 mile radius,https://www.trustatrader.com/traders/lewis-electrical-and-property-maintenance-electricians-east-hertfordshire,trustatrader
Double Lively Electrical,,Electrician,Wickford and all Essex areas,https://www.trustagarage.com/,4.94,67,,07307 263040,vetted; Verified; verified,,Wickford and all Essex areas,https://www.trustatrader.com/traders/double-lively-electrical-electricians-southend-on-sea,trustatrader
RBE Electrical Ltd,,Electrician,"Berkshire, West London & all surrounding areas within a fifty mile radius",http://www.rbeelectrical.co.uk/,4.98,21,,07307 211059,vetted; Verified; verified,,"Berkshire, West London & all surrounding areas within a fifty mile radius",https://www.trustatrader.com/traders/rbe-electrical-ltd-electricians-maidenhead-windsor,trustatrader
Lightsource Electrical Ltd,,Electrician,"Bishops Stortford, The Hallingburys, Stansted, Takeley, Sawbridgeworth, Elsenham and all surroun",https://www.trustagarage.com/,5.0,8,,07307 218676,vetted; Verified; verified,,"Bishops Stortford, The Hallingburys, Stansted, Takeley, Sawbridgeworth, Elsenham and all surroun",https://www.trustatrader.com/traders/lightsource-electrical-ltd-electricians-east-hertfordshire,trustatrader
REX Electrical Essex Ltd,,Electrician,Essex,https://rexelectrical.com/,4.99,14,,07307 267348,vetted; Verified; verified,,Essex,https://www.trustatrader.com/traders/rex-electrical-essex-ltd-electricians-wickford-benfleet-and-hadleigh,trustatrader
Able Cable,,Electrician,"ME1, ME2, ME3, ME4, ME5, ME6, ME7, ME8, ME9, ME10, Kent, Maidstone, Sittingbourne, Gravesend, Lo",http://www.ablecableelectricians.co.uk/,4.93,930,,07360 497675,"vetted; Verified; verified; Insurance
Verified",,"ME1, ME2, ME3, ME4, ME5, ME6, ME7, ME8, ME9, ME10, Kent, Maidstone, Sittingbourne, Gravesend, Lo",https://www.trustatrader.com/traders/able-cable-electricians-medway,trustatrader
JJ Electrical,,Electrician,"Surrey, Sussex, Berkshire and Hampshire",http://www.jjelectrical2020.com/,5.0,7,,07307 207811,"vetted; Verified; verified; Insurance
Verified",,"Surrey, Sussex, Berkshire and Hampshire",https://www.trustatrader.com/traders/jj-electrical-electricians-horsham-south-billinghurst-and-petworth,trustatrader
Glowbolt Group Ltd,,Electrician,Cambridgeshire / Bedfordshire / Hertfordshire / Lincolnshire,https://glowbolt.co.uk/,5.0,6,50,07307 201745,vetted; Verified; verified,,Cambridgeshire / Bedfordshire / Hertfordshire / Lincolnshire,https://www.trustatrader.com/traders/glowbolt-group-ltd-electricians-stevenage,trustatrader
Truview Electrics Ltd,,Electrician,Bishop's Stortford and all surrounding areas,http://www.truviewelectrics.co.uk/,4.99,47,,07360 266709,"vetted; Verified; verified; Insurance
Verified",,Bishop's Stortford and all surrounding areas,https://www.trustatrader.com/traders/truview-electrics-ltd-electricians-uttlesford-harlow,trustatrader
Crisp Electrical,,Electrician,"Southend, Basildon, Benfleet, Chelmsford and all surrounding Essex areas",http://www.crispelectrical.co.uk/,4.93,307,,07360 274729,vetted; Verified; verified,,"Southend, Basildon, Benfleet, Chelmsford and all surrounding Essex areas",https://www.trustatrader.com/traders/crisp-electrical-electricians-castel-point-rochford,trustatrader
JV Electrical,,Electrician,Stevenage,https://approvedelectricalservices.co.uk/,4.99,20,,07308 503856,vetted; Verified; verified,,Stevenage,https://www.trustatrader.com/traders/jv-electrical-electricians-stevenage,trustatrader
EME Solutions Ltd,,Electrician,"Surrey, Hampshire & Berkshire",https://www.emesolutionsltd.co.uk/,4.97,44,,07307 210433,"vetted; Verified; verified; Insurance
Verified",,"Surrey, Hampshire & Berkshire",https://www.trustatrader.com/traders/eme-solutions-ltd-electricians-farnborough,trustatrader
Electri-City,,Electrician,"Tunbridge Wells and the surrounding areas (Tonbridge, Sevenoaks, East Grinstead, Hailsham, Cranb",https://www.trustagarage.com/,4.97,11,,07427 818269,vetted; Verified; verified,,"Tunbridge Wells and the surrounding areas (Tonbridge, Sevenoaks, East Grinstead, Hailsham, Cranb",https://www.trustatrader.com/traders/electri-city-electricians-royal-tunbridge-wells,trustatrader
Stamel Electrics,,Electrician,"Sandhurst, Surrey, Hampshire and Berkshire",http://stamelelectrics.co.uk/,4.99,22,38,07307 202368,"vetted; Verified; verified; Insurance
Verified",,"Sandhurst, Surrey, Hampshire and Berkshire",https://www.trustatrader.com/traders/stamel-electrics-electricians-sandhurst-and-fleet,trustatrader
D G Electrics,,Electrician,Luton and surrounding area,http://www.dgelectrics.net/,4.94,184,,07360 263216,vetted; Verified; verified,,Luton and surrounding area,https://www.trustatrader.com/traders/d-g-electrics-electricians-luton,trustatrader
J A Electrical Services,,Electrician,"Aldershot, Farnham, Guildford, Ascot, Staines, Camberley and surrounding areas",https://www.jaelectricalservices.org/,5.0,12,,07360 272253,vetted; Verified; verified,,"Aldershot, Farnham, Guildford, Ascot, Staines, Camberley and surrounding areas",https://www.trustatrader.com/traders/j-a-electrical-services-electricians-aldershot-and-farnham,trustatrader
Tripped Out Electrical Ltd,,Electrician,Godalming and surrounding areas,https://www.trippedoutelectrical.co.uk/,4.97,12,,07360 494862,"vetted; Verified; verified; Insurance
Verified",,Godalming and surrounding areas,https://www.trustatrader.com/traders/tripped-out-electrical-ltd-electricians-waverley,trustatrader
RLS Electrical,,Electrician,Essex,https://rlselectrical.co.uk/,4.99,33,,07307 208730,vetted; Verified; verified,,Essex,https://www.trustatrader.com/traders/rls-electrical-electricians-rayleigh-and-leigh-on-sea,trustatrader
Elms Electrical Services,,Electrician,"Braintree, Witham, Maldon, Chelmsford and all areas of Essex",http://www.elmsltd.co.uk/,4.99,179,,07882 965910,vetted; Verified; verified,,"Braintree, Witham, Maldon, Chelmsford and all areas of Essex",https://www.trustatrader.com/traders/elms-electrical-services-electricians-maldon-chelmsford,trustatrader
G Brand Electrical Ltd,,Electrician,"Hertfordshire, Cambridgeshire and Essex",https://www.trustagarage.com/,5.0,46,,07360 277237,"vetted; Verified; verified; Insurance
Verified",,"Hertfordshire, Cambridgeshire and Essex",https://www.trustatrader.com/traders/g-brand-electrical-ltd-electricians-royston-sawbridgeworth-and-buntingford,trustatrader
Donnell Electrical Contractors Ltd,,Electrician,Beds and surrounding areas,http://www.electricians4luton.co.uk/,4.89,59,35,07307 201497,"vetted; Verified; verified; Insurance
Verified",,Beds and surrounding areas,https://www.trustatrader.com/traders/donnell-electrical-contractors-ltd-electricians-luton,trustatrader
CG Electrical Essex Ltd,,Electrician,Essex and surrounding areas,https://cgelectricalessex.co.uk/,4.98,9,,07360 265359,vetted; Verified; verified,,Essex and surrounding areas,https://www.trustatrader.com/traders/cg-electrical-essex-ltd-electricians-chelmsford-north,trustatrader
PHE Contractors Ltd,,Electrician,Hertfordshire and Bedfordshire,http://phecontractors.co.uk/,4.97,45,,07308 504499,vetted; Verified; verified,,Hertfordshire and Bedfordshire,https://www.trustatrader.com/traders/phe-contractors-ltd-electricians-north-herts,trustatrader
Sparks Electrical Services Ltd,,Electrician,London and Essex,https://www.trustagarage.com/,4.99,255,,07307 201533,"vetted; Verified; verified; Insurance
Verified",,London and Essex,https://www.trustatrader.com/traders/sparks-electrical-services-ltd-electricians-rochford-castle-point-,trustatrader
Coulter Electrical Contractors,,Electrician,"all of Hertfordshire, Bedfordshire and Cambridgeshire",http://www.cec-electrical.co.uk/,4.96,114,,07360 496963,"vetted; Verified; verified; Insurance
Verified",,"all of Hertfordshire, Bedfordshire and Cambridgeshire",https://www.trustatrader.com/traders/coulter-electrical-contractors-electricians-mid-bedfordshire-central,trustatrader
TM Hughes & Son Electrical Services Ltd,,Electrician,South East England,https://tmhugheselectrical.co.uk/,4.94,19,,07360 267896,"vetted; Verified; verified; Insurance
Verified",,South East England,https://www.trustatrader.com/traders/tm-hughes-son-electrical-services-ltd-electricians-maldon-chelmsford,trustatrader
Charles Electrical Ltd,,Electrician,Essex,http://www.charleselectrical.co.uk/,4.93,136,,07360 267408,"vetted; Verified; verified; Insurance
Verified",,Essex,https://www.trustatrader.com/traders/charles-electrical-ltd-electricians-southend-on-sea,trustatrader
Leigh Electrical,,Electrician,in and around Essex and London,http://www.leighelectrical.co.uk/,4.86,1068,50,07360 269766,"vetted; Verified; verified; Insurance
Verified",,in and around Essex and London,https://www.trustatrader.com/traders/leigh-electrical-electricians-southend-on-sea,trustatrader
Ward Electrical,,Electrician,"Dunstable and all areas of Herts, Beds and Bucks",https://www.trustagarage.com/,4.93,150,,07307 213012,vetted; Verified; verified,,"Dunstable and all areas of Herts, Beds and Bucks",https://www.trustatrader.com/traders/ward-electrical-electricians-mid-bedfordshire-south-bedfordshire,trustatrader
AM Electrical Solutions Ltd,,Electrician,Dunstable and The Surrounding Areas,http://www.am-electricalsolutions.com/,5.0,33,,07309 486149,"vetted; Verified; verified; Insurance
Verified",,Dunstable and The Surrounding Areas,https://www.trustatrader.com/traders/am-electrical-solutions-ltd-electricians-luton-dunstable-and-harpenden-2,trustatrader
Ben Coulter Electrical Ltd,,Electrician,"approximate 50 mile radius of Hitchin, Herts",http://www.bencoulterelectrical.com/,4.92,387,,07307 204908,vetted; Verified; verified,,"approximate 50 mile radius of Hitchin, Herts",https://www.trustatrader.com/traders/ben-coulter-electrical-electricians-north-herts-stevenage,trustatrader
RG Hards Electrical Ltd,,Electrician,Sussex,https://www.trustagarage.com/,4.98,9,,07360 268572,vetted; Verified; verified,,Sussex,https://www.trustatrader.com/traders/rg-hards-electrical-ltd-electricians-horsham-south-billinghurst-and-petworth,trustatrader
Electraguard UK,,Electrician,"Hampshire, Berkshire, Surrey, Wiltshire, Oxfordshire",https://www.electraguard.uk/,4.98,7,,07360 279674,vetted; Verified; verified,,"Hampshire, Berkshire, Surrey, Wiltshire, Oxfordshire",https://www.trustatrader.com/traders/electraguard-uk-electricians-reading-south,trustatrader
Andrew James Electrical Ltd,,Electrician,London,http://www.andrewjameselectrical.co.uk/,4.92,42,,07307 211826,vetted; Verified; verified,,London,https://www.trustatrader.com/traders/andrew-james-electrical-ltd-electricians-southend-on-sea,trustatrader
Cranston Electrical,,Electrician,Hartley wintney and all surrounding areas,https://cranstonelectrical.com/,5.0,18,,07307 216965,"vetted; Verified; verified; Insurance
Verified",,Hartley wintney and all surrounding areas,https://www.trustatrader.com/traders/cranston-electrical-electricians-reading-south,trustatrader
Mark Andrews Electrical Services,,Electrician,"Buckinghamshire, Oxfordshire, Bedfordshire and Hertfordshire",http://www.markandrewselectricalservicesltd.co.uk/,4.94,92,,07307 202398,vetted; Verified; verified,,"Buckinghamshire, Oxfordshire, Bedfordshire and Hertfordshire",https://www.trustatrader.com/traders/mark-andrews-electrical-services-electricians-aylesbury-vale,trustatrader
Eiffel Electrics Ltd,,Electrician,Surrey and South London,https://www.trustagarage.com/,4.8,27,,07307 200923,vetted; Verified; verified,,Surrey and South London,https://www.trustatrader.com/traders/eiffel-electrics-ltd-electricians-reading-central,trustatrader
Hawkes Electrical Services Ltd,,Electrician,Bedfordshire and surrounding areas,https://hawkeselectrical.com/,4.97,156,,07307 206958,vetted; Verified; verified,,Bedfordshire and surrounding areas,https://www.trustatrader.com/traders/hawkes-electrical-services-ltd-electricians-bedford-south,trustatrader
NDF Electrical Services,,Electrician,Reading and surrounding areas,https://www.trustagarage.com/,4.88,11,,07860 626 689,vetted; Verified; verified,,Reading and surrounding areas,https://www.trustatrader.com/traders/ndf-electrical-services-electricians-reading-central,trustatrader
S B Electrical Solutions Ltd,,Electrician,Essex Suffolk north london,http://www.sbelectricalsolutionsltd.co.uk/,4.99,55,,07308 500336,vetted; Verified; verified,,Essex Suffolk north london,https://www.trustatrader.com/traders/s-b-electrical-solutions-ltd-electricians-maldon-chelmsford,trustatrader
Sure Group 24hr Ltd,,Electrician,Kent,https://www.suregroupltd24hr.co.uk/,4.99,27,,07308 503026,vetted; Verified; verified,,Kent,https://www.trustatrader.com/traders/sure-group-24hr-ltd-electricians-swale,trustatrader
Blade Electrical Ltd,,Electrician,"all Essex, London and East Anglia areas",http://www.bladeelectricalltd.co.uk/,4.9,41,,07308 505513,"vetted; Verified; verified; Insurance
Verified",,"all Essex, London and East Anglia areas",https://www.trustatrader.com/traders/blade-electrical-ltd-electricians-braintree,trustatrader
Eco Electrical Systems,,Electrician,Sussex,https://eco-electricalsystems.co.uk/,4.92,11,,07360 496030,vetted; Verified; verified,,Sussex,https://www.trustatrader.com/traders/eco-electrical-systems-electricians-brighton-north,trustatrader
King Electrical,,Electrician,"Witham, Maldon, Chelmsford, Colchester, Braintree and surrounding areas of Essex",https://www.trustagarage.com/,4.99,18,,07308 503286,vetted; Verified; verified,,"Witham, Maldon, Chelmsford, Colchester, Braintree and surrounding areas of Essex",https://www.trustatrader.com/traders/king-electrical-electricians-maldon-north,trustatrader
GJ Electrical Services,,Electrician,Braintree and surrounding area,https://www.midessexelectricians.co.uk/,4.93,80,,07307 223115,vetted; Verified; verified,,Braintree and surrounding area,https://www.trustatrader.com/traders/gj-electrical-services-electricians-saffron-walden-and-braintree-north,trustatrader
Cosmos Electrical Services Ltd,,Electrician,"East Sussex, incorporating a 50 mile radius",https://www.trustagarage.com/,5.0,8,,07367 792553,"vetted; Verified; verified; Insurance
Verified",,"East Sussex, incorporating a 50 mile radius",https://www.trustatrader.com/traders/cosmos-electrical-services-ltd-electricians-rother-north-and-wealden-south,trustatrader
Hyperion Electrical LTD,,Electrician,"Reading, Henley, Bracknell, Wokingham, Basingstoke, Didcot, Berkshire, Buckinghamshire, North Ha",https://www.trustagarage.com/,5.0,46,,07360 265335,"vetted; Verified; verified; Insurance
Verified",,"Reading, Henley, Bracknell, Wokingham, Basingstoke, Didcot, Berkshire, Buckinghamshire, North Ha",https://www.trustatrader.com/traders/hyperion-electrical-ltd-electricians-reading-south,trustatrader
Matthews Electrical,,Electrician,all surrounding areas,http://matthewselectrical.uk.com/,4.94,31,,07307 280363,"vetted; Verified; verified; Insurance
Verified",,all surrounding areas,https://www.trustatrader.com/traders/matthews-electrical-electricians-mid-bedfordshire-central,trustatrader
BW Electrical Services Ltd,,Electrician,"Cambridge, Royston, Peterborough, Hertfordshire and Bedfordshire",https://www.trustagarage.com/,4.99,17,,07360 496264,"vetted; Verified; verified; Insurance
Verified",,"Cambridge, Royston, Peterborough, Hertfordshire and Bedfordshire",https://www.trustatrader.com/traders/bw-electrical-services-ltd-electricians-royston-sawbridgeworth-and-buntingford,trustatrader
Teescroft Electrical Ltd,,Electrician,Reading,http://teescroftelectrical.uk/,4.97,244,78,07360 268454,vetted; Verified; verified,,Reading,https://www.trustatrader.com/traders/teescroft-electrical-ltd-electricians-reading,trustatrader
Mortimer Electrical Ltd,,Electrician,Reading and surrounding areas,https://www.trustagarage.com/,4.98,10,,07307 209703,vetted; Verified; verified,,Reading and surrounding areas,https://www.trustatrader.com/traders/mortimer-electrical-ltd-electricians-reading-south,trustatrader
TP Electrical Contractor Ltd,,Electrician,"Milton Keynes, Bedfordshire",http://www.tpelectricalcontractor.co.uk/,5.0,13,,07307 209483,vetted; Verified; verified,,"Milton Keynes, Bedfordshire",https://www.trustatrader.com/traders/tp-electrical-contractor-ltd-electricians-aylesbury-vale,trustatrader
Denham Electrical Contractors Ltd,,Electrician,"Halstead, Braintree, Chelmsford, Brentwood, Romford, Hornchurch",https://decltd.uk/,5.0,6,,07307 211946,vetted; Verified; verified,,"Halstead, Braintree, Chelmsford, Brentwood, Romford, Hornchurch",https://www.trustatrader.com/traders/denham-electrical-contractors-ltd-electricians-sudbury-clare-hadleigh-and-halstead,trustatrader
Abney Abele,,Electrician,"Brighton, Hove, Eastbourne, Worthing, Shoreham, Lewes, Lancing, Peacehaven, Falmer and surroundi",https://plumbingelectricsussex.co.uk/,4.89,98,,07308 502834,vetted; Verified; verified,,"Brighton, Hove, Eastbourne, Worthing, Shoreham, Lewes, Lancing, Peacehaven, Falmer and surroundi",https://www.trustatrader.com/traders/abney-abele-electricians-brighton-central-1,trustatrader
Southern Sparks Electrical Ltd,,Electrician,"Brighton, London & the South East",https://www.southernsparksltd.co.uk/,4.99,16,,07360 496572,vetted; Verified; verified,,"Brighton, London & the South East",https://www.trustatrader.com/traders/southern-sparks-electrical-ltd-electricians-brighton-west,trustatrader
D Chandler Electrical Services,,Electrician,"Bedfordshire, Hertfordshire, Cambridgeshire and Huntingdonshire areas",https://www.trustagarage.com/,4.98,53,,07360 267034,vetted; Verified; verified,,"Bedfordshire, Hertfordshire, Cambridgeshire and Huntingdonshire areas",https://www.trustatrader.com/traders/d-chandler-electrical-services-electricians-mid-bedfordshire-central,trustatrader
Small Job Electrician,,Electrician,"Hove, Brighton, Portslade, Hassocks, Burgess Hill, Shoreham by Sea & Lewes",https://smalljobelectrician.co.uk/,5.0,7,,07462 908317,vetted; Verified; verified,,"Hove, Brighton, Portslade, Hassocks, Burgess Hill, Shoreham by Sea & Lewes",https://www.trustatrader.com/traders/the-small-job-electrician-electricians-brighton-central-1,trustatrader
Direct Electrical Testing Ltd,,Electrician,"Kent, Sussex and London",https://direct-electrical.uk/,4.94,11,,07307 290196,"vetted; Verified; verified; Insurance
Verified",,"Kent, Sussex and London",https://www.trustatrader.com/traders/direct-electrical-testing-ltd-electricians-rother-north-and-wealden-south,trustatrader
SafeSpark Electrical Services Ltd,,Electrician,"Bedfordshire, Cambridgeshire, Peterborough, Milton Keynes and Buckinghamshire",https://safespark-electrical.co.uk/,4.92,46,,07360 265589,"vetted; Verified; verified; Insurance
Verified",,"Bedfordshire, Cambridgeshire, Peterborough, Milton Keynes and Buckinghamshire",https://www.trustatrader.com/traders/safespark-electrical-services-ltd-electricians-bedford-central,trustatrader
Jade Electrics Ltd,,Electrician,Buckinghamshire and surrounding areas,https://www.trustagarage.com/,4.97,5,,07360 493919,vetted; Verified; verified,,Buckinghamshire and surrounding areas,https://www.trustatrader.com/traders/jade-electrics-ltd-electricians-milton-keynes-central,trustatrader
AA Plus Electrical,,Electrician,Milton Keynes and all surrounding areas,https://www.trustagarage.com/,4.83,70,,07307 236824,"vetted; Verified; verified; Insurance
Verified",,Milton Keynes and all surrounding areas,https://www.trustatrader.com/traders/aa-plus-electrical-electricians-milton-keynes,trustatrader
Heath Electrical Services,,Electrician,Milton Keynes and surrounding areas,https://www.heathelectricalservices.com/,4.98,7,,07360 266850,vetted; Verified; verified,,Milton Keynes and surrounding areas,https://www.trustatrader.com/traders/dixons-gas-and-plumbing-works-ltd-t-a-dixons-electrical-works-electricians-milton-keynes-central,trustatrader
RB Electrix Ltd,,Electrician,"Buckinghamshire, Oxfordshire, Northamptonshire, Bedfordshire",http://www.rbelectrixltd.co.uk/,5.0,7,,07446 482175,"vetted; Verified; verified; Insurance
Verified",,"Buckinghamshire, Oxfordshire, Northamptonshire, Bedfordshire",https://www.trustatrader.com/traders/rb-electrix-ltd-electricians-aylesbury-vale,trustatrader
Cann Electrical Ltd,,Electrician,"Buckinghamshire, Bedfordshire, Northamptonshire",https://www.trustagarage.com/,5.0,17,,07307 204245,"vetted; Verified; verified; Insurance
Verified",,"Buckinghamshire, Bedfordshire, Northamptonshire",https://www.trustatrader.com/traders/cann-electrical-ltd-electricians-milton-keynes,trustatrader
MK Wired Ltd,,Electrician,Milton Keynes and all surrounding areas within 20 miles,https://mkwired.co.uk/,4.99,45,,07307 267980,vetted; Verified; verified,,Milton Keynes and all surrounding areas within 20 miles,https://www.trustatrader.com/traders/mk-wired-ltd-electricians-milton-keynes,trustatrader
Red Bear Electrical,,Electrician,Worthing and the surrounding areas,https://www.electriciansworthing.co.uk/,4.97,16,,07307 201242,"vetted; Verified; verified; Insurance
Verified",,Worthing and the surrounding areas,https://www.trustatrader.com/traders/red-bear-electrical-electricians-arun,trustatrader
Hesuk Limited,,Electrician,,,,,,,,,,https://www.trustatrader.com/traders/hesuk-limited-electricians-milton-keynes-north,trustatrader
Cooks Electrical Ltd,,Electrician,,,,,,,,,,https://www.trustatrader.com/traders/cooks-electrical-ltd-electricians-worthing,trustatrader
MK Electrical and Testing Ltd,,Electrician,,,,,,,,,,https://www.trustatrader.com/traders/mk-electrical-and-testing-ltd-electricians-milton-keynes-central,trustatrader
JPH Electricals Group Ltd,,Electrician,,,,,,,,,,https://www.trustatrader.com/traders/jph-electricals-group-ltd-electricians-basingstoke,trustatrader
DM Electrical,,Electrician,,,,,,,,,,https://www.trustatrader.com/traders/dm-electrical-electricians-rotherham-north,trustatrader
MH Electrical,,Electrician,,,,,,,,,,https://www.trustatrader.com/traders/mh-electrical-electricians-cambridge-south,trustatrader
N Maxwell Electrical Contractor,,Electrician,,,,,,,,,,https://www.trustatrader.com/traders/n-maxwell-electrical-contractor-electricians-rother-north-and-wealden-south,trustatrader
Premienergy,,Electrician,,,,,,,,,,https://www.trustatrader.com/traders/premienergy-electricians-bexhill,trustatrader
Certified Electricians London Ltd,,Electrician,,,,,,,,,,https://www.trustatrader.com/traders/certified-electricians-london-ltd-e14,trustatrader
Mayday Electrical,,Electrician,,,,,,,,,,https://www.trustatrader.com/traders/mayday-electrical-electricians-n1,trustatrader
Whitton Electrical Ltd,,Electrician,,,,,,,,,,https://www.trustatrader.com/traders/whitton-electrical-ltd-electricians-hackney,trustatrader
Whitton Electrical Ltd,,Electrician,,,,,,,,,,https://www.trustatrader.com/traders/whitton-electrical-ltd-electricians-camden,trustatrader
F&A Electrical,,Electrician,,,,,,,,,,https://www.trustatrader.com/traders/f-a-electrical-electricians-camden,trustatrader
THS Electrical Services,,Electrician,,,,,,,,,,https://www.trustatrader.com/traders/ths-electrical-services-electricians-kingston,trustatrader
Miko Construction Ltd,,Electrician,,,,,,,,,,https://www.trustatrader.com/traders/miko-construction-ltd-electricians-w6-and-sw6,trustatrader
THS Electrical Services,,Electrician,,,,,,,,,,https://www.trustatrader.com/traders/ths-electrical-services-electricians-sw19-and-sw20,trustatrader
Mayday Electrical,,Electrician,,,,,,,,,,https://www.trustatrader.com/traders/mayday-electrical-electricians-tw7-tw9-and-ub2,trustatrader
Whitton Electrical Ltd,,Electrician,,,,,,,,,,https://www.trustatrader.com/traders/whitton-electrical-ltd-electricians-kensington-chelsea,trustatrader
F&A Electrical,,Electrician,,,,,,,,,,https://www.trustatrader.com/traders/f-a-electrical-electricians-nw3-and-nw8,trustatrader
THS Electrical Services,,Electrician,,,,,,,,,,https://www.trustatrader.com/traders/ths-electrical-services-electricians-se1-and-se11,trustatrader
Cre8 Electricity Ltd,,Electrician,,,,,,,,,,https://www.trustatrader.com/traders/cre8-electricity-ltd-electricians-cr0,trustatrader
Wayre House Electrical Services Ltd,,Electrician,,,,,,,,,,https://www.trustatrader.com/traders/wayre-house-electrical-services-ltd-electricians-br1,trustatrader
Adrians Electrical Ltd,,Electrician,,,,,,,,,,https://www.trustatrader.com/traders/adrians-electrical-ltd-electricians-br1,trustatrader
Elite Electrics (UK) Ltd,,Electrician,,,,,,,,,,https://www.trustatrader.com/traders/elite-electrics-uk-ltd-electricians-en1-en2-and-en6,trustatrader
Whitton Electrical Ltd,,Electrician,,,,,,,,,,https://www.trustatrader.com/traders/whitton-electrical-ltd-electricians-haringey,trustatrader
Mango Electrical,,Electrician,,,,,,,,,,https://www.trustatrader.com/traders/mango-electrical-electricians-st-albans,trustatrader
DH Electrical Solutions,,Electrician,,,,,,,,,,https://www.trustatrader.com/traders/dh-electrical-solutions-electricians-st-albans-,trustatrader
F&A Electrical,,Electrician,,,,,,,,,,https://www.trustatrader.com/traders/f-a-electrical-electricians-n10-n11-and-n12,trustatrader
Cre8 Electricity Ltd,,Electrician,,,,,,,,,,https://www.trustatrader.com/traders/cre8-electricity-ltd-electricians-w4-and-w12,trustatrader
Affordable Electrics and Repairs Ltd,,Electrician,,,,,,,,,,https://www.trustatrader.com/traders/affordable-electrics-and-repairs-ltd-electricians-kingston,trustatrader
THS Electrical Services,,Electrician,,,,,,,,,,https://www.trustatrader.com/traders/ths-electrical-services-electricians-epsom-ewell,trustatrader
Whitton Electrical Ltd,,Electrician,,,,,,,,,,https://www.trustatrader.com/traders/whitton-electrical-ltd-electricians-hillingdon,trustatrader
Mango Electrical,,Electrician,,,,,,,,,,https://www.trustatrader.com/traders/mango-electrical-electricians-ha5-ha6-and-ub9,trustatrader
RHD Electrical Ltd,,Electrician,,,,,,,,,,https://www.trustatrader.com/traders/rhd-electrical-ltd-electricians-chipping-ongar-and-romford-north,trustatrader
THS Electrical Services,,Electrician,,,,,,,,,,https://www.trustatrader.com/traders/ths-electrical-services-electricians-rm6-and-rm8,trustatrader
Mango Electrical,,Electrician,,,,,,,,,,https://www.trustatrader.com/traders/mango-electrical-electricians-ig6-ig7-and-ig10,trustatrader
Certified Electricians London Ltd,,Electrician,,,,,,,,,,https://www.trustatrader.com/traders/certified-electricians-london-ltd-walthamstow,trustatrader
Mead Electrical Services Ltd,,Electrician,,,,,,,,,,https://www.trustatrader.com/traders/mead-electrical-services-ltd-electricians-brentwood-and-ingatestone,trustatrader
Anderson Electrical,,Electrician,,,,,,,,,,https://www.trustatrader.com/traders/anderson-electrical-electricians-southampton-north,trustatrader
AK Genius Solutions Ltd,,Electrician,,,,,,,,,,https://www.trustatrader.com/traders/ak-genius-solutions-ltd-electricians-new-forest-north,trustatrader
Phase One Mechanical & Electrical Ltd,,Electrician,,,,,,,,,,https://www.trustatrader.com/traders/phase-one-mechanical-electrical-ltd-electricians-southampton-east,trustatrader
Switched Electrics Ltd,,Electrician,,,,,,,,,,https://www.trustatrader.com/traders/switched-electrics-ltd-electricians-fareham,trustatrader
Carlyia Ltd,,Electrician,,,,,,,,,,https://www.trustatrader.com/traders/carlyia-ltd-electricians-salisbury-north,trustatrader
68 Electrics,,Electrician,,,,,,,,,,https://www.trustatrader.com/traders/68-electrics-electricians-andover-and-stockbridge,trustatrader
Adept Renewables,,Electrician,,,,,,,,,,https://www.trustatrader.com/traders/adept-renewables-electricians-bournemouth-1,trustatrader
Circuit Electrical,,Electrician,,,,,,,,,,https://www.trustatrader.com/traders/circuit-electrical-electricians-wiltshire-south,trustatrader
THS Electrical Services,,Electrician,,,,,,,,,,https://www.trustatrader.com/traders/ths-electrical-services-electricians-e15-and-e3-,trustatrader
Miko Construction Ltd,,Electrician,,,,,,,,,,https://www.trustatrader.com/traders/miko-construction-ltd-electricians-soho-mayfair-and-bayswater-,trustatrader
EPM Electrical Plumbing Maintenance,,Electrician,Canterbury and all surrounding areas,http://www.electricalplumbingmaintenance.co.uk/,4.93,211,18,07360 495155,vetted; Verified; verified,,Canterbury and all surrounding areas,https://www.trustatrader.com/traders/epm-electrical-plumbing-maintenance-electricians-canterbury,trustatrader
James Mills Electrical Contractors,,Electrician,Kent,http://www.jamesmillselec.com/,4.9,84,,07307 201413,vetted; Verified; verified,,Kent,https://www.trustatrader.com/traders/james-mills-electrical-contractors-electricians-canterbury,trustatrader
Bryden Electrical Ltd,,Electrician,"Chelmsford, Maldon, Hornchurch, Romford, Upminster, Brentwood, Epping, Braintree, Colchester, Bi",https://brydenelectricalltd.co.uk/electricians-epping,4.97,272,,07307 260524,vetted; Verified; verified,,"Chelmsford, Maldon, Hornchurch, Romford, Upminster, Brentwood, Epping, Braintree, Colchester, Bi",https://www.trustatrader.com/traders/bryden-electrical-ltd-electricians-southend-on-sea,trustatrader
Con-fused Installations Ltd,,Electrician,"Essex, Kent and London",https://www.con-fused.co.uk/,4.97,150,,07307 208784,vetted; Verified; verified,,"Essex, Kent and London",https://www.trustatrader.com/traders/con-fused-installations-ltd-electricians-wickford-benfleet-and-hadleigh,trustatrader
THS Electrical Services,,Electrician,all areas of London,http://www.ths-electrical.co.uk/,4.97,209,,07307 203857,"vetted; Verified; verified; Insurance
Verified",,all areas of London,https://www.trustatrader.com/traders/ths-electrical-services-electricians-epsom-and-ewell-north,trustatrader
District Group Services Ltd,,Electrician,"Central, South and West London, and Surrey",http://www.districtgroupservices.co.uk/,4.98,34,,07307 279557,vetted; Verified; verified,,"Central, South and West London, and Surrey",https://www.trustatrader.com/traders/district-group-services-ltd-electricians-kingston,trustatrader
East Sussex Electrical Services Ltd,,Electrician,Brighton Hove and surrounding areas,https://eastsussexelectrical.co.uk/,4.97,12,,07428 948465,"vetted; Verified; verified; Insurance
Verified",,Brighton Hove and surrounding areas,https://www.trustatrader.com/traders/bowden-electrical-ltd-electricians-brighton-central-1,trustatrader
Capital Electrical,,Electrician,"Brighton, East Sussex & surrounding areas",https://capital-electricals.com/,4.98,10,,07308 504389,"vetted; Verified; verified; Insurance
Verified",,"Brighton, East Sussex & surrounding areas",https://www.trustatrader.com/traders/capital-electrical-electricians-brighton-central-3,trustatrader
DH Electrical,,Electrician,East Sussex,https://dhelectrical.co/,4.95,13,,07307 236355,"vetted; Verified; verified; Insurance
Verified",,East Sussex,https://www.trustatrader.com/traders/dh-electrical-electricians-newhaven-and-lewes,trustatrader
M Hughes Electrical Limited,,Electrician,Seaford and surrounding areas,https://www.mhugheselectrical.co.uk/,4.97,6,,07446 937576,vetted; Verified; verified,,Seaford and surrounding areas,https://www.trustatrader.com/traders/m-hughes-electrical-limited-electricians-newhaven-and-lewes,trustatrader
Connor Roberts Electrical,,Electrician,East Sussex,https://www.trustagarage.com/,5.0,9,,07455 726437,vetted; Verified; verified,,East Sussex,https://www.trustatrader.com/traders/connor-roberts-electrical-electricians-eastbourne,trustatrader
Neter Electrical,,Electrician,Bexhill-on-Sea and surrounding areas,https://www.neterelectrical.com/,5.0,5,,07414 205518,vetted; Verified; verified,,Bexhill-on-Sea and surrounding areas,https://www.trustatrader.com/traders/neter-electrical-electricians-bexhill,trustatrader
Barton Knight Electrical Limited,,Electrician,"Surrey, Hampshire, South Coast and London",http://www.bartonelectricalservices.com/,4.86,92,,07308 502845,vetted; Verified; verified,,"Surrey, Hampshire, South Coast and London",https://www.trustatrader.com/traders/barton-electrical-services-limited-electricians-guildford,trustatrader
Benchmark Electrical Solutions,,Electrician,Oxford and all surrounding areas,https://www.electricianinoxford.co.uk/,4.94,171,,01865 566 182,vetted; Verified; verified,,Oxford and all surrounding areas,https://www.trustatrader.com/traders/benchmark-electrical-solutions-electricians-oxford,trustatrader
Sydenham Electrical Services,,Electrician,"Witney, Abingdon, Oxford & Bicester",https://www.trustagarage.com/,5.0,27,,07307 211708,vetted; Verified; verified,,"Witney, Abingdon, Oxford & Bicester",https://www.trustatrader.com/traders/sydenham-electrical-services-electricians-oxford-west,trustatrader
SLS Electrical Contractors Ltd,,Electrician,"Oxfordshire, Buckingshire, Bicester, Thame, Haddenham, Princes Risborough, High Wycombe and Oxfo",https://www.slselectrical.com/,4.97,15,,07360 494337,vetted; Verified; verified,,"Oxfordshire, Buckingshire, Bicester, Thame, Haddenham, Princes Risborough, High Wycombe and Oxfo",https://www.trustatrader.com/traders/sls-electrical-contractors-ltd-electricians-cherwell,trustatrader
RJF Electrical,,Electrician,"Oxfordshire, Berkshire and Wiltshire",https://www.rjfelectrical.com/,4.9,68,,07360 268827,"vetted; Verified; verified; Insurance
Verified",,"Oxfordshire, Berkshire and Wiltshire",https://www.trustatrader.com/traders/rjf-electrical-electricians-vale-of-white-horse,trustatrader
Socket & C Electrical Ltd,,Electrician,"Wantage, Oxford, Didcot, Wallingford, Faringdon, Steventon, Abingdon, Swindon",https://www.socketandcelectrical.co.uk/,4.98,27,,07307 210625,vetted; Verified; verified,,"Wantage, Oxford, Didcot, Wallingford, Faringdon, Steventon, Abingdon, Swindon",https://www.trustatrader.com/traders/socket-c-electrical-ltd-electricians-vale-of-the-white-horse-and-south-oxfordshire,trustatrader
MD Spark Services,,Electrician,"Amersham, Beaconsfield, Aylesbury, Chesham, Wycombe, Prestwood, Waddesdon, Bicester, Buckingham",https://www.trustagarage.com/,4.95,13,,07307 241429,vetted; Verified; verified,,"Amersham, Beaconsfield, Aylesbury, Chesham, Wycombe, Prestwood, Waddesdon, Bicester, Buckingham",https://www.trustatrader.com/traders/md-spark-services-electricians-aylesbury-vale,trustatrader
Electrical Technolo-G Ltd,,Electrician,"Swindon, Chippenham, Oxford, Wantage, Faringdon, Abingdon",https://electricaltechnolo-g.co.uk/,4.88,7,,07307 201275,"vetted; Verified; verified; Insurance
Verified",,"Swindon, Chippenham, Oxford, Wantage, Faringdon, Abingdon",https://www.trustatrader.com/traders/electrical-technolo-g-ltd-electricians-swindon-outskirts-,trustatrader
"Deneillsons Electrical, Northampton",,Electrician,Northampton and surrounding areas,https://deneillsons.co.uk/,4.92,252,,07360 495061,vetted; Verified; verified,,Northampton and surrounding areas,https://www.trustatrader.com/traders/deneillsons-electrical-electricians-northampton,trustatrader
DH Electrical Solutions,,Electrician,Tring and surrounding areas,https://www.trustagarage.com/,4.9,302,,,vetted; Verified; verified,,Tring and surrounding areas,https://www.trustatrader.com/traders/dh-electrical-solutions-electricians-tring-berkhamstead-and-great-missenden,trustatrader
BM Elec and Co Ltd,,Electrician,"Milton Keynes, Northampton, Bedford 50 miles",http://www.bmelecandco.com/,5.0,16,,07307 209676,vetted; Verified; verified,,"Milton Keynes, Northampton, Bedford 50 miles",https://www.trustatrader.com/traders/bm-elec-and-co-ltd-electricians-milton-keynes-north-,trustatrader
Mango Electrical,,Electrician,all surrounding areas,http://www.mangoelectrical.com/,4.95,142,,07307 210862,"vetted; Verified; verified; Insurance
Verified",,all surrounding areas,https://www.trustatrader.com/traders/mango-electrical-electricians-slough-south-and-windsor,trustatrader
Whitton Electrical Ltd,,Electrician,"Buckinghamshire, Hertfordshire, Essex, North and North West London areas",http://whittonelectrical.co.uk/,4.88,141,30,07308 501519,"vetted; Verified; verified; Insurance
Verified",,"Buckinghamshire, Hertfordshire, Essex, North and North West London areas",https://www.trustatrader.com/traders/whitton-electrical-ltd-electricians-three-rivers-dacorum,trustatrader
Walker Electric,,Electrician,a 50 mile radius,http://www.walker-electric.co.uk/,4.98,38,,07307 238381,vetted; Verified; verified,,a 50 mile radius,https://www.trustatrader.com/traders/walker-electric-electricians-tewkesbury,trustatrader
TJB Electrical,,Electrician,all of Gloucestershire and surrounding areas within a 30 mile radius,https://www.trustagarage.com/,4.99,42,,07307 279101,vetted; Verified; verified,,all of Gloucestershire and surrounding areas within a 30 mile radius,https://www.trustatrader.com/traders/tjb-electrical-electricians-tewkesbury,trustatrader
OTG Electrical Ltd,,Electrician,all surrounding areas within a twenty five mile radius,https://www.trustagarage.com/,4.99,50,,07360 271378,"vetted; Verified; verified; Insurance
Verified",,all surrounding areas within a twenty five mile radius,https://www.trustatrader.com/traders/otg-electrical-ltd-electricians-warwick,trustatrader
JB Electrical (Northampton) Ltd,,Electrician,Northamptonshire and a 20 mile radius,https://www.trustagarage.com/,5.0,19,,07307 236440,"vetted; Verified; verified; Insurance
Verified",,Northamptonshire and a 20 mile radius,https://www.trustatrader.com/traders/jb-electrical-northampton-ltd-electricians-northampton-north,trustatrader
SRW Electrical Services,,Electrician,Northamptonshire,https://www.trustagarage.com/,4.96,19,,07307 232260,"vetted; Verified; verified; Insurance
Verified",,Northamptonshire,https://www.trustatrader.com/traders/srw-electrical-services-electricians-northampton-north,trustatrader
HES Electrical,,Electrician,Alcester and the surrounding areas,https://www.heselec.co.uk/,5.0,19,,07307 283713,vetted; Verified; verified,,Alcester and the surrounding areas,https://www.trustatrader.com/traders/hes-electrical-electricians-redditch-heley-in-arden-and-alcester,trustatrader
Gavin Jones Electrical,,Electrician,your next agreed job with this trader for free by registering for the TrustATrader Guarantee,http://www.gavinjoneselectrical.co.uk/,4.97,202,,07307 205248,vetted; Verified; verified,,your next agreed job with this trader for free by registering for the TrustATrader Guarantee,https://www.trustatrader.com/traders/gavin-jones-electrical-electricians-daventry,trustatrader
RIH Solutions Limited,,Electrician,Stroud and all surrounding Gloucestershire areas,https://rihsolutionsltd.co.uk/,5.0,38,,07307 298317,vetted; Verified; verified,,Stroud and all surrounding Gloucestershire areas,https://www.trustatrader.com/traders/rih-solutions-limited-electricians-cotswold-2,trustatrader
J&J Electrics Ltd,,Electrician,Wellingborough and surrounding areas,https://www.jandjelectrics.co.uk/,4.98,38,,07308 502958,vetted; Verified; verified,,Wellingborough and surrounding areas,https://www.trustatrader.com/traders/jj-electrics-ltd-24-hour-emergency-services-milton-keynes,trustatrader
Top Class Electrical Ltd,,Electrician,the East & West Midlands,http://topclasselectricalltd.com/,4.33,12,,07307 207556,vetted; Verified; verified,,the East & West Midlands,https://www.trustatrader.com/traders/top-class-electrical-ltd-electricians-coventry-west,trustatrader
Happy House Electrics,,Electrician,"Redditch, Bromsgrove, Solihull, Stratford upon Avon, Studley, Alcester, Alvechurch, Knowle, Warw",https://www.happyhouseelectrics.co.uk/,5.0,11,,07427 569430,"vetted; Verified; verified; Insurance
Verified",,"Redditch, Bromsgrove, Solihull, Stratford upon Avon, Studley, Alcester, Alvechurch, Knowle, Warw",https://www.trustatrader.com/traders/happy-house-electrics-electricians-redditch-heley-in-arden-and-alcester,trustatrader
Tripple A Star Electrics,,Electrician,all surrounding areas,https://trippleastarelectrics.co.uk/contact.html,4.96,125,,07360 274612,"vetted; Verified; verified; Insurance
Verified",,all surrounding areas,https://www.trustatrader.com/traders/tripple-star-electrics-electricians-redditch-heley-in-arden-and-alcester,trustatrader
Crouchers Group Ltd,,Electrician,"Bognor Regis, Chichester, Littlehampton, Eastergate, Westergate, Arundel, Rustington, Worthing",http://www.crouchersplumbing.co.uk/,4.94,31,,07308 500412,vetted; Verified; verified,,"Bognor Regis, Chichester, Littlehampton, Eastergate, Westergate, Arundel, Rustington, Worthing",https://www.trustatrader.com/traders/crouchers-group-ltd-electricians-chichester-south,trustatrader
JM Electrical,,Electrician,Maidstone and surrounding areas,https://www.jm-electrical.uk/,4.99,58,,07308 513325,vetted; Verified; verified,,Maidstone and surrounding areas,https://www.trustatrader.com/traders/jm-electrical-electricians-rochester-and-maidstone-west,trustatrader
REA Electricians Ltd,,Electrician,"Dartford, Bexley, Swanley, West Kingsdow, Hartley, Swanscombe, Gravesend, Maidstone, Bromley, Se",https://www.reaelectricians.co.uk/,4.94,207,,07360 497509,"vetted; Verified; verified; Insurance
Verified",,"Dartford, Bexley, Swanley, West Kingsdow, Hartley, Swanscombe, Gravesend, Maidstone, Bromley, Se",https://www.trustatrader.com/traders/rea-electricians-ltd-dartford,trustatrader
Wyneco Ltd,,Electrician,"Clacton on Sea, Colchester, Chelmsford, Ipswich",https://wyneco.co.uk/,4.97,12,,07888 865607,vetted; Verified; verified,,"Clacton on Sea, Colchester, Chelmsford, Ipswich",https://www.trustatrader.com/traders/wyneco-ltd-electricians-tendring-1,trustatrader
BPM Essex Ltd,,Electrician,"Clacton, Frinton, Walton-on-the-Naze, Harwich, Tendring, Wix, Manningtee & Colchester",https://bpm-essex.com/,4.97,22,,07307 207266,vetted; Verified; verified,,"Clacton, Frinton, Walton-on-the-Naze, Harwich, Tendring, Wix, Manningtee & Colchester",https://www.trustatrader.com/traders/bpm-essex-ltd-electricians-tendring-1-,trustatrader
"ESV Installations, Colchester",,Electrician,"Essex, London & Hertfordshire",https://esv.org.uk/,5.0,8,,07732 456 166,vetted; Verified; verified,,"Essex, London & Hertfordshire",https://www.trustatrader.com/traders/esv-installations-audio-visual-installations-colchester-central,trustatrader
Little Electric,,Electrician,"Colchester, Chelmsford, Braintree, Ipswich and Clacton-on-Sea",https://www.trustagarage.com/,4.93,10,,07307 207909,vetted; Verified; verified,,"Colchester, Chelmsford, Braintree, Ipswich and Clacton-on-Sea",https://www.trustatrader.com/traders/little-electric-electricians-braintree-south-and-colchester-west,trustatrader
David Blundell Electrical,,Electrician,"Colchester, Ipswich and all surrounding areas",http://www.colchesterandipswichelectrician.co.uk/,4.94,253,20,07307 245359,"vetted; Verified; verified; Insurance
Verified",,"Colchester, Ipswich and all surrounding areas",https://www.trustatrader.com/traders/david-blundell-electrical-electricians-colchester,trustatrader
GJ Electrical Services,,Electrician,"Tiptree, Witham, Kelvedon, Tolleshunt D'arcy, Tollesbury, Coggeshall, Colchester, Braintree, Che",https://www.midessexelectricians.co.uk/,4.93,80,,07307 223115,vetted; Verified; verified,,"Tiptree, Witham, Kelvedon, Tolleshunt D'arcy, Tollesbury, Coggeshall, Colchester, Braintree, Che",https://www.trustatrader.com/traders/gj-electrical-services-electricians-maldon-north,trustatrader
ESV Installations,,Electrician,"Essex, London & Hertfordshire",https://esv.org.uk/,5.0,8,,07732 456 166,vetted; Verified; verified,,"Essex, London & Hertfordshire",https://www.trustatrader.com/traders/esv-installations-electricians-colchester-central,trustatrader
D Electric Services Ltd,,Electrician,"Colchester, Manningtree, Lawford, Ipswich, Felixstowe, Bury St Edmunds, Stowmarket, Halstead, Ha",https://d-electricsuk.com/,4.97,50,,07307 232160,vetted; Verified; verified,,"Colchester, Manningtree, Lawford, Ipswich, Felixstowe, Bury St Edmunds, Stowmarket, Halstead, Ha",https://www.trustatrader.com/traders/d-electric-services-ltd-electricians-tendring-2,trustatrader
CSW Electrical & Fire Ltd,,Electrician,"Suffolk, Norfolk and Essex",https://www.cswef.co.uk/,4.96,18,,07307 202556,"vetted; Verified; verified; Insurance
Verified",,"Suffolk, Norfolk and Essex",https://www.trustatrader.com/traders/csw-electrical-fire-ltd-electricians-ipswich,trustatrader
Wood Electrical Ltd,,Electrician,Suffolk,https://www.woodelectrical.co.uk/,4.96,17,,07307 276743,vetted; Verified; verified,,Suffolk,https://www.trustatrader.com/traders/wood-electrical-ltd-electricians-ipswich-west,trustatrader
JSB Electrical Services Ltd,,Electrician,"Colchester, Leavenheath, Stoke by Nayland, Nayland, Great Horksley, West Bergholt, Bures, Sudbur",https://jsbelectricalservicesltd.co.uk/,5.0,21,,07307 203929,"vetted; Verified; verified; Insurance
Verified",,"Colchester, Leavenheath, Stoke by Nayland, Nayland, Great Horksley, West Bergholt, Bures, Sudbur",https://www.trustatrader.com/traders/jsb-electrical-services-ltd-electricians-braintree-south-and-colchester-west,trustatrader
Galvin Electrical,,Electrician,"Colchester, Felixstowe, Bury St Edmunds, Stowmarket, Woodbridge, Halstead, Hadleigh, Sudbury, Mi",http://www.galvinelectrical.co.uk/,4.96,98,,07307 281283,vetted; Verified; verified,,"Colchester, Felixstowe, Bury St Edmunds, Stowmarket, Woodbridge, Halstead, Hadleigh, Sudbury, Mi",https://www.trustatrader.com/traders/galvin-electrical-electricians-ipswich-west,trustatrader
PH Electrical,,Electrician,"Ipswich, Woodbridge, and Felixstowe",http://www.phelectric.co.uk/,4.92,20,,07920 106 870,"vetted; Verified; verified; Insurance
Verified",,"Ipswich, Woodbridge, and Felixstowe",https://www.trustatrader.com/traders/ph-electrical-electricians-ipswich,trustatrader
Bryden Electrical Ltd,,Electrician,"Chelmsford, Maldon, Hornchurch, Romford, Upminster, Brentwood, Epping, Braintree, Colchester, Bi",http://www.brydenelectricalltd.co.uk/,4.97,272,,07307 260524,vetted; Verified; verified,,"Chelmsford, Maldon, Hornchurch, Romford, Upminster, Brentwood, Epping, Braintree, Colchester, Bi",https://www.trustatrader.com/traders/bryden-electrical-ltd-electricians-maldonchelmsford,trustatrader
Con-fused Electrical Limited,,Electrician,"Essex, Kent and London",https://www.con-fused.co.uk/,4.97,150,,07307 208784,vetted; Verified; verified,,"Essex, Kent and London",https://www.trustatrader.com/traders/con-fused-electrical-limited-electricians-chelmsford-north,trustatrader
Con-fused Electrical Limited,,Electrician,"Essex, Kent and London",https://www.con-fused.co.uk/,4.97,150,,07307 208784,vetted; Verified; verified,,"Essex, Kent and London",https://www.trustatrader.com/traders/con-fused-electrical-limited-electricians-colchester-central,trustatrader
DG Spurgeon Electrical Services,,Electrician,"Suffolk, Essex and surrounding areas",https://www.trustagarage.com/,5.0,17,,07307 207674,"vetted; Verified; verified; Insurance
Verified",,"Suffolk, Essex and surrounding areas",https://www.trustatrader.com/traders/dg-spurgeon-electrical-services-electricians-bury-st-edmunds-east,trustatrader
Elms Electrical Services,,Electrician,"Braintree, Witham, Maldon, Chelmsford and all areas of Essex",http://www.elmsltd.co.uk/,4.99,179,,07882 965910,vetted; Verified; verified,,"Braintree, Witham, Maldon, Chelmsford and all areas of Essex",https://www.trustatrader.com/traders/elms-electrical-services-electricians-braintree,trustatrader
Barneco Electrical Ltd,,Electrician,all of East Anglia,https://www.trustagarage.com/,5.0,5,,07308 506308,"vetted; Verified; verified; Insurance
Verified",,all of East Anglia,https://www.trustatrader.com/traders/barneco-electrical-ltd-electricians-bury-st-edmunds-east,trustatrader
Clayden Electrical Ltd,,Electrician,"Chingford, Highams Park, Walthamstow, Woodford, Waltham Abbey, Epping, Loughton, Enfield, Buckhu",http://admin@claydenelectrical.co.uk/,4.99,120,,07308 511536,"vetted; Verified; verified; Insurance
Verified",,"Chingford, Highams Park, Walthamstow, Woodford, Waltham Abbey, Epping, Loughton, Enfield, Buckhu",https://www.trustatrader.com/traders/clayden-electrical-ltd-electricians-epping-and-harlow,trustatrader
DH Electrical Solutions,,Electrician,Cambridge and surrounding areas,https://www.trustagarage.com/,4.9,302,,01223 782 604,vetted; Verified; verified,,Cambridge and surrounding areas,https://www.trustatrader.com/traders/dh-electrical-solutions-electricians-cambridge-south,trustatrader
Coulson Services,,Electrician,Cambridge and surrounding villages,https://www.coulson.co.uk/,4.98,11,,07360 273560,vetted; Verified; verified,,Cambridge and surrounding villages,https://www.trustatrader.com/traders/coulson-services-electricians-cambridge-north,trustatrader
RS Electrics,,Electrician,Leigh-on-Sea and the surrounding areas,https://www.trustagarage.com/,4.99,65,8,07360 268880,vetted; Verified; verified,,Leigh-on-Sea and the surrounding areas,https://www.trustatrader.com/traders/rs-electrics-electricians-rayleigh-and-leigh-on-sea,trustatrader
Somerset Rewires Ltd,,Electrician,"Bristol, Bath, Weston-super-Mare and North Somerset",https://somersetrewiresltd.co.uk/,5.0,5,,07427 528963,vetted; Verified; verified,,"Bristol, Bath, Weston-super-Mare and North Somerset",https://www.trustatrader.com/traders/somerset-rewires-ltd-electricians-bristol-7,trustatrader
LP Electrical (Bristol) Limited,,Electrician,Bristol and surrounding areas,https://www.trustagarage.com/,4.98,76,,07360 274253,"vetted; Verified; verified; Insurance
Verified",,Bristol and surrounding areas,https://www.trustatrader.com/traders/lp-electrical-bristol-limited-electricians-bristol-6,trustatrader
Ecolec Electrical Ltd,,Electrician,"Bristol, Bath & surrounding areas",https://www.ecolec-electrical.com/,5.0,5,,07886 066121,vetted; Verified; verified,,"Bristol, Bath & surrounding areas",https://www.trustatrader.com/traders/ecolec-electrical-ltd-electricians-bristol-3,trustatrader
Ben Sheppard Electrics,,Electrician,Bristol,http://bensheppardelectrics.co.uk/,4.94,51,,07308 505295,vetted; Verified; verified,,Bristol,https://www.trustatrader.com/traders/ben-sheppard-electrics-electricians-bristol-6,trustatrader
TJ Electrical Services Ltd,,Electrician,Bath and surrounding Somerset areas,http://www.tjelectrical.uk.com/,4.94,69,,07307 207406,vetted; Verified; verified,,Bath and surrounding Somerset areas,https://www.trustatrader.com/traders/tj-electrical-services-ltd-electricians-bath-south,trustatrader
Airpure Solutions Ltd,,Electrician,"Wales, Southwest England, Gloucestershire, Cheltenham and Worcestershire",https://airpuresolutionsltd.com/,4.99,39,,07360 498400,vetted; Verified; verified,,"Wales, Southwest England, Gloucestershire, Cheltenham and Worcestershire",https://www.trustatrader.com/traders/airpure-solutions-ltd-electricians-newport-north,trustatrader
VE Contractors,,Electrician,South Wales and Surrounding Areas,https://www.trustagarage.com/,4.98,21,,07366 907192,vetted; Verified; verified,,South Wales and Surrounding Areas,https://www.trustatrader.com/traders/ve-contractors-electricians-lincoln-south,trustatrader
Ta8 Electrical & Heating Services Ltd,,Electrician,Somerset & Bristol,https://www.trustagarage.com/,5.0,8,,07308 500723,vetted; Verified; verified,,Somerset & Bristol,https://www.trustatrader.com/traders/ta8-electrical-heating-services-ltd-electricians-taunton-east-and-burnham-on-sea,trustatrader
Excelsior Engineering,,Electrician,"Wales, Bristol, Gloucester, Hereford, Cheltenham and surrounding areas",https://excelsiorelectricalengineering.co.uk/,4.97,24,,07446 481675,vetted; Verified; verified,,"Wales, Bristol, Gloucester, Hereford, Cheltenham and surrounding areas",https://www.trustatrader.com/traders/excelsior-engineering-electricians-cardiff-4,trustatrader
"M&J Cullen Electrical Contractors, Blackwood",,Electrician,your next agreed job with this trader for free by registering for the TrustATrader Guarantee,https://www.trustagarage.com/,5.0,30,,07360 271840,vetted; Verified; verified,,your next agreed job with this trader for free by registering for the TrustATrader Guarantee,https://www.trustatrader.com/traders/m-j-cullen-electrical-contractors-electricians-bargoed-blackwood-newbridge-and-risca,trustatrader
Darmanin Property Services Ltd,,Electrician,"Cardiff, Barry, Newport",https://www.trustagarage.com/,5.0,6,,07427 824477,"vetted; Verified; verified; Insurance
Verified",,"Cardiff, Barry, Newport",https://www.trustatrader.com/traders/darmanin-property-services-ltd-electricians-cardiff-3,trustatrader
Lightwork Electrical,,Electrician,"Cardiff, Barry, Newport & Bridgend",https://lightwork-electrical.uk/,5.0,7,,07307 201964,vetted; Verified; verified,,"Cardiff, Barry, Newport & Bridgend",https://www.trustatrader.com/traders/lightwork-electrical-electricians-cardiff-1,trustatrader
Cherry Building Services Ltd,,Electrician,South Wales,https://www.cherrybuildingservicesltd.co.uk/,4.91,33,,07307 275437,vetted; Verified; verified,,South Wales,https://www.trustatrader.com/traders/cherry-building-services-ltd-electricians-cardiff-3,trustatrader
Thornwood Electrical Ltd,,Electrician,Exeter and the surrounding areas,https://thornwoodelectrical.co.uk/,5.0,15,,07307 210983,"vetted; Verified; verified; Insurance
Verified",,Exeter and the surrounding areas,https://www.trustatrader.com/traders/thornwood-electrical-ltd-electricians-exeter-east,trustatrader
Squires Electrical & Security Ltd,,Electrician,Exeter and surrounding areas,https://squireselectrical.com/,4.9,7,,07307 209713,vetted; Verified; verified,,Exeter and surrounding areas,https://www.trustatrader.com/traders/squires-electrical-security-ltd-electricians-exeter-central,trustatrader
HeroLec Limited,,Electrician,"Exeter, incorporating a 15-mile radius",https://herolec.co.uk/,5.0,5,,07588 451660,"vetted; Verified; verified; Insurance
Verified",,"Exeter, incorporating a 15-mile radius",https://www.trustatrader.com/traders/herolec-limited-electricians-exeter-central,trustatrader
MCB Electrical,,Electrician,"Torbay, South Devon, Exeter",https://www.trustagarage.com/,5.0,8,,07360 269576,"vetted; Verified; verified; Insurance
Verified",,"Torbay, South Devon, Exeter",https://www.trustatrader.com/traders/mcb-electrical-electricians-torquay-and-teigmouth,trustatrader
Ivybridge Electrical Solutions Ltd,,Electrician,"Devon, Cornwall & Somerset",https://www.trustagarage.com/,5.0,5,,07462 189309,vetted; Verified; verified,,"Devon, Cornwall & Somerset",https://www.trustatrader.com/traders/ivybridge-electrical-solutions-ltd-electricians-south-hams,trustatrader
Concept Electrical South West Limited,,Electrician,Plymouth and all surrounding areas,https://www.trustagarage.com/,4.99,63,,07307 206598,vetted; Verified; verified,,Plymouth and all surrounding areas,https://www.trustatrader.com/traders/element-electrical-services-sw-limited-electricians-plymouth,trustatrader
Choughs Trades Limited,,Electrician,Cornwall,https://www.trustagarage.com/,5.0,6,,07360 546134,vetted; Verified; verified,,Cornwall,https://www.trustatrader.com/traders/choughs-trades-limited-electricians-cornwall-2,trustatrader
Gio Electrical Ltd,,Electrician,Dorset,http://www.gioelectrical.co.uk/,4.97,13,,07360 496229,vetted; Verified; verified,,Dorset,https://www.trustatrader.com/traders/gio-electrical-ltd-electricians-west-dorset-2,trustatrader
"DH Electrical Solutions, Bedford",,Electrician,Bedford and surrounding areas,https://www.trustagarage.com/,4.9,302,10,01234 604 121,vetted; Verified; verified,,Bedford and surrounding areas,https://www.trustatrader.com/traders/dh-electrical-solutions-electricians-bedford-central,trustatrader
Hammelec Services Ltd,,Electrician,the West Midlands,http://hammelec.co.uk/,4.96,28,,07360 497469,vetted; Verified; verified,,the West Midlands,https://www.trustatrader.com/traders/hammelec-services-ltd-electricians-worcester-central,trustatrader
JB Electrical Services,,Electrician,Worcestershire,https://www.jbelectricalcontractors.co.uk/,4.99,15,,07360 277267,vetted; Verified; verified,,Worcestershire,https://www.trustatrader.com/traders/jb-electrical-services-electricians-worcester-central,trustatrader
"Phoenix JP Ltd, Birmingham",,Electrician,"Birmingham, Solihull, Coventry, Tamworth and all surrounding areas",https://www.trustagarage.com/,4.99,22,,07307 220455,vetted; Verified; verified,,"Birmingham, Solihull, Coventry, Tamworth and all surrounding areas",https://www.trustatrader.com/traders/phoenix-jp-ltd-electricians---commercial-solihul-castle-bromwich-kingshurst-smiths-wood-fordbridge-chelmsleywood-bickershill-meriden-elmdon-lymdon,trustatrader
"Happy House Electrics, Redditch",,Electrician,"Redditch, Bromsgrove, Solihull, Stratford upon Avon, Studley, Alcester, Alvechurch, Knowle, Warw",https://www.happyhouseelectrics.co.uk/,5.0,11,,07427 569430,"vetted; Verified; verified; Insurance
Verified",,"Redditch, Bromsgrove, Solihull, Stratford upon Avon, Studley, Alcester, Alvechurch, Knowle, Warw",https://www.trustatrader.com/traders/happy-house-electrics-electrical-inspection-testing-redditch-heley-in-arden-and-alcester,trustatrader
C2 Contracting Ltd,,Electrician,"Tenbury Wells, Ludlow, Leominster, Hereford, Worcester & surrounding areas",https://www.c2contracting.co.uk/,4.95,6,,07427 906065,vetted; Verified; verified,,"Tenbury Wells, Ludlow, Leominster, Hereford, Worcester & surrounding areas",https://www.trustatrader.com/traders/c2-contracting-ltd-electricians-worcester-west,trustatrader
D Clarke Electrical,,Electrician,Birmingham and the West Midlands,https://www.trustagarage.com/,4.92,31,,07307 212456,"vetted; Verified; verified; Insurance
Verified",,Birmingham and the West Midlands,https://www.trustatrader.com/traders/d-clarke-electrical-electricians-northfield,trustatrader
GZM Electrical,,Electrician,West Midlands,https://www.trustagarage.com/,4.97,41,,07427 866538,vetted; Verified; verified,,West Midlands,https://www.trustatrader.com/traders/gzm-electrical-electricians-smethwick-lapal-and-romsley,trustatrader
MA Electrician,,Electrician,Birmingham,https://www.trustagarage.com/,5.0,8,,07367 100953,"vetted; Verified; verified; Insurance
Verified",,Birmingham,https://www.trustatrader.com/traders/ma-electrician-electricians-harborne,trustatrader
Top Class Electrical Ltd,,Electrician,the East & West Midlands,http://topclasselectricalltd.com/,4.33,12,,07307 207556,vetted; Verified; verified,,the East & West Midlands,https://www.trustatrader.com/traders/top-class-electrical-ltd-electricians-solihull-west,trustatrader
RSS Electrical Services Ltd,,Electrician,Birmingham and all areas within 40 miles,http://www.rsselectrical.co.uk/,4.96,32,,07307 261120,vetted; Verified; verified,,Birmingham and all areas within 40 miles,https://www.trustatrader.com/traders/rss-electrical-services-ltd-electricians-harborne,trustatrader
Bennett Electrical Services,,Electrician,Solihull & Birmingham,https://www.bennettelectricalservices.co.uk/,4.99,30,,07307 249871,vetted; Verified; verified,,Solihull & Birmingham,https://www.trustatrader.com/traders/bennett-electrical-services-electricians-stechford-and-highgate,trustatrader
Amity Electrical Services Ltd,,Electrician,West Midlands,https://www.trustagarage.com/,5.0,31,,07307 202218,vetted; Verified; verified,,West Midlands,https://www.trustatrader.com/traders/amity-electrical-services-ltd-electricians-bilston-coseley-and-tipton,trustatrader
Marshall Electrical Solutions Ltd,,Electrician,West Midlands and surrounding areas,https://www.marshallelectrical.org/,5.0,39,16,07727 881072,"vetted; Verified; verified; Insurance
Verified",,West Midlands and surrounding areas,https://www.trustatrader.com/traders/marshall-electrical-solutions-ltd-electricians-bilston-coseley-and-tipton,trustatrader
Midwest City Electricals Limited,,Electrician,"West Midlands, Birmingham, Derbyshire, Coventry, Staffordshire, Oxford, Leicestershire",https://www.midwestcityelectricals.com/?utm_source=google&utm_medium=wix_google_business_profile&utm_campaign=368445689635466157,4.99,18,,07360 495153,"vetted; Verified; verified; Insurance
Verified",,"West Midlands, Birmingham, Derbyshire, Coventry, Staffordshire, Oxford, Leicestershire",https://www.trustatrader.com/traders/midwest-city-electricals-limited-electricians-hinckley-and-bosworth-east-and-coleshill,trustatrader
Phoenix JP Ltd,,Electrician,"Birmingham, Solihull, Coventry, Tamworth and all surrounding areas",https://www.trustagarage.com/,4.99,22,,07307 220455,vetted; Verified; verified,,"Birmingham, Solihull, Coventry, Tamworth and all surrounding areas",https://www.trustatrader.com/traders/phoenix-jp-ltd-electricians-solihul-castle-bromwich-kingshurst-smiths-wood-fordbridge-chelmsleywood-bickershill-meriden-elmdon-lymdon,trustatrader
Hallows Electrical Services Ltd,,Electrician,West Midlands,https://www.trustagarage.com/,4.99,26,,07307 203381,vetted; Verified; verified,,West Midlands,https://www.trustatrader.com/traders/hallows-electrical-services-ltd-electricians-bilston-coseley-and-tipton,trustatrader
"LP Electrical (Bristol) Limited, Bristol",,Electrician,Bristol and surrounding areas,https://www.trustagarage.com/,4.98,76,,07360 274253,"vetted; Verified; verified; Insurance
Verified",,Bristol and surrounding areas,https://www.trustatrader.com/traders/lp-electrical-bristol-limited-24-hour-emergency-services-bristol-6,trustatrader
MCT Electrical East Anglia Ltd,,Electrician,"Norwich, Acle, Attleborough, Aylsham, Costessey, Cromer, Dereham, Diss, Fakenham, Gorleston, Gre",http://www.mct-electrical.co.uk/,4.9,57,,07307 203913,"vetted; Verified; verified; Insurance
Verified",,"Norwich, Acle, Attleborough, Aylsham, Costessey, Cromer, Dereham, Diss, Fakenham, Gorleston, Gre",https://www.trustatrader.com/traders/mct-electrical-east-anglia-ltd-electricians-norwich-south-east,trustatrader
JEM Electrical Contractors Ltd,,Electrician,Suffolk and Norfolk,https://www.electricalsafetyfirst.org.uk/find-an-electrician/,4.98,33,,07360 266810,"vetted; Verified; verified; Insurance
Verified",,Suffolk and Norfolk,https://www.trustatrader.com/traders/jem-electrical-contractors-ltd-electricians-norwich-south,trustatrader
DK Electrical,,Electrician,East Anglia,http://www.dkelectricalnorfolk.com/,4.92,39,,07307 204731,vetted; Verified; verified,,East Anglia,https://www.trustatrader.com/traders/dk-electrical-electricians-norwich-north,trustatrader
LEELEK,,Electrician,Norfolk and surrounding areas,http://www.leelek.com/,4.93,79,,07307 254962,vetted; Verified; verified,,Norfolk and surrounding areas,https://www.trustatrader.com/traders/leelek-electricians-north-norfolk,trustatrader
Longview Electrical Ltd,,Electrician,"Suffolk, Norfolk, Essex and all surrounding areas",https://longviewelectrical.co.uk/,4.91,54,,07360 277572,vetted; Verified; verified,,"Suffolk, Norfolk, Essex and all surrounding areas",https://www.trustatrader.com/traders/anytime-electrical-ltd-electricians-norwich-south-east,trustatrader
CHD Electrical,,Electrician,North Norfolk,https://www.chd-electrical.co.uk/,4.96,14,,07360 274492,vetted; Verified; verified,,North Norfolk,https://www.trustatrader.com/traders/chd-electrical-electricians-north-norfolk-1,trustatrader
Riverport Electrical Services,,Electrician,Cambridgeshire,https://www.trustagarage.com/,4.96,180,,07307 219271,vetted; Verified; verified,,Cambridgeshire,https://www.trustatrader.com/traders/riverport-electrical-services-electricians-huntingdonshire,trustatrader
Live Wires Electrical Contractors Ltd,,Electrician,your next agreed job with this trader for free by registering for the TrustATrader Guarantee,https://www.trustagarage.com/,4.98,47,,07360 266208,"vetted; Verified; verified; Insurance
Verified",,your next agreed job with this trader for free by registering for the TrustATrader Guarantee,https://www.trustatrader.com/traders/live-wires-ltd-electricians-huntingdonshire-,trustatrader
CT Electrical,,Electrician,"Huntingdon, Peterborough, Cambridge, St Neots, Bedford, St Ives",https://www.trustagarage.com/,5.0,5,,07446 463025,vetted; Verified; verified,,"Huntingdon, Peterborough, Cambridge, St Neots, Bedford, St Ives",https://www.trustatrader.com/traders/ct-electrical-electricians-huntingdonshire-north,trustatrader
Elite Electrics (UK) Ltd,,Electrician,"Hertfordshire, North and North East London, Essex, Cambridgeshire and surrounding areas",http://www.eliteelectricsuk.com/,4.91,381,,07307 269240,"vetted; Verified; verified; Insurance
Verified",,"Hertfordshire, North and North East London, Essex, Cambridgeshire and surrounding areas",https://www.trustatrader.com/traders/elite-electrics-uk-ltd-electricians-north-herts,trustatrader
Herts Electrical Services Ltd,,Electrician,"Stevenage, Knebworth, Letchworth, Welwyn Garden City and all areas within a surrounding 50 mile",http://hertselectricalservicesltd.co.uk/index.php,4.94,351,20,07307 268863,vetted; Verified; verified,,"Stevenage, Knebworth, Letchworth, Welwyn Garden City and all areas within a surrounding 50 mile",https://www.trustatrader.com/traders/herts-electrical-services-ltd-electricians-north-herts-stevenage,trustatrader
AJ Speechley & Son,,Electrician,"Cambridgeshire, Lincolnshire, Bedfordshire and surrounding areas",https://www.trustagarage.com/,4.98,7,,07360 265384,vetted; Verified; verified,,"Cambridgeshire, Lincolnshire, Bedfordshire and surrounding areas",https://www.trustatrader.com/traders/aj-speechley-son-electricians-huntingdonshire,trustatrader
Your Electrical Solution Limited,,Electrician,a 50 mile radius from Peterborough,https://www.your-electrical-solution.co.uk/,4.98,14,,07360 496647,vetted; Verified; verified,,a 50 mile radius from Peterborough,https://www.trustatrader.com/traders/your-electrical-solution-electricians-northborough-barnack-newborough-ginston-bretton-ortom-dogsthorpe-werrington,trustatrader
First Onsite Electricals Ltd,,Electrician,Peterborough and all areas within 20 miles,http://www.firstonsite-electrical.co.uk/,5.0,82,,07360 493933,vetted; Verified; verified,,Peterborough and all areas within 20 miles,https://www.trustatrader.com/traders/first-onsite-electricals-ltd-electricians-peterborough-central,trustatrader
Jason Church Electrical Ltd,,Electrician,Lincolnshire and Cambridgeshire,http://www.jason-church-electrical.co.uk/,4.99,25,,07360 278424,"vetted; Verified; verified; Insurance
Verified",,Lincolnshire and Cambridgeshire,https://www.trustatrader.com/traders/jason-church-electrical-ltd-electricians-peterborough-north,trustatrader
Carlisle Electrical,,Electrician,Northamptonshire,https://carlisleelectricals.co.uk/,4.95,13,,07360 494897,vetted; Verified; verified,,Northamptonshire,https://www.trustatrader.com/traders/carlisle-electrical-electricians-kettering-south,trustatrader
MH Electrical,,Electrician,Peterborough and the surrounding areas,http://www.mhelectrical.net/,4.98,53,,07307 202767,vetted; Verified; verified,,Peterborough and the surrounding areas,https://www.trustatrader.com/traders/mh-electrical-electricians-peterborough-south,trustatrader
Glowbolt Group Ltd,,Electrician,Cambridgeshire / Bedfordshire / Hertfordshire / Lincolnshire,https://glowbolt.co.uk/,5.0,6,50,07307 201745,vetted; Verified; verified,,Cambridgeshire / Bedfordshire / Hertfordshire / Lincolnshire,https://www.trustatrader.com/traders/glowbolt-group-ltd-electricians-peterborough-central,trustatrader
MJ Electrical Plumbing Services Ltd,,Electrician,"Peterborough, Stamford, Huntingdon, Oundle, St Ives, The Deepings, Bourne, Spalding, Wisbech, an",https://m-j-electrical-plumbing-services-ltd-book-app.book.app/,4.85,462,,07360 495122,vetted; Verified; verified,,"Peterborough, Stamford, Huntingdon, Oundle, St Ives, The Deepings, Bourne, Spalding, Wisbech, an",https://www.trustatrader.com/traders/mj-electrical-plumbing-services-ltd-electricians-peterborough-central,trustatrader
LT Electrical Services,,Electrician,all surrounding areas within a 50 mile radius,https://www.trustagarage.com/,4.98,14,,07308 503928,vetted; Verified; verified,,all surrounding areas within a 50 mile radius,https://www.trustatrader.com/traders/lt-electrical-services-electricians-south-holland,trustatrader
"Project Horizon Ltd, Nottingham",,Electrician,"Nottingham, Lincoln, Derby Leicester",http://www.projecthorizon.uk/,5.0,9,20,07481 346494,"vetted; Verified; verified; Insurance
Verified",,"Nottingham, Lincoln, Derby Leicester",https://www.trustatrader.com/traders/project-horizon-ltd-electricians-arnold,trustatrader
"786 Electricals Ltd, Leicester",,Electrician,Leicester and Leicestershire,https://www.786electricals.co.uk/,4.99,31,,07307 208094,vetted; Verified; verified,,Leicester and Leicestershire,https://www.trustatrader.com/traders/786-electricals-ltd-electricians-oadby,trustatrader
DH Electrical Solutions,,Electrician,St Neots and surrounding areas,https://www.trustagarage.com/,4.9,302,,,vetted; Verified; verified,,St Neots and surrounding areas,https://www.trustatrader.com/traders/dh-electrical-solutions-electricians-huntingdonshire-south,trustatrader
Par Electrical Lincs Ltd,,Electrician,Boston and all surrounding areas,https://www.parlec.co.uk/,4.94,85,,07360 278312,vetted; Verified; verified,,Boston and all surrounding areas,https://www.trustatrader.com/traders/lincs-electrical-contractors-electricians-mid-bedfordshire-central,trustatrader
Astute Electrics,,Electrician,"Leicester, Loughborough, Hinckley, Birstall, Thurmaston, Syston, Wigston, Oadby and all surround",http://www.astute-electrics.co.uk/,4.98,44,,07360 274148,"vetted; Verified; verified; Insurance
Verified",,"Leicester, Loughborough, Hinckley, Birstall, Thurmaston, Syston, Wigston, Oadby and all surround",https://www.trustatrader.com/traders/astute-electrics-electricians-beaumont-leys-abbey-new-parks-fosse-western-park-belgrave-latimer,trustatrader
CAL Electrical Ltd,,Electrician,"Leicester, Loughborough, Hinckley, Birstall, Thurmaston, Syston, Wigston, Oadby and all surround",http://www.calelectrical.co.uk/,4.99,17,,07307 260585,"vetted; Verified; verified; Insurance
Verified",,"Leicester, Loughborough, Hinckley, Birstall, Thurmaston, Syston, Wigston, Oadby and all surround",https://www.trustatrader.com/traders/cal-electrical-ltd-electricians-le3,trustatrader
Alectrical Leicester,,Electrician,all surrounding areas,http://www.alectrical-leicester.co.uk/,4.89,67,,07360 493981,vetted; Verified; verified,,all surrounding areas,https://www.trustatrader.com/traders/alectrical-leicester-electricians-beaumont-leys-abbey-new-parks-fosse-western-park-belgrave-latimer,trustatrader
LS Electrical,,Electrician,"Nottinghamshire, Lincolnshire, Derbyshire and any surrounding areas",https://www.trustagarage.com/,4.98,26,,07307 291177,"vetted; Verified; verified; Insurance
Verified",,"Nottinghamshire, Lincolnshire, Derbyshire and any surrounding areas",https://www.trustatrader.com/traders/ls-electrical-electricians-newark-on-trent-and-north-hykeham,trustatrader
West Bridgford Electrical Limited,,Electrician,your next agreed job with this trader for free by registering for the TrustATrader Guarantee,http://www.westbridgfordelectrical.co.uk/,4.97,51,20,07308 505397,vetted; Verified; verified,,your next agreed job with this trader for free by registering for the TrustATrader Guarantee,https://www.trustatrader.com/traders/west-bridgford-electrical-limited-electricians-nottingham-south-east,trustatrader
LDG Electrical Services,,Electrician,"Nottingham, Derby, Leicester and Mansfield",https://www.trustagarage.com/,4.98,75,,07307 274212,vetted; Verified; verified,,"Nottingham, Derby, Leicester and Mansfield",https://www.trustatrader.com/traders/ldg-electrical-services-electricians-arnold-hucknell-daybrook-breaston,trustatrader
JDM Electrical Ltd,,Electrician,Nottinghamshire and Derbyshire,https://jdelectricalserviceseastmidlands.co.uk/,4.99,60,,07307 208317,"vetted; Verified; verified; Insurance
Verified",,Nottinghamshire and Derbyshire,https://www.trustatrader.com/traders/jdm-electrical-ltd-electricians-nottingham-south-east,trustatrader
MSC Electrical,,Electrician,all of Nottinghamshire,https://www.mscelectrical.co.uk/,4.96,83,,07307 265481,vetted; Verified; verified,,all of Nottinghamshire,https://www.trustatrader.com/traders/msc-electrical-electricians-nottingham,trustatrader
RookeTrade Electrical,,Electrician,Nottinghamshire and surrounding areas,https://rooketradeelectrical.co.uk/,4.96,183,,07307 206820,"vetted; Verified; verified; Insurance
Verified",,Nottinghamshire and surrounding areas,https://www.trustatrader.com/traders/rooketrade-electrical-electricians-nottingham-south-west,trustatrader
Home Electrical Ltd,,Electrician,"Nottingham, Mansfield, Newark, Nottinghamshire, Derby",https://homeelectrical.com/,5.0,21,,07360 498631,vetted; Verified; verified,,"Nottingham, Mansfield, Newark, Nottinghamshire, Derby",https://www.trustatrader.com/traders/home-electrical-ltd-electricians-lenton,trustatrader
Pearman Electrical & Home Improvements,,Electrician,Nottingham and all surrounding areas,https://www.trustagarage.com/,5.0,24,,07360 261179,"vetted; Verified; verified; Insurance
Verified",,Nottingham and all surrounding areas,https://www.trustatrader.com/traders/pearman-electrical-home-improvements-electricians-ng8,trustatrader
Bradeys Electrical,,Electrician,all surrounding areas,https://www.trustagarage.com/,4.95,28,,07401 076321,vetted; Verified; verified,,all surrounding areas,https://www.trustatrader.com/traders/bradeys-electrical-electricians-lenton,trustatrader
Martyn Rees,,Electrician,"Warwickshire, Leicestershire, West Midlands",http://www.martynrees.co.uk/,4.95,245,,07360 279291,vetted; Verified; verified,,"Warwickshire, Leicestershire, West Midlands",https://www.trustatrader.com/traders/martyn-rees-electricians-bosworthhinckley,trustatrader
SM Plumbing Heating Electrical,,Electrician,"Nottingham, Derby, Bridgford, Clifton, Radcliffe on Trent, Beeston, Burton Joyce and all surroun",https://www.trustagarage.com/,5.0,104,,07360 267516,"vetted; Verified; verified; Insurance
Verified",,"Nottingham, Derby, Bridgford, Clifton, Radcliffe on Trent, Beeston, Burton Joyce and all surroun",https://www.trustatrader.com/traders/sm-plumbing-heating-electrical-electricians-ng8-,trustatrader
BJR Electrical Services,,Electrician,"Nottingham, Derbyshire, Leicestershire, Loughborough and all areas within a 25 mile radius",https://www.trustagarage.com/,4.95,75,,07308 512184,vetted; Verified; verified,,"Nottingham, Derbyshire, Leicestershire, Loughborough and all areas within a 25 mile radius",https://www.trustatrader.com/traders/bjr-electrical-services-electricians-nottingham,trustatrader
NG Electrical Services,,Electrician,"Nottingham, Derby and surrounding areas",https://www.ngelectricalservices.com/,5.0,5,,07426 427023,vetted; Verified; verified,,"Nottingham, Derby and surrounding areas",https://www.trustatrader.com/traders/ng-electrical-services-electricians-nottingham-south-west,trustatrader
RJ Electrical Nottingham Ltd,,Electrician,"Nottingham, Derby, Leicester",https://rjelectricalnottingham.co.uk/,5.0,7,,07463 937387,vetted; Verified; verified,,"Nottingham, Derby, Leicester",https://www.trustatrader.com/traders/rj-electrical-nottingham-ltd-electricians-nottingham-south-west,trustatrader
DH Electrical Solutions,,Electrician,Luton and surrounding areas,https://www.trustagarage.com/,4.9,302,,,vetted; Verified; verified,,Luton and surrounding areas,https://www.trustatrader.com/traders/dh-electrical-solutions-electricians-luton-dunstable-and-harpenden-1,trustatrader
DH Electrical Solutions,,Electrician,St Albans and surrounding areas,https://www.trustagarage.com/,4.9,302,,,vetted; Verified; verified,,St Albans and surrounding areas,https://www.trustatrader.com/traders/dh-electrical-solutions-electricians-st-albans,trustatrader
Whitton Electrical Ltd,,Electrician,"Hertfordshire, Buckinghamshire, Essex, North and North West London areas",http://whittonelectrical.co.uk/,4.88,141,14,07308 501519,"vetted; Verified; verified; Insurance
Verified",,"Hertfordshire, Buckinghamshire, Essex, North and North West London areas",https://www.trustatrader.com/traders/whitton-electrical-ltd-electricians-watford,trustatrader
DH Electrical Solutions,,Electrician,Stevenage and surrounding areas,https://www.trustagarage.com/,4.9,302,,,vetted; Verified; verified,,Stevenage and surrounding areas,https://www.trustatrader.com/traders/dh-electrical-solutions-electricians-stevenage,trustatrader
DH Electrical Solutions,,Electrician,Bedfordshire and surrounding areas,https://www.trustagarage.com/,4.9,302,,,vetted; Verified; verified,,Bedfordshire and surrounding areas,https://www.trustatrader.com/traders/dh-electrical-solutions-electricians-bedford-south,trustatrader
DH Electrical Solutions,,Electrician,Bletchley and surrounding areas,https://www.trustagarage.com/,4.9,302,,,vetted; Verified; verified,,Bletchley and surrounding areas,https://www.trustatrader.com/traders/dh-electrical-solutions-electricians-bletchley,trustatrader
DH Electrical Solutions,,Electrician,Northampton and surrounding areas,https://www.trustagarage.com/,4.9,302,,,vetted; Verified; verified,,Northampton and surrounding areas,https://www.trustatrader.com/traders/dh-electrical-solutions-electricians-northampton-central,trustatrader
"LDG Electrical Services, Nottingham",,Electrician,"Nottingham, Derby, Leicester and Mansfield",https://www.trustagarage.com/,4.98,75,,07307 274212,vetted; Verified; verified,,"Nottingham, Derby, Leicester and Mansfield",https://www.trustatrader.com/traders/ldg-electrical-services-electrical-inspection-testing-arnold-hucknell-daybrook-breaston,trustatrader
MH Electrical,,Electrician,Kettering and the surrounding areas,http://www.mhelectrical.net/,4.98,53,,07307 202767,vetted; Verified; verified,,Kettering and the surrounding areas,https://www.trustatrader.com/traders/mh-electrical-electricians-kettering-north,trustatrader
Benchmark Electrical Solutions,,Electrician,Bicester,http://benchmarkelectricalsolutions.co.uk/,4.94,171,,07919 894 079,vetted; Verified; verified,,Bicester,https://www.trustatrader.com/traders/benchmark-electrical-solutions-electricians-cherwell,trustatrader
Prime Electrical Services Ltd,,Electrician,"Nuneaton, Coventry, Hinckley and Leamington (Warwickshire)",https://prime-electricalservices.co.uk/,5.0,18,,07360 267153,vetted; Verified; verified,,"Nuneaton, Coventry, Hinckley and Leamington (Warwickshire)",https://www.trustatrader.com/traders/prime-electrical-services-ltd-electricians-nuneaton,trustatrader
DH Electrical Solutions,,Electrician,Wellingborough and surrounding areas,https://www.trustagarage.com/,4.9,302,,,vetted; Verified; verified,,Wellingborough and surrounding areas,https://www.trustatrader.com/traders/dh-electrical-solutions-electricians-wellingborough-and-rushden,trustatrader
Harper Electrical,,Electrician,Walsall and all surrounding areas,https://www.trustagarage.com/,4.99,42,,07307 212355,vetted; Verified; verified,,Walsall and all surrounding areas,https://www.trustatrader.com/traders/harper-electrical-electricians-lichfield-south,trustatrader
Enterprise Electric Projects Ltd,,Electrician,Sutton Coldfield and surrounding areas,https://enterpriseelectrics.org.uk/,4.99,12,,07360 274916,vetted; Verified; verified,,Sutton Coldfield and surrounding areas,https://www.trustatrader.com/traders/enterprise-electric-projects-ltd-electricians-sutton-coldfield-north,trustatrader
Mirage Solutions,,Electrician,"Walsall, Birmingham, Wolverhampton, Dudley and all surrounding areas",https://miragesolutions.co.uk/,5.0,28,,07307 203937,"vetted; Verified; verified; Insurance
Verified",,"Walsall, Birmingham, Wolverhampton, Dudley and all surrounding areas",https://www.trustatrader.com/traders/mirage-solutions-electricians-walsal-willenhall-bentley-plack-short-heath-darlaston-birchills,trustatrader
Top Class Electrical Ltd,,Electrician,the East & West Midlands,http://topclasselectricalltd.com/,4.33,12,,07307 207556,vetted; Verified; verified,,the East & West Midlands,https://www.trustatrader.com/traders/top-class-electrical-ltd-electricians-walsall,trustatrader
Browns Installations,,Electrician,"Cannock, lichfield, Rugeley, Stafford, Brownhills, Burntwood, Staffordshire",https://www.trustagarage.com/,4.98,17,,07360 278009,vetted; Verified; verified,,"Cannock, lichfield, Rugeley, Stafford, Brownhills, Burntwood, Staffordshire",https://www.trustatrader.com/traders/browns-installations-electricians-cannock-chase,trustatrader
FES Electrical Contractors,,Electrician,Wolverhampton & All Surrounding Areas,https://www.trustagarage.com/,4.98,21,,07307 204154,vetted; Verified; verified,,Wolverhampton & All Surrounding Areas,https://www.trustatrader.com/traders/fes-electricians-wednesfield,trustatrader
West Midlands Electrician Ltd,,Electrician,"Wolverhampton, Telford, Cannock, Birmingham and surrounding areas",https://www.westmidlandselectrician.com/,4.95,57,,07307 238630,vetted; Verified; verified,,"Wolverhampton, Telford, Cannock, Birmingham and surrounding areas",https://www.trustatrader.com/traders/west-midlands-electrician-ltd-electricians-wolverhampton-west,trustatrader
ABT Electrical Services Ltd,,Electrician,Stafford and surrounding areas,https://www.trustagarage.com/,4.88,8,,07367 075051,vetted; Verified; verified,,Stafford and surrounding areas,https://www.trustatrader.com/traders/abt-electrical-services-ltd-electricians-stafford-south,trustatrader
DJB Electrical Contractors Ltd,,Electrician,Halesowen and all areas within 20 miles,http://www.djbelectricalcontractorsltd.co.uk/,4.92,63,,07360 279019,vetted; Verified; verified,,Halesowen and all areas within 20 miles,https://www.trustatrader.com/traders/djb-electrical-contractors-ltd-electricians-smethwick-lapal-and-romsley,trustatrader
Electric Care,,Electrician,Swadlincote and surrounding area,https://electriccare.co.uk/,5.0,9,,07307 211956,vetted; Verified; verified,,Swadlincote and surrounding area,https://www.trustatrader.com/traders/electric-care-electricians-burton-on-trent-east,trustatrader
Electrican Ltd,,Electrician,Stafford and surrounding areas,https://www.electri-canltd.com/,5.0,25,,07830 311461,"vetted; Verified; verified; Insurance
Verified",,Stafford and surrounding areas,https://www.trustatrader.com/traders/electrican-ltd-electricians-stafford-south,trustatrader
GigaWatt Electrical Ltd,,Electrician,Derby,https://www.trustagarage.com/,4.99,28,,07360 275137,"vetted; Verified; verified; Insurance
Verified",,Derby,https://www.trustatrader.com/traders/gigawatt-electrical-ltd-electricians-derby-south-west,trustatrader
Craft Electrical & Solar Ltd,,Electrician,Staffordshire and surrounding areas,https://craftelectricalservices.co.uk/,5.0,21,,07307 227470,"vetted; Verified; verified; Insurance
Verified",,Staffordshire and surrounding areas,https://www.trustatrader.com/traders/craft-electrical-solar-ltd-electricians-stoke-on-trent-south,trustatrader
Woodward Electrical Contractors Ltd,,Electrician,"Stoke-on-Trent, Newcastle-under-Lyme, Stone, Staffordshire within a 40 mile radius",https://www.trustagarage.com/,5.0,28,,07307 252366,"vetted; Verified; verified; Insurance
Verified",,"Stoke-on-Trent, Newcastle-under-Lyme, Stone, Staffordshire within a 40 mile radius",https://www.trustatrader.com/traders/electrical-professional-services-limited-electricians-stoke-market-drayton-and-eccleshall,trustatrader
D Melbourne Electrical Services Ltd,,Electrician,Derbyshire,https://www.trustagarage.com/,4.84,20,,07360 275995,vetted; Verified; verified,,Derbyshire,https://www.trustatrader.com/traders/d-melbourne-electrical-services-ltd-electricians-derby-north-east,trustatrader
Concept One Source Solution Ltd,,Electrician,all of Derbyshire,https://www.conceptgroup.uk/,4.97,6,,07308 501998,vetted; Verified; verified,,all of Derbyshire,https://www.trustatrader.com/traders/concept-one-source-solution-ltd-electricians-derby-north-east,trustatrader
DSB Electrics Ltd,,Electrician,"Ilkeston, Derbyshire & Nottingham",https://www.dsbelectrics.com/,5.0,11,,07811 147 122,vetted; Verified; verified,,"Ilkeston, Derbyshire & Nottingham",https://www.trustatrader.com/traders/dsb-electrics-ltd-electricians-ripley-and-ilkeston,trustatrader
JDM Electrical Ltd,,Electrician,Derbyshire and Nottinghamshire,https://www.trustagarage.com/,4.99,60,,07307 208317,"vetted; Verified; verified; Insurance
Verified",,Derbyshire and Nottinghamshire,https://www.trustatrader.com/traders/jdm-electrical-ltd-electricians-derby-north-east,trustatrader
Boam Electrical Ltd,,Electrician,"East Midlands, Derbyshire, Nottinghamshire",https://www.boamelectrical.com/,4.98,23,,07307 203682,vetted; Verified; verified,,"East Midlands, Derbyshire, Nottinghamshire",https://www.trustatrader.com/traders/boam-electrical-ltd-electricians-nottingham-north-west,trustatrader
Loscoe Electrical,,Electrician,Derbyshire and Nottinghamshire,https://www.loscoeelectrical.co.uk/,5.0,24,,07307 202126,"vetted; Verified; verified; Insurance
Verified",,Derbyshire and Nottinghamshire,https://www.trustatrader.com/traders/loscoe-electrical-electricians-ripley-and-ilkeston,trustatrader
CSP Electrical Services,,Electrician,Nottingham and all areas within 30 miles,http://www.cspelectrical.co.uk/,4.96,24,,07307 230727,vetted; Verified; verified,,Nottingham and all areas within 30 miles,https://www.trustatrader.com/traders/csp-electrical-services-electricians-mansfield-warsop-clifton-ruddlington-wilford-eastwort,trustatrader
R6 Electrical Contractors Ltd,,Electrician,East Midlands,https://www.trustagarage.com/,5.0,5,,07723 489324,vetted; Verified; verified,,East Midlands,https://www.trustatrader.com/traders/r6-electrical-contractors-ltd-electricians-matlock-and-alfreton,trustatrader
ADJ Electrical Services,,Electrician,Cheshire and surrounding areas,http://www.adjelectricalservices.co.uk/,4.99,30,,07307 254115,vetted; Verified; verified,,Cheshire and surrounding areas,https://www.trustatrader.com/traders/adj-electrical-services-electricians-aylesbury-vale,trustatrader
PEM Electrical,,Electrician,Derbyshire and Nottinghamshire,https://www.pempropertyservices.co.uk/electrical,4.97,35,,07308 506431,"vetted; Verified; verified; Insurance
Verified",,Derbyshire and Nottinghamshire,https://www.trustatrader.com/traders/pem-electrical-electricians-amber-valley,trustatrader
Breedon Electrical Ltd,,Electrician,"Sheffield, Dronfield and surrounding areas",http://www.breedonelectrical.co.uk/,4.98,61,,07307 271774,vetted; Verified; verified,,"Sheffield, Dronfield and surrounding areas",https://www.trustatrader.com/traders/breedon-electrical-ltd-electricians-chesterfield-south,trustatrader
DH Electrical Solutions,,Electrician,Northampton and surrounding areas,https://www.trustagarage.com/,4.9,302,,,vetted; Verified; verified,,Northampton and surrounding areas,https://www.trustatrader.com/traders/dh-electrical-solutions-electricians-northampton-south,trustatrader
ASW Electrical,,Electrician,Cheshire,https://www.trustagarage.com/,5.0,8,,07360 278547,vetted; Verified; verified,,Cheshire,https://www.trustatrader.com/traders/asw-electrical-electricians-northwich,trustatrader
Lumlec Electrical,,Electrician,"Sheffield, Chesterfield and Dronfield",https://www.trustagarage.com/,4.98,70,,07360 266022,vetted; Verified; verified,,"Sheffield, Chesterfield and Dronfield",https://www.trustatrader.com/traders/lumlec-electrical-electricians-fulwood-ecclesall-dore-totley-crookes-broomhill-dronfield,trustatrader
Top Class Electrical Ltd,,Electrician,the East & West Midlands,http://topclasselectricalltd.com/,4.33,12,,07307 207556,vetted; Verified; verified,,the East & West Midlands,https://www.trustatrader.com/traders/top-class-electrical-ltd-electricians-birmingham-central,trustatrader
Core Electrical (Midlands) Limited,,Electrician,postcode CV34 incorporating a 20-mile radius,https://coreelectricalmidlands.co.uk/,4.99,14,,07307 213045,vetted; Verified; verified,,postcode CV34 incorporating a 20-mile radius,https://www.trustatrader.com/traders/core-electrical-midlands-limited-electricians-warwick,trustatrader
GWL Compliance Ltd,,Electrician,"Leicester, Loughborough, Coalville",https://www.trustagarage.com/,5.0,7,,07307 256845,vetted; Verified; verified,,"Leicester, Loughborough, Coalville",https://www.trustatrader.com/traders/gwl-compliance-ltd-electricians-ashby-de-la-zouch-and-coalville,trustatrader
"Delta Electrical Solutions, Barnsley",,Electrician,Barnsley and all areas within a 100 mile radius,https://www.trustagarage.com/,4.97,71,,07307 253946,"vetted; Verified; verified; Insurance
Verified",,Barnsley and all areas within a 100 mile radius,https://www.trustatrader.com/traders/delta-electrical-solutions-24-hour-emergency-services-barnsley-west,trustatrader
J&S Electrical & Property Services,,Electrician,Nottingham,https://www.jselectricalpropertyservices.co.uk/,4.98,15,,07360 280083,"vetted; Verified; verified; Insurance
Verified",,Nottingham,https://www.trustatrader.com/traders/j-s-electrical-property-services-electricians-ng9,trustatrader
MESS Electrical,,Electrician,London and surrounding areas,https://www.messelectrical.com/,5.0,16,,07307 210099,"vetted; Verified; verified; Insurance
Verified",,London and surrounding areas,https://www.trustatrader.com/traders/mess-electrical-electricians-lenton,trustatrader
Top Class Electrical Ltd,,Electrician,the East & West Midlands,http://topclasselectricalltd.com/,4.33,12,,07307 207556,vetted; Verified; verified,,the East & West Midlands,https://www.trustatrader.com/traders/top-class-electrical-ltd-electricians-dudley,trustatrader
Electric-Call Services Ltd,,Electrician,the North West and the surrounding areas,https://electric-call.co.uk/,5.0,714,,07360 279202,vetted; Verified; verified,,the North West and the surrounding areas,https://www.trustatrader.com/traders/electric-call-services-ltd-electricians-stockport,trustatrader
Sherratt Property Services Ltd,,Electrician,South Manchester & Cheshire,https://www.sherrattpropertyservices.co.uk/,4.98,32,,07360 267275,vetted; Verified; verified,,South Manchester & Cheshire,https://www.trustatrader.com/traders/sherratt-property-services-ltd-electricians-stockport-west,trustatrader
Premier Electrics NW LTD - T/A Louis The Electrician,,Electrician,Cheshire and all of the Northwest,https://www.trustagarage.com/,4.99,101,,07307 221700,"vetted; Verified; verified; Insurance
Verified",,Cheshire and all of the Northwest,https://www.trustatrader.com/traders/premier-electrics-nw-ltd-t-a-louis-the-electrician-electricians-stockport,trustatrader
Gilchrist Electrical Solutions,,Electrician,Manchester & Greater Manchester,https://www.trustagarage.com/,5.0,12,,07723 581945,"vetted; Verified; verified; Insurance
Verified",,Manchester & Greater Manchester,https://www.trustatrader.com/traders/gilchrist-electrical-solutions-electricians-wythenshawe,trustatrader
TPE Electrical,,Electrician,Stockport and surrounding areas,https://tpe-electrical.co.uk/,5.0,6,,07360 271421,"vetted; Verified; verified; Insurance
Verified",,Stockport and surrounding areas,https://www.trustatrader.com/traders/tpe-electrical-electricians-stockport-west,trustatrader
G&L Electric Limited,,Electrician,Greater Manchester,https://gandlelectric.com/,4.99,29,,07380 329691,"vetted; Verified; verified; Insurance
Verified",,Greater Manchester,https://www.trustatrader.com/traders/g-l-electric-limited-electricians-levenshulme-burnage-withington-and-west-didsbury,trustatrader
MAP Electrical,,Electrician,Manchester and the surrounding area,http://www.mapelectrical.co.uk/,4.98,148,,07307 237631,"vetted; Verified; verified; insurance
Verified",,Manchester and the surrounding area,https://www.trustatrader.com/traders/map-electrical-electricians-manchester-moss-side-alexandra-lloyd-street-longsight-gordon-south,trustatrader
One Electrical Solutions,,Electrician,Cheshire,https://www.trustagarage.com/,4.98,10,,07307 292686,vetted; Verified; verified,,Cheshire,https://www.trustatrader.com/traders/one-electrical-solutions-electricians-warrington-south,trustatrader
JPH Electrical Contractors Ltd,,Electrician,Manchester & the North West,https://jph-electrical.com/,4.98,11,,07476 949347,vetted; Verified; verified,,Manchester & the North West,https://www.trustatrader.com/traders/jph-electrical-contractors-ltd-electricians-manchester-central-2,trustatrader
S M Electrical (Warrington) Ltd,,Electrician,"Warrington, Runcorn, Widnes, Lymm, Cheshire",http://smelectrician.com/,5.0,15,,07307 203424,"vetted; Verified; verified; Insurance
Verified",,"Warrington, Runcorn, Widnes, Lymm, Cheshire",https://www.trustatrader.com/traders/s-m-electrical-warrington-ltd-electricians-warrington-south,trustatrader
Tierney & Sons Electrical Ltd,,Electrician,"Stockport, Greater Manchester and Cheshire",http://www.tandselectrical.co.uk/,4.92,122,,07307 212477,vetted; Verified; verified,,"Stockport, Greater Manchester and Cheshire",https://www.trustatrader.com/traders/tierney-sons-electrical-ltd-electricians-hyde-hadfield-and-glossop,trustatrader
CC Electrical (Manchester) Ltd,,Electrician,all Manchester & Cheshire areas,http://ccelectrical.wix.com/ccelectrical,4.93,83,26,07307 291751,"vetted; Verified; verified; Insurance
Verified",,all Manchester & Cheshire areas,https://www.trustatrader.com/traders/cc-electrical-manchester-ltd-electricians-trafford,trustatrader
SparkyMag,,Electrician,"Salford, Manchester, Bolton and Warrington",https://sparkymag.uk/,4.93,9,,07378 485856,"vetted; Verified; verified; Insurance
Verified",,"Salford, Manchester, Bolton and Warrington",https://www.trustatrader.com/traders/sparkymag-electricians-salford,trustatrader
J Maybury & Sons Ltd,,Electrician,Manchester and all areas within 50 miles,http://www.mayburyandsonselec.co.uk/,4.97,101,,07360 278903,vetted; Verified; verified,,Manchester and all areas within 50 miles,https://www.trustatrader.com/traders/j-maybury-sons-ltd-electricians-manchester,trustatrader
Integrated Building Solutions Ltd,,Electrician,Manchester and all of Greater Manchester,http://www.ibsolutiobsltd.co.uk/,4.94,155,,07360 263796,vetted; Verified; verified,,Manchester and all of Greater Manchester,https://www.trustatrader.com/traders/integrated-building-solutions-ltd-electricians-salford,trustatrader
James Whaley Electrics,,Electrician,Ashton-Under-Lyne - Greater Manchester & West Yorkshire,https://www.trustagarage.com/,4.99,16,,07426 984797,vetted; Verified; verified,,Ashton-Under-Lyne - Greater Manchester & West Yorkshire,https://www.trustatrader.com/traders/james-whaley-electrics-electricians-stalybridge,trustatrader
Current Connect NW,,Electrician,all surrounding areas,https://www.trustagarage.com/,5.0,48,,07308 502821,vetted; Verified; verified,,all surrounding areas,https://www.trustatrader.com/traders/current-connect-nw-electricians-widnes,trustatrader
Gas & Elec Solutions Ltd,,Electrician,Merseyside and surrounding areas,https://gaselecsolutionsltd.co.uk/,4.96,49,,07360 275956,vetted; Verified; verified,,Merseyside and surrounding areas,https://www.trustatrader.com/traders/gas-elec-solutions-ltd-electricians-knowsley,trustatrader
Daniel Paul Electrical Ltd,,Electrician,"Liverpool, Wirral, Sefton, Merseyside",https://www.danielpaulelectrical.com/electrical-certificates,4.99,54,,07360 273271,"vetted; Verified; verified; Insurance
Verified",,"Liverpool, Wirral, Sefton, Merseyside",https://www.trustatrader.com/traders/daniel-paul-electrical-ltd-electricians-liverpool-central-and-bootle,trustatrader
Wells Elec,,Electrician,Manchester,https://wellselec.co.uk/,5.0,40,,07307 291239,"vetted; Verified; verified; Insurance
Verified",,Manchester,https://www.trustatrader.com/traders/wells-elec-electricians-mossley-dobcross-and-diggle,trustatrader
Maz Electrical & Construction Ltd,,Electrician,Liverpool,https://www.trustagarage.com/,4.99,16,,07360 270390,vetted; Verified; verified,,Liverpool,https://www.trustatrader.com/traders/maz-electrical-construction-ltd-electricians-halewood-cressington-and-belle-vale,trustatrader
LPM Electrical Services,,Electrician,"Wirral, Chester, Skelmersdale, Liverpool, Wigan and Manchester",http://www.lpmelectricalservices.co.uk/,4.89,57,,07307 205759,vetted; Verified; verified,,"Wirral, Chester, Skelmersdale, Liverpool, Wigan and Manchester",https://www.trustatrader.com/traders/lpm-electrical-services-electricians-wirral,trustatrader
C. Owen Electrical Contractors Limited,,Electrician,"Throughout Bury, Manchester and Bolton",https://www.c-owenelectrical.com/,4.99,12,,07360 277871,vetted; Verified; verified,,"Throughout Bury, Manchester and Bolton",https://www.trustatrader.com/traders/c-owen-electrical-contractors-limited-electricians-bury-east,trustatrader
On-Power Electrical and Plumbing Ltd,,Electrician,Sheffield and surrounding area,https://www.opep.uk/,4.97,78,,07360 268001,"vetted; Verified; verified; Insurance
Verified",,Sheffield and surrounding area,https://www.trustatrader.com/traders/on-power-electrical-and-plumbing-ltd-electricians-sheffield-5,trustatrader
JD Electrical & Property Services,,Electrician,all surrounding areas,http://jdelecandproperty.co.uk/,4.98,108,,07949 453 933,vetted; Verified; verified,,all surrounding areas,https://www.trustatrader.com/traders/jd-electrical-property-services-electricians-liverpool-riverside,trustatrader
Rich Electrics and Renewables Limited,,Electrician,Sheffield and surrounding areas,https://richelectrics.co.uk/home,4.99,69,,07307 206595,"vetted; Verified; verified; Insurance
Verified",,Sheffield and surrounding areas,https://www.trustatrader.com/traders/rich-electrics-and-renewables-limited-electricians-sheffield-2,trustatrader
Glyn K Beckwith,,Electrician,"Bury, Ramsbottom, Whitefield, Prestwitch, Tottington, Radcliffe & Edenfield",https://www.buryelectrician.com/,4.97,6,21,07463 596289,vetted; Verified; verified,,"Bury, Ramsbottom, Whitefield, Prestwitch, Tottington, Radcliffe & Edenfield",https://www.trustatrader.com/traders/glyn-k-beckwith-electricians-bolton-east,trustatrader
Shaw 4 Electrical,,Electrician,"Leeds, Huddersfield, Rochdale, Wakefield, Chesterfield, Doncaster, Stockport, Barnsley, Manchest",https://shaw4electrical.com/,4.99,17,,07307 233624,"vetted; Verified; verified; Insurance
Verified",,"Leeds, Huddersfield, Rochdale, Wakefield, Chesterfield, Doncaster, Stockport, Barnsley, Manchest",https://www.trustatrader.com/traders/shaw-4-electrical-electricians-kirklees-south,trustatrader
DC Electrical Solutions,,Electrician,Wigan and all surrounding areas,http://www.dc-electricalsolutions.com/,4.95,168,15,07308 502528,vetted; Verified; verified,,Wigan and all surrounding areas,https://www.trustatrader.com/traders/my-house-rewire-electricals-wigan-west,trustatrader
Call Electrical,,Electrician,Liverpool and the North West,http://www.walshandwelsh.co.uk/,4.98,2417,,07789 311 953,vetted; Verified; verified,,Liverpool and the North West,https://www.trustatrader.com/traders/call-electrical-electricians-liverpool---wavertree,trustatrader
Albert's Electrical Ltd,,Electrician,"Chorley, Wigan, Bolton, Preston (Lancashire & Greater Manchester)",https://www.albertselectrical.co.uk/,5.0,7,,07476 925287,vetted; Verified; verified,,"Chorley, Wigan, Bolton, Preston (Lancashire & Greater Manchester)",https://www.trustatrader.com/traders/alberts-electrical-ltd-electricians-chorley-west-and-horwich,trustatrader
Harvey's Electrical,,Electrician,postcode area CH6 and incorporating a 50-mile radius,http://www.harveyselectrical.com/,5.0,21,,07307 211535,"vetted; Verified; verified; Insurance
Verified",,postcode area CH6 and incorporating a 50-mile radius,https://www.trustatrader.com/traders/harveys-electrical-electricians-flintshire,trustatrader
Roblec Electrical Limited,,Electrician,"Lancashire, Wigan and Greater Manchester",https://www.trustagarage.com/,4.97,45,,07307 201452,vetted; Verified; verified,,"Lancashire, Wigan and Greater Manchester",https://www.trustatrader.com/traders/roblec-electrical-limited-electricians-chorley,trustatrader
T Baxter Electrical Solutions,,Electrician,"Barnsley, Sheffield, Rotherham, Wakefield",https://www.baxterelectrical.co.uk/,4.99,36,,07307 203515,vetted; Verified; verified,,"Barnsley, Sheffield, Rotherham, Wakefield",https://www.trustatrader.com/traders/t-baxter-electrical-solutions-electricians-barnsley-west,trustatrader
Delta Electrical Solutions,,Electrician,Barnsley and all areas within a 100 mile radius,https://www.trustagarage.com/,4.97,71,,07307 253946,"vetted; Verified; verified; Insurance
Verified",,Barnsley and all areas within a 100 mile radius,https://www.trustatrader.com/traders/delta-electrical-solutions-electricians-barnsley-west,trustatrader
B. & N. Electrical Ltd,,Electrician,Lancashire and the surrounding area,http://www.bandnelectrical.co.uk/,4.99,21,,07307 205628,vetted; Verified; verified,,Lancashire and the surrounding area,https://www.trustatrader.com/traders/b-n-electrical-ltd-electricians-west-lancashire-1,trustatrader
Burridge Electrical Services Ltd,,Electrician,"West Yorkshire, Lancashire, Manchester, Leeds and surrounding areas",http://www.burridgeelectricalservicesltd.co.uk/,4.97,6,,07309 457542,vetted; Verified; verified,,"West Yorkshire, Lancashire, Manchester, Leeds and surrounding areas",https://www.trustatrader.com/traders/burridge-electrical-services-ltd-electricians-rochdale-east-and-todmorden,trustatrader
Urban Bathrooms & Electrical,,Electrician,"Grimsby, Cleethorpes, Waltham, Humberston, Louth, & Humberside",https://www.urbanbathrooms.co.uk/,4.98,11,,07455 736720,vetted; Verified; verified,,"Grimsby, Cleethorpes, Waltham, Humberston, Louth, & Humberside",https://www.trustatrader.com/traders/urban-bathrooms-electrical-electricians-barton-upon-humber-immingham-and-grimbsy-north,trustatrader
MH Electrical,,Electrician,Spalding and the surrounding areas,http://www.mhelectrical.net/,4.98,53,,07307 202767,vetted; Verified; verified,,Spalding and the surrounding areas,https://www.trustatrader.com/traders/mh-electrical-electricians-south-holland,trustatrader
Electric-Call Services Ltd,,Electrician,the North West and the surrounding areas,https://electric-call.co.uk/,5.0,714,,07360 279202,vetted; Verified; verified,,the North West and the surrounding areas,https://www.trustatrader.com/traders/electric-call-services-ltd-electricians-manchester-collegate-miles-platting-newton-heath-bradford-gordon-north-ardwick-hulme-beswick,trustatrader
JPH Electrical Contractors Ltd,,Electrician,Manchester & the North West,https://jph-electrical.com/,4.98,11,,07476 949347,vetted; Verified; verified,,Manchester & the North West,https://www.trustatrader.com/traders/jph-electrical-contractors-ltd-electricians-radcliffe-whitefield-and-prestwich,trustatrader
"Mark Hope Electrical, Wakefield",,Electrician,"Wakefield, Leeds, Castleford, Pontefract and surrounding areas",http://www.markhopeelectrical.co.uk/,4.91,114,,07307 242080,vetted; Verified; verified,,"Wakefield, Leeds, Castleford, Pontefract and surrounding areas",https://www.trustatrader.com/traders/mark-hope-electrical-building-services-ltd-electricians-wakefield,trustatrader
PB Electrical,,Electrician,"Warrington, Runcorn, Widnes, Golborne,Wigan",https://www.pb-elec.co.uk/,4.93,55,,07360 262188,vetted; Verified; verified,,"Warrington, Runcorn, Widnes, Golborne,Wigan",https://www.trustatrader.com/traders/pb-electrical-electricians-warrington-north,trustatrader
DWS Electrical Ltd,,Electrician,Lancashire,https://dws-electrical.co.uk/,5.0,20,,07307 205464,vetted; Verified; verified,,Lancashire,https://www.trustatrader.com/traders/dws-electrical-ltd-electricians-burnley-south,trustatrader
LHR Electrical Services Ltd,,Electrician,"Blackburn, Burnley, Preston, Bolton",https://lhrelectricalservices.co.uk/,4.99,16,20,07307 266705,vetted; Verified; verified,,"Blackburn, Burnley, Preston, Bolton",https://www.trustatrader.com/traders/lhr-electrical-services-ltd-electricians-blackburn-east,trustatrader
Jackson Electrical,,Electrician,"Leyland, Darwen, Blackburn, Bolton, Chorley and Preston",https://jacksonelectrical.info/,4.92,48,,07779 497 040,"vetted; Verified; verified; Insurance
Verified",,"Leyland, Darwen, Blackburn, Bolton, Chorley and Preston",https://www.trustatrader.com/traders/jackson-electrical-electricians-blackburn--darwen,trustatrader
B. & N. Electrical Ltd,,Electrician,Lancashire and the surrounding area,http://www.bandnelectrical.co.uk/,4.99,21,,07307 205628,vetted; Verified; verified,,Lancashire and the surrounding area,https://www.trustatrader.com/traders/b-n-electrical-ltd-electricians-preston-central,trustatrader
Advanced Electrical Services North West Ltd,,Electrician,"Liverpool, St Helen’s, Warrington, Manchester, Southport, Formby",https://www.trustagarage.com/,5.0,8,,07476 990387,"vetted; Verified; verified; Insurance
Verified",,"Liverpool, St Helen’s, Warrington, Manchester, Southport, Formby",https://www.trustatrader.com/traders/advanced-electrical-services-north-west-ltd-electricians-huyton,trustatrader
Delta Electrical Solutions,,Electrician,Bradford and all areas within a 100 mile radius,https://www.trustagarage.com/,4.97,71,,07307 253946,"vetted; Verified; verified; Insurance
Verified",,Bradford and all areas within a 100 mile radius,https://www.trustatrader.com/traders/delta-electrical-solutions-electricians-lincoln,trustatrader
SJK Electrical Services (West Yorkshire) Ltd,,Electrician,"Shipley, Bradford & Surrounding areas",https://www.sjkelectricalservices.co.uk/,4.98,7,,07308 505374,vetted; Verified; verified,,"Shipley, Bradford & Surrounding areas",https://www.trustatrader.com/traders/sjk-electrical-services-west-yorkshire-ltd-electricians-shipley,trustatrader
Voltage Solutions,,Electrician,Bradford and surrounding areas,https://www.voltage-solutions.com/,5.0,12,,07307 272099,vetted; Verified; verified,,Bradford and surrounding areas,https://www.trustatrader.com/traders/voltage-solutions-electricians-bradford-north,trustatrader
AMC Electrical Solutions Ltd,,Electrician,"Leeds, Bradford, Harrogate and surrounding areas",https://www.trustagarage.com/,4.97,29,,07307 210898,"vetted; Verified; verified; Insurance
Verified",,"Leeds, Bradford, Harrogate and surrounding areas",https://www.trustatrader.com/traders/amc-electrical-solutions-ltd-electricians-bradford-east,trustatrader
Smith & Ellis Electrical Ltd,,Electrician,"Wakefield, Leeds, Pontefract",https://www.trustagarage.com/,5.0,18,,07568 452 503,vetted; Verified; verified,,"Wakefield, Leeds, Pontefract",https://www.trustatrader.com/traders/smith-ellis-electrical-ltd-electricians-leeds-south,trustatrader
Pyramid Services,,Electrician,all surrounding areas within a fifteen mile radius,https://pyramidserv.co.uk/contact-us/,4.96,14,,07307 209952,vetted; Verified; verified,,all surrounding areas within a fifteen mile radius,https://www.trustatrader.com/traders/pyramid-services-electricians-harehills-roundhay-and-cross-green,trustatrader
JC Electrical & Refrigeration Services Ltd,,Electrician,Pontefract and 50 mile radius,http://www.jcers.co.uk/,4.91,35,,07307 265401,vetted; Verified; verified,,Pontefract and 50 mile radius,https://www.trustatrader.com/traders/jc-electrical-refrigeration-services-ltd-electricians-wakefield-south-and-castleford-south,trustatrader
Electric-Call Services Ltd,,Electrician,Liverpool and all surrounding areas,https://electric-call.co.uk/,5.0,714,,07360 279202,vetted; Verified; verified,,Liverpool and all surrounding areas,https://www.trustatrader.com/traders/stockport-plastering-building-services-electricians-liverpool-central-and-bootle,trustatrader
"Current Connect NW, Liverpool",,Electrician,all surrounding areas,https://www.trustagarage.com/,5.0,48,,07308 502821,vetted; Verified; verified,,all surrounding areas,https://www.trustatrader.com/traders/current-connect-nw-electricians---commercial-widnes,trustatrader
Electric-Call Services Ltd,,Electrician,"Bury, Greater Manchester and surrounding areas",https://electric-call.co.uk/,5.0,714,,07360 279202,vetted; Verified; verified,,"Bury, Greater Manchester and surrounding areas",https://www.trustatrader.com/traders/electric-call-services-ltd-electricians-bury,trustatrader
Electric-Call Services Ltd,,Electrician,"Wigan, Greater Manchester and surrounding areas",https://electric-call.co.uk/,5.0,714,,07360 279202,vetted; Verified; verified,,"Wigan, Greater Manchester and surrounding areas",https://www.trustatrader.com/traders/electric-call-services-ltd-electricians-wigan-west,trustatrader
Electric-Call Services Ltd,,Electrician,"Lymm, Cheshire and surrounding areas",https://electric-call.co.uk/,5.0,714,,07360 279202,vetted; Verified; verified,,"Lymm, Cheshire and surrounding areas",https://www.trustatrader.com/traders/electric-call-services-ltd-electricians-cheshire-east,trustatrader
McDonnell Shields Ltd,,Electrician,all surrounding areas within a thirty mile radius,http://mcdonnellshields.com/,4.97,5,,07450 305077,vetted; Verified; verified,,all surrounding areas within a thirty mile radius,https://www.trustatrader.com/traders/mcdonnell-shields-ltd-electricians-northern-ireland,trustatrader
A&J Power Services Limited,,Electrician,"Tyne and Wear, Newcastle upon Tyne, Sunderland, Whitburn, Washington and Ponteland, Bedlington,",https://www.aandjpowerservices.com/,4.9,29,,07307 225163,"vetted; Verified; verified; Insurance
Verified",,"Tyne and Wear, Newcastle upon Tyne, Sunderland, Whitburn, Washington and Ponteland, Bedlington,",https://www.trustatrader.com/traders/a-j-power-services-limited-electricians-wallsend-and-jarrow,trustatrader
P&L Electrical Ltd,,Electrician,Newcastle upon Tyne and all surrounding areas within a fifteen mile radius,http://pandlelectricalltd.co.uk/,5.0,9,,07307 232892,vetted; Verified; verified,,Newcastle upon Tyne and all surrounding areas within a fifteen mile radius,https://www.trustatrader.com/traders/p-l-electrical-ltd-electricians-wallsend-and-jarrow,trustatrader
Paul Taylor Electricals Ltd,,Electrician,Tyne & Wear and all areas within 10 miles,http://www.paultaylorelectricals.co.uk/,4.96,108,,07476 944298,"vetted; Verified; verified; Insurance
Verified",,Tyne & Wear and all areas within 10 miles,https://www.trustatrader.com/traders/paul-taylor-electricals-ltd-electricians-newcastle---lemington-newbourne-denton-westhorpe-fenham-elswick-bedwell,trustatrader
Grays Electrical & Compliance Ltd,,Electrician,"Sunderland, Durham, Hartlepool, Middlesbrough, Stockton, Billingham and Peterlee",https://geandc.co.uk/,4.95,41,,07307 224948,"vetted; Verified; verified; Insurance
Verified",,"Sunderland, Durham, Hartlepool, Middlesbrough, Stockton, Billingham and Peterlee",https://www.trustatrader.com/traders/grays-electrical-compliance-ltd-electricians-hartlepool,trustatrader
Watt Works Electrical Ltd,,Electrician,"Stockton, Middlesbrough, Darlington, Sunderland & Durham",https://www.trustagarage.com/,4.98,8,,07481 337345,vetted; Verified; verified,,"Stockton, Middlesbrough, Darlington, Sunderland & Durham",https://www.trustatrader.com/traders/watt-works-electrical-ltd-electricians-stockton-on-tees,trustatrader
Delta Electrical Solutions,,Electrician,Leeds and all areas within a 100 mile radius,https://www.trustagarage.com/,4.97,71,,07307 253946,"vetted; Verified; verified; Insurance
Verified",,Leeds and all areas within a 100 mile radius,https://www.trustatrader.com/traders/delta-electrical-solutions-electricians-leeds-kirkstall-weetwood-headingley-hyde-park-chapel,trustatrader
Electrician 2U,,Electrician,Wakefield and surrounding area,https://electrician2u.co.uk/,4.99,25,,07476 982113,vetted; Verified; verified,,Wakefield and surrounding area,https://www.trustatrader.com/traders/box-123-ltd-t-a-electrician-2u-electricians-wakefield-east-and-castleford,trustatrader
CLM Electrical (East Yorkshire) Limited,,Electrician,East Riding of Yorkshire and surrounding areas within a 30 mile radius,https://www.trustagarage.com/,4.99,27,,07307 205973,vetted; Verified; verified,,East Riding of Yorkshire and surrounding areas within a 30 mile radius,https://www.trustatrader.com/traders/clm-electrical-east-yorkshire-limited-electricians-hull-north,trustatrader
SLR Electrical Solutions Ltd,,Electrician,Hull,http://www.slrelectricalsolutions.co.uk/,4.89,8,,07360 276597,vetted; Verified; verified,,Hull,https://www.trustatrader.com/traders/slr-electrical-solutions-ltd-electricians-holderness,trustatrader
ELC Electrical Ltd,,Electrician,Edinburgh,https://www.edinburghlandlordcertificates.co.uk/,4.97,13,,07307 207379,"vetted; Verified; verified; Insurance
Verified",,Edinburgh,https://www.trustatrader.com/traders/elc-electrical-ltd-electricians-edinburgh-7,trustatrader
David Naden Electrical,,Electrician,Fife and Edinburgh,https://www.dnelectrical.co.uk/,5.0,58,,07414 256681,vetted; Verified; verified,,Fife and Edinburgh,https://www.trustatrader.com/traders/david-naden-electrical-electricians-cowdenbeath-inverkeithing-and-north-queensferry,trustatrader
Paul Johnson Electrician,,Electrician,East Scotland and surrounding areas,https://www.trustagarage.com/,4.98,14,,07307 221253,"vetted; Verified; verified; Insurance
Verified",,East Scotland and surrounding areas,https://www.trustatrader.com/traders/paul-johnson-electrician-electricians-cowdenbeath-kirkcaldy,trustatrader
DNA Electrical Projects Ltd,,Electrician,"Fife, Edinburgh, Falkirk, Perth, Dundee & West Lothian",https://dnaelectricalprojectsltd.com/,5.0,7,,07360 498730,vetted; Verified; verified,,"Fife, Edinburgh, Falkirk, Perth, Dundee & West Lothian",https://www.trustatrader.com/traders/dna-electrical-projects-ltd-electricians-fife-south,trustatrader
KF Electrical Falkirk Ltd,,Electrician,"Falkirk, Stirling, Bonnybridge, Larbert, Denny, Stenhousemuir, Brightons, Kincardine and all sur",https://www.trustagarage.com/,4.98,60,,07778 293 645,vetted; Verified; verified,,"Falkirk, Stirling, Bonnybridge, Larbert, Denny, Stenhousemuir, Brightons, Kincardine and all sur",https://www.trustatrader.com/traders/kf-electrical-falkirk-ltd-electricians-falkirk,trustatrader
Glow Electrical,,Electrician,"Glasgow, North Lanarkshire & Edinburgh",https://www.trustagarage.com/,5.0,20,,07307 246267,vetted; Verified; verified,,"Glasgow, North Lanarkshire & Edinburgh",https://www.trustatrader.com/traders/glow-electrical-electricians-lanark-wishaw-and-carluke,trustatrader
Grid Tech Electrical Services Ltd,,Electrician,Motherwell and surrounding area,http://gridtechelectrical.co.uk/,4.96,35,,07307 205116,vetted; Verified; verified,,Motherwell and surrounding area,https://www.trustatrader.com/traders/grid-tech-electrical-services-ltd-electricians-motherwell-larkhall-and-strathaven,trustatrader
GLH Electrical Services Limited,,Electrician,Glasgow,https://www.glhelectricalservices.co.uk/,4.99,44,,07307 209985,"vetted; Verified; verified; Insurance
Verified",,Glasgow,https://www.trustatrader.com/traders/glh-electrical-services-limited-electricians-glasgow-5,trustatrader
DT Whelan Electrical,,Electrician,Lanarkshire,https://www.trustagarage.com/,5.0,27,,07307 202561,"vetted; Verified; verified; Insurance
Verified",,Lanarkshire,https://www.trustatrader.com/traders/dt-whelan-electrical-electricians-east-kilbride-and-hamilton-2,trustatrader
G&E Electrical Contractors Ltd,,Electrician,your next agreed job with this trader for free by registering for the TrustATrader Guarantee,https://geelectricalcontractors.com/,5.0,7,,07308 506889,"vetted; Verified; verified; Insurance
Verified",,your next agreed job with this trader for free by registering for the TrustATrader Guarantee,https://www.trustatrader.com/traders/g-e-electrical-contractors-ltd-electricians-east-kilbride-and-hamilton-2-,trustatrader
"G20 Electrics Ltd, Glasgow",,Electrician,Glasgow and surrounding areas,https://www.trustagarage.com/,4.97,16,,07782 505849,"vetted; Verified; verified; Insurance
Verified",,Glasgow and surrounding areas,https://www.trustatrader.com/traders/g20-electrics-ltd-electricians-glasgow-6,trustatrader
"RS Contractors (Scotland) Ltd, Glasgow",,Electrician,Glasgow and surrounding areas,https://rs-contractors.co.uk/,4.94,305,,07307 234581,vetted; Verified; verified,,Glasgow and surrounding areas,https://www.trustatrader.com/traders/rs-contractors-scotland-ltd-electricians-glasgow-7,trustatrader
"RS Contractors (Scotland) Ltd, Glasgow",,Electrician,Glasgow and surrounding areas,https://rs-contractors.co.uk/,4.94,305,,07307 234581,vetted; Verified; verified,,Glasgow and surrounding areas,https://www.trustatrader.com/traders/rs-contractors-scotland-ltd-heating-engineers-gas-fitters-glasgow-7,trustatrader
Lucas Solutions Services Limited,,Electrician,Glasgow and surrounding areas,https://reidpropertymaintenance.com/,4.82,68,,07307 203814,vetted; Verified; verified,,Glasgow and surrounding areas,https://www.trustatrader.com/traders/lucas-solutions-services-limited-electricians-glasgow-7,trustatrader
Project Rewire Ltd,,Electrician,"Renfrewshire, Lanarkshire, Ayrshire",https://projectrewire.co.uk/,4.99,17,,07307 297574,"vetted; Verified; verified; Insurance
Verified",,"Renfrewshire, Lanarkshire, Ayrshire",https://www.trustatrader.com/traders/project-rewire-ltd-electricians-paisley-and-johnstone-north,trustatrader
Newire Electrical Services Ltd,,Electrician,"South Lanarkshire, North Lanarkshire, Glasgow, Livingstone and Falkirk",https://newire.co.uk/,5.0,15,,07307 202541,"vetted; Verified; verified; Insurance
Verified",,"South Lanarkshire, North Lanarkshire, Glasgow, Livingstone and Falkirk",https://www.trustatrader.com/traders/newire-electrical-services-ltd-electricians-motherwell-larkhall-and-strathaven,trustatrader
ACW Services Ltd,,Electrician,Paisley & A 40 Mile Radius,http://www.acwservicesltd.co.uk/,4.96,54,,07360 495581,"vetted; Verified; verified; Insurance
Verified",,Paisley & A 40 Mile Radius,https://www.trustatrader.com/traders/acw-services-ltd-electricians-paisley-and-johnstone-south,trustatrader
"David Naden Electrical, Dunfermline",,Electrician,Fife and Edinburgh,https://www.dnelectrical.co.uk/,5.0,58,,07414 256681,vetted; Verified; verified,,Fife and Edinburgh,https://www.trustatrader.com/traders/david-naden-electrical-electricians---commercial-cowdenbeath-inverkeithing-and-north-queensferry,trustatrader
"Grid Tech Electrical Services Ltd, Motherwell",,Electrician,Motherwell and surrounding area,http://gridtechelectrical.co.uk/,4.96,35,,07307 205116,vetted; Verified; verified,,Motherwell and surrounding area,https://www.trustatrader.com/traders/grid-tech-electrical-services-ltd-electricians---commercial-motherwell-larkhall-and-strathaven,trustatrader