company_name,owner_name,trade_type,location,website_url,overall_rating,review_count,phone,profile_url,platforms,platform_count,high_value
Regent roofing services Limited,,Guttering,,,4.6,35,,https://www.myjobquote.co.uk/t/regent-roofing-services-limited | https://www.myjobquote.co.uk/t/regent-roofing-services-limited,myjobquote,1,
Marius,,Guttering,,,5,13,,https://www.myjobquote.co.uk/t/marius-9 | https://www.myjobquote.co.uk/t/marius-9,myjobquote,1,
London Town Roofing,,Guttering,,,5,8,,https://www.myjobquote.co.uk/t/london-town-roofing | https://www.myjobquote.co.uk/t/london-town-roofing,myjobquote,1,
Executive roofing and building services,,Guttering,,,5,7,,https://www.myjobquote.co.uk/t/executive-roofing-and-building-services | https://www.myjobquote.co.uk/t/executive-roofing-and-building-services,myjobquote,1,
to repair and installation,,Guttering,,,5,6,07418367597,https://www.myjobquote.co.uk/t/to-repair-and-installation | https://www.myjobquote.co.uk/t/to-repair-and-installation,myjobquote,1,
Goldstar roofing uk Ltd,,Guttering,,,4,3,,https://www.myjobquote.co.uk/t/goldstar-roofing-uk-ltd | https://www.myjobquote.co.uk/t/goldstar-roofing-uk-ltd,myjobquote,1,
Nuaj construction,,Guttering,,,5,38,07418341696,https://www.myjobquote.co.uk/t/nuaj-construction | https://www.myjobquote.co.uk/t/nuaj-construction,myjobquote,1,
Berkeley Roofing and Building,,Guttering,,,5,8,,https://www.myjobquote.co.uk/t/berkeley-roofing-and-building-1 | https://www.myjobquote.co.uk/t/berkeley-roofing-and-building-1,myjobquote,1,
DC Roofing and Property Maintenance,,Guttering,,,5,2,,https://www.myjobquote.co.uk/t/dc-roofing-and-property-maintenance-2 | https://www.myjobquote.co.uk/t/dc-roofing-and-property-maintenance-2,myjobquote,1,
London Architectural roofing ltd,,Guttering,,,5,84,,https://www.myjobquote.co.uk/t/london-architectural-roofing-ltd | https://www.myjobquote.co.uk/t/london-architectural-roofing-ltd,myjobquote,1,
Havering Roofing and Building Ltd,,Guttering,,,5,44,,https://www.myjobquote.co.uk/t/havering-roofing-and-building-ltd | https://www.myjobquote.co.uk/t/havering-roofing-and-building-ltd,myjobquote,1,
Truetop Roofing Ltd,,Guttering,,,5,8,,https://www.myjobquote.co.uk/t/truetop-roofing-ltd | https://www.myjobquote.co.uk/t/truetop-roofing-ltd,myjobquote,1,
Roof surge group Ltd,,Guttering,,,4,1,,https://www.myjobquote.co.uk/t/roof-surge-group-ltd | https://www.myjobquote.co.uk/t/roof-surge-group-ltd,myjobquote,1,
Bright Day Services,,Guttering,,,5,33,07441473219,https://www.myjobquote.co.uk/t/bright-day-services | https://www.myjobquote.co.uk/t/bright-day-services,myjobquote,1,
Homebase roofing Ltd,,Guttering,,,5,23,,https://www.myjobquote.co.uk/t/homebase-roofing-ltd | https://www.myjobquote.co.uk/t/homebase-roofing-ltd,myjobquote,1,
Roofco home improvements,,Guttering,,,5,9,,https://www.myjobquote.co.uk/t/roofco-home-improvements | https://www.myjobquote.co.uk/t/roofco-home-improvements,myjobquote,1,
Roofing solutions,,Guttering,,,5,4,,https://www.myjobquote.co.uk/t/roofing-solutions-8 | https://www.myjobquote.co.uk/t/roofing-solutions-8,myjobquote,1,
North London roofing,,Guttering,,,5,3,07418373788,https://www.myjobquote.co.uk/t/north-london-roofing | https://www.myjobquote.co.uk/t/north-london-roofing,myjobquote,1,
Titan roofing,,Guttering,,,5,2,,https://www.myjobquote.co.uk/t/titan-roofing-5 | https://www.myjobquote.co.uk/t/titan-roofing-5,myjobquote,1,
BROMLEY ROOFER LTD,,Guttering,,,5,2,07418360547,https://www.myjobquote.co.uk/t/bromley-roofer-ltd | https://www.myjobquote.co.uk/t/bromley-roofer-ltd,myjobquote,1,
Smart clean,,Guttering,,,4.9,8,07451260890,https://www.myjobquote.co.uk/t/smart-clean | https://www.myjobquote.co.uk/t/smart-clean,myjobquote,1,
MBs building services,,Guttering,,,4,4,,https://www.myjobquote.co.uk/t/mbs-building-services | https://www.myjobquote.co.uk/t/mbs-building-services,myjobquote,1,
Hindle roofing,,Guttering,,,5,3,,https://www.myjobquote.co.uk/t/hindle-roofing | https://www.myjobquote.co.uk/t/hindle-roofing,myjobquote,1,
A1 ROOFING SERVICE AND UPVC,,Guttering,,,5,3,,https://www.myjobquote.co.uk/t/a1-roofing-service-and-upvc | https://www.myjobquote.co.uk/t/a1-roofing-service-and-upvc,myjobquote,1,
SkyLine RoofCare,,Guttering,,,5,2,,https://www.myjobquote.co.uk/t/skyline-roofcare | https://www.myjobquote.co.uk/t/skyline-roofcare,myjobquote,1,
Mayfair Property Solutions LTD,,Guttering,,,5,1,,https://www.myjobquote.co.uk/t/mayfair-property-solutions-ltd | https://www.myjobquote.co.uk/t/mayfair-property-solutions-ltd,myjobquote,1,
Shield roofing & build,,Guttering,,,4,1,,https://www.myjobquote.co.uk/t/shield-roofing-build | https://www.myjobquote.co.uk/t/shield-roofing-build,myjobquote,1,
AC ROOFING & BUILDING LTD,,Guttering,,,4,1,,https://www.myjobquote.co.uk/t/ac-roofing-building-ltd | https://www.myjobquote.co.uk/t/ac-roofing-building-ltd,myjobquote,1,
Platinum stone,,Guttering,,,5,1,,https://www.myjobquote.co.uk/t/platinum-stone | https://www.myjobquote.co.uk/t/platinum-stone,myjobquote,1,
TC home improvements,,Guttering,,,5,5,,https://www.myjobquote.co.uk/t/tc-home-improvements-3 | https://www.myjobquote.co.uk/t/tc-home-improvements-3,myjobquote,1,
Supreme O Roofing Ltd,,Guttering,,,4,1,07418317156,https://www.myjobquote.co.uk/t/supreme-o-roofing-ltd | https://www.myjobquote.co.uk/t/supreme-o-roofing-ltd,myjobquote,1,
The L&C Group Ltd,,Guttering,,,5,3,,https://www.myjobquote.co.uk/t/the-lc-group-ltd | https://www.myjobquote.co.uk/t/the-lc-group-ltd,myjobquote,1,
J&B Roofing,,Guttering,,,5,3,,https://www.myjobquote.co.uk/t/jb-roofing-14 | https://www.myjobquote.co.uk/t/jb-roofing-14,myjobquote,1,
HighRise Roofing&Building,,Guttering,,,5,2,,https://www.myjobquote.co.uk/t/highrise-roofingbuilding | https://www.myjobquote.co.uk/t/highrise-roofingbuilding,myjobquote,1,
Lewis & Sons Home Improvements Ltd,,Guttering,,,5,2,,https://www.myjobquote.co.uk/t/lewis-sons-home-improvements-ltd | https://www.myjobquote.co.uk/t/lewis-sons-home-improvements-ltd,myjobquote,1,
Peak perfection,,Guttering,,,4,1,,https://www.myjobquote.co.uk/t/peak-perfection-1 | https://www.myjobquote.co.uk/t/peak-perfection-1,myjobquote,1,
Complex roofing & general maintenance,,Guttering,,,5,1,,https://www.myjobquote.co.uk/t/complex-roofing-general-maintenance | https://www.myjobquote.co.uk/t/complex-roofing-general-maintenance,myjobquote,1,
W.martin roofing&contractors ltd,,Guttering,,,5,1,,https://www.myjobquote.co.uk/t/wmartin-roofingcontractors-ltd | https://www.myjobquote.co.uk/t/wmartin-roofingcontractors-ltd,myjobquote,1,
UK ROOFING CONTRACTORS LIMITED,,Guttering,,,5,1,,https://www.myjobquote.co.uk/t/uk-roofing-contractors-limited-1 | https://www.myjobquote.co.uk/t/uk-roofing-contractors-limited-1,myjobquote,1,
STORM GUARD ROOFING & BUILDING LTD,,Guttering,,,5,9,07418369101,https://www.myjobquote.co.uk/t/storm-guard-roofing-building-ltd | https://www.myjobquote.co.uk/t/storm-guard-roofing-building-ltd,myjobquote,1,
A.N.R roofing,,Guttering,,,4.8,13,07418368334,https://www.myjobquote.co.uk/t/anr-roofing | https://www.myjobquote.co.uk/t/anr-roofing,myjobquote,1,
Inner City Roofing,,Guttering,,,4,10,,https://www.myjobquote.co.uk/t/inner-city-roofing-1 | https://www.myjobquote.co.uk/t/inner-city-roofing-1,myjobquote,1,
T&M Home improvement Ltd,,Guttering,,,3.9,13,07418318714,https://www.myjobquote.co.uk/t/tm-home-improvement-ltd | https://www.myjobquote.co.uk/t/tm-home-improvement-ltd,myjobquote,1,
Hybrid Roofing,,Guttering,,,5,4,,https://www.myjobquote.co.uk/t/hybrid-roofing | https://www.myjobquote.co.uk/t/hybrid-roofing,myjobquote,1,
Flow right,,Guttering,,,5,2,07451261274,https://www.myjobquote.co.uk/t/flow-right-2,myjobquote,1,
Access Home Improvements,,Guttering,,,5,4,,https://www.myjobquote.co.uk/t/access-home-improvements | https://www.myjobquote.co.uk/t/access-home-improvements,myjobquote,1,
Johnroofing ltd,,Guttering,,,5,1,07451261256,https://www.myjobquote.co.uk/t/johnroofing-ltd | https://www.myjobquote.co.uk/t/johnroofing-ltd,myjobquote,1,
SK CONSULTING AND SERVICES LIMITED,,Guttering,,,5,2,,https://www.myjobquote.co.uk/t/sk-consulting-and-services-limited | https://www.myjobquote.co.uk/t/sk-consulting-and-services-limited,myjobquote,1,
Nrs roofing services,,Guttering,,,5,1,07418317352,https://www.myjobquote.co.uk/t/nrs-roofing-services | https://www.myjobquote.co.uk/t/nrs-roofing-services,myjobquote,1,
Howdens Roofing and Building Ltd,,Guttering,,,5,2,07418349032,https://www.myjobquote.co.uk/t/howdens-roofing-and-building-ltd | https://www.myjobquote.co.uk/t/howdens-roofing-and-building-ltd,myjobquote,1,
Active home improvements,,Guttering,,,4,1,,https://www.myjobquote.co.uk/t/active-home-improvements | https://www.myjobquote.co.uk/t/active-home-improvements,myjobquote,1,
Ayres Building&Roofing LTD,,Guttering,,,5,1,,https://www.myjobquote.co.uk/t/ayres-buildingroofing-ltd | https://www.myjobquote.co.uk/t/ayres-buildingroofing-ltd,myjobquote,1,
Tuti Builders,,Guttering,,,5,6,07418340400,https://www.myjobquote.co.uk/t/tuti-builders | https://www.myjobquote.co.uk/t/tuti-builders,myjobquote,1,
S.O Roofing,,Guttering,,,5,15,,https://www.myjobquote.co.uk/t/so-roofing | https://www.myjobquote.co.uk/t/so-roofing,myjobquote,1,
Cornerstone Property Solutions UK Ltd,,Guttering,,,5,4,,https://www.myjobquote.co.uk/t/cornerstone-property-solutions-uk-ltd | https://www.myjobquote.co.uk/t/cornerstone-property-solutions-uk-ltd,myjobquote,1,
Pow Wash,,Guttering,,,5,2,,https://www.myjobquote.co.uk/t/pow-wash | https://www.myjobquote.co.uk/t/pow-wash,myjobquote,1,
Alpha Construction,,Guttering,,,5,2,,https://www.myjobquote.co.uk/t/alpha-construction-6 | https://www.myjobquote.co.uk/t/alpha-construction-6,myjobquote,1,
Ervis Cakoni,,Guttering,,,5,5,,https://www.myjobquote.co.uk/t/ervis-cakoni | https://www.myjobquote.co.uk/t/ervis-cakoni,myjobquote,1,
TM Exterior Property Maintenance,,Guttering,,,4.3,15,,https://www.myjobquote.co.uk/t/tm-exterior-property-maintenance | https://www.myjobquote.co.uk/t/tm-exterior-property-maintenance,myjobquote,1,
Tar Village,,Guttering,,,5,3,,https://www.myjobquote.co.uk/t/tar-village | https://www.myjobquote.co.uk/t/tar-village,myjobquote,1,
Thomas ball property services,,Guttering,,,4.8,19,07441440879,https://www.myjobquote.co.uk/t/thomas-ball-property-services-1 | https://www.myjobquote.co.uk/t/thomas-ball-property-services-1,myjobquote,1,
Xpert Builders,,Guttering,,,4.4,8,,https://www.myjobquote.co.uk/t/xpert-builders | https://www.myjobquote.co.uk/t/xpert-builders,myjobquote,1,
RainMaster roofing & building ltd,,Guttering,,,3,1,,https://www.myjobquote.co.uk/t/rainmaster-roofing-building-ltd | https://www.myjobquote.co.uk/t/rainmaster-roofing-building-ltd,myjobquote,1,
Oakland Gardening Maintenance,,Guttering,,,3,1,,https://www.myjobquote.co.uk/t/oakland-gardening-maintenance-1 | https://www.myjobquote.co.uk/t/oakland-gardening-maintenance-1,myjobquote,1,
Roof Rite Roofing and Building,,Guttering,,,1,1,,https://www.myjobquote.co.uk/t/roof-rite-roofing-and-building | https://www.myjobquote.co.uk/t/roof-rite-roofing-and-building,myjobquote,1,
Instant roofing and Guttering,,Guttering,,,1,1,,https://www.myjobquote.co.uk/t/instant-roofing-and-guttering | https://www.myjobquote.co.uk/t/instant-roofing-and-guttering,myjobquote,1,
Apex Sealants Ltd,,Guttering,,,3,1,,https://www.myjobquote.co.uk/t/apex-sealants-ltd | https://www.myjobquote.co.uk/t/apex-sealants-ltd,myjobquote,1,
Prime home improvements Ltd,,Guttering,,,1,1,,https://www.myjobquote.co.uk/t/prime-home-improvements-ltd | https://www.myjobquote.co.uk/t/prime-home-improvements-ltd,myjobquote,1,
Eagle Construction and Renovation Ltd,,Guttering,,,3,1,,https://www.myjobquote.co.uk/t/eagle-construction-and-renovation-ltd | https://www.myjobquote.co.uk/t/eagle-construction-and-renovation-ltd,myjobquote,1,
LS&Sons,,Guttering,,,1,1,,https://www.myjobquote.co.uk/t/lssons | https://www.myjobquote.co.uk/t/lssons,myjobquote,1,
Mahakal roofer private limited,,Guttering,,,4.68,0,,https://www.myjobquote.co.uk/t/mahakal-roofer-private-limited,myjobquote,1,
Masterplan roofing,,Guttering,,,4.68,0,,https://www.myjobquote.co.uk/t/masterplan-roofing,myjobquote,1,
Charles james roofing,,Guttering,,,4.68,0,,https://www.myjobquote.co.uk/t/charles-james-roofing-1,myjobquote,1,
Build To Last Roofing Ltd,,Guttering,,,4.68,0,,https://www.myjobquote.co.uk/t/build-to-last-roofing-ltd,myjobquote,1,
Everview Roofing And Guttering Ltd,,Guttering,,,4.68,0,,https://www.myjobquote.co.uk/t/everview-roofing-and-guttering-ltd,myjobquote,1,
Topsteplofts,,Guttering,,,4.68,0,,https://www.myjobquote.co.uk/t/topsteplofts,myjobquote,1,
ADE roofing&maintenace,,Guttering,,,4.68,0,,https://www.myjobquote.co.uk/t/ade-roofingmaintenace,myjobquote,1,
NBroofing,,Guttering,,,4.68,0,,https://www.myjobquote.co.uk/t/nbroofing,myjobquote,1,
Oakwood roofing,,Guttering,,,4.68,0,,https://www.myjobquote.co.uk/t/oakwood-roofing,myjobquote,1,
JCS ROOFING,,Guttering,,,4.68,0,,https://www.myjobquote.co.uk/t/jcs-roofing-3,myjobquote,1,
Traditional roofing specialists,,Guttering,,,4.68,0,,https://www.myjobquote.co.uk/t/traditional-roofing-specialists,myjobquote,1,
D&C Roofers and Decoraters,,Guttering,,,4.68,0,,https://www.myjobquote.co.uk/t/dc-roofers-and-decoraters,myjobquote,1,
Killick roofing ltd,,Guttering,,,4.68,0,,https://www.myjobquote.co.uk/t/killick-roofing-ltd-1,myjobquote,1,
First choice plastics &roofing ltd,,Guttering,,,4.68,0,,https://www.myjobquote.co.uk/t/first-choice-plastics-roofing-ltd,myjobquote,1,
EH Roofing,,Guttering,,,4.68,0,,https://www.myjobquote.co.uk/t/eh-roofing-1,myjobquote,1,
B&C Roofing Services,,Guttering,,,4.68,0,,https://www.myjobquote.co.uk/t/bc-roofing-services,myjobquote,1,
NCR Building Services,,Guttering,,,4.68,0,,https://www.myjobquote.co.uk/t/ncr-building-services,myjobquote,1,
PV ROOFING,,Guttering,,,4.68,0,,https://www.myjobquote.co.uk/t/pv-roofing,myjobquote,1,
A&S COOL ROOF LTD,,Guttering,,,4.68,0,,https://www.myjobquote.co.uk/t/as-cool-roof-ltd,myjobquote,1,
Brotheroofing,,Guttering,,,4.68,0,,https://www.myjobquote.co.uk/t/brotheroofing,myjobquote,1,
Alexandru Petronel Stefanovici,,Guttering,,,4.68,0,,https://www.myjobquote.co.uk/t/alexandru-petronel-stefanovici,myjobquote,1,
Sean’s Roofing & Building,,Guttering,,,4.68,0,,https://www.myjobquote.co.uk/t/seans-roofing-building,myjobquote,1,
Brother roofing,,Guttering,,,4.68,0,,https://www.myjobquote.co.uk/t/brother-roofing,myjobquote,1,
Brother roofing,,Guttering,,,4.68,0,,https://www.myjobquote.co.uk/t/islybuilder,myjobquote,1,
Gm roofing,,Guttering,,,4.68,0,,https://www.myjobquote.co.uk/t/gm-roofing-3,myjobquote,1,
D. Sterlini Roofing & Building,,Guttering,,,4.68,0,,https://www.myjobquote.co.uk/t/d-sterlini-roofing-building,myjobquote,1,
S.R.J. Roofing,,Guttering,,,4.68,0,,https://www.myjobquote.co.uk/t/srj-roofing,myjobquote,1,
A&M Builders,,Guttering,,,4.68,0,,https://www.myjobquote.co.uk/t/am-builders-7,myjobquote,1,
G&L Roofing Specialists,,Guttering,,,4.68,0,,https://www.myjobquote.co.uk/t/gl-roofing-specialists,myjobquote,1,
Mick79,,Guttering,,,4.68,0,,https://www.myjobquote.co.uk/t/mick79,myjobquote,1,
4 Seasons roofing and maintenance,,Guttering,,,5,2,,https://www.myjobquote.co.uk/t/4-seasons-roofing-and-maintenance | https://www.myjobquote.co.uk/t/4-seasons-roofing-and-maintenance,myjobquote,1,
CM Construction,,Guttering,,,5,1,,https://www.myjobquote.co.uk/t/cm-construction-10 | https://www.myjobquote.co.uk/t/cm-construction-10,myjobquote,1,
Ultimate Roofing services,,Guttering,,,5,26,,https://www.myjobquote.co.uk/t/ultimate-roofing-services | https://www.myjobquote.co.uk/t/ultimate-roofing-services,myjobquote,1,
AJC Roofing,,Guttering,,,5,7,,https://www.myjobquote.co.uk/t/ajc-roofing-1 | https://www.myjobquote.co.uk/t/ajc-roofing-1,myjobquote,1,
Tj roofing and building,,Guttering,,,5,2,,https://www.myjobquote.co.uk/t/tj-roofing-and-building-1 | https://www.myjobquote.co.uk/t/tj-roofing-and-building-1,myjobquote,1,
Roofing and Guttering,,Guttering,,,5,2,,https://www.myjobquote.co.uk/t/roofing-and-guttering-1 | https://www.myjobquote.co.uk/t/roofing-and-guttering-1,myjobquote,1,
PJ Roofing and Building,,Guttering,,,4.2,5,,https://www.myjobquote.co.uk/t/pj-roofing-and-building | https://www.myjobquote.co.uk/t/pj-roofing-and-building,myjobquote,1,
Manusrl,,Guttering,,,4.68,0,,https://www.myjobquote.co.uk/t/manusrl | https://www.myjobquote.co.uk/t/manusrl,myjobquote,1,
Manusrl,,Guttering,,,4.68,0,,https://www.myjobquote.co.uk/t/tunn-roofing-and-cladding | https://www.myjobquote.co.uk/t/tunn-roofing-and-cladding,myjobquote,1,
Marvin haynes,,Guttering,,,4.68,0,,https://www.myjobquote.co.uk/t/marvin-haynes | https://www.myjobquote.co.uk/t/marvin-haynes,myjobquote,1,
PB Building and Roofing Services,,Guttering,,,5,11,,https://www.myjobquote.co.uk/t/pb-building-and-roofing-services | https://www.myjobquote.co.uk/t/pb-building-and-roofing-services,myjobquote,1,
Dripstop roofing,,Guttering,,,5,7,07451260929,https://www.myjobquote.co.uk/t/dripstop-roofing | https://www.myjobquote.co.uk/t/dripstop-roofing,myjobquote,1,
Low cost roofing ltd,,Guttering,,,5,2,,https://www.myjobquote.co.uk/t/low-cost-roofing-ltd | https://www.myjobquote.co.uk/t/low-cost-roofing-ltd,myjobquote,1,
MAE roofing & guttering specialists,,Guttering,,,5,5,,https://www.myjobquote.co.uk/t/mae-roofing-guttering-specialists | https://www.myjobquote.co.uk/t/mae-roofing-guttering-specialists,myjobquote,1,
Highsky roofing ltd,,Guttering,,,5,10,,https://www.myjobquote.co.uk/t/highsky-roofing-ltd | https://www.myjobquote.co.uk/t/highsky-roofing-ltd,myjobquote,1,
HM Roofing,,Guttering,,,5,2,,https://www.myjobquote.co.uk/t/hm-roofing-3 | https://www.myjobquote.co.uk/t/hm-roofing-3,myjobquote,1,
RM Roofing&Guttering,,Guttering,,,5,2,,https://www.myjobquote.co.uk/t/rm-roofingguttering | https://www.myjobquote.co.uk/t/rm-roofingguttering,myjobquote,1,
Hnl refurbishments,,Guttering,,,5,44,,https://www.myjobquote.co.uk/t/hnl-refurbishments | https://www.myjobquote.co.uk/t/hnl-refurbishments,myjobquote,1,
ELITE CONTRACTORS,,Guttering,,,5,1,,https://www.myjobquote.co.uk/t/elite-contractors-3 | https://www.myjobquote.co.uk/t/elite-contractors-3,myjobquote,1,
ARC guttering & roofing services,,Guttering,,,5,40,07418364398,https://www.myjobquote.co.uk/t/arc-guttering-roofing-services | https://www.myjobquote.co.uk/t/arc-guttering-roofing-services,myjobquote,1,
Sky Roofing Services,,Guttering,,,5,15,,https://www.myjobquote.co.uk/t/sky-roofing-services | https://www.myjobquote.co.uk/t/sky-roofing-services,myjobquote,1,
JS Roofing Services,,Guttering,,,5,5,07418369179,https://www.myjobquote.co.uk/t/js-roofing-services-9 | https://www.myjobquote.co.uk/t/js-roofing-services-9,myjobquote,1,
TE property maintenance,,Guttering,,,5,1,,https://www.myjobquote.co.uk/t/te-property-maintenance | https://www.myjobquote.co.uk/t/te-property-maintenance,myjobquote,1,
Jack’s Roofing,,Guttering,,,4,16,,https://www.myjobquote.co.uk/t/jacks-roofing | https://www.myjobquote.co.uk/t/jacks-roofing,myjobquote,1,
Crystal Build Home Improvements Ltd,,Guttering,,,5,9,,https://www.myjobquote.co.uk/t/crystal-build-home-improvements-ltd | https://www.myjobquote.co.uk/t/crystal-build-home-improvements-ltd,myjobquote,1,
Sm Building and Roofing Specialist LTD,,Guttering,,,5,4,,https://www.myjobquote.co.uk/t/sm-building-and-roofing-specialist-ltd | https://www.myjobquote.co.uk/t/sm-building-and-roofing-specialist-ltd,myjobquote,1,
Roofing High Ltd,,Guttering,,,5,17,,https://www.myjobquote.co.uk/t/roofing-high-ltd | https://www.myjobquote.co.uk/t/roofing-high-ltd,myjobquote,1,
Roof2Roof,,Guttering,,,5,21,,https://www.myjobquote.co.uk/t/roof2roof-2 | https://www.myjobquote.co.uk/t/roof2roof-2,myjobquote,1,
Sussex roofing and landscaping,,Guttering,,,5,3,,https://www.myjobquote.co.uk/t/sussex-roofing-and-landscaping | https://www.myjobquote.co.uk/t/sussex-roofing-and-landscaping,myjobquote,1,
SD Roofing & Building Ltd,,Guttering,,,5,4,,https://www.myjobquote.co.uk/t/sd-roofing-building-ltd-1 | https://www.myjobquote.co.uk/t/sd-roofing-building-ltd-1,myjobquote,1,
Johnstone Roofing LTD,,Guttering,,,5,4,,https://www.myjobquote.co.uk/t/johnstone-roofing-ltd | https://www.myjobquote.co.uk/t/johnstone-roofing-ltd,myjobquote,1,
Professional Roofing Repairs Ltd,,Guttering,,,5,45,07418368573,https://www.myjobquote.co.uk/t/professional-roofing-repairs-ltd | https://www.myjobquote.co.uk/t/professional-roofing-repairs-ltd,myjobquote,1,
21st Century Roofing,,Guttering,,,5,1,,https://www.myjobquote.co.uk/t/21st-century-roofing | https://www.myjobquote.co.uk/t/21st-century-roofing,myjobquote,1,
KGR Pro Roofing,,Guttering,,,5,4,,https://www.myjobquote.co.uk/t/kgr-pro-roofing | https://www.myjobquote.co.uk/t/kgr-pro-roofing,myjobquote,1,
Residential Roofing Specialists,,Guttering,,,5,12,,https://www.myjobquote.co.uk/t/residential-roofing-specialists | https://www.myjobquote.co.uk/t/residential-roofing-specialists,myjobquote,1,
Cc roofing,,Guttering,,,5,10,,https://www.myjobquote.co.uk/t/cc-roofing-2 | https://www.myjobquote.co.uk/t/cc-roofing-2,myjobquote,1,
First Class Roofing,,Guttering,,,5,26,,https://www.myjobquote.co.uk/t/first-class-roofing-3 | https://www.myjobquote.co.uk/t/first-class-roofing-3,myjobquote,1,
HALLMARK ROOFING AND GUTTERING LTD,,Guttering,,,5,2,,https://www.myjobquote.co.uk/t/hallmark-roofing-and-guttering-ltd | https://www.myjobquote.co.uk/t/hallmark-roofing-and-guttering-ltd,myjobquote,1,
Orlando property maintenance,,Guttering,,,4,1,,https://www.myjobquote.co.uk/t/orlando-property-maintenance | https://www.myjobquote.co.uk/t/orlando-property-maintenance,myjobquote,1,
J.G Roofing Services,,Guttering,,,4,21,,https://www.myjobquote.co.uk/t/jg-roofing-services-1 | https://www.myjobquote.co.uk/t/jg-roofing-services-1,myjobquote,1,
TMC Roofing and Guttering LTD,,Guttering,,,5,2,,https://www.myjobquote.co.uk/t/tmc-roofing-and-guttering-ltd | https://www.myjobquote.co.uk/t/tmc-roofing-and-guttering-ltd,myjobquote,1,
H C roofing & guttering,,Guttering,,,4.8,34,,https://www.myjobquote.co.uk/t/h-c-roofing-guttering | https://www.myjobquote.co.uk/t/h-c-roofing-guttering,myjobquote,1,
P.B.S Builders,,Guttering,,,4.9,17,,https://www.myjobquote.co.uk/t/pbs-builders | https://www.myjobquote.co.uk/t/pbs-builders,myjobquote,1,
Kofib,,Guttering,,,5,1,,https://www.myjobquote.co.uk/t/kofib | https://www.myjobquote.co.uk/t/kofib,myjobquote,1,
Paul Patrick,,Guttering,,,4.9,30,,https://www.myjobquote.co.uk/t/paul-patrick-1 | https://www.myjobquote.co.uk/t/paul-patrick-1,myjobquote,1,
Crownstyle Roofing Solutions Ltd,,Guttering,,,5,1,,https://www.myjobquote.co.uk/t/crownstyle-roofing-solutions-ltd | https://www.myjobquote.co.uk/t/crownstyle-roofing-solutions-ltd,myjobquote,1,
Fast Fix - Roofing and Drainage Specialists,,Guttering,,,5,2,,https://www.myjobquote.co.uk/t/fast-fix-roofing-and-drainage-specialists | https://www.myjobquote.co.uk/t/fast-fix-roofing-and-drainage-specialists,myjobquote,1,
Tj roofing specialist,,Guttering,,,4.68,0,,https://www.myjobquote.co.uk/t/tj-roofing-specialist | https://www.myjobquote.co.uk/t/tj-roofing-specialist,myjobquote,1,
Tj roofing specialist,,Guttering,,,4.68,0,,https://www.myjobquote.co.uk/t/gcard-roofing | https://www.myjobquote.co.uk/t/gcard-roofing,myjobquote,1,
Roof pro roofing ltd,,Guttering,,,4.68,0,,https://www.myjobquote.co.uk/t/roof-pro-roofing-ltd | https://www.myjobquote.co.uk/t/roof-pro-roofing-ltd,myjobquote,1,
Lifetime Roofing & Guttering,,Guttering,,,4.68,0,,https://www.myjobquote.co.uk/t/lifetime-roofing-guttering | https://www.myjobquote.co.uk/t/lifetime-roofing-guttering,myjobquote,1,
Ambroofing end building,,Guttering,,,4.68,0,,https://www.myjobquote.co.uk/t/ambroofing-end-building | https://www.myjobquote.co.uk/t/ambroofing-end-building,myjobquote,1,
IONUT LTD,,Guttering,,,4.68,0,,https://www.myjobquote.co.uk/t/ionut-ltd-4 | https://www.myjobquote.co.uk/t/ionut-ltd-4,myjobquote,1,
Jmlroofingandbuildingcontractors@outlook.com,,Guttering,,,4.68,0,,https://www.myjobquote.co.uk/t/jmlroofingandbuildingcontractors-at-outlookcom | https://www.myjobquote.co.uk/t/jmlroofingandbuildingcontractors-at-outlookcom,myjobquote,1,
Jmlroofingandbuildingcontractors@outlook.com,,Guttering,,,4.68,0,,https://www.myjobquote.co.uk/t/orest-3 | https://www.myjobquote.co.uk/t/orest-3,myjobquote,1,
Daleions,,Guttering,,,4.68,0,,https://www.myjobquote.co.uk/t/daleions | https://www.myjobquote.co.uk/t/daleions,myjobquote,1,
Daleions,,Guttering,,,4.68,0,,https://www.myjobquote.co.uk/t/ts-roofing-services | https://www.myjobquote.co.uk/t/ts-roofing-services,myjobquote,1,
Radnikovs,,Guttering,,,4.68,0,,https://www.myjobquote.co.uk/t/radnikovs | https://www.myjobquote.co.uk/t/radnikovs,myjobquote,1,
Roofer,,Guttering,,,4.68,0,,https://www.myjobquote.co.uk/t/roofer-39 | https://www.myjobquote.co.uk/t/roofer-39,myjobquote,1,
Skyline roofing & guttering,,Guttering,,,4.68,0,,https://www.myjobquote.co.uk/t/skyline-roofing-guttering | https://www.myjobquote.co.uk/t/skyline-roofing-guttering,myjobquote,1,
Universal home solutions,,Guttering,,,4.68,0,,https://www.myjobquote.co.uk/t/universal-home-solutions | https://www.myjobquote.co.uk/t/universal-home-solutions,myjobquote,1,
Aurel,,Guttering,,,4.68,0,,https://www.myjobquote.co.uk/t/aurel-4 | https://www.myjobquote.co.uk/t/aurel-4,myjobquote,1,
Aurel,,Guttering,,,4.68,0,,https://www.myjobquote.co.uk/t/crb-group-construction-roofing-building-ltd | https://www.myjobquote.co.uk/t/crb-group-construction-roofing-building-ltd,myjobquote,1,
Nostalgia construction group ltd,,Guttering,,,4.68,0,,https://www.myjobquote.co.uk/t/nostalgia-construction-group-ltd | https://www.myjobquote.co.uk/t/nostalgia-construction-group-ltd,myjobquote,1,
Healy Roofing & Leadwork Ltd,,Guttering,,,4.68,0,,https://www.myjobquote.co.uk/t/healy-roofing-leadwork-ltd | https://www.myjobquote.co.uk/t/healy-roofing-leadwork-ltd,myjobquote,1,
Hamiltonroofing&gutteringLTD,,Guttering,,,4.68,0,,https://www.myjobquote.co.uk/t/hamiltonroofinggutteringltd | https://www.myjobquote.co.uk/t/hamiltonroofinggutteringltd,myjobquote,1,
Premier Guttering & Flat Roofing,,Guttering,,,4.4,20,,https://www.myjobquote.co.uk/t/premier-guttering-flat-roofing | https://www.myjobquote.co.uk/t/premier-guttering-flat-roofing,myjobquote,1,
MattnificentRoofingServices,,Guttering,,,5,1,,https://www.myjobquote.co.uk/t/mattnificentroofingservices | https://www.myjobquote.co.uk/t/mattnificentroofingservices,myjobquote,1,
Abbeysure rendering services,,Guttering,,,5,5,,https://www.myjobquote.co.uk/t/abbeysure-rendering-services | https://www.myjobquote.co.uk/t/abbeysure-rendering-services,myjobquote,1,
Homewise roofing,,Guttering,,,5,1,,https://www.myjobquote.co.uk/t/homewise-roofing | https://www.myjobquote.co.uk/t/homewise-roofing,myjobquote,1,
Homecare Home Improvements Ltd,,Guttering,,,5,1,,https://www.myjobquote.co.uk/t/homecare-home-improvements-ltd | https://www.myjobquote.co.uk/t/homecare-home-improvements-ltd,myjobquote,1,
Citywideroofingandguttering,,Guttering,,,4.68,0,,https://www.myjobquote.co.uk/t/citywideroofingandguttering-1 | https://www.myjobquote.co.uk/t/citywideroofingandguttering-1,myjobquote,1,
Citywideroofingandguttering,,Guttering,,,4.68,0,,https://www.myjobquote.co.uk/t/rj-services-7 | https://www.myjobquote.co.uk/t/rj-services-7,myjobquote,1,
Nostalgic roofing group,,Guttering,,,4.68,0,,https://www.myjobquote.co.uk/t/nostalgic-roofing-group | https://www.myjobquote.co.uk/t/nostalgic-roofing-group,myjobquote,1,
Nostalgic roofing group,,Guttering,,,4.68,0,,https://www.myjobquote.co.uk/t/dpateyroofing | https://www.myjobquote.co.uk/t/dpateyroofing,myjobquote,1,
Michael Howell,,Guttering,,,4.68,0,,https://www.myjobquote.co.uk/t/michael-howell | https://www.myjobquote.co.uk/t/michael-howell,myjobquote,1,
K.Marney property maintenance,,Guttering,,,4.68,0,,https://www.myjobquote.co.uk/t/kmarney-property-maintenance | https://www.myjobquote.co.uk/t/kmarney-property-maintenance,myjobquote,1,
Community Renovations,,Guttering,,,4.68,0,,https://www.myjobquote.co.uk/t/community-renovations,myjobquote,1,
Fox CONTRACTS,,Guttering,,,5,6,07418317065,https://www.myjobquote.co.uk/t/fox-contracts | https://www.myjobquote.co.uk/t/fox-contracts,myjobquote,1,
Timberline roofing & building,,Guttering,,,5,2,,https://www.myjobquote.co.uk/t/timberline-roofing-building | https://www.myjobquote.co.uk/t/timberline-roofing-building,myjobquote,1,
Allfix roofing and building Ltd,,Guttering,,,5,1,,https://www.myjobquote.co.uk/t/allfix-roofing-and-building-ltd | https://www.myjobquote.co.uk/t/allfix-roofing-and-building-ltd,myjobquote,1,
Pro roofing soloutions,,Guttering,,,5,3,,https://www.myjobquote.co.uk/t/pro-roofing-soloutions | https://www.myjobquote.co.uk/t/pro-roofing-soloutions,myjobquote,1,
JS roofing,,Guttering,,,5,1,,https://www.myjobquote.co.uk/t/js-roofing-38 | https://www.myjobquote.co.uk/t/js-roofing-38,myjobquote,1,
Elite Construction & Property Maintenance,,Guttering,,,4,51,07451270157,https://www.myjobquote.co.uk/t/elite-construction-property-maintenance | https://www.myjobquote.co.uk/t/elite-construction-property-maintenance,myjobquote,1,
Elite property maintenance,,Guttering,,,4.5,13,07418369794,https://www.myjobquote.co.uk/t/elite-property-maintenance-15 | https://www.myjobquote.co.uk/t/elite-property-maintenance-15,myjobquote,1,
Mc roofing & landscapes,,Guttering,,,5,8,,https://www.myjobquote.co.uk/t/mc-roofing-landscapes | https://www.myjobquote.co.uk/t/mc-roofing-landscapes,myjobquote,1,
A&t landscaping,,Guttering,,,5,2,07418372856,https://www.myjobquote.co.uk/t/at-landscaping-1 | https://www.myjobquote.co.uk/t/at-landscaping-1,myjobquote,1,
One Call Property Group,,Guttering,,,5,10,,https://www.myjobquote.co.uk/t/one-call-property-group | https://www.myjobquote.co.uk/t/one-call-property-group,myjobquote,1,
Kray Building & Roofing specialist,,Guttering,,,5,4,,https://www.myjobquote.co.uk/t/kray-building-roofing-specialist | https://www.myjobquote.co.uk/t/kray-building-roofing-specialist,myjobquote,1,
Rafter Roofing,,Guttering,,,4.68,0,,https://www.myjobquote.co.uk/t/rafter-roofing | https://www.myjobquote.co.uk/t/rafter-roofing,myjobquote,1,
Rafter Roofing,,Guttering,,,4.68,0,,https://www.myjobquote.co.uk/t/clifton-roofing | https://www.myjobquote.co.uk/t/clifton-roofing,myjobquote,1,
Clifton Roofing,,Guttering,,,4,1,,https://www.myjobquote.co.uk/t/sd-roofing-sw | https://www.myjobquote.co.uk/t/sd-roofing-sw,myjobquote,1,
G.McKenzie Maintenance,,Guttering,,,4,3,,https://www.myjobquote.co.uk/t/gmckenzie-maintenance | https://www.myjobquote.co.uk/t/gmckenzie-maintenance,myjobquote,1,
Skyline roofing,,Guttering,,,3,11,,https://www.myjobquote.co.uk/t/skyline-roofing-7 | https://www.myjobquote.co.uk/t/skyline-roofing-7,myjobquote,1,
Elly-Marie Attwell,,Guttering,,,5,1,,https://www.myjobquote.co.uk/t/elly-marie-attwell | https://www.myjobquote.co.uk/t/elly-marie-attwell,myjobquote,1,
GB property services,,Guttering,,,4,2,,https://www.myjobquote.co.uk/t/gb-property-services-2 | https://www.myjobquote.co.uk/t/gb-property-services-2,myjobquote,1,
Altitude roofing Gloucestershire ltd,,Guttering,,,5,4,07451260891,https://www.myjobquote.co.uk/t/altitude-roofing-gloucestershire-ltd | https://www.myjobquote.co.uk/t/altitude-roofing-gloucestershire-ltd,myjobquote,1,
LJ roofing and building,,Guttering,,,5,3,,https://www.myjobquote.co.uk/t/lj-roofing-and-building-1 | https://www.myjobquote.co.uk/t/lj-roofing-and-building-1,myjobquote,1,
Ashtons finishing touches,,Guttering,,,5,31,,https://www.myjobquote.co.uk/t/ashtons-finishing-touches-1 | https://www.myjobquote.co.uk/t/ashtons-finishing-touches-1,myjobquote,1,
Roofing Co,,Guttering,,,5,12,07418361028,https://www.myjobquote.co.uk/t/roofing-co-2 | https://www.myjobquote.co.uk/t/roofing-co-2,myjobquote,1,
AGL HOME IMPROVEMENTS,,Guttering,,,5,3,,https://www.myjobquote.co.uk/t/agl-home-improvements | https://www.myjobquote.co.uk/t/agl-home-improvements,myjobquote,1,
Squeegee King Window & Gutter Cleaning,,Guttering,,,4,1,,https://www.myjobquote.co.uk/t/squeegee-king-window-gutter-cleaning | https://www.myjobquote.co.uk/t/squeegee-king-window-gutter-cleaning,myjobquote,1,
Gentle wash,,Guttering,,,5,2,,https://www.myjobquote.co.uk/t/gentle-wash | https://www.myjobquote.co.uk/t/gentle-wash,myjobquote,1,
Constructiv. Roofing and Building services.,,Guttering,,,5,14,,https://www.myjobquote.co.uk/t/constructiv-roofing-and-building-services | https://www.myjobquote.co.uk/t/constructiv-roofing-and-building-services,myjobquote,1,
Kevin roofing & property maintenance,,Guttering,,,4.8,6,,https://www.myjobquote.co.uk/t/kevin-roofing-property-maintenance | https://www.myjobquote.co.uk/t/kevin-roofing-property-maintenance,myjobquote,1,
RRBS (Royal roofing and building Services),,Guttering,,,5,15,07451260541,https://www.myjobquote.co.uk/t/rrbs-royal-roofing-and-building-services | https://www.myjobquote.co.uk/t/rrbs-royal-roofing-and-building-services,myjobquote,1,
Weatherlock property care,,Guttering,,,5,3,,https://www.myjobquote.co.uk/t/weatherlock-property-care | https://www.myjobquote.co.uk/t/weatherlock-property-care,myjobquote,1,
Spartan Roofing,,Guttering,,,5,1,,https://www.myjobquote.co.uk/t/spartan-roofing-6 | https://www.myjobquote.co.uk/t/spartan-roofing-6,myjobquote,1,
C&Mroofing speciaist and ground matanence,,Guttering,,,5,9,,https://www.myjobquote.co.uk/t/cmroofing-speciaist-and-ground-matanence | https://www.myjobquote.co.uk/t/cmroofing-speciaist-and-ground-matanence,myjobquote,1,
Riversideroofing,,Guttering,,,5,4,,https://www.myjobquote.co.uk/t/riversideroofing | https://www.myjobquote.co.uk/t/riversideroofing,myjobquote,1,
J&J roofing & guttering LTD,,Guttering,,,5,2,,https://www.myjobquote.co.uk/t/jj-roofing-guttering-ltd | https://www.myjobquote.co.uk/t/jj-roofing-guttering-ltd,myjobquote,1,
jemoba pressure washing services ltd,,Guttering,,,5,2,07418371187,https://www.myjobquote.co.uk/t/jemoba-pressure-washing-services-ltd | https://www.myjobquote.co.uk/t/jemoba-pressure-washing-services-ltd,myjobquote,1,
M&M roofing,,Guttering,,,5,1,,https://www.myjobquote.co.uk/t/mm-roofing-6 | https://www.myjobquote.co.uk/t/mm-roofing-6,myjobquote,1,
JT Roofing,,Guttering,,,5,3,,https://www.myjobquote.co.uk/t/jt-roofing-14 | https://www.myjobquote.co.uk/t/jt-roofing-14,myjobquote,1,
SouthStar Roofing LTD,,Guttering,,,5,3,,https://www.myjobquote.co.uk/t/southstar-roofing-ltd | https://www.myjobquote.co.uk/t/southstar-roofing-ltd,myjobquote,1,
Resistant roofing.,,Guttering,,,4,1,,https://www.myjobquote.co.uk/t/resistant-roofing | https://www.myjobquote.co.uk/t/resistant-roofing,myjobquote,1,
Plastamast,,Guttering,,,5,142,,https://www.myjobquote.co.uk/t/plastamast | https://www.myjobquote.co.uk/t/plastamast,myjobquote,1,
Rutherford Roofing,,Guttering,,,4,3,,https://www.myjobquote.co.uk/t/rutherford-roofing | https://www.myjobquote.co.uk/t/rutherford-roofing,myjobquote,1,
Acp home improvements,,Guttering,,,5,4,07418364774,https://www.myjobquote.co.uk/t/acp-home-improvements | https://www.myjobquote.co.uk/t/acp-home-improvements,myjobquote,1,
DHL Developments Ltd,,Guttering,,,4,5,,https://www.myjobquote.co.uk/t/dhl-developments-ltd | https://www.myjobquote.co.uk/t/dhl-developments-ltd,myjobquote,1,
Ak2 roofing,,Guttering,,,5,7,,https://www.myjobquote.co.uk/t/ak2-roofing-1 | https://www.myjobquote.co.uk/t/ak2-roofing-1,myjobquote,1,
Pro-tech roofing&Building limited,,Guttering,,,5,1,,https://www.myjobquote.co.uk/t/pro-tech-roofingbuilding-limited | https://www.myjobquote.co.uk/t/pro-tech-roofingbuilding-limited,myjobquote,1,
Total secure roofing ltd,,Guttering,,,5,1,,https://www.myjobquote.co.uk/t/total-secure-roofing-ltd | https://www.myjobquote.co.uk/t/total-secure-roofing-ltd,myjobquote,1,
b1 plastering,,Guttering,,,5,3,,https://www.myjobquote.co.uk/t/b1-plastering-1 | https://www.myjobquote.co.uk/t/b1-plastering-1,myjobquote,1,
Riley D Roofing ltd,,Guttering,,,5,1,,https://www.myjobquote.co.uk/t/riley-d-roofing-ltd | https://www.myjobquote.co.uk/t/riley-d-roofing-ltd,myjobquote,1,
Everbest Roofing & Building,,Guttering,,,5,1,,https://www.myjobquote.co.uk/t/everbest-roofing-building | https://www.myjobquote.co.uk/t/everbest-roofing-building,myjobquote,1,
Solid rock roofing and building,,Guttering,,,5,2,,https://www.myjobquote.co.uk/t/solid-rock-roofing-and-building | https://www.myjobquote.co.uk/t/solid-rock-roofing-and-building,myjobquote,1,
Regency Group,,Guttering,,,5,3,,https://www.myjobquote.co.uk/t/regency-group | https://www.myjobquote.co.uk/t/regency-group,myjobquote,1,
Capital roofing and landscapes Ltd,,Guttering,,,5,2,,https://www.myjobquote.co.uk/t/capital-roofing-and-landscapes-ltd | https://www.myjobquote.co.uk/t/capital-roofing-and-landscapes-ltd,myjobquote,1,
Stone House Brother Ltd,,Guttering,,,4,1,,https://www.myjobquote.co.uk/t/stone-house-brother-ltd | https://www.myjobquote.co.uk/t/stone-house-brother-ltd,myjobquote,1,
Js roofing,,Guttering,,,5,2,,https://www.myjobquote.co.uk/t/js-roofing-27 | https://www.myjobquote.co.uk/t/js-roofing-27,myjobquote,1,
Green Roofing (Bristol),,Guttering,,,5,1,,https://www.myjobquote.co.uk/t/green-roofing-bristol | https://www.myjobquote.co.uk/t/green-roofing-bristol,myjobquote,1,
Patina Roofing Services,,Guttering,,,5,17,,https://www.myjobquote.co.uk/t/patina-roofing-services | https://www.myjobquote.co.uk/t/patina-roofing-services,myjobquote,1,
Alby property maintenance,,Guttering,,,4,4,,https://www.myjobquote.co.uk/t/alby-property-maintenance | https://www.myjobquote.co.uk/t/alby-property-maintenance,myjobquote,1,
K clad industrial roofing and cladding,,Guttering,,,5,6,,https://www.myjobquote.co.uk/t/k-clad-industrial-roofing-and-cladding | https://www.myjobquote.co.uk/t/k-clad-industrial-roofing-and-cladding,myjobquote,1,
Rapid Roofing and Driveways Ltd Roofing and Driveways specialist,,Guttering,,,5,1,,https://www.myjobquote.co.uk/t/rapid-roofing-and-driveways-ltd-roofing-and-driveways-specialist | https://www.myjobquote.co.uk/t/rapid-roofing-and-driveways-ltd-roofing-and-driveways-specialist,myjobquote,1,
Roofing,,Guttering,,,4.8,8,,https://www.myjobquote.co.uk/t/roofing-71 | https://www.myjobquote.co.uk/t/roofing-71,myjobquote,1,
TPS Roofing and Maintenance,,Guttering,,,4.8,32,07418365448,https://www.myjobquote.co.uk/t/tps-roofing-and-maintenance | https://www.myjobquote.co.uk/t/tps-roofing-and-maintenance,myjobquote,1,
R E General Builders,,Guttering,,,4.5,16,,https://www.myjobquote.co.uk/t/r-e-general-builders | https://www.myjobquote.co.uk/t/r-e-general-builders,myjobquote,1,
Glppp,,Guttering,,,4.7,3,,https://www.myjobquote.co.uk/t/glppp | https://www.myjobquote.co.uk/t/glppp,myjobquote,1,
TNT Roofing,,Guttering,,,4.9,8,,https://www.myjobquote.co.uk/t/tnt-roofing-2 | https://www.myjobquote.co.uk/t/tnt-roofing-2,myjobquote,1,
Pro Build,,Guttering,,,4.6,8,,https://www.myjobquote.co.uk/t/pro-build-6 | https://www.myjobquote.co.uk/t/pro-build-6,myjobquote,1,
Eco roofing,,Guttering,,,5,1,,https://www.myjobquote.co.uk/t/eco-roofing-5 | https://www.myjobquote.co.uk/t/eco-roofing-5,myjobquote,1,
Get-plastered,,Guttering,,,5,13,,https://www.myjobquote.co.uk/t/get-plastered-4 | https://www.myjobquote.co.uk/t/get-plastered-4,myjobquote,1,
Roofgaurd,,Guttering,,,4,3,,https://www.myjobquote.co.uk/t/roofgaurd | https://www.myjobquote.co.uk/t/roofgaurd,myjobquote,1,
Approved Roofing Southwest Ltd,,Guttering,,,5,5,,https://www.myjobquote.co.uk/t/approved-roofing-southwest-ltd | https://www.myjobquote.co.uk/t/approved-roofing-southwest-ltd,myjobquote,1,
JS Property maintenance,,Guttering,,,5,1,,https://www.myjobquote.co.uk/t/js-property-maintenance-6 | https://www.myjobquote.co.uk/t/js-property-maintenance-6,myjobquote,1,
R.S.M Roofing Bristol,,Guttering,,,4,1,,https://www.myjobquote.co.uk/t/rsm-roofing-bristol | https://www.myjobquote.co.uk/t/rsm-roofing-bristol,myjobquote,1,
Workman Roofing / Building Maintenance,,Guttering,,,5,4,,https://www.myjobquote.co.uk/t/workman-roofing-building-maintenance | https://www.myjobquote.co.uk/t/workman-roofing-building-maintenance,myjobquote,1,
ABC build & maintenance,,Guttering,,,4.9,8,,https://www.myjobquote.co.uk/t/abc-build-maintenance | https://www.myjobquote.co.uk/t/abc-build-maintenance,myjobquote,1,
MRC Roofing,,Guttering,,,4,1,,https://www.myjobquote.co.uk/t/mrc-roofing | https://www.myjobquote.co.uk/t/mrc-roofing,myjobquote,1,
Fortify Roofing,,Guttering,,,4.68,0,,https://www.myjobquote.co.uk/t/fortify-roofing | https://www.myjobquote.co.uk/t/fortify-roofing,myjobquote,1,
Mondo’s roofing services,,Guttering,,,4.68,0,,https://www.myjobquote.co.uk/t/mondos-roofing-services | https://www.myjobquote.co.uk/t/mondos-roofing-services,myjobquote,1,
Roof&build property maintenance,,Guttering,,,4.68,0,,https://www.myjobquote.co.uk/t/roofbuild-property-maintenance | https://www.myjobquote.co.uk/t/roofbuild-property-maintenance,myjobquote,1,
Sb exterior cleaning,,Guttering,,,4.68,0,,https://www.myjobquote.co.uk/t/sb-exterior-cleaning | https://www.myjobquote.co.uk/t/sb-exterior-cleaning,myjobquote,1,
Sb exterior cleaning,,Guttering,,,4.68,0,,https://www.myjobquote.co.uk/t/pjsons-roofing | https://www.myjobquote.co.uk/t/pjsons-roofing,myjobquote,1,
Master Roofing & Cleaning Services,,Guttering,,,4.68,0,,https://www.myjobquote.co.uk/t/master-roofing-cleaning-services | https://www.myjobquote.co.uk/t/master-roofing-cleaning-services,myjobquote,1,
SBR LTD,,Guttering,,,4.68,0,,https://www.myjobquote.co.uk/t/sbr-ltd | https://www.myjobquote.co.uk/t/sbr-ltd,myjobquote,1,
SBR LTD,,Guttering,,,4.68,0,,https://www.myjobquote.co.uk/t/capital-roofing-2 | https://www.myjobquote.co.uk/t/capital-roofing-2,myjobquote,1,
LGB Roofing,,Guttering,,,4.68,0,,https://www.myjobquote.co.uk/t/lgb-roofing | https://www.myjobquote.co.uk/t/lgb-roofing,myjobquote,1,
Trident roofing,,Guttering,,,4.68,0,,https://www.myjobquote.co.uk/t/trident-roofing | https://www.myjobquote.co.uk/t/trident-roofing,myjobquote,1,
Casey&#039;s roofing&building ltd,,Guttering,,,4.68,0,,https://www.myjobquote.co.uk/t/caseys-roofingbuilding-ltd | https://www.myjobquote.co.uk/t/caseys-roofingbuilding-ltd,myjobquote,1,
KGP ROOFING,,Guttering,,,4.68,0,,https://www.myjobquote.co.uk/t/kgp-roofing | https://www.myjobquote.co.uk/t/kgp-roofing,myjobquote,1,
Skyline home improvements,,Guttering,,,4.68,0,,https://www.myjobquote.co.uk/t/skyline-home-improvements-2 | https://www.myjobquote.co.uk/t/skyline-home-improvements-2,myjobquote,1,
JC Roofing and Carpentry,,Guttering,,,4.68,0,,https://www.myjobquote.co.uk/t/jc-roofing-and-carpentry | https://www.myjobquote.co.uk/t/jc-roofing-and-carpentry,myjobquote,1,
Phoenix Roofing Southwest,,Guttering,,,4.68,0,,https://www.myjobquote.co.uk/t/phoenix-roofing-southwest | https://www.myjobquote.co.uk/t/phoenix-roofing-southwest,myjobquote,1,
Phoenix Roofing Southwest,,Guttering,,,4.68,0,,https://www.myjobquote.co.uk/t/chapman-roofing-ltd | https://www.myjobquote.co.uk/t/chapman-roofing-ltd,myjobquote,1,
Emergency roofng and guttering,,Guttering,,,4.68,0,,https://www.myjobquote.co.uk/t/emergency-roofng-and-guttering | https://www.myjobquote.co.uk/t/emergency-roofng-and-guttering,myjobquote,1,
Jcr homemaintenance,,Guttering,,,4.68,0,,https://www.myjobquote.co.uk/t/jcr-homemaintenance | https://www.myjobquote.co.uk/t/jcr-homemaintenance,myjobquote,1,
Complete home maintenance,,Guttering,,,4.68,0,,https://www.myjobquote.co.uk/t/complete-home-maintenance | https://www.myjobquote.co.uk/t/complete-home-maintenance,myjobquote,1,
Jjb roofing and construction,,Guttering,,,4.68,0,,https://www.myjobquote.co.uk/t/jjb-roofing-and-construction | https://www.myjobquote.co.uk/t/jjb-roofing-and-construction,myjobquote,1,
Lee wilson,,Guttering,,,4.68,0,,https://www.myjobquote.co.uk/t/lee-wilson-1 | https://www.myjobquote.co.uk/t/lee-wilson-1,myjobquote,1,
Lee wilson,,Guttering,,,4.68,0,,https://www.myjobquote.co.uk/t/smartway-roofing | https://www.myjobquote.co.uk/t/smartway-roofing,myjobquote,1,
AandT property,,Guttering,,,4.68,0,,https://www.myjobquote.co.uk/t/aandt-property | https://www.myjobquote.co.uk/t/aandt-property,myjobquote,1,
Handy man,,Guttering,,,4.68,0,,https://www.myjobquote.co.uk/t/handy-man-81 | https://www.myjobquote.co.uk/t/handy-man-81,myjobquote,1,
Ridgeways roofing,,Guttering,,,4.68,0,,https://www.myjobquote.co.uk/t/ridgeways-roofing | https://www.myjobquote.co.uk/t/ridgeways-roofing,myjobquote,1,
Brunel roofing and property services,,Guttering,,,4.68,0,,https://www.myjobquote.co.uk/t/brunel-roofing-and-property-services | https://www.myjobquote.co.uk/t/brunel-roofing-and-property-services,myjobquote,1,
JD Roofing,,Guttering,,,4.68,0,,https://www.myjobquote.co.uk/t/jd-roofing-20 | https://www.myjobquote.co.uk/t/jd-roofing-20,myjobquote,1,
JD Roofing,,Guttering,,,4.68,0,,https://www.myjobquote.co.uk/t/dynamic-roofing-and-building-ltd | https://www.myjobquote.co.uk/t/dynamic-roofing-and-building-ltd,myjobquote,1,
Monarch roofing Bristol,,Guttering,,,4.68,0,,https://www.myjobquote.co.uk/t/monarch-roofing-bristol | https://www.myjobquote.co.uk/t/monarch-roofing-bristol,myjobquote,1,
Cjs Roofing Bristol ltd,,Guttering,,,4.68,0,,https://www.myjobquote.co.uk/t/cjs-roofing-bristol-ltd | https://www.myjobquote.co.uk/t/cjs-roofing-bristol-ltd,myjobquote,1,
Avon building and roofing,,Guttering,,,4.68,0,,https://www.myjobquote.co.uk/t/avon-building-and-roofing-1 | https://www.myjobquote.co.uk/t/avon-building-and-roofing-1,myjobquote,1,
Walsh And Son Roofing contractors,,Guttering,,,4.68,0,,https://www.myjobquote.co.uk/t/walsh-and-son-roofing-contractors | https://www.myjobquote.co.uk/t/walsh-and-son-roofing-contractors,myjobquote,1,
Mick&#039;s roofing maintenance and waste clearance,,Guttering,,,4.68,0,,https://www.myjobquote.co.uk/t/micks-roofing-maintenance-and-waste-clearance | https://www.myjobquote.co.uk/t/micks-roofing-maintenance-and-waste-clearance,myjobquote,1,
Apw roofing and roughcasting ltd,,Guttering,,,5,3,,https://www.myjobquote.co.uk/t/apw-roofing-and-roughcasting-ltd | https://www.myjobquote.co.uk/t/apw-roofing-and-roughcasting-ltd,myjobquote,1,
Accurate Roofing & Property Care,,Guttering,,,5,2,,https://www.myjobquote.co.uk/t/accurate-roofing-property-care | https://www.myjobquote.co.uk/t/accurate-roofing-property-care,myjobquote,1,
Emergancy roofing services,,Guttering,,,5,3,,https://www.myjobquote.co.uk/t/emergancy-roofing-services | https://www.myjobquote.co.uk/t/emergancy-roofing-services,myjobquote,1,
Edinburgh property care,,Guttering,,,5,21,,https://www.myjobquote.co.uk/t/edinburgh-property-care | https://www.myjobquote.co.uk/t/edinburgh-property-care,myjobquote,1,
K-1 roofing and building contractors,,Guttering,,,5,23,,https://www.myjobquote.co.uk/t/k-1-roofing-and-building-contractors | https://www.myjobquote.co.uk/t/k-1-roofing-and-building-contractors,myjobquote,1,
GSH Roofing & Building ltd,,Guttering,,,5,4,,https://www.myjobquote.co.uk/t/gsh-roofing-building-ltd | https://www.myjobquote.co.uk/t/gsh-roofing-building-ltd,myjobquote,1,
DNA Roofing Specialists,,Guttering,,,4,1,,https://www.myjobquote.co.uk/t/dna-roofing-specialists | https://www.myjobquote.co.uk/t/dna-roofing-specialists,myjobquote,1,
Revive roofing painting & property maintenance,,Guttering,,,5,1,,https://www.myjobquote.co.uk/t/revive-roofing-painting-property-maintenance | https://www.myjobquote.co.uk/t/revive-roofing-painting-property-maintenance,myjobquote,1,
Mcmillan roofing and building,,Guttering,,,4,1,,https://www.myjobquote.co.uk/t/mcmillan-roofing-and-building | https://www.myjobquote.co.uk/t/mcmillan-roofing-and-building,myjobquote,1,
CJU Roofing Specialists,,Guttering,,,5,5,,https://www.myjobquote.co.uk/t/cju-roofing-specialists | https://www.myjobquote.co.uk/t/cju-roofing-specialists,myjobquote,1,
Sgw contracts,,Guttering,,,5,1,,https://www.myjobquote.co.uk/t/sgw-contracts | https://www.myjobquote.co.uk/t/sgw-contracts,myjobquote,1,
Young Property Care,,Guttering,,,5,9,07418319020,https://www.myjobquote.co.uk/t/young-property-care-1 | https://www.myjobquote.co.uk/t/young-property-care-1,myjobquote,1,
Central Scotland Roofing,,Guttering,,,4,3,07418349769,https://www.myjobquote.co.uk/t/central-scotland-roofing | https://www.myjobquote.co.uk/t/central-scotland-roofing,myjobquote,1,
Wash wizard maintenance services,,Guttering,,,4,1,,https://www.myjobquote.co.uk/t/wash-wizard-maintenance-services | https://www.myjobquote.co.uk/t/wash-wizard-maintenance-services,myjobquote,1,
SK ROOFS AND REPAIRS,,Guttering,,,4,3,,https://www.myjobquote.co.uk/t/sk-roofs-and-repairs | https://www.myjobquote.co.uk/t/sk-roofs-and-repairs,myjobquote,1,
Barrier improvements limited,,Guttering,,,4,1,,https://www.myjobquote.co.uk/t/barrier-improvements-limited | https://www.myjobquote.co.uk/t/barrier-improvements-limited,myjobquote,1,
External Maintenance Solutions,,Guttering,,,5,9,,https://www.myjobquote.co.uk/t/external-maintenance-solutions | https://www.myjobquote.co.uk/t/external-maintenance-solutions,myjobquote,1,
Jay Colborne,,Guttering,,,5,1,,https://www.myjobquote.co.uk/t/jay-colborne | https://www.myjobquote.co.uk/t/jay-colborne,myjobquote,1,
Eco Roofing and Building Ltd,,Guttering,,,5,8,,https://www.myjobquote.co.uk/t/eco-roofing-and-building-ltd-1 | https://www.myjobquote.co.uk/t/eco-roofing-and-building-ltd-1,myjobquote,1,
Strathclyde Roofing Services,,Guttering,,,5,2,,https://www.myjobquote.co.uk/t/strathclyde-roofing-services | https://www.myjobquote.co.uk/t/strathclyde-roofing-services,myjobquote,1,
Casey,,Guttering,,,5,2,,https://www.myjobquote.co.uk/t/casey-14 | https://www.myjobquote.co.uk/t/casey-14,myjobquote,1,
Assure Roofing Solutions,,Guttering,,,5,3,,https://www.myjobquote.co.uk/t/assure-roofing-solutions | https://www.myjobquote.co.uk/t/assure-roofing-solutions,myjobquote,1,
Macdonald. Roofing & building,,Guttering,,,5,5,,https://www.myjobquote.co.uk/t/macdonald-roofing-building | https://www.myjobquote.co.uk/t/macdonald-roofing-building,myjobquote,1,
Thomson roofing,,Guttering,,,5,1,,https://www.myjobquote.co.uk/t/thomson-roofing-2 | https://www.myjobquote.co.uk/t/thomson-roofing-2,myjobquote,1,
Klc home Improvements,,Guttering,,,5,14,,https://www.myjobquote.co.uk/t/klc-home-improvements | https://www.myjobquote.co.uk/t/klc-home-improvements,myjobquote,1,
Integrity Property Maintenance,,Guttering,,,5,2,,https://www.myjobquote.co.uk/t/integrity-property-maintenance | https://www.myjobquote.co.uk/t/integrity-property-maintenance,myjobquote,1,
Ij&a construction.com,,Guttering,,,5,3,,https://www.myjobquote.co.uk/t/ija-constructioncom | https://www.myjobquote.co.uk/t/ija-constructioncom,myjobquote,1,
Heritage roofing and slating,,Guttering,,,5,1,07418347705,https://www.myjobquote.co.uk/t/heritage-roofing-and-slating | https://www.myjobquote.co.uk/t/heritage-roofing-and-slating,myjobquote,1,
L C roofing,,Guttering,,,5,1,,https://www.myjobquote.co.uk/t/l-c-roofing | https://www.myjobquote.co.uk/t/l-c-roofing,myjobquote,1,
GM Property Maintenance,,Guttering,,,5,29,07441443264,https://www.myjobquote.co.uk/t/gm-property-maintenance | https://www.myjobquote.co.uk/t/gm-property-maintenance,myjobquote,1,
Pristine Roofing & Property Maintenance,,Guttering,,,5,16,,https://www.myjobquote.co.uk/t/pristine-roofing-property-maintenance-1 | https://www.myjobquote.co.uk/t/pristine-roofing-property-maintenance-1,myjobquote,1,
LMB Roofing Ltd,,Guttering,,,5,4,,https://www.myjobquote.co.uk/t/lmb-roofing-ltd | https://www.myjobquote.co.uk/t/lmb-roofing-ltd,myjobquote,1,
L&C Roofing,,Guttering,,,5,5,,https://www.myjobquote.co.uk/t/lc-roofing-2 | https://www.myjobquote.co.uk/t/lc-roofing-2,myjobquote,1,
Mark sturgeon,,Guttering,,,4,3,,https://www.myjobquote.co.uk/t/mark-sturgeon | https://www.myjobquote.co.uk/t/mark-sturgeon,myjobquote,1,
"T,Q,Roofing",,Guttering,,,5,4,,https://www.myjobquote.co.uk/t/tqroofing | https://www.myjobquote.co.uk/t/tqroofing,myjobquote,1,
Airdrie roofing services,,Guttering,,,4.9,45,,https://www.myjobquote.co.uk/t/airdrie-roofing-services | https://www.myjobquote.co.uk/t/airdrie-roofing-services,myjobquote,1,
JMGardeners Builders and roofers Edinburgh,,Guttering,,,4.9,17,,https://www.myjobquote.co.uk/t/jmgardeners-builders-and-roofers-edinburgh | https://www.myjobquote.co.uk/t/jmgardeners-builders-and-roofers-edinburgh,myjobquote,1,
A team roofing,,Guttering,,,5,9,,https://www.myjobquote.co.uk/t/a-team-roofing-1 | https://www.myjobquote.co.uk/t/a-team-roofing-1,myjobquote,1,
Talented Tradesmen,,Guttering,,,4.9,7,,https://www.myjobquote.co.uk/t/talented-tradesmen | https://www.myjobquote.co.uk/t/talented-tradesmen,myjobquote,1,
Edinburgh Roofing & Building,,Guttering,,,4,1,,https://www.myjobquote.co.uk/t/edinburgh-roofing-building | https://www.myjobquote.co.uk/t/edinburgh-roofing-building,myjobquote,1,
Platinum roofing,,Guttering,,,5,7,,https://www.myjobquote.co.uk/t/platinum-roofing-6 | https://www.myjobquote.co.uk/t/platinum-roofing-6,myjobquote,1,
Rm property maintenance,,Guttering,,,4.8,16,,https://www.myjobquote.co.uk/t/rm-property-maintenance | https://www.myjobquote.co.uk/t/rm-property-maintenance,myjobquote,1,
Rhino Roofing,,Guttering,,,4.8,4,,https://www.myjobquote.co.uk/t/rhino-roofing | https://www.myjobquote.co.uk/t/rhino-roofing,myjobquote,1,
Montgomery Roofcare,,Guttering,,,4.6,12,,https://www.myjobquote.co.uk/t/montgomery-roofcare | https://www.myjobquote.co.uk/t/montgomery-roofcare,myjobquote,1,
D.W. Painting solutions,,Guttering,,,4.68,0,,https://www.myjobquote.co.uk/t/dw-painting-solutions | https://www.myjobquote.co.uk/t/dw-painting-solutions,myjobquote,1,
D.W. Painting solutions,,Guttering,,,4.68,0,,https://www.myjobquote.co.uk/t/ridgepoint-roofing-2 | https://www.myjobquote.co.uk/t/ridgepoint-roofing-2,myjobquote,1,
VINS Roofing,,Guttering,,,4.68,0,,https://www.myjobquote.co.uk/t/vins-roofing | https://www.myjobquote.co.uk/t/vins-roofing,myjobquote,1,
Donaldson roofing services,,Guttering,,,4.68,0,,https://www.myjobquote.co.uk/t/donaldson-roofing-services | https://www.myjobquote.co.uk/t/donaldson-roofing-services,myjobquote,1,
KL Roofing,,Guttering,,,4.68,0,,https://www.myjobquote.co.uk/t/kl-roofing-1 | https://www.myjobquote.co.uk/t/kl-roofing-1,myjobquote,1,
Reformhomesolutions@gmail.com,,Guttering,,,4.68,0,,https://www.myjobquote.co.uk/t/reformhomesolutions-at-gmailcom | https://www.myjobquote.co.uk/t/reformhomesolutions-at-gmailcom,myjobquote,1,
Wjm Propertycare,,Guttering,,,4.68,0,,https://www.myjobquote.co.uk/t/wjm-propertycare | https://www.myjobquote.co.uk/t/wjm-propertycare,myjobquote,1,
Edinburgh’s first response Roofing ltd,,Guttering,,,4.68,0,,https://www.myjobquote.co.uk/t/edinburghs-first-response-roofing-ltd | https://www.myjobquote.co.uk/t/edinburghs-first-response-roofing-ltd,myjobquote,1,
Eagle Building Services,,Guttering,,,4.68,0,,https://www.myjobquote.co.uk/t/eagle-building-services | https://www.myjobquote.co.uk/t/eagle-building-services,myjobquote,1,
iain r smith roofing,,Guttering,,,4.68,0,,https://www.myjobquote.co.uk/t/iain-r-smith-roofing | https://www.myjobquote.co.uk/t/iain-r-smith-roofing,myjobquote,1,
iain r smith roofing,,Guttering,,,4.68,0,,https://www.myjobquote.co.uk/t/moore-roofing | https://www.myjobquote.co.uk/t/moore-roofing,myjobquote,1,
Elevate Roofing Group Ltd,,Guttering,,,4.68,0,,https://www.myjobquote.co.uk/t/elevate-roofing-group-ltd | https://www.myjobquote.co.uk/t/elevate-roofing-group-ltd,myjobquote,1,
Easton Roofing,,Guttering,,,4.68,0,,https://www.myjobquote.co.uk/t/easton-roofing-1 | https://www.myjobquote.co.uk/t/easton-roofing-1,myjobquote,1,
Thistle roofing,,Guttering,,,4.68,0,,https://www.myjobquote.co.uk/t/thistle-roofing-1 | https://www.myjobquote.co.uk/t/thistle-roofing-1,myjobquote,1,
Andrii,,Guttering,,,5,1,,https://www.myjobquote.co.uk/t/andrii-39 | https://www.myjobquote.co.uk/t/andrii-39,myjobquote,1,
BSHenderson roofing services,,Guttering,,,5,1,,https://www.myjobquote.co.uk/t/bshenderson-roofing-services | https://www.myjobquote.co.uk/t/bshenderson-roofing-services,myjobquote,1,
Coyle Joinery and Roofing,,Guttering,,,4.68,0,,https://www.myjobquote.co.uk/t/coyle-joinery-and-roofing | https://www.myjobquote.co.uk/t/coyle-joinery-and-roofing,myjobquote,1,
Steven,,Guttering,,,4.68,0,,https://www.myjobquote.co.uk/t/steven-41 | https://www.myjobquote.co.uk/t/steven-41,myjobquote,1,
Steven,,Guttering,,,4.68,0,,https://www.myjobquote.co.uk/t/rlm-roofing-and-building-maintenance | https://www.myjobquote.co.uk/t/rlm-roofing-and-building-maintenance,myjobquote,1,
Besi roofing company ltd,,Guttering,,,4.68,0,,https://www.myjobquote.co.uk/t/besi-roofing-company-ltd | https://www.myjobquote.co.uk/t/besi-roofing-company-ltd,myjobquote,1,
Besi roofing company ltd,,Guttering,,,4.68,0,,https://www.myjobquote.co.uk/t/kevin-102 | https://www.myjobquote.co.uk/t/kevin-102,myjobquote,1,
P.A.D roofing,,Guttering,,,4.68,0,,https://www.myjobquote.co.uk/t/pad-roofing | https://www.myjobquote.co.uk/t/pad-roofing,myjobquote,1,
P.A.D roofing,,Guttering,,,4.68,0,,https://www.myjobquote.co.uk/t/roof-repair-edinburgh-limited | https://www.myjobquote.co.uk/t/roof-repair-edinburgh-limited,myjobquote,1,
G.I roofing,,Guttering,,,4.68,0,,https://www.myjobquote.co.uk/t/gi-roofing-1 | https://www.myjobquote.co.uk/t/gi-roofing-1,myjobquote,1,
Sm construction,,Guttering,,,4.68,0,,https://www.myjobquote.co.uk/t/sm-construction-3 | https://www.myjobquote.co.uk/t/sm-construction-3,myjobquote,1,
Sm construction,,Guttering,,,4.68,0,,https://www.myjobquote.co.uk/t/tgw-roofing-and-building | https://www.myjobquote.co.uk/t/tgw-roofing-and-building,myjobquote,1,
TGW Roofing and Building,,Guttering,,,4.68,0,,https://www.myjobquote.co.uk/t/coastline-roofing-2 | https://www.myjobquote.co.uk/t/coastline-roofing-2,myjobquote,1,
Coastline roofing,,Guttering,,,4.68,0,,https://www.myjobquote.co.uk/t/gs-property-care | https://www.myjobquote.co.uk/t/gs-property-care,myjobquote,1,
B.C.W Roofing and Building,,Guttering,,,4.68,0,,https://www.myjobquote.co.uk/t/bcw-roofing-and-building | https://www.myjobquote.co.uk/t/bcw-roofing-and-building,myjobquote,1,
B.C.W Roofing and Building,,Guttering,,,4.68,0,,https://www.myjobquote.co.uk/t/forbes-roofing-services | https://www.myjobquote.co.uk/t/forbes-roofing-services,myjobquote,1,
Forbes roofing services,,Guttering,,,4.68,0,,https://www.myjobquote.co.uk/t/shayne-1 | https://www.myjobquote.co.uk/t/shayne-1,myjobquote,1,
Shayne,,Guttering,,,4.68,0,,https://www.myjobquote.co.uk/t/clarks-gutters | https://www.myjobquote.co.uk/t/clarks-gutters,myjobquote,1,
Jopparoofing and building,,Guttering,,,4.68,0,,https://www.myjobquote.co.uk/t/jopparoofing-and-building | https://www.myjobquote.co.uk/t/jopparoofing-and-building,myjobquote,1,
Jopparoofing and building,,Guttering,,,4.68,0,,https://www.myjobquote.co.uk/t/pc-roofing-4 | https://www.myjobquote.co.uk/t/pc-roofing-4,myjobquote,1,
07921006609,,Guttering,,,4.68,0,,https://www.myjobquote.co.uk/t/07921006609 | https://www.myjobquote.co.uk/t/07921006609,myjobquote,1,
07921006609,,Guttering,,,4.8,9,,https://www.myjobquote.co.uk/t/rowan-2 | https://www.myjobquote.co.uk/t/rowan-2,myjobquote,1,
Active property care,,Guttering,,,5,1,,https://www.myjobquote.co.uk/t/active-property-care | https://www.myjobquote.co.uk/t/active-property-care,myjobquote,1,
Renovation roofing and building,,Guttering,,,5,1,,https://www.myjobquote.co.uk/t/renovation-roofing-and-building | https://www.myjobquote.co.uk/t/renovation-roofing-and-building,myjobquote,1,
Jhs roofing and building,,Guttering,,,5,2,,https://www.myjobquote.co.uk/t/jhs-roofing-and-building-1 | https://www.myjobquote.co.uk/t/jhs-roofing-and-building-1,myjobquote,1,
B G Roofing and painting Services,,Guttering,,,5,1,,https://www.myjobquote.co.uk/t/b-g-roofing-and-painting-services | https://www.myjobquote.co.uk/t/b-g-roofing-and-painting-services,myjobquote,1,
AMC Roofing and Building Ltd,,Guttering,,,5,3,,https://www.myjobquote.co.uk/t/amc-roofing-and-building-ltd | https://www.myjobquote.co.uk/t/amc-roofing-and-building-ltd,myjobquote,1,
R Galloway roofing services,,Guttering,,,5,1,,https://www.myjobquote.co.uk/t/r-galloway-roofing-services-1 | https://www.myjobquote.co.uk/t/r-galloway-roofing-services-1,myjobquote,1,
Premium Roofing,,Guttering,,,5,1,,https://www.myjobquote.co.uk/t/premium-roofing-4 | https://www.myjobquote.co.uk/t/premium-roofing-4,myjobquote,1,
AS Property Care,,Guttering,,,4.7,35,07441442632,https://www.myjobquote.co.uk/t/as-property-care | https://www.myjobquote.co.uk/t/as-property-care,myjobquote,1,
Able Roofing,,Guttering,,,5,1,,https://www.myjobquote.co.uk/t/able-roofing | https://www.myjobquote.co.uk/t/able-roofing,myjobquote,1,
Christopher godden roofing&building soloutions ltd,,Guttering,,,5,9,,https://www.myjobquote.co.uk/t/christopher-godden-roofingbuilding-soloutions-ltd | https://www.myjobquote.co.uk/t/christopher-godden-roofingbuilding-soloutions-ltd,myjobquote,1,
J&w Property solutions,,Guttering,,,4.2,5,,https://www.myjobquote.co.uk/t/jw-property-solutions-1 | https://www.myjobquote.co.uk/t/jw-property-solutions-1,myjobquote,1,
Edinburgh Lothian’s Roofing Services,,Guttering,,,4.2,5,,https://www.myjobquote.co.uk/t/edinburgh-lothians-roofing-services | https://www.myjobquote.co.uk/t/edinburgh-lothians-roofing-services,myjobquote,1,
R.C. Propeety Care,,Guttering,,,4.5,33,,https://www.myjobquote.co.uk/t/rc-propeety-care | https://www.myjobquote.co.uk/t/rc-propeety-care,myjobquote,1,
Edinburgh and Fife roofing,,Guttering,,,5,3,,https://www.myjobquote.co.uk/t/edinburgh-and-fife-roofing | https://www.myjobquote.co.uk/t/edinburgh-and-fife-roofing,myjobquote,1,
Allpurposepropertycareltd,,Guttering,,,4,1,,https://www.myjobquote.co.uk/t/allpurposepropertycareltd | https://www.myjobquote.co.uk/t/allpurposepropertycareltd,myjobquote,1,
firstresponseroofing,,Guttering,,,4,1,,https://www.myjobquote.co.uk/t/firstresponseroofing | https://www.myjobquote.co.uk/t/firstresponseroofing,myjobquote,1,
Liberton Roofing & Building ltd,,Guttering,,,3.8,4,,https://www.myjobquote.co.uk/t/liberton-roofing-building-ltd-1 | https://www.myjobquote.co.uk/t/liberton-roofing-building-ltd-1,myjobquote,1,
S.Ross Roofing,,Guttering,,,4.6,5,,https://www.myjobquote.co.uk/t/sross-roofing | https://www.myjobquote.co.uk/t/sross-roofing,myjobquote,1,
Cj home improvements,,Guttering,,,4.68,0,,https://www.myjobquote.co.uk/t/cj-home-improvements-3 | https://www.myjobquote.co.uk/t/cj-home-improvements-3,myjobquote,1,
Cj home improvements,,Guttering,,,4.68,0,,https://www.myjobquote.co.uk/t/deddington-property-care | https://www.myjobquote.co.uk/t/deddington-property-care,myjobquote,1,
Scots Roofing Ltd,,Guttering,,,4.4,30,,https://www.myjobquote.co.uk/t/scots-roofing-ltd | https://www.myjobquote.co.uk/t/scots-roofing-ltd,myjobquote,1,
James Sherry Roofing and Builders,,Guttering,,,5,20,,https://www.myjobquote.co.uk/t/james-sherry-roofing-and-builders | https://www.myjobquote.co.uk/t/james-sherry-roofing-and-builders,myjobquote,1,
Mark roofing & building,,Guttering,,,5,2,,https://www.myjobquote.co.uk/t/mark-roofing-building-2 | https://www.myjobquote.co.uk/t/mark-roofing-building-2,myjobquote,1,
Midlothian Roofing and Building,,Guttering,,,4,74,07441448924,https://www.myjobquote.co.uk/t/midlothian-roofing-and-building-1 | https://www.myjobquote.co.uk/t/midlothian-roofing-and-building-1,myjobquote,1,
McKenzie roofing services,,Guttering,,,5,4,,https://www.myjobquote.co.uk/t/mckenzie-roofing-services | https://www.myjobquote.co.uk/t/mckenzie-roofing-services,myjobquote,1,
A and N home improvements,,Guttering,,,5,7,,https://www.myjobquote.co.uk/t/a-and-n-home-improvements | https://www.myjobquote.co.uk/t/a-and-n-home-improvements,myjobquote,1,
Jr roofing,,Guttering,,,5,1,,https://www.myjobquote.co.uk/t/jr-roofing-18 | https://www.myjobquote.co.uk/t/jr-roofing-18,myjobquote,1,
GJ Building Solutions,,Guttering,,,5,1,,https://www.myjobquote.co.uk/t/gj-building-solutions | https://www.myjobquote.co.uk/t/gj-building-solutions,myjobquote,1,
Diego,,Guttering,,,4.68,0,,https://www.myjobquote.co.uk/t/diego-12 | https://www.myjobquote.co.uk/t/diego-12,myjobquote,1,
Derek McEwan T/A Dmr Contracts Ltd,,Guttering,,,4.68,0,,https://www.myjobquote.co.uk/t/derek-mcewan-ta-dmr-contracts-ltd | https://www.myjobquote.co.uk/t/derek-mcewan-ta-dmr-contracts-ltd,myjobquote,1,
Master Home Improvements,,Guttering,,,4,6,,https://www.myjobquote.co.uk/t/master-home-improvements | https://www.myjobquote.co.uk/t/master-home-improvements,myjobquote,1,
National roof services,,Guttering,,,4.6,16,,https://www.myjobquote.co.uk/t/national-roof-services-2 | https://www.myjobquote.co.uk/t/national-roof-services-2,myjobquote,1,
DARA Property Maintenance,,Guttering,,,4.9,24,,https://www.myjobquote.co.uk/t/dara-property-maintenance | https://www.myjobquote.co.uk/t/dara-property-maintenance,myjobquote,1,
Lifetime Improvement Group Ltd,,Guttering,,,4.68,0,,https://www.myjobquote.co.uk/t/lifetime-improvement-group-ltd | https://www.myjobquote.co.uk/t/lifetime-improvement-group-ltd,myjobquote,1,
Catalyst Property Services Ltd,,Guttering,,,4.68,0,,https://www.myjobquote.co.uk/t/catalyst-property-services-ltd | https://www.myjobquote.co.uk/t/catalyst-property-services-ltd,myjobquote,1,
Catalyst Property Services Ltd,,Guttering,,,4.68,0,,https://www.myjobquote.co.uk/t/royal-roofing-solutions-3 | https://www.myjobquote.co.uk/t/royal-roofing-solutions-3,myjobquote,1,
Watertight roofing,,Guttering,,,4.68,0,,https://www.myjobquote.co.uk/t/watertight-roofing-2 | https://www.myjobquote.co.uk/t/watertight-roofing-2,myjobquote,1,
Watertight roofing,,Guttering,,,5,8,,https://www.myjobquote.co.uk/t/ct-property-maintenance-4 | https://www.myjobquote.co.uk/t/ct-property-maintenance-4,myjobquote,1,
Barrhead roofing,,Guttering,,,5,7,,https://www.myjobquote.co.uk/t/barrhead-roofing | https://www.myjobquote.co.uk/t/barrhead-roofing,myjobquote,1,
Cameronroofcare,,Guttering,,,4.68,0,,https://www.myjobquote.co.uk/t/cameronroofcare | https://www.myjobquote.co.uk/t/cameronroofcare,myjobquote,1,
Cameronroofcare,,Guttering,,,5,3,,https://www.myjobquote.co.uk/t/almond-roofing-and-building | https://www.myjobquote.co.uk/t/almond-roofing-and-building,myjobquote,1,
MC Property Maintenance,,Guttering,,,5,9,,https://www.myjobquote.co.uk/t/mc-property-maintenance-3 | https://www.myjobquote.co.uk/t/mc-property-maintenance-3,myjobquote,1,
Valley roofing and roughcasting ltd,,Guttering,,,4,1,,https://www.myjobquote.co.uk/t/valley-roofing-and-roughcasting-ltd | https://www.myjobquote.co.uk/t/valley-roofing-and-roughcasting-ltd,myjobquote,1,
Apex Roofing & Building,,Guttering,,,5,2,,https://www.myjobquote.co.uk/t/apex-roofing-building-4 | https://www.myjobquote.co.uk/t/apex-roofing-building-4,myjobquote,1,
Mwhiteroofingandbuildingltd,,Guttering,,,5,1,,https://www.myjobquote.co.uk/t/mwhiteroofingandbuildingltd | https://www.myjobquote.co.uk/t/mwhiteroofingandbuildingltd,myjobquote,1,
Lasswade Roofing&Building,,Guttering,,,5,1,,https://www.myjobquote.co.uk/t/lasswade-roofingbuilding | https://www.myjobquote.co.uk/t/lasswade-roofingbuilding,myjobquote,1,
On top roofing ltd,,Guttering,,,5,5,,https://www.myjobquote.co.uk/t/on-top-roofing-ltd | https://www.myjobquote.co.uk/t/on-top-roofing-ltd,myjobquote,1,
East Lothian roofing & building services,,Guttering,,,5,8,,https://www.myjobquote.co.uk/t/east-lothian-roofing-building-services | https://www.myjobquote.co.uk/t/east-lothian-roofing-building-services,myjobquote,1,
JJK Roofing,,Guttering,,,5,13,07418362617,https://www.myjobquote.co.uk/t/jjk-roofing | https://www.myjobquote.co.uk/t/jjk-roofing,myjobquote,1,
Mason and Sons,,Guttering,,,5,20,07418348927,https://www.myjobquote.co.uk/t/mason-and-sons | https://www.myjobquote.co.uk/t/mason-and-sons,myjobquote,1,
RMcD roofing services,,Guttering,,,5,1,,https://www.myjobquote.co.uk/t/rmcd-roofing-services | https://www.myjobquote.co.uk/t/rmcd-roofing-services,myjobquote,1,
Cleanaway,,Guttering,,,4.5,42,,https://www.myjobquote.co.uk/t/cleanaway | https://www.myjobquote.co.uk/t/cleanaway,myjobquote,1,
PSW Roofing and building ltd,,Guttering,,,4.8,60,,https://www.myjobquote.co.uk/t/psw-roofing-and-building-ltd | https://www.myjobquote.co.uk/t/psw-roofing-and-building-ltd,myjobquote,1,
ASM contracts,,Guttering,,,4.8,9,,https://www.myjobquote.co.uk/t/asm-contracts | https://www.myjobquote.co.uk/t/asm-contracts,myjobquote,1,
Ridgeline home improvements,,Guttering,,,3.9,15,,https://www.myjobquote.co.uk/t/ridgeline-home-improvements | https://www.myjobquote.co.uk/t/ridgeline-home-improvements,myjobquote,1,
E Stewart roofing & roughcasting Ltd,,Guttering,,,5,4,,https://www.myjobquote.co.uk/t/e-stewart-roofing-roughcasting-ltd | https://www.myjobquote.co.uk/t/e-stewart-roofing-roughcasting-ltd,myjobquote,1,
Jamie Choi Joinery and Building,,Guttering,,,4,3,,https://www.myjobquote.co.uk/t/jamie-choi-joinery-and-building | https://www.myjobquote.co.uk/t/jamie-choi-joinery-and-building,myjobquote,1,
J.s roofing,,Guttering,,,4.8,18,,https://www.myjobquote.co.uk/t/js-roofing-7 | https://www.myjobquote.co.uk/t/js-roofing-7,myjobquote,1,
first response roofing,,Guttering,,,5,17,,https://www.myjobquote.co.uk/t/first-response-roofing-3 | https://www.myjobquote.co.uk/t/first-response-roofing-3,myjobquote,1,
National Contracts Company,,Guttering,,,4.68,0,,https://www.myjobquote.co.uk/t/national-contracts-company | https://www.myjobquote.co.uk/t/national-contracts-company,myjobquote,1,
PJM property care ltd,,Guttering,,,4.68,0,,https://www.myjobquote.co.uk/t/pjm-property-care-ltd | https://www.myjobquote.co.uk/t/pjm-property-care-ltd,myjobquote,1,
ORCON Roofing & Building Maintenance Ltd,,Guttering,,,4.68,0,,https://www.myjobquote.co.uk/t/orcon-roofing-building-maintenance-ltd | https://www.myjobquote.co.uk/t/orcon-roofing-building-maintenance-ltd,myjobquote,1,
365 Flat Roofing,,Guttering,,,4.68,0,,https://www.myjobquote.co.uk/t/365-flat-roofing | https://www.myjobquote.co.uk/t/365-flat-roofing,myjobquote,1,
AR TRADESERVICES,,Guttering,,,4.68,0,,https://www.myjobquote.co.uk/t/ar-tradeservices | https://www.myjobquote.co.uk/t/ar-tradeservices,myjobquote,1,
CCC Roofing & Building Maintenance,,Guttering,,,4.68,0,,https://www.myjobquote.co.uk/t/ccc-roofing-building-maintenance | https://www.myjobquote.co.uk/t/ccc-roofing-building-maintenance,myjobquote,1,
Pro Roof Scotland,,Guttering,,,4.68,0,,https://www.myjobquote.co.uk/t/pro-roof-scotland | https://www.myjobquote.co.uk/t/pro-roof-scotland,myjobquote,1,
DRS ROOFING,,Guttering,,,4.68,0,,https://www.myjobquote.co.uk/t/drs-roofing-2 | https://www.myjobquote.co.uk/t/drs-roofing-2,myjobquote,1,
DRS ROOFING,,Guttering,,,4.68,0,,https://www.myjobquote.co.uk/t/love-roofing | https://www.myjobquote.co.uk/t/love-roofing,myjobquote,1,
M2G Roofing & Property Services,,Guttering,,,4.68,0,,https://www.myjobquote.co.uk/t/m2g-roofing-property-services | https://www.myjobquote.co.uk/t/m2g-roofing-property-services,myjobquote,1,
Briggs roofing and roughcasting,,Guttering,,,4.68,0,,https://www.myjobquote.co.uk/t/briggs-roofing-and-roughcasting | https://www.myjobquote.co.uk/t/briggs-roofing-and-roughcasting,myjobquote,1,
Briggs roofing and roughcasting,,Guttering,,,4.68,0,,https://www.myjobquote.co.uk/t/scott-hannah | https://www.myjobquote.co.uk/t/scott-hannah,myjobquote,1,
Quality roofing specialists,,Guttering,,,4.68,0,,https://www.myjobquote.co.uk/t/quality-roofing-specialists | https://www.myjobquote.co.uk/t/quality-roofing-specialists,myjobquote,1,
Reilly roofing & builders Ltd,,Guttering,,,4.68,0,,https://www.myjobquote.co.uk/t/reilly-roofing-builders-ltd | https://www.myjobquote.co.uk/t/reilly-roofing-builders-ltd,myjobquote,1,
Centiam Home Improvements,,Guttering,,,4.68,0,,https://www.myjobquote.co.uk/t/centiam-home-improvements | https://www.myjobquote.co.uk/t/centiam-home-improvements,myjobquote,1,
All Season ECM,,Guttering,,,4.68,0,,https://www.myjobquote.co.uk/t/all-season-ecm | https://www.myjobquote.co.uk/t/all-season-ecm,myjobquote,1,
Kingfisher roofing,,Guttering,,,4.68,0,,https://www.myjobquote.co.uk/t/kingfisher-roofing | https://www.myjobquote.co.uk/t/kingfisher-roofing,myjobquote,1,
MF ROOFING AND BUILDING MAINTENANCE LTD,,Guttering,,,4.68,0,,https://www.myjobquote.co.uk/t/mf-roofing-and-building-maintenance-ltd | https://www.myjobquote.co.uk/t/mf-roofing-and-building-maintenance-ltd,myjobquote,1,
P.F.S MAINTENENCE,,Guttering,,,4.68,0,,https://www.myjobquote.co.uk/t/pfs-maintenence | https://www.myjobquote.co.uk/t/pfs-maintenence,myjobquote,1,
ja roofing & property maintenance,,Guttering,,,4.68,0,,https://www.myjobquote.co.uk/t/ja-roofing-property-maintenance | https://www.myjobquote.co.uk/t/ja-roofing-property-maintenance,myjobquote,1,
Ian mathieson,,Guttering,,,4.68,0,,https://www.myjobquote.co.uk/t/ian-mathieson | https://www.myjobquote.co.uk/t/ian-mathieson,myjobquote,1,
Ian mathieson,,Guttering,,,4.68,0,,https://www.myjobquote.co.uk/t/dsl-roofing-ltd | https://www.myjobquote.co.uk/t/dsl-roofing-ltd,myjobquote,1,
Buildscape scotland,,Guttering,,,4.68,0,,https://www.myjobquote.co.uk/t/buildscape-scotland | https://www.myjobquote.co.uk/t/buildscape-scotland,myjobquote,1,
Pw roofing and building maintenance,,Guttering,,,4.68,0,,https://www.myjobquote.co.uk/t/pw-roofing-and-building-maintenance | https://www.myjobquote.co.uk/t/pw-roofing-and-building-maintenance,myjobquote,1,
Jjp roofing,,Guttering,,,4.68,0,,https://www.myjobquote.co.uk/t/jjp-roofing | https://www.myjobquote.co.uk/t/jjp-roofing,myjobquote,1,
Lion heart roofing,,Guttering,,,4.68,0,,https://www.myjobquote.co.uk/t/lion-heart-roofing | https://www.myjobquote.co.uk/t/lion-heart-roofing,myjobquote,1,
adam roofing services glasgow ltd,,Guttering,,,4.68,0,,https://www.myjobquote.co.uk/t/adam-roofing-services-glasgow-ltd | https://www.myjobquote.co.uk/t/adam-roofing-services-glasgow-ltd,myjobquote,1,
Muirend roofing & building,,Guttering,,,4.68,0,,https://www.myjobquote.co.uk/t/muirend-roofing-building | https://www.myjobquote.co.uk/t/muirend-roofing-building,myjobquote,1,
Doherty Roofing,,Guttering,,,4.68,0,,https://www.myjobquote.co.uk/t/doherty-roofing | https://www.myjobquote.co.uk/t/doherty-roofing,myjobquote,1,
Trainer Exterior Cleaning,,Guttering,,,4.68,0,,https://www.myjobquote.co.uk/t/trainer-exterior-cleaning | https://www.myjobquote.co.uk/t/trainer-exterior-cleaning,myjobquote,1,
P&L Roofing,,Guttering,,,4.68,0,,https://www.myjobquote.co.uk/t/pl-roofing | https://www.myjobquote.co.uk/t/pl-roofing,myjobquote,1,
John McDonald,,Guttering,,,4.68,0,,https://www.myjobquote.co.uk/t/john-mcdonald | https://www.myjobquote.co.uk/t/john-mcdonald,myjobquote,1,
Md roofing contractors,,Guttering,,,4.68,0,,https://www.myjobquote.co.uk/t/md-roofing-contractors-7 | https://www.myjobquote.co.uk/t/md-roofing-contractors-7,myjobquote,1,
C Montgomery Roofing,,Guttering,,,4.68,0,,https://www.myjobquote.co.uk/t/c-montgomery-roofing | https://www.myjobquote.co.uk/t/c-montgomery-roofing,myjobquote,1,
Countrywide Roof and Walls,,Guttering,,,4.68,0,,https://www.myjobquote.co.uk/t/countrywide-roof-and-walls | https://www.myjobquote.co.uk/t/countrywide-roof-and-walls,myjobquote,1,
L1 property maintenance,,Guttering,,,4.68,0,,https://www.myjobquote.co.uk/t/l1-property-maintenance | https://www.myjobquote.co.uk/t/l1-property-maintenance,myjobquote,1,
MacDonald worx,,Guttering,,,5,2,,https://www.myjobquote.co.uk/t/macdonald-worx | https://www.myjobquote.co.uk/t/macdonald-worx,myjobquote,1,
A&S roofing and groundswork,,Guttering,,,5,5,,https://www.myjobquote.co.uk/t/as-roofing-and-groundswork | https://www.myjobquote.co.uk/t/as-roofing-and-groundswork,myjobquote,1,
A&A roofing,,Guttering,,,4.68,0,,https://www.myjobquote.co.uk/t/aa-roofing-6 | https://www.myjobquote.co.uk/t/aa-roofing-6,myjobquote,1,
Ajw Roofing,,Guttering,,,4,1,,https://www.myjobquote.co.uk/t/ajw-roofing-2 | https://www.myjobquote.co.uk/t/ajw-roofing-2,myjobquote,1,
O&H Roofing,,Guttering,,,5,3,,https://www.myjobquote.co.uk/t/oh-roofing-1 | https://www.myjobquote.co.uk/t/oh-roofing-1,myjobquote,1,
Jms roofing,,Guttering,,,4.68,0,,https://www.myjobquote.co.uk/t/jms-roofing | https://www.myjobquote.co.uk/t/jms-roofing,myjobquote,1,
Jms roofing,,Guttering,,,4.68,0,,https://www.myjobquote.co.uk/t/stewarts-contracts | https://www.myjobquote.co.uk/t/stewarts-contracts,myjobquote,1,
JM maintainence,,Guttering,,,4.68,0,,https://www.myjobquote.co.uk/t/jm-maintainence | https://www.myjobquote.co.uk/t/jm-maintainence,myjobquote,1,
McCallum Contracts,,Guttering,,,5,1,,https://www.myjobquote.co.uk/t/mccallum-contracts | https://www.myjobquote.co.uk/t/mccallum-contracts,myjobquote,1,
Bulldog building services,,Guttering,,,5,11,,https://www.myjobquote.co.uk/t/bulldog-building-services | https://www.myjobquote.co.uk/t/bulldog-building-services,myjobquote,1,
BCM Roofing,,Guttering,,,5,2,,https://www.myjobquote.co.uk/t/bcm-roofing | https://www.myjobquote.co.uk/t/bcm-roofing,myjobquote,1,
DC roofing and electrical services,,Guttering,,,5,1,,https://www.myjobquote.co.uk/t/dc-roofing-and-electrical-services | https://www.myjobquote.co.uk/t/dc-roofing-and-electrical-services,myjobquote,1,
RW Roofing&Building,,Guttering,,,5,1,,https://www.myjobquote.co.uk/t/rw-roofingbuilding-1 | https://www.myjobquote.co.uk/t/rw-roofingbuilding-1,myjobquote,1,
Hitch Roofing,,Guttering,,,5,4,,https://www.myjobquote.co.uk/t/hitch-roofing | https://www.myjobquote.co.uk/t/hitch-roofing,myjobquote,1,
Propertyze property maintenance,,Guttering,,,5,1,,https://www.myjobquote.co.uk/t/propertyze-property-maintenance | https://www.myjobquote.co.uk/t/propertyze-property-maintenance,myjobquote,1,
MacDonald contracts,,Guttering,,,3.7,3,,https://www.myjobquote.co.uk/t/macdonald-contracts | https://www.myjobquote.co.uk/t/macdonald-contracts,myjobquote,1,
Spectrum Sprayers,,Guttering,,,4.8,5,,https://www.myjobquote.co.uk/t/spectrum-sprayers-1 | https://www.myjobquote.co.uk/t/spectrum-sprayers-1,myjobquote,1,
Storm guard  roofing & building,,Guttering,,,4.8,15,07441440580,https://www.myjobquote.co.uk/t/storm-guard-roofing-building | https://www.myjobquote.co.uk/t/storm-guard-roofing-building,myjobquote,1,
Roofmate roofing,,Guttering,,,4.5,2,,https://www.myjobquote.co.uk/t/roofmate-roofing | https://www.myjobquote.co.uk/t/roofmate-roofing,myjobquote,1,
Gw property maintenance,,Guttering,,,4.8,3,,https://www.myjobquote.co.uk/t/gw-property-maintenance | https://www.myjobquote.co.uk/t/gw-property-maintenance,myjobquote,1,
Roofcheck,,Guttering,,,5,1,,https://www.myjobquote.co.uk/t/roofcheck | https://www.myjobquote.co.uk/t/roofcheck,myjobquote,1,
KMB Building Services,,Guttering,,,4.68,0,,https://www.myjobquote.co.uk/t/kmb-building-services | https://www.myjobquote.co.uk/t/kmb-building-services,myjobquote,1,
T.johnstone property Maintenance,,Guttering,,,4.68,0,,https://www.myjobquote.co.uk/t/tjohnstone-property-maintenance | https://www.myjobquote.co.uk/t/tjohnstone-property-maintenance,myjobquote,1,
JJ roofing,,Guttering,,,4.68,0,,https://www.myjobquote.co.uk/t/jj-roofing-15 | https://www.myjobquote.co.uk/t/jj-roofing-15,myjobquote,1,
JJ roofing,,Guttering,,,4.68,0,,https://www.myjobquote.co.uk/t/jm-roofing-18 | https://www.myjobquote.co.uk/t/jm-roofing-18,myjobquote,1,
Alba property care,,Guttering,,,4.68,0,,https://www.myjobquote.co.uk/t/alba-property-care | https://www.myjobquote.co.uk/t/alba-property-care,myjobquote,1,
Central contractors,,Guttering,,,4.68,0,,https://www.myjobquote.co.uk/t/central-contractors | https://www.myjobquote.co.uk/t/central-contractors,myjobquote,1,
Roofing bureau,,Guttering,,,4.68,0,,https://www.myjobquote.co.uk/t/roofing-bureau | https://www.myjobquote.co.uk/t/roofing-bureau,myjobquote,1,
Roofing bureau,,Guttering,,,4.68,0,,https://www.myjobquote.co.uk/t/cz-roofing | https://www.myjobquote.co.uk/t/cz-roofing,myjobquote,1,
Ballantyne roofing and sons,,Guttering,,,4.68,0,,https://www.myjobquote.co.uk/t/ballantyne-roofing-and-sons | https://www.myjobquote.co.uk/t/ballantyne-roofing-and-sons,myjobquote,1,
C&M ROOFING SOLUTIONS,,Guttering,,,4.68,0,,https://www.myjobquote.co.uk/t/cm-roofing-solutions | https://www.myjobquote.co.uk/t/cm-roofing-solutions,myjobquote,1,
SSR Roofing,,Guttering,,,4,18,,https://www.myjobquote.co.uk/t/ssr-roofing | https://www.myjobquote.co.uk/t/ssr-roofing,myjobquote,1,
Apex roofing and cleaning,,Guttering,,,4.68,0,,https://www.myjobquote.co.uk/t/apex-roofing-and-cleaning | https://www.myjobquote.co.uk/t/apex-roofing-and-cleaning,myjobquote,1,
Monument roofing and coating for roof and wall,,Guttering,,,4.68,0,,https://www.myjobquote.co.uk/t/monument-roofing-and-coating-for-roof-and-wall | https://www.myjobquote.co.uk/t/monument-roofing-and-coating-for-roof-and-wall,myjobquote,1,
TNT roofing,,Guttering,,,4.68,0,,https://www.myjobquote.co.uk/t/tnt-roofing-3 | https://www.myjobquote.co.uk/t/tnt-roofing-3,myjobquote,1,
TNT roofing,,Guttering,,,4.68,0,,https://www.myjobquote.co.uk/t/mrl-roofing | https://www.myjobquote.co.uk/t/mrl-roofing,myjobquote,1,
MRL roofing,,Guttering,,,4.68,0,,https://www.myjobquote.co.uk/t/s-mullan-roofing | https://www.myjobquote.co.uk/t/s-mullan-roofing,myjobquote,1,
S Mullan Roofing,,Guttering,,,4.68,0,,https://www.myjobquote.co.uk/t/local-roffer | https://www.myjobquote.co.uk/t/local-roffer,myjobquote,1,
K Leslie Group Ltd,,Guttering,,,5,2,,https://www.myjobquote.co.uk/t/k-leslie-group-ltd | https://www.myjobquote.co.uk/t/k-leslie-group-ltd,myjobquote,1,
Strathclyde Roofers and Builders Ltd,,Guttering,,,5,1,,https://www.myjobquote.co.uk/t/strathclyde-roofers-and-builders-ltd | https://www.myjobquote.co.uk/t/strathclyde-roofers-and-builders-ltd,myjobquote,1,
Ecopro home,,Guttering,,,5,1,,https://www.myjobquote.co.uk/t/ecopro-home | https://www.myjobquote.co.uk/t/ecopro-home,myjobquote,1,
TRL PROPERTY MAINTENANCE,,Guttering,,,5,21,,https://www.myjobquote.co.uk/t/trl-property-maintenance | https://www.myjobquote.co.uk/t/trl-property-maintenance,myjobquote,1,
DM Property Maintenance,,Guttering,,,5,2,,https://www.myjobquote.co.uk/t/dm-property-maintenance-4 | https://www.myjobquote.co.uk/t/dm-property-maintenance-4,myjobquote,1,
Macdonald roofing,,Guttering,,,4.68,0,,https://www.myjobquote.co.uk/t/macdonald-roofing-4 | https://www.myjobquote.co.uk/t/macdonald-roofing-4,myjobquote,1,
Diamond Roofing,,Guttering,,,5,6,,https://www.myjobquote.co.uk/t/diamond-roofing-13 | https://www.myjobquote.co.uk/t/diamond-roofing-13,myjobquote,1,
Johnston Roofing & Solar,,Guttering,,,5,8,,https://www.myjobquote.co.uk/t/johnston-roofing-solar | https://www.myjobquote.co.uk/t/johnston-roofing-solar,myjobquote,1,
Nugen Exteriors,,Guttering,,,5,1,,https://www.myjobquote.co.uk/t/nugen-exteriors | https://www.myjobquote.co.uk/t/nugen-exteriors,myjobquote,1,
McPhee&Sons,,Guttering,,,4.6,8,07418367308,https://www.myjobquote.co.uk/t/mcpheesons | https://www.myjobquote.co.uk/t/mcpheesons,myjobquote,1,
Brucefield roofing & building ltd,,Guttering,,,4,1,,https://www.myjobquote.co.uk/t/brucefield-roofing-building-ltd | https://www.myjobquote.co.uk/t/brucefield-roofing-building-ltd,myjobquote,1,
Imperial Roofing Building,,Guttering,,,5,2,,https://www.myjobquote.co.uk/t/imperial-roofing-building-1 | https://www.myjobquote.co.uk/t/imperial-roofing-building-1,myjobquote,1,
J.w.miller property maintenance,,Guttering,,,4.68,0,,https://www.myjobquote.co.uk/t/jwmiller-property-maintenance | https://www.myjobquote.co.uk/t/jwmiller-property-maintenance,myjobquote,1,
Ascot roofing scot ltd,,Guttering,,,4.68,0,,https://www.myjobquote.co.uk/t/ascot-roofing-scot-ltd | https://www.myjobquote.co.uk/t/ascot-roofing-scot-ltd,myjobquote,1,
Saltire property maintenance,,Guttering,,,4.68,0,,https://www.myjobquote.co.uk/t/saltire-property-maintenance | https://www.myjobquote.co.uk/t/saltire-property-maintenance,myjobquote,1,
Saltire property maintenance,,Guttering,,,4.68,0,,https://www.myjobquote.co.uk/t/a-white-roofing | https://www.myjobquote.co.uk/t/a-white-roofing,myjobquote,1,
T Morgan roofing,,Guttering,,,5,7,,https://www.myjobquote.co.uk/t/t-morgan-roofing | https://www.myjobquote.co.uk/t/t-morgan-roofing,myjobquote,1,
Helix property maintenance,,Guttering,,,5,15,,https://www.myjobquote.co.uk/t/helix-property-maintenance | https://www.myjobquote.co.uk/t/helix-property-maintenance,myjobquote,1,
Roofline solutions,,Guttering,,,4.68,0,,https://www.myjobquote.co.uk/t/roofline-solutions-2 | https://www.myjobquote.co.uk/t/roofline-solutions-2,myjobquote,1,
Imperial roofing,,Guttering,,,4.68,0,,https://www.myjobquote.co.uk/t/imperial-roofing-1 | https://www.myjobquote.co.uk/t/imperial-roofing-1,myjobquote,1,
Anderson roofing,,Guttering,,,4.68,0,,https://www.myjobquote.co.uk/t/anderson-roofing-2 | https://www.myjobquote.co.uk/t/anderson-roofing-2,myjobquote,1,
Castle Roofing and Property Maintenance,,Guttering,,,4.68,0,,https://www.myjobquote.co.uk/t/castle-roofing-and-property-maintenance | https://www.myjobquote.co.uk/t/castle-roofing-and-property-maintenance,myjobquote,1,
North Yorks roofing services,,Guttering,,,4.68,0,,https://www.myjobquote.co.uk/t/north-yorks-roofing-services | https://www.myjobquote.co.uk/t/north-yorks-roofing-services,myjobquote,1,
Roofs by SHS LTD,,Guttering,,,4.68,0,,https://www.myjobquote.co.uk/t/roofs-by-shs-ltd | https://www.myjobquote.co.uk/t/roofs-by-shs-ltd,myjobquote,1,
Roofs by SHS LTD,,Guttering,,,4.68,0,,https://www.myjobquote.co.uk/t/jm-roofingbuilding | https://www.myjobquote.co.uk/t/jm-roofingbuilding,myjobquote,1,
Ferris Gutters,,Guttering,,,4.68,0,,https://www.myjobquote.co.uk/t/ferris-gutters | https://www.myjobquote.co.uk/t/ferris-gutters,myjobquote,1,
Ferris Gutters,,Guttering,,,4.68,0,,https://www.myjobquote.co.uk/t/c-paterson-roofing | https://www.myjobquote.co.uk/t/c-paterson-roofing,myjobquote,1,
Bm property maintenance and roofing,,Guttering,,,4.68,0,,https://www.myjobquote.co.uk/t/bm-property-maintenance-and-roofing | https://www.myjobquote.co.uk/t/bm-property-maintenance-and-roofing,myjobquote,1,
Bm property maintenance and roofing,,Guttering,,,4.68,0,,https://www.myjobquote.co.uk/t/smroofing-2 | https://www.myjobquote.co.uk/t/smroofing-2,myjobquote,1,
David binnie,,Guttering,,,4.68,0,,https://www.myjobquote.co.uk/t/david-binnie | https://www.myjobquote.co.uk/t/david-binnie,myjobquote,1,
PT roofing ltd,,Guttering,,,4.68,0,,https://www.myjobquote.co.uk/t/pt-roofing-ltd | https://www.myjobquote.co.uk/t/pt-roofing-ltd,myjobquote,1,
Reliable Roofing,,Guttering,,,4.68,0,,https://www.myjobquote.co.uk/t/reliable-roofing-6 | https://www.myjobquote.co.uk/t/reliable-roofing-6,myjobquote,1,
Brian,,Guttering,,,4.68,0,,https://www.myjobquote.co.uk/t/brian-65 | https://www.myjobquote.co.uk/t/brian-65,myjobquote,1,
Brian,,Guttering,,,4.68,0,,https://www.myjobquote.co.uk/t/gkr-foodstores | https://www.myjobquote.co.uk/t/gkr-foodstores,myjobquote,1,
Gkr foodstores,,Guttering,,,4.68,0,,https://www.myjobquote.co.uk/t/jb-slatingroofing | https://www.myjobquote.co.uk/t/jb-slatingroofing,myjobquote,1,
JB slating/roofing,,Guttering,,,4.68,0,,https://www.myjobquote.co.uk/t/sandstone-restorations-and-roofing-services-ltd | https://www.myjobquote.co.uk/t/sandstone-restorations-and-roofing-services-ltd,myjobquote,1,
Sandstone restorations and roofing services ltd,,Guttering,,,4.68,0,,https://www.myjobquote.co.uk/t/liamstra | https://www.myjobquote.co.uk/t/liamstra,myjobquote,1,
1st call roofing,,Guttering,,,5,10,,https://www.myjobquote.co.uk/t/1st-call-roofing-1 | https://www.myjobquote.co.uk/t/1st-call-roofing-1,myjobquote,1,
Apm services,,Guttering,,,4,3,,https://www.myjobquote.co.uk/t/apm-services-5 | https://www.myjobquote.co.uk/t/apm-services-5,myjobquote,1,
MG Pro care,,Guttering,,,5,1,,https://www.myjobquote.co.uk/t/mg-pro-care | https://www.myjobquote.co.uk/t/mg-pro-care,myjobquote,1,
"AR Fencing, Landscaping & Roofing",,Guttering,,,4,2,,https://www.myjobquote.co.uk/t/ar-fencing-landscaping-roofing | https://www.myjobquote.co.uk/t/ar-fencing-landscaping-roofing,myjobquote,1,
Signature roofing international,,Guttering,,,4.68,0,,https://www.myjobquote.co.uk/t/signature-roofing-international | https://www.myjobquote.co.uk/t/signature-roofing-international,myjobquote,1,
Elite cleaning,,Guttering,,,5,1,,https://www.myjobquote.co.uk/t/elite-cleaning-8 | https://www.myjobquote.co.uk/t/elite-cleaning-8,myjobquote,1,
Classic home improvements,,Guttering,,,5,3,,https://www.myjobquote.co.uk/t/classic-home-improvements-1 | https://www.myjobquote.co.uk/t/classic-home-improvements-1,myjobquote,1,
IP Industrial Services Ltd,,Guttering,,,4.68,0,,https://www.myjobquote.co.uk/t/ip-industrial-services-ltd | https://www.myjobquote.co.uk/t/ip-industrial-services-ltd,myjobquote,1,
IP Industrial Services Ltd,,Guttering,,,4.8,4,,https://www.myjobquote.co.uk/t/no-limits-contractors-ltd | https://www.myjobquote.co.uk/t/no-limits-contractors-ltd,myjobquote,1,
Trust in us property care,,Guttering,,,4.68,0,,https://www.myjobquote.co.uk/t/trust-in-us-property-care | https://www.myjobquote.co.uk/t/trust-in-us-property-care,myjobquote,1,
Irion clad roofing,,Guttering,,,4.68,0,,https://www.myjobquote.co.uk/t/irion-clad-roofing | https://www.myjobquote.co.uk/t/irion-clad-roofing,myjobquote,1,
BDS ROOFING,,Guttering,,,3.5,2,,https://www.myjobquote.co.uk/t/bds-roofing-1 | https://www.myjobquote.co.uk/t/bds-roofing-1,myjobquote,1,
TG Garden&Homeimprovments,,Guttering,,,5,2,,https://www.myjobquote.co.uk/t/tg-gardenhomeimprovments | https://www.myjobquote.co.uk/t/tg-gardenhomeimprovments,myjobquote,1,
Mc services roofing specialist,,Guttering,,,5,11,,https://www.myjobquote.co.uk/t/mc-services-roofing-specialist | https://www.myjobquote.co.uk/t/mc-services-roofing-specialist,myjobquote,1,
City Roofing & Upvc,,Guttering,,,5,4,,https://www.myjobquote.co.uk/t/city-roofing-upvc | https://www.myjobquote.co.uk/t/city-roofing-upvc,myjobquote,1,
Webuild Cymru,,Guttering,,,5,1,,https://www.myjobquote.co.uk/t/webuild-cymru-1 | https://www.myjobquote.co.uk/t/webuild-cymru-1,myjobquote,1,
B&R Property Maintenance,,Guttering,,,5,4,,https://www.myjobquote.co.uk/t/br-property-maintenance-1 | https://www.myjobquote.co.uk/t/br-property-maintenance-1,myjobquote,1,
Ashtcal roofing,,Guttering,,,5,3,,https://www.myjobquote.co.uk/t/ashtcal-roofing | https://www.myjobquote.co.uk/t/ashtcal-roofing,myjobquote,1,
Ridgeline Roofing Hereford,,Guttering,,,4,1,07418318436,https://www.myjobquote.co.uk/t/ridgeline-roofing-hereford | https://www.myjobquote.co.uk/t/ridgeline-roofing-hereford,myjobquote,1,
J&M Roofing and Landscaping,,Guttering,,,3,1,,https://www.myjobquote.co.uk/t/jm-roofing-and-landscaping | https://www.myjobquote.co.uk/t/jm-roofing-and-landscaping,myjobquote,1,
Supreme roofers limited,,Guttering,,,5,2,,https://www.myjobquote.co.uk/t/supreme-roofers-limited | https://www.myjobquote.co.uk/t/supreme-roofers-limited,myjobquote,1,
JN Building Services & Property Development Limited,,Guttering,,,4,1,,https://www.myjobquote.co.uk/t/jn-building-services-property-development-limited | https://www.myjobquote.co.uk/t/jn-building-services-property-development-limited,myjobquote,1,
Local roofing,,Guttering,,,5,1,,https://www.myjobquote.co.uk/t/local-roofing-3 | https://www.myjobquote.co.uk/t/local-roofing-3,myjobquote,1,
Advanced Roofing,,Guttering,,,5,1,,https://www.myjobquote.co.uk/t/advanced-roofing-11 | https://www.myjobquote.co.uk/t/advanced-roofing-11,myjobquote,1,
RT home improvements,,Guttering,,,5,1,,https://www.myjobquote.co.uk/t/rt-home-improvements-1 | https://www.myjobquote.co.uk/t/rt-home-improvements-1,myjobquote,1,
Trueline Roofing & Plastics,,Guttering,,,5,3,,https://www.myjobquote.co.uk/t/trueline-roofing-plastics | https://www.myjobquote.co.uk/t/trueline-roofing-plastics,myjobquote,1,
All seasons roofing & building,,Guttering,,,5,2,,https://www.myjobquote.co.uk/t/all-seasons-roofing-building | https://www.myjobquote.co.uk/t/all-seasons-roofing-building,myjobquote,1,
DDR development,,Guttering,,,5,1,,https://www.myjobquote.co.uk/t/ddr-development | https://www.myjobquote.co.uk/t/ddr-development,myjobquote,1,
Precision Exterior Cleaning & Maintenance,,Guttering,,,5,1,,https://www.myjobquote.co.uk/t/precision-exterior-cleaning-maintenance | https://www.myjobquote.co.uk/t/precision-exterior-cleaning-maintenance,myjobquote,1,
Celtic Roofing,,Guttering,,,5,3,,https://www.myjobquote.co.uk/t/celtic-roofing | https://www.myjobquote.co.uk/t/celtic-roofing,myjobquote,1,
Jc home improvements,,Guttering,,,4.9,11,,https://www.myjobquote.co.uk/t/jc-home-improvements-6 | https://www.myjobquote.co.uk/t/jc-home-improvements-6,myjobquote,1,
proficient roofing solutions,,Guttering,,,5,1,,https://www.myjobquote.co.uk/t/proficient-roofing-solutions | https://www.myjobquote.co.uk/t/proficient-roofing-solutions,myjobquote,1,
Beachwood tree and landscaping,,Guttering,,,4.5,14,,https://www.myjobquote.co.uk/t/beachwood-tree-and-landscaping | https://www.myjobquote.co.uk/t/beachwood-tree-and-landscaping,myjobquote,1,
I c maintenance,,Guttering,,,4.3,16,,https://www.myjobquote.co.uk/t/i-c-maintenance-1 | https://www.myjobquote.co.uk/t/i-c-maintenance-1,myjobquote,1,
Jack of all trades,,Guttering,,,5,2,07418369256,https://www.myjobquote.co.uk/t/jack-of-all-trades-6 | https://www.myjobquote.co.uk/t/jack-of-all-trades-6,myjobquote,1,
DCW property maintenance services,,Guttering,,,4.8,6,,https://www.myjobquote.co.uk/t/dcw-property-maintenance-services-2 | https://www.myjobquote.co.uk/t/dcw-property-maintenance-services-2,myjobquote,1,
Newport Building And Home Improvements,,Guttering,,,5,12,,https://www.myjobquote.co.uk/t/newport-building-and-home-improvements | https://www.myjobquote.co.uk/t/newport-building-and-home-improvements,myjobquote,1,
Bath and wilts roofing,,Guttering,,,5,1,,https://www.myjobquote.co.uk/t/bath-and-wilts-roofing | https://www.myjobquote.co.uk/t/bath-and-wilts-roofing,myjobquote,1,
Roofer,,Guttering,,,5,1,,https://www.myjobquote.co.uk/t/roofer-33 | https://www.myjobquote.co.uk/t/roofer-33,myjobquote,1,
Richards&Co,,Guttering,,,5,4,,https://www.myjobquote.co.uk/t/richardsco | https://www.myjobquote.co.uk/t/richardsco,myjobquote,1,
LML Roofing,,Guttering,,,4.6,10,,https://www.myjobquote.co.uk/t/lml-roofing | https://www.myjobquote.co.uk/t/lml-roofing,myjobquote,1,
ALA Roofing and Building,,Guttering,,,4.4,13,,https://www.myjobquote.co.uk/t/ala-roofing-and-building | https://www.myjobquote.co.uk/t/ala-roofing-and-building,myjobquote,1,
Landgate paving & development,,Guttering,,,4.68,0,,https://www.myjobquote.co.uk/t/landgate-paving-development | https://www.myjobquote.co.uk/t/landgate-paving-development,myjobquote,1,
Forestry tree surgeon & O Sullivan & Sons Roofing,,Guttering,,,4.68,0,,https://www.myjobquote.co.uk/t/forestry-tree-surgeon-o-sullivan-sons-roofing | https://www.myjobquote.co.uk/t/forestry-tree-surgeon-o-sullivan-sons-roofing,myjobquote,1,
Liam lovell,,Guttering,,,4.68,0,,https://www.myjobquote.co.uk/t/liam-lovell | https://www.myjobquote.co.uk/t/liam-lovell,myjobquote,1,
Perfect clean,,Guttering,,,4.68,0,,https://www.myjobquote.co.uk/t/perfect-clean-4 | https://www.myjobquote.co.uk/t/perfect-clean-4,myjobquote,1,
Perfect clean,,Guttering,,,4.68,0,,https://www.myjobquote.co.uk/t/dps-roofing-and-building | https://www.myjobquote.co.uk/t/dps-roofing-and-building,myjobquote,1,
Ioroofingsolutions,,Guttering,,,4.68,0,,https://www.myjobquote.co.uk/t/ioroofingsolutions | https://www.myjobquote.co.uk/t/ioroofingsolutions,myjobquote,1,
Gwent roofing & property maintance,,Guttering,,,4.68,0,,https://www.myjobquote.co.uk/t/gwent-roofing-property-maintance | https://www.myjobquote.co.uk/t/gwent-roofing-property-maintance,myjobquote,1,
Rtlewis son,,Guttering,,,4.68,0,,https://www.myjobquote.co.uk/t/rtlewis-son | https://www.myjobquote.co.uk/t/rtlewis-son,myjobquote,1,
Rainbow roofing and cleaning service,,Guttering,,,4.68,0,,https://www.myjobquote.co.uk/t/rainbow-roofing-and-cleaning-service | https://www.myjobquote.co.uk/t/rainbow-roofing-and-cleaning-service,myjobquote,1,
J&lroofing,,Guttering,,,4.68,0,,https://www.myjobquote.co.uk/t/jlroofing-1 | https://www.myjobquote.co.uk/t/jlroofing-1,myjobquote,1,
Webberts LTD,,Guttering,,,4.68,0,,https://www.myjobquote.co.uk/t/webberts-ltd | https://www.myjobquote.co.uk/t/webberts-ltd,myjobquote,1,
Manufacturing Performance Solutions Ltd,,Guttering,,,4.68,0,,https://www.myjobquote.co.uk/t/manufacturing-performance-solutions-ltd | https://www.myjobquote.co.uk/t/manufacturing-performance-solutions-ltd,myjobquote,1,
R&J roofing,,Guttering,,,4.68,0,,https://www.myjobquote.co.uk/t/rj-roofing-10 | https://www.myjobquote.co.uk/t/rj-roofing-10,myjobquote,1,
Wf roofing,,Guttering,,,4.68,0,,https://www.myjobquote.co.uk/t/wf-roofing-1 | https://www.myjobquote.co.uk/t/wf-roofing-1,myjobquote,1,
T & R GUTTERING & ROOFING,,Guttering,,,4.68,0,,https://www.myjobquote.co.uk/t/t-r-guttering-roofing | https://www.myjobquote.co.uk/t/t-r-guttering-roofing,myjobquote,1,
Redeemed roofing,,Guttering,,,4.68,0,,https://www.myjobquote.co.uk/t/redeemed-roofing | https://www.myjobquote.co.uk/t/redeemed-roofing,myjobquote,1,
Thomas Roofing,,Guttering,,,4.68,0,,https://www.myjobquote.co.uk/t/thomas-roofing | https://www.myjobquote.co.uk/t/thomas-roofing,myjobquote,1,
My roofer,,Guttering,,,4.68,0,,https://www.myjobquote.co.uk/t/my-roofer-2 | https://www.myjobquote.co.uk/t/my-roofer-2,myjobquote,1,
My roofer,,Guttering,,,4.68,0,,https://www.myjobquote.co.uk/t/highdry-roofing | https://www.myjobquote.co.uk/t/highdry-roofing,myjobquote,1,
Gibbs roofing & guttering,,Guttering,,,4.68,0,,https://www.myjobquote.co.uk/t/gibbs-roofing-guttering | https://www.myjobquote.co.uk/t/gibbs-roofing-guttering,myjobquote,1,
C.H roofing,,Guttering,,,4.68,0,,https://www.myjobquote.co.uk/t/ch-roofing-4 | https://www.myjobquote.co.uk/t/ch-roofing-4,myjobquote,1,
C.H roofing,,Guttering,,,4.68,0,,https://www.myjobquote.co.uk/t/enviro-flat-roofing | https://www.myjobquote.co.uk/t/enviro-flat-roofing,myjobquote,1,
City roofing,,Guttering,,,4.68,0,,https://www.myjobquote.co.uk/t/city-roofing-13 | https://www.myjobquote.co.uk/t/city-roofing-13,myjobquote,1,
J&S roofing & Landscapes,,Guttering,,,4.68,0,,https://www.myjobquote.co.uk/t/js-roofing-landscapes | https://www.myjobquote.co.uk/t/js-roofing-landscapes,myjobquote,1,
Superior Maintenance and Development LTD,,Guttering,,,4.68,0,,https://www.myjobquote.co.uk/t/superior-maintenance-and-development-ltd | https://www.myjobquote.co.uk/t/superior-maintenance-and-development-ltd,myjobquote,1,
Twobrothersroofing,,Guttering,,,4.68,0,,https://www.myjobquote.co.uk/t/twobrothersroofing | https://www.myjobquote.co.uk/t/twobrothersroofing,myjobquote,1,
A.A Roofing & landscaping,,Guttering,,,4.68,0,,https://www.myjobquote.co.uk/t/aa-roofing-landscaping | https://www.myjobquote.co.uk/t/aa-roofing-landscaping,myjobquote,1,
A.A Roofing & landscaping,,Guttering,,,5,2,,https://www.myjobquote.co.uk/t/rs-tree-services | https://www.myjobquote.co.uk/t/rs-tree-services,myjobquote,1,
Jaspal,,Guttering,,,4.68,0,,https://www.myjobquote.co.uk/t/jaspal-6 | https://www.myjobquote.co.uk/t/jaspal-6,myjobquote,1,
Jaspal,,Guttering,,,4.68,0,,https://www.myjobquote.co.uk/t/ll-dectech | https://www.myjobquote.co.uk/t/ll-dectech,myjobquote,1,
JSET Roofing and Construction,,Guttering,,,4.7,26,,https://www.myjobquote.co.uk/t/jset-roofing-and-construction | https://www.myjobquote.co.uk/t/jset-roofing-and-construction,myjobquote,1,
J&B Building & Roofing contractors,,Guttering,,,5,1,,https://www.myjobquote.co.uk/t/jb-building-roofing-contractors | https://www.myjobquote.co.uk/t/jb-building-roofing-contractors,myjobquote,1,
Valley Home Improvement & Roofing,,Guttering,,,5,8,,https://www.myjobquote.co.uk/t/valley-home-improvement-roofing | https://www.myjobquote.co.uk/t/valley-home-improvement-roofing,myjobquote,1,
Ace Home improvements,,Guttering,,,5,1,,https://www.myjobquote.co.uk/t/ace-home-improvements-8 | https://www.myjobquote.co.uk/t/ace-home-improvements-8,myjobquote,1,
Ridgeplus roofing solutions,,Guttering,,,5,39,,https://www.myjobquote.co.uk/t/ridgeplus-roofing-solutions | https://www.myjobquote.co.uk/t/ridgeplus-roofing-solutions,myjobquote,1,
Clear view Roofing & building solutions,,Guttering,,,5,15,,https://www.myjobquote.co.uk/t/clear-view-roofing-building-solutions | https://www.myjobquote.co.uk/t/clear-view-roofing-building-solutions,myjobquote,1,
BDB Roofing specialist,,Guttering,,,5,1,,https://www.myjobquote.co.uk/t/bdb-roofing-specialist | https://www.myjobquote.co.uk/t/bdb-roofing-specialist,myjobquote,1,
Ifix roofing contractors Ltd,,Guttering,,,4,1,,https://www.myjobquote.co.uk/t/ifix-roofing-contractors-ltd | https://www.myjobquote.co.uk/t/ifix-roofing-contractors-ltd,myjobquote,1,
S & Son Home Improvements,,Guttering,,,5,7,,https://www.myjobquote.co.uk/t/s-son-home-improvements | https://www.myjobquote.co.uk/t/s-son-home-improvements,myjobquote,1,
Roofix,,Guttering,,,5,8,,https://www.myjobquote.co.uk/t/roofix-5 | https://www.myjobquote.co.uk/t/roofix-5,myjobquote,1,
storm king roofing,,Guttering,,,5,4,,https://www.myjobquote.co.uk/t/storm-king-roofing | https://www.myjobquote.co.uk/t/storm-king-roofing,myjobquote,1,
Phs Roofing services,,Guttering,,,5,15,,https://www.myjobquote.co.uk/t/phs-roofing-services | https://www.myjobquote.co.uk/t/phs-roofing-services,myjobquote,1,
V roofing,,Guttering,,,4,1,,https://www.myjobquote.co.uk/t/v-roofing | https://www.myjobquote.co.uk/t/v-roofing,myjobquote,1,
Precise Roofing Ltd,,Guttering,,,5,1,07418370132,https://www.myjobquote.co.uk/t/precise-roofing-ltd | https://www.myjobquote.co.uk/t/precise-roofing-ltd,myjobquote,1,
Mr Maintenance,,Guttering,,,4,4,,https://www.myjobquote.co.uk/t/mr-maintenance-11 | https://www.myjobquote.co.uk/t/mr-maintenance-11,myjobquote,1,
Pavlovi,,Guttering,,,4.68,0,,https://www.myjobquote.co.uk/t/pavlovi | https://www.myjobquote.co.uk/t/pavlovi,myjobquote,1,
Pavlovi,,Guttering,,,4.68,0,,https://www.myjobquote.co.uk/t/local-roofer | https://www.myjobquote.co.uk/t/local-roofer,myjobquote,1,
Northern roofing,,Guttering,,,4.68,0,,https://www.myjobquote.co.uk/t/northern-roofing-1 | https://www.myjobquote.co.uk/t/northern-roofing-1,myjobquote,1,
Northern roofing,,Guttering,,,4.68,0,,https://www.myjobquote.co.uk/t/heritage-roofing-and-building-contractors-3 | https://www.myjobquote.co.uk/t/heritage-roofing-and-building-contractors-3,myjobquote,1,
SJ Roofing,,Guttering,,,4.68,0,,https://www.myjobquote.co.uk/t/sj-roofing-6 | https://www.myjobquote.co.uk/t/sj-roofing-6,myjobquote,1,
Thomas Ellis Property Care,,Guttering,,,5,6,,https://www.myjobquote.co.uk/t/thomas-ellis-property-care | https://www.myjobquote.co.uk/t/thomas-ellis-property-care,myjobquote,1,
All side roofing ltd,,Guttering,,,5,2,,https://www.myjobquote.co.uk/t/all-side-roofing-ltd-1 | https://www.myjobquote.co.uk/t/all-side-roofing-ltd-1,myjobquote,1,
Owens roofing Cheshire,,Guttering,,,5,5,,https://www.myjobquote.co.uk/t/owens-roofing-cheshire | https://www.myjobquote.co.uk/t/owens-roofing-cheshire,myjobquote,1,
All aspects,,Guttering,,,5,2,,https://www.myjobquote.co.uk/t/all-aspects-13 | https://www.myjobquote.co.uk/t/all-aspects-13,myjobquote,1,
Revival property maintenance,,Guttering,,,5,8,,https://www.myjobquote.co.uk/t/revival-property-maintenance | https://www.myjobquote.co.uk/t/revival-property-maintenance,myjobquote,1,
TM Property Maintenance,,Guttering,,,5,2,,https://www.myjobquote.co.uk/t/tm-property-maintenance-13 | https://www.myjobquote.co.uk/t/tm-property-maintenance-13,myjobquote,1,
J & M Roofing,,Guttering,,,5,72,,https://www.myjobquote.co.uk/t/j-m-roofing-2 | https://www.myjobquote.co.uk/t/j-m-roofing-2,myjobquote,1,
TOPSTYLE ROOFING SOLUTIONS,,Guttering,,,5,1,,https://www.myjobquote.co.uk/t/topstyle-roofing-solutions | https://www.myjobquote.co.uk/t/topstyle-roofing-solutions,myjobquote,1,
County Roofing & Home Improvements,,Guttering,,,5,22,,https://www.myjobquote.co.uk/t/county-roofing-home-improvements | https://www.myjobquote.co.uk/t/county-roofing-home-improvements,myjobquote,1,
AT Roofing,,Guttering,,,5,16,,https://www.myjobquote.co.uk/t/at-roofing-3 | https://www.myjobquote.co.uk/t/at-roofing-3,myjobquote,1,
PD & Sons,,Guttering,,,5,3,,https://www.myjobquote.co.uk/t/pd-sons | https://www.myjobquote.co.uk/t/pd-sons,myjobquote,1,
Drone Roofing,,Guttering,,,4,14,,https://www.myjobquote.co.uk/t/drone-roofing-1 | https://www.myjobquote.co.uk/t/drone-roofing-1,myjobquote,1,
Ridgeline,,Guttering,,,5,2,,https://www.myjobquote.co.uk/t/ridgeline-1 | https://www.myjobquote.co.uk/t/ridgeline-1,myjobquote,1,
Trust Style Roofing,,Guttering,,,5,64,,https://www.myjobquote.co.uk/t/trust-style-roofing | https://www.myjobquote.co.uk/t/trust-style-roofing,myjobquote,1,
Tip Top Roofing & Groundwork,,Guttering,,,5,2,,https://www.myjobquote.co.uk/t/tip-top-roofing-groundwork | https://www.myjobquote.co.uk/t/tip-top-roofing-groundwork,myjobquote,1,
D&s roofing,,Guttering,,,5,3,,https://www.myjobquote.co.uk/t/ds-roofing-10 | https://www.myjobquote.co.uk/t/ds-roofing-10,myjobquote,1,
Tile style roofing,,Guttering,,,5,16,,https://www.myjobquote.co.uk/t/tile-style-roofing | https://www.myjobquote.co.uk/t/tile-style-roofing,myjobquote,1,
N&E ROOFING CONTRACTORS,,Guttering,,,5,2,,https://www.myjobquote.co.uk/t/ne-roofing-contractors | https://www.myjobquote.co.uk/t/ne-roofing-contractors,myjobquote,1,
Ridgeline roofing,,Guttering,,,5,3,,https://www.myjobquote.co.uk/t/ridgeline-roofing-15 | https://www.myjobquote.co.uk/t/ridgeline-roofing-15,myjobquote,1,
DPC driveway & patio control,,Guttering,,,5,1,,https://www.myjobquote.co.uk/t/dpc-driveway-patio-control | https://www.myjobquote.co.uk/t/dpc-driveway-patio-control,myjobquote,1,
A & L Roofing and groundworks,,Guttering,,,5,1,,https://www.myjobquote.co.uk/t/a-l-roofing-and-groundworks | https://www.myjobquote.co.uk/t/a-l-roofing-and-groundworks,myjobquote,1,
M&s construction Wrexham,,Guttering,,,5,9,,https://www.myjobquote.co.uk/t/ms-construction-wrexham | https://www.myjobquote.co.uk/t/ms-construction-wrexham,myjobquote,1,
Have it your way roof solutions,,Guttering,,,4.68,0,,https://www.myjobquote.co.uk/t/have-it-your-way-roof-solutions | https://www.myjobquote.co.uk/t/have-it-your-way-roof-solutions,myjobquote,1,
CJ roofing,,Guttering,,,4.68,0,,https://www.myjobquote.co.uk/t/cj-roofing-9 | https://www.myjobquote.co.uk/t/cj-roofing-9,myjobquote,1,
CJ roofing,,Guttering,,,4.68,0,,https://www.myjobquote.co.uk/t/mbhomeinprovements | https://www.myjobquote.co.uk/t/mbhomeinprovements,myjobquote,1,
MBhomeinprovements,,Guttering,,,4.68,0,,https://www.myjobquote.co.uk/t/j-g-roofing | https://www.myjobquote.co.uk/t/j-g-roofing,myjobquote,1,
RSS FLAT ROOFING AND SYSTEMS,,Guttering,,,4.68,0,,https://www.myjobquote.co.uk/t/rss-flat-roofing-and-systems | https://www.myjobquote.co.uk/t/rss-flat-roofing-and-systems,myjobquote,1,
LN Roofing,,Guttering,,,4.68,0,,https://www.myjobquote.co.uk/t/ln-roofing | https://www.myjobquote.co.uk/t/ln-roofing,myjobquote,1,
Starline roofing & property maintenance,,Guttering,,,4.68,0,,https://www.myjobquote.co.uk/t/starline-roofing-property-maintenance | https://www.myjobquote.co.uk/t/starline-roofing-property-maintenance,myjobquote,1,
Acs home improvements,,Guttering,,,4.68,0,,https://www.myjobquote.co.uk/t/acs-home-improvements-2 | https://www.myjobquote.co.uk/t/acs-home-improvements-2,myjobquote,1,
A.Pritchards roofing repair services,,Guttering,,,4.68,0,,https://www.myjobquote.co.uk/t/apritchards-roofing-repair-services | https://www.myjobquote.co.uk/t/apritchards-roofing-repair-services,myjobquote,1,
STAY DRY ROOFING,,Guttering,,,4.68,0,,https://www.myjobquote.co.uk/t/stay-dry-roofing-8 | https://www.myjobquote.co.uk/t/stay-dry-roofing-8,myjobquote,1,
Quality roofing&building,,Guttering,,,4.68,0,,https://www.myjobquote.co.uk/t/quality-roofingbuilding | https://www.myjobquote.co.uk/t/quality-roofingbuilding,myjobquote,1,
On top roofing,,Guttering,,,4.68,0,,https://www.myjobquote.co.uk/t/on-top-roofing-6 | https://www.myjobquote.co.uk/t/on-top-roofing-6,myjobquote,1,
On top roofing,,Guttering,,,4.68,0,,https://www.myjobquote.co.uk/t/visionary-roofing-and-groundworks | https://www.myjobquote.co.uk/t/visionary-roofing-and-groundworks,myjobquote,1,
Roofing masters,,Guttering,,,4.68,0,,https://www.myjobquote.co.uk/t/roofing-masters | https://www.myjobquote.co.uk/t/roofing-masters,myjobquote,1,
Roofing masters,,Guttering,,,4.6,11,,https://www.myjobquote.co.uk/t/lg-roofing-and-building | https://www.myjobquote.co.uk/t/lg-roofing-and-building,myjobquote,1,
HUGHS HOME MAINTENANCE,,Guttering,,,5,2,,https://www.myjobquote.co.uk/t/hughs-home-maintenance-1 | https://www.myjobquote.co.uk/t/hughs-home-maintenance-1,myjobquote,1,
Levi’s joinery,,Guttering,,,4.5,2,,https://www.myjobquote.co.uk/t/levis-joinery | https://www.myjobquote.co.uk/t/levis-joinery,myjobquote,1,
S jones building and roofing,,Guttering,,,4.5,2,,https://www.myjobquote.co.uk/t/s-jones-building-and-roofing | https://www.myjobquote.co.uk/t/s-jones-building-and-roofing,myjobquote,1,
Jac Davies,,Guttering,,,4.68,0,,https://www.myjobquote.co.uk/t/jac-davies | https://www.myjobquote.co.uk/t/jac-davies,myjobquote,1,
Jac Davies,,Guttering,,,4.68,0,,https://www.myjobquote.co.uk/t/ace-felt-roofing-ltd | https://www.myjobquote.co.uk/t/ace-felt-roofing-ltd,myjobquote,1,
ACE FELT ROOFING LTD,,Guttering,,,4.68,0,,https://www.myjobquote.co.uk/t/smithsroofing | https://www.myjobquote.co.uk/t/smithsroofing,myjobquote,1,
Roberts roofing Ltd,,Guttering,,,4.68,0,,https://www.myjobquote.co.uk/t/roberts-roofing-ltd | https://www.myjobquote.co.uk/t/roberts-roofing-ltd,myjobquote,1,
OG Roofing and Building Maintenance,,Guttering,,,4.68,0,,https://www.myjobquote.co.uk/t/og-roofing-and-building-maintenance | https://www.myjobquote.co.uk/t/og-roofing-and-building-maintenance,myjobquote,1,
Cameron,,Guttering,,,4.68,0,,https://www.myjobquote.co.uk/t/cameron-29 | https://www.myjobquote.co.uk/t/cameron-29,myjobquote,1,
Cameron,,Guttering,,,4.68,0,,https://www.myjobquote.co.uk/t/ng-warburton-roofing-contractor | https://www.myjobquote.co.uk/t/ng-warburton-roofing-contractor,myjobquote,1,
Ng warburton roofing contractor,,Guttering,,,4.68,0,,https://www.myjobquote.co.uk/t/dh-home-improvements-2 | https://www.myjobquote.co.uk/t/dh-home-improvements-2,myjobquote,1,
J&R landscaping,,Guttering,,,4.68,0,,https://www.myjobquote.co.uk/t/jr-landscaping-2 | https://www.myjobquote.co.uk/t/jr-landscaping-2,myjobquote,1,
J&R landscaping,,Guttering,,,4.7,7,,https://www.myjobquote.co.uk/t/burrows-roofing | https://www.myjobquote.co.uk/t/burrows-roofing,myjobquote,1,
Royal Home Improvements,,Guttering,,,5,2,07418365835,https://www.myjobquote.co.uk/t/royal-home-improvements-3 | https://www.myjobquote.co.uk/t/royal-home-improvements-3,myjobquote,1,
JL roofing and maintenance,,Guttering,,,5,1,,https://www.myjobquote.co.uk/t/jl-roofing-and-maintenance | https://www.myjobquote.co.uk/t/jl-roofing-and-maintenance,myjobquote,1,
Assured roofing,,Guttering,,,4,5,07441473244,https://www.myjobquote.co.uk/t/assured-roofing-2 | https://www.myjobquote.co.uk/t/assured-roofing-2,myjobquote,1,
All about roofing,,Guttering,,,5,1,,https://www.myjobquote.co.uk/t/all-about-roofing-5 | https://www.myjobquote.co.uk/t/all-about-roofing-5,myjobquote,1,
Tried and true construction,,Guttering,,,5,1,,https://www.myjobquote.co.uk/t/tried-and-true-construction | https://www.myjobquote.co.uk/t/tried-and-true-construction,myjobquote,1,
P D Roofing & Building Contractors,,Guttering,,,5,4,07418362286,https://www.myjobquote.co.uk/t/p-d-roofing-building-contractors | https://www.myjobquote.co.uk/t/p-d-roofing-building-contractors,myjobquote,1,
Rebuild roofing & guttering LTD,,Guttering,,,5,1,,https://www.myjobquote.co.uk/t/rebuild-roofing-guttering-ltd | https://www.myjobquote.co.uk/t/rebuild-roofing-guttering-ltd,myjobquote,1,
M&m roofing,,Guttering,,,5,1,,https://www.myjobquote.co.uk/t/mm-roofing-2 | https://www.myjobquote.co.uk/t/mm-roofing-2,myjobquote,1,
SR StormGuide Roofing,,Guttering,,,5,1,,https://www.myjobquote.co.uk/t/sr-stormguide-roofing | https://www.myjobquote.co.uk/t/sr-stormguide-roofing,myjobquote,1,
Apex roofing and property maintenance,,Guttering,,,5,2,,https://www.myjobquote.co.uk/t/apex-roofing-and-property-maintenance-1 | https://www.myjobquote.co.uk/t/apex-roofing-and-property-maintenance-1,myjobquote,1,
Act fast roofing ltd,,Guttering,,,5,1,,https://www.myjobquote.co.uk/t/act-fast-roofing-ltd | https://www.myjobquote.co.uk/t/act-fast-roofing-ltd,myjobquote,1,
WB property maintenance,,Guttering,,,5,2,07441449115,https://www.myjobquote.co.uk/t/wb-property-maintenance-1 | https://www.myjobquote.co.uk/t/wb-property-maintenance-1,myjobquote,1,
LW home improvements,,Guttering,,,5,1,,https://www.myjobquote.co.uk/t/lw-home-improvements-1 | https://www.myjobquote.co.uk/t/lw-home-improvements-1,myjobquote,1,
Titanium Roofing,,Guttering,,,5,2,07418349565,https://www.myjobquote.co.uk/t/titanium-roofing | https://www.myjobquote.co.uk/t/titanium-roofing,myjobquote,1,
All Aspect roofing and joinery,,Guttering,,,4,1,,https://www.myjobquote.co.uk/t/all-aspect-roofing-and-joinery | https://www.myjobquote.co.uk/t/all-aspect-roofing-and-joinery,myjobquote,1,
SJ Construction,,Guttering,,,5,13,,https://www.myjobquote.co.uk/t/sj-construction-2 | https://www.myjobquote.co.uk/t/sj-construction-2,myjobquote,1,
Green Home Maintenance And Handyman services,,Guttering,,,5,62,,https://www.myjobquote.co.uk/t/green-home-maintenance-and-handyman-services | https://www.myjobquote.co.uk/t/green-home-maintenance-and-handyman-services,myjobquote,1,
BMW roofing & building,,Guttering,,,5,1,,https://www.myjobquote.co.uk/t/bmw-roofing-building | https://www.myjobquote.co.uk/t/bmw-roofing-building,myjobquote,1,
Expert Roofing For You,,Guttering,,,5,3,,https://www.myjobquote.co.uk/t/expert-roofing-for-you | https://www.myjobquote.co.uk/t/expert-roofing-for-you,myjobquote,1,
Lad Roofing & Damp Proofing,,Guttering,,,4,17,,https://www.myjobquote.co.uk/t/lad-roofing-damp-proofing | https://www.myjobquote.co.uk/t/lad-roofing-damp-proofing,myjobquote,1,
Skyline roofing and construction,,Guttering,,,5,1,,https://www.myjobquote.co.uk/t/skyline-roofing-and-construction-1 | https://www.myjobquote.co.uk/t/skyline-roofing-and-construction-1,myjobquote,1,
Royale property care,,Guttering,,,5,1,,https://www.myjobquote.co.uk/t/royale-property-care-1 | https://www.myjobquote.co.uk/t/royale-property-care-1,myjobquote,1,
Skyward Roofing and Gutter,,Guttering,,,5,2,,https://www.myjobquote.co.uk/t/skyward-roofing-and-gutter | https://www.myjobquote.co.uk/t/skyward-roofing-and-gutter,myjobquote,1,
Cal&#039;s Roofing UK - Roofing specialists,,Guttering,,,5,2,,https://www.myjobquote.co.uk/t/cals-roofing-uk-roofing-specialists | https://www.myjobquote.co.uk/t/cals-roofing-uk-roofing-specialists,myjobquote,1,
Sams Roof Repairs,,Guttering,,,5,53,,https://www.myjobquote.co.uk/t/sams-roof-repairs | https://www.myjobquote.co.uk/t/sams-roof-repairs,myjobquote,1,
M Blackwell Roofing,,Guttering,,,5,5,,https://www.myjobquote.co.uk/t/m-blackwell-roofing | https://www.myjobquote.co.uk/t/m-blackwell-roofing,myjobquote,1,
CPR Roofing & Building,,Guttering,,,4,7,,https://www.myjobquote.co.uk/t/cpr-roofing-building | https://www.myjobquote.co.uk/t/cpr-roofing-building,myjobquote,1,
Northridge Roofing Contractors,,Guttering,,,4,1,,https://www.myjobquote.co.uk/t/northridge-roofing-contractors-1 | https://www.myjobquote.co.uk/t/northridge-roofing-contractors-1,myjobquote,1,
SJ Roofing & Property Maintenance,,Guttering,,,5,1,,https://www.myjobquote.co.uk/t/sj-roofing-property-maintenance-1 | https://www.myjobquote.co.uk/t/sj-roofing-property-maintenance-1,myjobquote,1,
Honestus Roofing ltd,,Guttering,,,5,5,07418374643,https://www.myjobquote.co.uk/t/honestus-roofing-ltd | https://www.myjobquote.co.uk/t/honestus-roofing-ltd,myjobquote,1,
ML roofing,,Guttering,,,4.68,0,,https://www.myjobquote.co.uk/t/ml-roofing-3,myjobquote,1,
Jandsrooflines,,Guttering,,,4.68,0,,https://www.myjobquote.co.uk/t/jandsrooflines,myjobquote,1,
Hicks roofing,,Guttering,,,4.68,0,,https://www.myjobquote.co.uk/t/hicks-roofing-1,myjobquote,1,
Hicks roofing,,Guttering,,,4.68,0,,https://www.myjobquote.co.uk/t/crown-roofing-ltd,myjobquote,1,
SAS Roofing,,Guttering,,,4.68,0,,https://www.myjobquote.co.uk/t/sas-roofing-1,myjobquote,1,
Tp building &. Brolin,,Guttering,,,4.68,0,,https://www.myjobquote.co.uk/t/tp-building-brolin,myjobquote,1,
Johal roofing,,Guttering,,,4.68,0,,https://www.myjobquote.co.uk/t/johal-roofing-1,myjobquote,1,
Goldline Roofing And Guttering,,Guttering,,,4.68,0,,https://www.myjobquote.co.uk/t/goldline-roofing-and-guttering,myjobquote,1,
Vtech Roofing And Building ltd,,Guttering,,,4.68,0,,https://www.myjobquote.co.uk/t/vtech-roofing-and-building-ltd,myjobquote,1,
International roofing ltd,,Guttering,,,4.68,0,,https://www.myjobquote.co.uk/t/international-roofing-ltd,myjobquote,1,
Approved roofing solutions,,Guttering,,,4.68,0,,https://www.myjobquote.co.uk/t/approved-roofing-solutions,myjobquote,1,
Pro Property Improvements,,Guttering,,,4.68,0,,https://www.myjobquote.co.uk/t/pro-property-improvements,myjobquote,1,
J&C homework’s Ltd,,Guttering,,,4.68,0,,https://www.myjobquote.co.uk/t/jc-homeworks-ltd,myjobquote,1,
J&C homework’s Ltd,,Guttering,,,4.68,0,,https://www.myjobquote.co.uk/t/summit-services,myjobquote,1,
R&R ROOFING,,Guttering,,,4.68,0,,https://www.myjobquote.co.uk/t/rr-roofing-15,myjobquote,1,
skyline,,Guttering,,,4.68,0,,https://www.myjobquote.co.uk/t/skyline-3,myjobquote,1,
skyline,,Guttering,,,4.68,0,,https://www.myjobquote.co.uk/t/active-roofing-and-building-ltd,myjobquote,1,
A star roofing and building,,Guttering,,,4.68,0,,https://www.myjobquote.co.uk/t/a-star-roofing-and-building,myjobquote,1,
Revolution roofing,,Guttering,,,4.68,0,,https://www.myjobquote.co.uk/t/revolution-roofing-1,myjobquote,1,
loyalty13 ltd,,Guttering,,,4.68,0,,https://www.myjobquote.co.uk/t/loyalty13-ltd,myjobquote,1,
Owen Flat Roofing,,Guttering,,,4.68,0,,https://www.myjobquote.co.uk/t/owen-flat-roofing,myjobquote,1,
KINGSLEYROOFING&GUTTERING,,Guttering,,,4.68,0,,https://www.myjobquote.co.uk/t/kingsleyroofingguttering,myjobquote,1,
Gb roofing contractors ltd,,Guttering,,,4.68,0,,https://www.myjobquote.co.uk/t/gb-roofing-contractors-ltd,myjobquote,1,
Sam&#039;s Gutters,,Guttering,,,4.68,0,,https://www.myjobquote.co.uk/t/sams-gutters,myjobquote,1,
Quantity Building Services Ltd,,Guttering,,,4.68,0,,https://www.myjobquote.co.uk/t/quantity-building-services-ltd,myjobquote,1,
Ground to roof developments,,Guttering,,,4.68,0,,https://www.myjobquote.co.uk/t/ground-to-roof-developments,myjobquote,1,
Roofer,,Guttering,,,4.68,0,,https://www.myjobquote.co.uk/t/roofer-19,myjobquote,1,
Roofer,,Guttering,,,4.68,0,,https://www.myjobquote.co.uk/t/roofer-63,myjobquote,1,
Roofer,,Guttering,,,4.68,0,,https://www.myjobquote.co.uk/t/rightway-roofing-cleaning,myjobquote,1,
LMB ROOFING & BUILDING,,Guttering,,,5,3,07418362395,https://www.myjobquote.co.uk/t/lmb-roofing-building,myjobquote,1,
1st fix roofing solutions Ltd,,Guttering,,,4.68,0,,https://www.myjobquote.co.uk/t/1st-fix-roofing-solutions-ltd,myjobquote,1,