company_name,owner_name,trade_type,location,website_url,overall_rating,review_count,phone,profile_url,platforms,platform_count,high_value
LXM Building Services Ltd,Mr Inglian,Builder,,https://9tuma.app.link/kLTh3RAdIQb?cat_web_device_id=b81110a8-6804-4770-bfc9-a49944d9ab66&cat_web_session_id=aacc7414-9194-4c7b-9090-815169e17a4f&banner_location=header,9.92,8,,https://www.checkatrade.com/trades/lxmbuildingservicesltd | https://www.myjobquote.co.uk/t/jk-building-services-2 | https://www.myjobquote.co.uk/t/jk-building-services-2 | https://www.myjobquote.co.uk/t/afh-building-services | https://www.myjobquote.co.uk/t/afh-building-services | https://www.myjobquote.co.uk/t/kd-building-services-2 | https://www.myjobquote.co.uk/t/kd-building-services-2 | https://www.myjobquote.co.uk/t/dd-building-services-2 | https://www.myjobquote.co.uk/t/dd-building-services-2 | https://www.myjobquote.co.uk/t/naj-building-services | https://www.myjobquote.co.uk/t/naj-building-services | https://www.myjobquote.co.uk/t/dms-building-services | https://www.myjobquote.co.uk/t/dms-building-services | https://www.myjobquote.co.uk/t/quality-roofingbuilding | https://www.myjobquote.co.uk/t/quality-roofingbuilding | https://www.myjobquote.co.uk/t/sd-building-services-3 | https://www.myjobquote.co.uk/t/sd-building-services-3,"checkatrade, myjobquote",2,
Building Bulls Ltd,Mr Dev,Builder,,https://9tuma.app.link/kLTh3RAdIQb?cat_web_device_id=b81110a8-6804-4770-bfc9-a49944d9ab66&cat_web_session_id=aacc7414-9194-4c7b-9090-815169e17a4f&banner_location=header,9.9,7,,https://www.checkatrade.com/trades/buildingbullsltd,checkatrade,1,
DPR Design & Build,Mr Przemyslaw,Builder,,https://9tuma.app.link/kLTh3RAdIQb?cat_web_device_id=b81110a8-6804-4770-bfc9-a49944d9ab66&cat_web_session_id=aacc7414-9194-4c7b-9090-815169e17a4f&banner_location=header,9.33,3,,https://www.checkatrade.com/trades/dprdesignbuild | https://www.myjobquote.co.uk/t/ewm-design-build-ltd | https://www.myjobquote.co.uk/t/ewm-design-build-ltd | https://www.myjobquote.co.uk/t/dbs-design-and-build-ltd | https://www.myjobquote.co.uk/t/dbs-design-and-build-ltd | https://www.myjobquote.co.uk/t/jax-design-build-ltd | https://www.myjobquote.co.uk/t/jax-design-build-ltd | https://www.myjobquote.co.uk/t/vjl-builders-1 | https://www.myjobquote.co.uk/t/vjl-builders-1,"checkatrade, myjobquote",2,
Ellian AB Construction Ltd,Mr Francisc,Builder,,https://9tuma.app.link/kLTh3RAdIQb?cat_web_device_id=b81110a8-6804-4770-bfc9-a49944d9ab66&cat_web_session_id=aacc7414-9194-4c7b-9090-815169e17a4f&banner_location=header,0,0,,https://www.checkatrade.com/trades/ellianabconstructionltd,checkatrade,1,
Abaco Marea,Mr Alin,Builder,,https://9tuma.app.link/kLTh3RAdIQb?cat_web_device_id=b81110a8-6804-4770-bfc9-a49944d9ab66&cat_web_session_id=aacc7414-9194-4c7b-9090-815169e17a4f&banner_location=header,9.92,110,,https://www.checkatrade.com/trades/abacomarea,checkatrade,1,
Jb Fit-out Ltd,,Builder,you again,https://9tuma.app.link/kLTh3RAdIQb?cat_web_device_id=b81110a8-6804-4770-bfc9-a49944d9ab66&cat_web_session_id=aacc7414-9194-4c7b-9090-815169e17a4f&banner_location=header,8.95,42,,https://www.checkatrade.com/trades/jbfitout,checkatrade,1,
Illustrious Interiors Ltd,Mr Jacek,Builder,Golders Green,https://9tuma.app.link/kLTh3RAdIQb?cat_web_device_id=b81110a8-6804-4770-bfc9-a49944d9ab66&cat_web_session_id=aacc7414-9194-4c7b-9090-815169e17a4f&banner_location=header,10,20,,https://www.checkatrade.com/trades/illustriousinteriorsltd,checkatrade,1,
Bme Builders Ltd,Mr Metush,Builder,,https://9tuma.app.link/kLTh3RAdIQb?cat_web_device_id=b81110a8-6804-4770-bfc9-a49944d9ab66&cat_web_session_id=aacc7414-9194-4c7b-9090-815169e17a4f&banner_location=header,9.89,9,,https://www.checkatrade.com/trades/bmebuilders | https://www.myjobquote.co.uk/t/noble-builders | https://www.myjobquote.co.uk/t/noble-builders | https://www.myjobquote.co.uk/t/y-j-builders | https://www.myjobquote.co.uk/t/y-j-builders | https://www.myjobquote.co.uk/t/bon-dar-building-solutions | https://www.myjobquote.co.uk/t/bon-dar-building-solutions | https://www.myjobquote.co.uk/t/ioan-cioinea-tomoiaga | https://www.myjobquote.co.uk/t/ioan-cioinea-tomoiaga | https://www.myjobquote.co.uk/t/em-builders | https://www.myjobquote.co.uk/t/em-builders | https://www.myjobquote.co.uk/t/nrn-tokyo-construction | https://www.myjobquote.co.uk/t/nrn-tokyo-construction | https://www.myjobquote.co.uk/t/stavre-construction | https://www.myjobquote.co.uk/t/stavre-construction | https://www.myjobquote.co.uk/t/c-n-builders-1 | https://www.myjobquote.co.uk/t/c-n-builders-1 | https://www.myjobquote.co.uk/t/q-space-renovations | https://www.myjobquote.co.uk/t/q-space-renovations | https://www.myjobquote.co.uk/t/k1-builders-ltd | https://www.myjobquote.co.uk/t/k1-builders-ltd | https://www.myjobquote.co.uk/t/kejbuilders | https://www.myjobquote.co.uk/t/kejbuilders | https://www.myjobquote.co.uk/t/rjc-builders | https://www.myjobquote.co.uk/t/rjc-builders | https://www.myjobquote.co.uk/t/stag-fencing-services | https://www.myjobquote.co.uk/t/stag-fencing-services | https://www.myjobquote.co.uk/t/cfr-builders | https://www.myjobquote.co.uk/t/cfr-builders | https://www.myjobquote.co.uk/t/cb-builders-2 | https://www.myjobquote.co.uk/t/cb-builders-2 | https://www.myjobquote.co.uk/t/clbm-builders | https://www.myjobquote.co.uk/t/clbm-builders | https://www.myjobquote.co.uk/t/lowe-builders-1 | https://www.myjobquote.co.uk/t/lowe-builders-1 | https://www.myjobquote.co.uk/t/bg-builder | https://www.myjobquote.co.uk/t/bg-builder,"checkatrade, myjobquote",2,
Absolute World Ltd,Mr Pavel,Builder,London with,https://9tuma.app.link/kLTh3RAdIQb?cat_web_device_id=b81110a8-6804-4770-bfc9-a49944d9ab66&cat_web_session_id=aacc7414-9194-4c7b-9090-815169e17a4f&banner_location=header,10,30,,https://www.checkatrade.com/trades/absoluteworld1023739,checkatrade,1,
Property Repair London Ltd,Mr Osman,Builder,London and,https://9tuma.app.link/kLTh3RAdIQb?cat_web_device_id=b81110a8-6804-4770-bfc9-a49944d9ab66&cat_web_session_id=aacc7414-9194-4c7b-9090-815169e17a4f&banner_location=header,10,11,,https://www.checkatrade.com/trades/propertyrepairlondonltd,checkatrade,1,
Hac Construction Limited,Mr Avni,Builder,,https://9tuma.app.link/kLTh3RAdIQb?cat_web_device_id=b81110a8-6804-4770-bfc9-a49944d9ab66&cat_web_session_id=aacc7414-9194-4c7b-9090-815169e17a4f&banner_location=header,9.91,15,07441471291,https://www.checkatrade.com/trades/hacconstruction372904 | https://www.myjobquote.co.uk/t/dag-construction-ltd | https://www.myjobquote.co.uk/t/dag-construction-ltd | https://www.myjobquote.co.uk/t/m4-construction | https://www.myjobquote.co.uk/t/m4-construction | https://www.myjobquote.co.uk/t/sim-construction-ltd-1 | https://www.myjobquote.co.uk/t/jorge-vera | https://www.myjobquote.co.uk/t/yob-construction-ltd | https://www.myjobquote.co.uk/t/heman-builder-solution | https://www.myjobquote.co.uk/t/vnj-construction | https://www.myjobquote.co.uk/t/vnj-construction | https://www.myjobquote.co.uk/t/jcconstruction | https://www.myjobquote.co.uk/t/jcconstruction | https://www.myjobquote.co.uk/t/mr-construction-8 | https://www.myjobquote.co.uk/t/mr-construction-8 | https://www.myjobquote.co.uk/t/rjm-construction | https://www.myjobquote.co.uk/t/rjm-construction | https://www.myjobquote.co.uk/t/sm-construction-1 | https://www.myjobquote.co.uk/t/sm-construction-1 | https://www.myjobquote.co.uk/t/nsr-construction | https://www.myjobquote.co.uk/t/nsr-construction | https://www.myjobquote.co.uk/t/rex-construction | https://www.myjobquote.co.uk/t/rex-construction | https://www.myjobquote.co.uk/t/larh-construction | https://www.myjobquote.co.uk/t/larh-construction | https://www.myjobquote.co.uk/t/mw-construction-3 | https://www.myjobquote.co.uk/t/beavanbuilders-ltd | https://www.myjobquote.co.uk/t/beavanbuilders-ltd | https://www.myjobquote.co.uk/t/cps-construction-ltd | https://www.myjobquote.co.uk/t/cps-construction-ltd | https://www.myjobquote.co.uk/t/cmj-construction-1 | https://www.myjobquote.co.uk/t/cmj-construction-1 | https://www.myjobquote.co.uk/t/rab-construction | https://www.myjobquote.co.uk/t/rab-construction | https://www.myjobquote.co.uk/t/to-construction-ltd | https://www.myjobquote.co.uk/t/to-construction-ltd | https://www.myjobquote.co.uk/t/c-b-construction-1 | https://www.myjobquote.co.uk/t/c-b-construction-1 | https://www.myjobquote.co.uk/t/dn-joinery-2 | https://www.myjobquote.co.uk/t/dn-joinery-2,"checkatrade, myjobquote",2,
DPK MANAJ CONSTRUCTION LTD,Mr Dashnor,Builder,,https://9tuma.app.link/kLTh3RAdIQb?cat_web_device_id=b81110a8-6804-4770-bfc9-a49944d9ab66&cat_web_session_id=aacc7414-9194-4c7b-9090-815169e17a4f&banner_location=header,10,5,,https://www.checkatrade.com/trades/dpkmanajconstructionltd,checkatrade,1,
Z&a Construction Ltd,Mr. Zuri Gjini,Builder,,https://9tuma.app.link/kLTh3RAdIQb?cat_web_device_id=b81110a8-6804-4770-bfc9-a49944d9ab66&cat_web_session_id=aacc7414-9194-4c7b-9090-815169e17a4f&banner_location=header,9.94,76,,https://www.checkatrade.com/trades/zandaconstruction993574 | https://www.myjobquote.co.uk/t/atw-plastering-and-building | https://www.myjobquote.co.uk/t/atw-plastering-and-building | https://www.myjobquote.co.uk/t/szot-construction-ltd | https://www.myjobquote.co.uk/t/szot-construction-ltd | https://www.myjobquote.co.uk/t/astons-home-improvements | https://www.myjobquote.co.uk/t/astons-home-improvements,"checkatrade, myjobquote",2,
2RAN Building & Maintenance Limited,Mr Turan,Builder,,https://9tuma.app.link/kLTh3RAdIQb?cat_web_device_id=b81110a8-6804-4770-bfc9-a49944d9ab66&cat_web_session_id=aacc7414-9194-4c7b-9090-815169e17a4f&banner_location=header,9.87,32,,https://www.checkatrade.com/trades/2ranbuildingmaintenancelimited | https://www.myjobquote.co.uk/t/lha-building-and-maintenance | https://www.myjobquote.co.uk/t/lha-building-and-maintenance | https://www.myjobquote.co.uk/t/kr-building-maintenance | https://www.myjobquote.co.uk/t/kr-building-maintenance,"checkatrade, myjobquote",2,
L.b. Building Contractors Ltd,Mr Luan,Builder,,https://9tuma.app.link/kLTh3RAdIQb?cat_web_device_id=b81110a8-6804-4770-bfc9-a49944d9ab66&cat_web_session_id=aacc7414-9194-4c7b-9090-815169e17a4f&banner_location=header,9.83,22,,https://www.checkatrade.com/trades/lbbuildingcontractors1062871 | https://www.myjobquote.co.uk/t/ll-building-contractors | https://www.myjobquote.co.uk/t/ll-building-contractors,"checkatrade, myjobquote",2,
Lux Builder,Mr Marian,Builder,Romford and,https://9tuma.app.link/kLTh3RAdIQb?cat_web_device_id=b81110a8-6804-4770-bfc9-a49944d9ab66&cat_web_session_id=aacc7414-9194-4c7b-9090-815169e17a4f&banner_location=header,0,0,,https://www.checkatrade.com/trades/luxbuilder,checkatrade,1,
Nova Building Services,Mr Turker,Builder,,https://9tuma.app.link/kLTh3RAdIQb?cat_web_device_id=b81110a8-6804-4770-bfc9-a49944d9ab66&cat_web_session_id=aacc7414-9194-4c7b-9090-815169e17a4f&banner_location=header,9.89,10,,https://www.checkatrade.com/trades/novabuildingservices | https://www.myjobquote.co.uk/t/joni-building-services | https://www.myjobquote.co.uk/t/joni-building-services | https://www.myjobquote.co.uk/t/marku-guaranteed-builder-uk-ltd | https://www.myjobquote.co.uk/t/marku-guaranteed-builder-uk-ltd,"checkatrade, myjobquote",2,
The Market Design & Build Ltd,Mr Aaron,Builder,,https://9tuma.app.link/kLTh3RAdIQb?cat_web_device_id=b81110a8-6804-4770-bfc9-a49944d9ab66&cat_web_session_id=aacc7414-9194-4c7b-9090-815169e17a4f&banner_location=header,9.62,1003,,https://www.checkatrade.com/trades/themarketdesignandbuild239350,checkatrade,1,
JMPM LTD,Mr Xhulio,Builder,,https://9tuma.app.link/kLTh3RAdIQb?cat_web_device_id=b81110a8-6804-4770-bfc9-a49944d9ab66&cat_web_session_id=aacc7414-9194-4c7b-9090-815169e17a4f&banner_location=header,9.67,87,,https://www.checkatrade.com/trades/jmpmltd | https://www.myjobquote.co.uk/t/etbm | https://www.myjobquote.co.uk/t/etbm | https://www.myjobquote.co.uk/t/jimmy-39 | https://www.myjobquote.co.uk/t/jimmy-39 | https://www.myjobquote.co.uk/t/colak-and-gow | https://www.myjobquote.co.uk/t/colak-and-gow | https://www.myjobquote.co.uk/t/lps-2 | https://www.myjobquote.co.uk/t/lps-2 | https://www.myjobquote.co.uk/t/at-carpentry-timber-frame | https://www.myjobquote.co.uk/t/at-carpentry-timber-frame,"checkatrade, myjobquote",2,
D Building Ltd,Mr. David Kola,Builder,,https://9tuma.app.link/kLTh3RAdIQb?cat_web_device_id=b81110a8-6804-4770-bfc9-a49944d9ab66&cat_web_session_id=aacc7414-9194-4c7b-9090-815169e17a4f&banner_location=header,9.93,73,,https://www.checkatrade.com/trades/dbuildingltd | https://www.myjobquote.co.uk/t/lg-building-1 | https://www.myjobquote.co.uk/t/lg-building-1 | https://www.myjobquote.co.uk/t/bob-building-1 | https://www.myjobquote.co.uk/t/bob-building-1 | https://www.myjobquote.co.uk/t/gla-building-1 | https://www.myjobquote.co.uk/t/gla-building-1 | https://www.myjobquote.co.uk/t/sky-company | https://www.myjobquote.co.uk/t/sky-company | https://www.myjobquote.co.uk/t/bk-building | https://www.myjobquote.co.uk/t/bk-building | https://www.myjobquote.co.uk/t/jab-building | https://www.myjobquote.co.uk/t/jab-building | https://www.myjobquote.co.uk/t/rb-building-4 | https://www.myjobquote.co.uk/t/rb-building-4,"checkatrade, myjobquote",2,
The Heritage Construction Group Limited,Mrs Harriet,Builder,,https://9tuma.app.link/kLTh3RAdIQb?cat_web_device_id=b81110a8-6804-4770-bfc9-a49944d9ab66&cat_web_session_id=aacc7414-9194-4c7b-9090-815169e17a4f&banner_location=header,10,15,,https://www.checkatrade.com/trades/theheritageconstructiongrouplimited,checkatrade,1,
LICA Construction,Mr Edmond,Builder,,https://9tuma.app.link/kLTh3RAdIQb?cat_web_device_id=b81110a8-6804-4770-bfc9-a49944d9ab66&cat_web_session_id=aacc7414-9194-4c7b-9090-815169e17a4f&banner_location=header,9.9,46,,https://www.checkatrade.com/trades/licaconstruction | https://www.myjobquote.co.uk/t/siri-construction-ltd | https://www.myjobquote.co.uk/t/siri-construction-ltd | https://www.myjobquote.co.uk/t/leed-construction-ltd | https://www.myjobquote.co.uk/t/leed-construction-ltd | https://www.myjobquote.co.uk/t/bromley-builds | https://www.myjobquote.co.uk/t/bromley-builds,"checkatrade, myjobquote",2,
Etro Homes Ltd,Mr Arman,Builder,,https://9tuma.app.link/kLTh3RAdIQb?cat_web_device_id=b81110a8-6804-4770-bfc9-a49944d9ab66&cat_web_session_id=aacc7414-9194-4c7b-9090-815169e17a4f&banner_location=header,10,32,,https://www.checkatrade.com/trades/etrohomesltd,checkatrade,1,
Deep Builders Ltd,Mr Sukhdeep,Builder,,https://9tuma.app.link/kLTh3RAdIQb?cat_web_device_id=b81110a8-6804-4770-bfc9-a49944d9ab66&cat_web_session_id=aacc7414-9194-4c7b-9090-815169e17a4f&banner_location=header,9.25,67,,https://www.checkatrade.com/trades/deepbuildersltd,checkatrade,1,
HUMO Construction,Mr Ryan,Builder,,https://9tuma.app.link/kLTh3RAdIQb?cat_web_device_id=b81110a8-6804-4770-bfc9-a49944d9ab66&cat_web_session_id=aacc7414-9194-4c7b-9090-815169e17a4f&banner_location=header,9,1,,https://www.checkatrade.com/trades/humoconstruction | https://www.myjobquote.co.uk/t/geno-construction | https://www.myjobquote.co.uk/t/geno-construction | https://www.myjobquote.co.uk/t/aryan-1 | https://www.myjobquote.co.uk/t/aryan-1,"checkatrade, myjobquote",2,
S & D Bespoke Ltd,Mr Scott,Builder,,https://9tuma.app.link/kLTh3RAdIQb?cat_web_device_id=b81110a8-6804-4770-bfc9-a49944d9ab66&cat_web_session_id=aacc7414-9194-4c7b-9090-815169e17a4f&banner_location=header,10,29,,https://www.checkatrade.com/trades/sanddbespoke | https://www.myjobquote.co.uk/t/sh-bespoke | https://www.myjobquote.co.uk/t/sh-bespoke,"checkatrade, myjobquote",2,
Sintons Projects,Mr Harry,Builder,,https://9tuma.app.link/kLTh3RAdIQb?cat_web_device_id=b81110a8-6804-4770-bfc9-a49944d9ab66&cat_web_session_id=aacc7414-9194-4c7b-9090-815169e17a4f&banner_location=header,9.79,31,,https://www.checkatrade.com/trades/sintonsprojects,checkatrade,1,
Thornbury & Crown Ltd,Mr Ali,Builder,London,https://9tuma.app.link/kLTh3RAdIQb?cat_web_device_id=b81110a8-6804-4770-bfc9-a49944d9ab66&cat_web_session_id=aacc7414-9194-4c7b-9090-815169e17a4f&banner_location=header,10,6,,https://www.checkatrade.com/trades/thornburycrownltd,checkatrade,1,
E S Build,Mr Elshad,Builder,,https://9tuma.app.link/kLTh3RAdIQb?cat_web_device_id=b81110a8-6804-4770-bfc9-a49944d9ab66&cat_web_session_id=aacc7414-9194-4c7b-9090-815169e17a4f&banner_location=header,9.92,161,,https://www.checkatrade.com/trades/esbuild | https://www.myjobquote.co.uk/t/jmc-build-ltd | https://www.myjobquote.co.uk/t/jmc-build-ltd,"checkatrade, myjobquote",2,
Virtuoso Building Solutions Ltd,Mr Hasanin,Builder,,https://9tuma.app.link/kLTh3RAdIQb?cat_web_device_id=b81110a8-6804-4770-bfc9-a49944d9ab66&cat_web_session_id=aacc7414-9194-4c7b-9090-815169e17a4f&banner_location=header,9.24,56,,https://www.checkatrade.com/trades/virtuosobuildingsolutionsltd,checkatrade,1,
Toni's Construction Team,Mr Tihomir,Builder,,https://9tuma.app.link/kLTh3RAdIQb?cat_web_device_id=b81110a8-6804-4770-bfc9-a49944d9ab66&cat_web_session_id=aacc7414-9194-4c7b-9090-815169e17a4f&banner_location=header,10,54,,https://www.checkatrade.com/trades/tonisconstructionteam,checkatrade,1,
Gjeta Design & Development Ltd,Mr Eriken,Builder,,https://9tuma.app.link/kLTh3RAdIQb?cat_web_device_id=b81110a8-6804-4770-bfc9-a49944d9ab66&cat_web_session_id=aacc7414-9194-4c7b-9090-815169e17a4f&banner_location=header,10,4,,https://www.checkatrade.com/trades/gjetadesignanddevelopment1111279,checkatrade,1,
Comfort Plus Refurbishments Ltd,Mr Adil,Builder,,https://9tuma.app.link/kLTh3RAdIQb?cat_web_device_id=b81110a8-6804-4770-bfc9-a49944d9ab66&cat_web_session_id=aacc7414-9194-4c7b-9090-815169e17a4f&banner_location=header,9.81,12,,https://www.checkatrade.com/trades/comfortplusrefurbishmentsltd,checkatrade,1,
PrimeBuilders Ltd,Mr Emiljard,Builder,,https://9tuma.app.link/kLTh3RAdIQb?cat_web_device_id=b81110a8-6804-4770-bfc9-a49944d9ab66&cat_web_session_id=aacc7414-9194-4c7b-9090-815169e17a4f&banner_location=header,9.62,60,,https://www.checkatrade.com/trades/primebuilders,checkatrade,1,
Supreme Lofts Ltd,Mr Dreni,Builder,,https://9tuma.app.link/kLTh3RAdIQb?cat_web_device_id=b81110a8-6804-4770-bfc9-a49944d9ab66&cat_web_session_id=aacc7414-9194-4c7b-9090-815169e17a4f&banner_location=header,9.93,70,,https://www.checkatrade.com/trades/supremeloftsltd,checkatrade,1,
HURA Construction & Renovation,Mr Murad,Builder,,https://9tuma.app.link/kLTh3RAdIQb?cat_web_device_id=b81110a8-6804-4770-bfc9-a49944d9ab66&cat_web_session_id=aacc7414-9194-4c7b-9090-815169e17a4f&banner_location=header,9.79,8,,https://www.checkatrade.com/trades/huraconstructionrenovation,checkatrade,1,
CONSTRUCTIFY BUILDERS LIMITED,Mr Jagdish,Builder,Romford and,https://9tuma.app.link/kLTh3RAdIQb?cat_web_device_id=b81110a8-6804-4770-bfc9-a49944d9ab66&cat_web_session_id=aacc7414-9194-4c7b-9090-815169e17a4f&banner_location=header,10,2,,https://www.checkatrade.com/trades/constructifybuilderslimited,checkatrade,1,
4&J Construction Ltd,Mr Serjan,Builder,,https://9tuma.app.link/kLTh3RAdIQb?cat_web_device_id=b81110a8-6804-4770-bfc9-a49944d9ab66&cat_web_session_id=aacc7414-9194-4c7b-9090-815169e17a4f&banner_location=header,9.43,8,,https://www.checkatrade.com/trades/4andjconstruction,checkatrade,1,
Infinite loft & Extensions ltd,Mr Charanjit,Builder,,https://9tuma.app.link/kLTh3RAdIQb?cat_web_device_id=b81110a8-6804-4770-bfc9-a49944d9ab66&cat_web_session_id=aacc7414-9194-4c7b-9090-815169e17a4f&banner_location=header,9.67,10,,https://www.checkatrade.com/trades/infiniteloftextensionsltd,checkatrade,1,
Home Improvement Solutions,Mr Stacey,Builder,everything,https://9tuma.app.link/kLTh3RAdIQb?cat_web_device_id=b81110a8-6804-4770-bfc9-a49944d9ab66&cat_web_session_id=aacc7414-9194-4c7b-9090-815169e17a4f&banner_location=header,10,141,,https://www.checkatrade.com/trades/homeimprovementsolutions806648,checkatrade,1,
OaksBuild Ltd,Mr Andrei,Builder,all building,https://9tuma.app.link/kLTh3RAdIQb?cat_web_device_id=b81110a8-6804-4770-bfc9-a49944d9ab66&cat_web_session_id=aacc7414-9194-4c7b-9090-815169e17a4f&banner_location=header,10,55,,https://www.checkatrade.com/trades/oaksbuildltd,checkatrade,1,
Buildings and Restorations Limited,Mr David,Builder,all aspects,https://9tuma.app.link/kLTh3RAdIQb?cat_web_device_id=b81110a8-6804-4770-bfc9-a49944d9ab66&cat_web_session_id=aacc7414-9194-4c7b-9090-815169e17a4f&banner_location=header,9.96,130,,https://www.checkatrade.com/trades/buildingsandrestorations422927,checkatrade,1,
B.M.E CONSTRUCTION LIMITED,Mr Adam,Builder,,https://9tuma.app.link/kLTh3RAdIQb?cat_web_device_id=b81110a8-6804-4770-bfc9-a49944d9ab66&cat_web_session_id=aacc7414-9194-4c7b-9090-815169e17a4f&banner_location=header,10,11,,https://www.checkatrade.com/trades/bmeconstructionlimited | https://www.myjobquote.co.uk/t/neve-construction-1 | https://www.myjobquote.co.uk/t/neve-construction-1 | https://www.myjobquote.co.uk/t/rdm-rh | https://www.myjobquote.co.uk/t/rdm-rh | https://www.myjobquote.co.uk/t/enbee-construction-ltd | https://www.myjobquote.co.uk/t/enbee-construction-ltd | https://www.myjobquote.co.uk/t/x1-group-w | https://www.myjobquote.co.uk/t/x1-group-w,"checkatrade, myjobquote",2,
TipTop Contractors Ltd,Mr Fisnik,Builder,,https://9tuma.app.link/kLTh3RAdIQb?cat_web_device_id=b81110a8-6804-4770-bfc9-a49944d9ab66&cat_web_session_id=aacc7414-9194-4c7b-9090-815169e17a4f&banner_location=header,10,105,,https://www.checkatrade.com/trades/tiptopcontractors,checkatrade,1,
Sandarov Ltd,Mr Anton,Builder,,https://9tuma.app.link/kLTh3RAdIQb?cat_web_device_id=b81110a8-6804-4770-bfc9-a49944d9ab66&cat_web_session_id=aacc7414-9194-4c7b-9090-815169e17a4f&banner_location=header,9.92,167,,https://www.checkatrade.com/trades/sandarovltd,checkatrade,1,
EE Builders Ltd,Mr Costel,Builder,,https://9tuma.app.link/kLTh3RAdIQb?cat_web_device_id=b81110a8-6804-4770-bfc9-a49944d9ab66&cat_web_session_id=aacc7414-9194-4c7b-9090-815169e17a4f&banner_location=header,9.67,8,,https://www.checkatrade.com/trades/eebuildersltd,checkatrade,1,
Remi Builder,Mr Remigiusz,Builder,,https://9tuma.app.link/kLTh3RAdIQb?cat_web_device_id=b81110a8-6804-4770-bfc9-a49944d9ab66&cat_web_session_id=aacc7414-9194-4c7b-9090-815169e17a4f&banner_location=header,9.89,94,,https://www.checkatrade.com/trades/remibuilder,checkatrade,1,
Gosai Construction Limited,Mr. Shiv Gosai,Builder,,https://9tuma.app.link/kLTh3RAdIQb?cat_web_device_id=b81110a8-6804-4770-bfc9-a49944d9ab66&cat_web_session_id=aacc7414-9194-4c7b-9090-815169e17a4f&banner_location=header,9.78,92,,https://www.checkatrade.com/trades/gosaiconstruction901850,checkatrade,1,
Archies Group,Mr Ibrahim,Builder,,https://9tuma.app.link/kLTh3RAdIQb?cat_web_device_id=b81110a8-6804-4770-bfc9-a49944d9ab66&cat_web_session_id=aacc7414-9194-4c7b-9090-815169e17a4f&banner_location=header,9.85,61,,https://www.checkatrade.com/trades/archiesgroup,checkatrade,1,
Building revive ltd,Mr Neculai,Builder,All of,https://9tuma.app.link/kLTh3RAdIQb?cat_web_device_id=b81110a8-6804-4770-bfc9-a49944d9ab66&cat_web_session_id=aacc7414-9194-4c7b-9090-815169e17a4f&banner_location=header,10,1,,https://www.checkatrade.com/trades/buildingreviveltd,checkatrade,1,
All In One Renovation LTD,Mr Reza,Builder,,https://9tuma.app.link/kLTh3RAdIQb?cat_web_device_id=b81110a8-6804-4770-bfc9-a49944d9ab66&cat_web_session_id=aacc7414-9194-4c7b-9090-815169e17a4f&banner_location=header,9.08,27,,https://www.checkatrade.com/trades/allinonerenovationltd,checkatrade,1,
Murati,Mr Azem,Builder,,https://9tuma.app.link/kLTh3RAdIQb?cat_web_device_id=b81110a8-6804-4770-bfc9-a49944d9ab66&cat_web_session_id=aacc7414-9194-4c7b-9090-815169e17a4f&banner_location=header,9.91,34,,https://www.checkatrade.com/trades/murati,checkatrade,1,
Minolamaj Construction Ltd,Mr Bledar,Builder,,https://9tuma.app.link/kLTh3RAdIQb?cat_web_device_id=b81110a8-6804-4770-bfc9-a49944d9ab66&cat_web_session_id=aacc7414-9194-4c7b-9090-815169e17a4f&banner_location=header,9.92,8,,https://www.checkatrade.com/trades/minolamajconstructionltd,checkatrade,1,
RELM Interiors Ltd,Mr Rodi,Builder,,https://9tuma.app.link/kLTh3RAdIQb?cat_web_device_id=b81110a8-6804-4770-bfc9-a49944d9ab66&cat_web_session_id=aacc7414-9194-4c7b-9090-815169e17a4f&banner_location=header,9.44,214,,https://www.checkatrade.com/trades/relminteriors,checkatrade,1,
Tdf Construct Ltd,Mr. Florinel Toader,Builder,,https://9tuma.app.link/kLTh3RAdIQb?cat_web_device_id=b81110a8-6804-4770-bfc9-a49944d9ab66&cat_web_session_id=aacc7414-9194-4c7b-9090-815169e17a4f&banner_location=header,9.89,27,,https://www.checkatrade.com/trades/tdfconstruct1024576 | https://www.myjobquote.co.uk/t/dp-construct-ltd | https://www.myjobquote.co.uk/t/cks-construct | https://www.myjobquote.co.uk/t/cks-construct,"checkatrade, myjobquote",2,
Next Step Group,Mr Leon,Builder,,https://9tuma.app.link/kLTh3RAdIQb?cat_web_device_id=b81110a8-6804-4770-bfc9-a49944d9ab66&cat_web_session_id=aacc7414-9194-4c7b-9090-815169e17a4f&banner_location=header,9.83,12,,https://www.checkatrade.com/trades/nextstepgroup,checkatrade,1,
PMS Builders Ltd,Mr Palvinder,Builder,,https://9tuma.app.link/kLTh3RAdIQb?cat_web_device_id=b81110a8-6804-4770-bfc9-a49944d9ab66&cat_web_session_id=aacc7414-9194-4c7b-9090-815169e17a4f&banner_location=header,8,9,,https://www.checkatrade.com/trades/pmsbuildersltd,checkatrade,1,
DTD Construction & Landscaping Limited,Mr Dionis,Builder,,https://9tuma.app.link/kLTh3RAdIQb?cat_web_device_id=b81110a8-6804-4770-bfc9-a49944d9ab66&cat_web_session_id=aacc7414-9194-4c7b-9090-815169e17a4f&banner_location=header,9.89,8,,https://www.checkatrade.com/trades/dtdconstructionlandscapinglimited,checkatrade,1,
Dwl Construction Ltd,Mr Dmytro,Builder,,https://9tuma.app.link/kLTh3RAdIQb?cat_web_device_id=b81110a8-6804-4770-bfc9-a49944d9ab66&cat_web_session_id=aacc7414-9194-4c7b-9090-815169e17a4f&banner_location=header,9.6,30,,https://www.checkatrade.com/trades/dwlconstructionltd | https://www.myjobquote.co.uk/t/ddlk-construction-ltd | https://www.myjobquote.co.uk/t/ddlk-construction-ltd | https://www.myjobquote.co.uk/t/edii-construction-ltd | https://www.myjobquote.co.uk/t/edii-construction-ltd | https://www.myjobquote.co.uk/t/p5-developments | https://www.myjobquote.co.uk/t/p5-developments,"checkatrade, myjobquote",2,
Equipped Building Services,Mr Joe,Builder,,https://9tuma.app.link/kLTh3RAdIQb?cat_web_device_id=b81110a8-6804-4770-bfc9-a49944d9ab66&cat_web_session_id=aacc7414-9194-4c7b-9090-815169e17a4f&banner_location=header,10,114,,https://www.checkatrade.com/trades/equippedbuildingservices,checkatrade,1,
RCB Design & Build Contractors,Mr Vasilica,Builder,,https://9tuma.app.link/kLTh3RAdIQb?cat_web_device_id=b81110a8-6804-4770-bfc9-a49944d9ab66&cat_web_session_id=aacc7414-9194-4c7b-9090-815169e17a4f&banner_location=header,9.95,114,,https://www.checkatrade.com/trades/rcbgroup,checkatrade,1,
HEG Construction Ltd,Mr Edmond,Builder,,https://9tuma.app.link/kLTh3RAdIQb?cat_web_device_id=b81110a8-6804-4770-bfc9-a49944d9ab66&cat_web_session_id=aacc7414-9194-4c7b-9090-815169e17a4f&banner_location=header,9.96,87,,https://www.checkatrade.com/trades/hegconstructionltd | https://www.myjobquote.co.uk/t/helix-construction-ltd | https://www.myjobquote.co.uk/t/helix-construction-ltd,"checkatrade, myjobquote",2,
M Pepa Ltd,Mr Jani,Builder,,https://9tuma.app.link/kLTh3RAdIQb?cat_web_device_id=b81110a8-6804-4770-bfc9-a49944d9ab66&cat_web_session_id=aacc7414-9194-4c7b-9090-815169e17a4f&banner_location=header,10,13,,https://www.checkatrade.com/trades/mpepaltd,checkatrade,1,
S Line Refurbishment,Mr Lucas,Builder,,https://9tuma.app.link/kLTh3RAdIQb?cat_web_device_id=b81110a8-6804-4770-bfc9-a49944d9ab66&cat_web_session_id=aacc7414-9194-4c7b-9090-815169e17a4f&banner_location=header,9.67,27,,https://www.checkatrade.com/trades/slinerefurbishment,checkatrade,1,
Truestone Construction Ltd,Mr James,Builder,,https://9tuma.app.link/kLTh3RAdIQb?cat_web_device_id=b81110a8-6804-4770-bfc9-a49944d9ab66&cat_web_session_id=aacc7414-9194-4c7b-9090-815169e17a4f&banner_location=header,10,9,,https://www.checkatrade.com/trades/truestoneconstructionltd,checkatrade,1,
Build & Create Construction Ltd,Mr Clinton,Builder,,https://9tuma.app.link/kLTh3RAdIQb?cat_web_device_id=b81110a8-6804-4770-bfc9-a49944d9ab66&cat_web_session_id=aacc7414-9194-4c7b-9090-815169e17a4f&banner_location=header,10,68,,https://www.checkatrade.com/trades/buildandcreateconstructionltd,checkatrade,1,
Affordable Property Repairs Ltd,Mr Kerri,Builder,,https://9tuma.app.link/kLTh3RAdIQb?cat_web_device_id=b81110a8-6804-4770-bfc9-a49944d9ab66&cat_web_session_id=aacc7414-9194-4c7b-9090-815169e17a4f&banner_location=header,9.88,380,,https://www.checkatrade.com/trades/affordablepropertypropertyrepa,checkatrade,1,
Buildstar Ltd,Mr Fateri,Builder,,https://9tuma.app.link/kLTh3RAdIQb?cat_web_device_id=b81110a8-6804-4770-bfc9-a49944d9ab66&cat_web_session_id=aacc7414-9194-4c7b-9090-815169e17a4f&banner_location=header,10,46,,https://www.checkatrade.com/trades/buildingandelectricalsltd | https://www.myjobquote.co.uk/t/builder-316 | https://www.myjobquote.co.uk/t/builder-316 | https://www.myjobquote.co.uk/t/builder-291 | https://www.myjobquote.co.uk/t/builder-291 | https://www.myjobquote.co.uk/t/builder-306 | https://www.myjobquote.co.uk/t/axis-management-ltd,"checkatrade, myjobquote",2,
ABC.London.Construction Ltd,Mr Florin,Builder,,https://9tuma.app.link/kLTh3RAdIQb?cat_web_device_id=b81110a8-6804-4770-bfc9-a49944d9ab66&cat_web_session_id=aacc7414-9194-4c7b-9090-815169e17a4f&banner_location=header,10,40,,https://www.checkatrade.com/trades/abclondonconstruction,checkatrade,1,
Tatrawin Ltd,Mr Martin,Builder,,https://9tuma.app.link/kLTh3RAdIQb?cat_web_device_id=b81110a8-6804-4770-bfc9-a49944d9ab66&cat_web_session_id=aacc7414-9194-4c7b-9090-815169e17a4f&banner_location=header,9.92,110,,https://www.checkatrade.com/trades/tatrawinltd,checkatrade,1,
Build Mode Limited,Mr. Lutfi Syla,Builder,Wallington with,https://9tuma.app.link/kLTh3RAdIQb?cat_web_device_id=b81110a8-6804-4770-bfc9-a49944d9ab66&cat_web_session_id=aacc7414-9194-4c7b-9090-815169e17a4f&banner_location=header,10,34,,https://www.checkatrade.com/trades/buildmode1022971,checkatrade,1,
Lee Building Contractors Limited,Mr Andrew,Builder,,https://9tuma.app.link/kLTh3RAdIQb?cat_web_device_id=b81110a8-6804-4770-bfc9-a49944d9ab66&cat_web_session_id=aacc7414-9194-4c7b-9090-815169e17a4f&banner_location=header,10,68,,https://www.checkatrade.com/trades/leebuildingcontractors,checkatrade,1,
Wellhall Construction Ltd,Mr Ugur,Builder,,https://9tuma.app.link/kLTh3RAdIQb?cat_web_device_id=b81110a8-6804-4770-bfc9-a49944d9ab66&cat_web_session_id=aacc7414-9194-4c7b-9090-815169e17a4f&banner_location=header,9.13,10,,https://www.checkatrade.com/trades/wellhallconstruction,checkatrade,1,
UNIVERSAL CONSTRUCTION LTD,Mr Gezim,Builder,London and,https://9tuma.app.link/kLTh3RAdIQb?cat_web_device_id=b81110a8-6804-4770-bfc9-a49944d9ab66&cat_web_session_id=aacc7414-9194-4c7b-9090-815169e17a4f&banner_location=header,10,15,,https://www.checkatrade.com/trades/universalconstructionltd,checkatrade,1,
Platinum Homes Construction Ltd,Mr Pawel,Builder,south,https://9tuma.app.link/kLTh3RAdIQb?cat_web_device_id=b81110a8-6804-4770-bfc9-a49944d9ab66&cat_web_session_id=aacc7414-9194-4c7b-9090-815169e17a4f&banner_location=header,10,12,,https://www.checkatrade.com/trades/platinumhomesconstructionltd,checkatrade,1,
Timeless Finishes Ltd,Mr Paul,Builder,Feltham,https://9tuma.app.link/kLTh3RAdIQb?cat_web_device_id=b81110a8-6804-4770-bfc9-a49944d9ab66&cat_web_session_id=aacc7414-9194-4c7b-9090-815169e17a4f&banner_location=header,9.92,4,,https://www.checkatrade.com/trades/timelessfinishesltd,checkatrade,1,
I C Construct,Mr Calin,Builder,all aspects,https://9tuma.app.link/kLTh3RAdIQb?cat_web_device_id=b81110a8-6804-4770-bfc9-a49944d9ab66&cat_web_session_id=aacc7414-9194-4c7b-9090-815169e17a4f&banner_location=header,10,48,,https://www.checkatrade.com/trades/icconstruct,checkatrade,1,
ELV CONSTRUCTION & MAINTENANCE LTD,Mr Elez,Builder,Guildford and,https://9tuma.app.link/kLTh3RAdIQb?cat_web_device_id=b81110a8-6804-4770-bfc9-a49944d9ab66&cat_web_session_id=aacc7414-9194-4c7b-9090-815169e17a4f&banner_location=header,10,4,,https://www.checkatrade.com/trades/elvconstructionmaintenanceltd,checkatrade,1,
London Construction Partnership,Mr Terry,Builder,,https://9tuma.app.link/kLTh3RAdIQb?cat_web_device_id=b81110a8-6804-4770-bfc9-a49944d9ab66&cat_web_session_id=aacc7414-9194-4c7b-9090-815169e17a4f&banner_location=header,9.89,13,,https://www.checkatrade.com/trades/londonconstructionpartnership,checkatrade,1,
DK Building & Design,Mr Hajredin,Builder,,https://9tuma.app.link/kLTh3RAdIQb?cat_web_device_id=b81110a8-6804-4770-bfc9-a49944d9ab66&cat_web_session_id=aacc7414-9194-4c7b-9090-815169e17a4f&banner_location=header,9.85,37,07441440851,https://www.checkatrade.com/trades/dkbuildingdesign | https://www.myjobquote.co.uk/t/msd-building-and-design | https://www.myjobquote.co.uk/t/msd-building-and-design,"checkatrade, myjobquote",2,
G & B PROJECT SOLUTIONS LIMITED,Mr Bradley,Builder,,https://9tuma.app.link/kLTh3RAdIQb?cat_web_device_id=b81110a8-6804-4770-bfc9-a49944d9ab66&cat_web_session_id=aacc7414-9194-4c7b-9090-815169e17a4f&banner_location=header,9.59,9,,https://www.checkatrade.com/trades/gbprojectsolutionslimited,checkatrade,1,
M.G. Construction,Mr Marash,Builder,,https://9tuma.app.link/kLTh3RAdIQb?cat_web_device_id=b81110a8-6804-4770-bfc9-a49944d9ab66&cat_web_session_id=aacc7414-9194-4c7b-9090-815169e17a4f&banner_location=header,9.87,74,,https://www.checkatrade.com/trades/mgconstruction867413,checkatrade,1,
MRVKS Ltd,Kulwinder Singh,Builder,,https://9tuma.app.link/kLTh3RAdIQb?cat_web_device_id=b81110a8-6804-4770-bfc9-a49944d9ab66&cat_web_session_id=aacc7414-9194-4c7b-9090-815169e17a4f&banner_location=header,9.81,287,,https://www.checkatrade.com/trades/mrvks | https://www.myjobquote.co.uk/t/kriss-6 | https://www.myjobquote.co.uk/t/kriss-6 | https://www.myjobquote.co.uk/t/mmbild | https://www.myjobquote.co.uk/t/mmbild | https://www.myjobquote.co.uk/t/marius-89 | https://www.myjobquote.co.uk/t/marius-89 | https://www.myjobquote.co.uk/t/ihor7 | https://www.myjobquote.co.uk/t/ihor7,"checkatrade, myjobquote",2,
Shield Builders,Mr Martyn,Builder,,https://9tuma.app.link/kLTh3RAdIQb?cat_web_device_id=b81110a8-6804-4770-bfc9-a49944d9ab66&cat_web_session_id=aacc7414-9194-4c7b-9090-815169e17a4f&banner_location=header,10,13,,https://www.checkatrade.com/trades/shieldbuilders,checkatrade,1,
ALL2CONSTRUCT LTD,Mr Daniel,Builder,,https://9tuma.app.link/kLTh3RAdIQb?cat_web_device_id=b81110a8-6804-4770-bfc9-a49944d9ab66&cat_web_session_id=aacc7414-9194-4c7b-9090-815169e17a4f&banner_location=header,10,3,,https://www.checkatrade.com/trades/all2constructltd,checkatrade,1,
Easyplan Building Solutions Limited,Ltd Company,Builder,,https://9tuma.app.link/kLTh3RAdIQb?cat_web_device_id=b81110a8-6804-4770-bfc9-a49944d9ab66&cat_web_session_id=aacc7414-9194-4c7b-9090-815169e17a4f&banner_location=header,9.89,87,,https://www.checkatrade.com/trades/easyplanbuildingsolutions,checkatrade,1,
J Preston Builders Ltd,Mr Jeff,Builder,,https://9tuma.app.link/kLTh3RAdIQb?cat_web_device_id=b81110a8-6804-4770-bfc9-a49944d9ab66&cat_web_session_id=aacc7414-9194-4c7b-9090-815169e17a4f&banner_location=header,9.97,105,,https://www.checkatrade.com/trades/jprestonbuilders,checkatrade,1,
B & E Contractors Ltd,Mr Zamir,Builder,,https://9tuma.app.link/kLTh3RAdIQb?cat_web_device_id=b81110a8-6804-4770-bfc9-a49944d9ab66&cat_web_session_id=aacc7414-9194-4c7b-9090-815169e17a4f&banner_location=header,10,19,,https://www.checkatrade.com/trades/bandecontractors832124 | https://www.myjobquote.co.uk/t/jam-contractors-ltd-2 | https://www.myjobquote.co.uk/t/jam-contractors-ltd-2 | https://www.myjobquote.co.uk/t/hm-contractors-ltd | https://www.myjobquote.co.uk/t/hm-contractors-ltd | https://www.myjobquote.co.uk/t/dld-contractors | https://www.myjobquote.co.uk/t/dld-contractors | https://www.myjobquote.co.uk/t/m-r-contractors | https://www.myjobquote.co.uk/t/m-r-contractors,"checkatrade, myjobquote",2,
Flamur Hoxha Building & Refurbs,Mr David Chalk,Builder,,https://9tuma.app.link/kLTh3RAdIQb?cat_web_device_id=b81110a8-6804-4770-bfc9-a49944d9ab66&cat_web_session_id=aacc7414-9194-4c7b-9090-815169e17a4f&banner_location=header,9.85,52,,https://www.checkatrade.com/trades/flamurhoxha,checkatrade,1,
JFL Building Ltd,Mr Jamie,Builder,all aspects,https://9tuma.app.link/kLTh3RAdIQb?cat_web_device_id=b81110a8-6804-4770-bfc9-a49944d9ab66&cat_web_session_id=aacc7414-9194-4c7b-9090-815169e17a4f&banner_location=header,9.83,109,,https://www.checkatrade.com/trades/jflbuildingborehamwood,checkatrade,1,
H&m Construction 1 Ltd,Mr Malek,Builder,,https://9tuma.app.link/kLTh3RAdIQb?cat_web_device_id=b81110a8-6804-4770-bfc9-a49944d9ab66&cat_web_session_id=aacc7414-9194-4c7b-9090-815169e17a4f&banner_location=header,10,15,,https://www.checkatrade.com/trades/handmconstruction1,checkatrade,1,
Belizel LTD,Mr Belizer,Builder,,https://9tuma.app.link/kLTh3RAdIQb?cat_web_device_id=b81110a8-6804-4770-bfc9-a49944d9ab66&cat_web_session_id=aacc7414-9194-4c7b-9090-815169e17a4f&banner_location=header,9.83,15,,https://www.checkatrade.com/trades/belizelltd,checkatrade,1,
Marku Brothers Construction Ltd,Miss Kristjana,Builder,West Midlands,https://9tuma.app.link/kLTh3RAdIQb?cat_web_device_id=b81110a8-6804-4770-bfc9-a49944d9ab66&cat_web_session_id=aacc7414-9194-4c7b-9090-815169e17a4f&banner_location=header,9.89,12,,https://www.checkatrade.com/trades/markubrothersconstructionltd,checkatrade,1,
Jerrams Roofing and Building Ltd,Mr Jerram,Builder,Wolverhampton and,https://9tuma.app.link/kLTh3RAdIQb?cat_web_device_id=b81110a8-6804-4770-bfc9-a49944d9ab66&cat_web_session_id=aacc7414-9194-4c7b-9090-815169e17a4f&banner_location=header,9.89,33,,https://www.checkatrade.com/trades/jerramsroofingandbuildingltd407192,checkatrade,1,
Persepolis Construction Ltd,Mr Mehrshad,Builder,,https://9tuma.app.link/kLTh3RAdIQb?cat_web_device_id=b81110a8-6804-4770-bfc9-a49944d9ab66&cat_web_session_id=aacc7414-9194-4c7b-9090-815169e17a4f&banner_location=header,9.97,10,,https://www.checkatrade.com/trades/persepolisconstructionltd,checkatrade,1,
JB Building And Carpentry,Mr Johnathon,Builder,the Lichfield,https://9tuma.app.link/kLTh3RAdIQb?cat_web_device_id=b81110a8-6804-4770-bfc9-a49944d9ab66&cat_web_session_id=aacc7414-9194-4c7b-9090-815169e17a4f&banner_location=header,9.9,24,,https://www.checkatrade.com/trades/jbbuildingandcarpentry1102288,checkatrade,1,
Trandz Builder Ltd,Mr Tega,Builder,,https://9tuma.app.link/kLTh3RAdIQb?cat_web_device_id=b81110a8-6804-4770-bfc9-a49944d9ab66&cat_web_session_id=aacc7414-9194-4c7b-9090-815169e17a4f&banner_location=header,9.56,19,,https://www.checkatrade.com/trades/trandzbuilder894971,checkatrade,1,
MC Bricklaying & Building Services Ltd,Mr Michael,Builder,,https://9tuma.app.link/kLTh3RAdIQb?cat_web_device_id=b81110a8-6804-4770-bfc9-a49944d9ab66&cat_web_session_id=aacc7414-9194-4c7b-9090-815169e17a4f&banner_location=header,9.94,149,,https://www.checkatrade.com/trades/mcbricklayingandbuildingservicesltd,checkatrade,1,
Taylor's Building Solutions Ltd,Mr. Marc Taylor,Builder,all aspects,https://9tuma.app.link/kLTh3RAdIQb?cat_web_device_id=b81110a8-6804-4770-bfc9-a49944d9ab66&cat_web_session_id=aacc7414-9194-4c7b-9090-815169e17a4f&banner_location=header,9.96,166,,https://www.checkatrade.com/trades/taylorsbuildingsolutionsltd935832,checkatrade,1,
Grovewood Build Ltd,Mr John,Builder,,https://9tuma.app.link/kLTh3RAdIQb?cat_web_device_id=b81110a8-6804-4770-bfc9-a49944d9ab66&cat_web_session_id=aacc7414-9194-4c7b-9090-815169e17a4f&banner_location=header,9.92,8,,https://www.checkatrade.com/trades/grovewoodbuildltd,checkatrade,1,
JSC Renovation,Mr Jevon,Builder,Birmingham we,https://9tuma.app.link/kLTh3RAdIQb?cat_web_device_id=b81110a8-6804-4770-bfc9-a49944d9ab66&cat_web_session_id=aacc7414-9194-4c7b-9090-815169e17a4f&banner_location=header,9.79,76,,https://www.checkatrade.com/trades/jscrenovation | https://www.myjobquote.co.uk/t/bc-renovations | https://www.myjobquote.co.uk/t/bc-renovations,"checkatrade, myjobquote",2,
JS General Construction Ltd,Mr Jeton,Builder,,https://9tuma.app.link/kLTh3RAdIQb?cat_web_device_id=b81110a8-6804-4770-bfc9-a49944d9ab66&cat_web_session_id=aacc7414-9194-4c7b-9090-815169e17a4f&banner_location=header,9.89,33,,https://www.checkatrade.com/trades/jsconstruction,checkatrade,1,
AM Shirley Builders,Mr Mark,Builder,,https://9tuma.app.link/kLTh3RAdIQb?cat_web_device_id=b81110a8-6804-4770-bfc9-a49944d9ab66&cat_web_session_id=aacc7414-9194-4c7b-9090-815169e17a4f&banner_location=header,10,83,,https://www.checkatrade.com/trades/amshirleybuilders,checkatrade,1,
LF Building and Maintenance Repairs Limited,Mr Luke,Builder,,https://9tuma.app.link/kLTh3RAdIQb?cat_web_device_id=b81110a8-6804-4770-bfc9-a49944d9ab66&cat_web_session_id=aacc7414-9194-4c7b-9090-815169e17a4f&banner_location=header,9.86,58,,https://www.checkatrade.com/trades/lfbuildingandmaintenancerepairs,checkatrade,1,
Magnum Build Ltd,Dzintra Geka,Builder,the difference,https://9tuma.app.link/kLTh3RAdIQb?cat_web_device_id=b81110a8-6804-4770-bfc9-a49944d9ab66&cat_web_session_id=aacc7414-9194-4c7b-9090-815169e17a4f&banner_location=header,9.97,10,,https://www.checkatrade.com/trades/magnumbuildltd,checkatrade,1,
Uk Construction and Roofing Services Ltd,Mrs Julia,Builder,,https://9tuma.app.link/kLTh3RAdIQb?cat_web_device_id=b81110a8-6804-4770-bfc9-a49944d9ab66&cat_web_session_id=aacc7414-9194-4c7b-9090-815169e17a4f&banner_location=header,9.5,35,,https://www.checkatrade.com/trades/ukconstructionandroofingservices1121022,checkatrade,1,
T & S Roofing Ltd,Paul Thomas,Builder,,https://9tuma.app.link/kLTh3RAdIQb?cat_web_device_id=b81110a8-6804-4770-bfc9-a49944d9ab66&cat_web_session_id=aacc7414-9194-4c7b-9090-815169e17a4f&banner_location=header,9.8,111,,https://www.checkatrade.com/trades/tsroofingltd | https://www.myjobquote.co.uk/t/tqroofing | https://www.myjobquote.co.uk/t/tqroofing | https://www.myjobquote.co.uk/t/elite-brickwork-1 | https://www.myjobquote.co.uk/t/elite-brickwork-1,"checkatrade, myjobquote",2,
AK @ Construction & Maintenance Ltd,Mr Anthony,Builder,Great Malvern,https://9tuma.app.link/kLTh3RAdIQb?cat_web_device_id=b81110a8-6804-4770-bfc9-a49944d9ab66&cat_web_session_id=aacc7414-9194-4c7b-9090-815169e17a4f&banner_location=header,9.97,152,,https://www.checkatrade.com/trades/akconstructionandmaintenanceltd | https://www.myjobquote.co.uk/t/construction-and-maintenance | https://www.myjobquote.co.uk/t/construction-and-maintenance,"checkatrade, myjobquote",2,
Rose Developments Midlands Ltd,Mr Stephen,Builder,,https://9tuma.app.link/kLTh3RAdIQb?cat_web_device_id=b81110a8-6804-4770-bfc9-a49944d9ab66&cat_web_session_id=aacc7414-9194-4c7b-9090-815169e17a4f&banner_location=header,10,1,,https://www.checkatrade.com/trades/rosedevelopmentsmidlandsltd,checkatrade,1,
Alcester Construction Limited,Mr William,Builder,,https://9tuma.app.link/kLTh3RAdIQb?cat_web_device_id=b81110a8-6804-4770-bfc9-a49944d9ab66&cat_web_session_id=aacc7414-9194-4c7b-9090-815169e17a4f&banner_location=header,10,5,,https://www.checkatrade.com/trades/alcesterconstructionlimited,checkatrade,1,
LPH Construction,Mr Jack,Builder,,https://9tuma.app.link/kLTh3RAdIQb?cat_web_device_id=b81110a8-6804-4770-bfc9-a49944d9ab66&cat_web_session_id=aacc7414-9194-4c7b-9090-815169e17a4f&banner_location=header,9.98,82,,https://www.checkatrade.com/trades/lphconstruction901910,checkatrade,1,
Ryan Meadows Group,Mr Ryan,Builder,,https://9tuma.app.link/kLTh3RAdIQb?cat_web_device_id=b81110a8-6804-4770-bfc9-a49944d9ab66&cat_web_session_id=aacc7414-9194-4c7b-9090-815169e17a4f&banner_location=header,10,161,,https://www.checkatrade.com/trades/ryanmeadowsgroup,checkatrade,1,
K Smith Builders,Mr Kieran,Builder,,https://9tuma.app.link/kLTh3RAdIQb?cat_web_device_id=b81110a8-6804-4770-bfc9-a49944d9ab66&cat_web_session_id=aacc7414-9194-4c7b-9090-815169e17a4f&banner_location=header,9.93,111,,https://www.checkatrade.com/trades/ksmithbuilders,checkatrade,1,
Nolan & Clarke Construction,Mr Dean,Builder,,https://9tuma.app.link/kLTh3RAdIQb?cat_web_device_id=b81110a8-6804-4770-bfc9-a49944d9ab66&cat_web_session_id=aacc7414-9194-4c7b-9090-815169e17a4f&banner_location=header,9.67,33,,https://www.checkatrade.com/trades/nolanandclarkeconstruction,checkatrade,1,
J Field Construction,Mr Jonathan,Builder,Worcestershire and,https://9tuma.app.link/kLTh3RAdIQb?cat_web_device_id=b81110a8-6804-4770-bfc9-a49944d9ab66&cat_web_session_id=aacc7414-9194-4c7b-9090-815169e17a4f&banner_location=header,9.92,36,,https://www.checkatrade.com/trades/jfieldconstruction,checkatrade,1,
O&F Carpentry and Building,Mr Oliver,Builder,Salford Priors,https://9tuma.app.link/kLTh3RAdIQb?cat_web_device_id=b81110a8-6804-4770-bfc9-a49944d9ab66&cat_web_session_id=aacc7414-9194-4c7b-9090-815169e17a4f&banner_location=header,9.81,19,,https://www.checkatrade.com/trades/oandfcarpentryandbuilding | https://www.myjobquote.co.uk/t/plm-carpentry-and-building | https://www.myjobquote.co.uk/t/plm-carpentry-and-building | https://www.myjobquote.co.uk/t/kck-carpentry-building | https://www.myjobquote.co.uk/t/kck-carpentry-building,"checkatrade, myjobquote",2,
RM Builders,Mr Rifat,Builder,building work,https://9tuma.app.link/kLTh3RAdIQb?cat_web_device_id=b81110a8-6804-4770-bfc9-a49944d9ab66&cat_web_session_id=aacc7414-9194-4c7b-9090-815169e17a4f&banner_location=header,9.82,74,,https://www.checkatrade.com/trades/rmbuilders457075 | https://www.myjobquote.co.uk/t/ward-builders | https://www.myjobquote.co.uk/t/ward-builders | https://www.myjobquote.co.uk/t/habibi | https://www.myjobquote.co.uk/t/habibi,"checkatrade, myjobquote",2,
D.R. Sears Developments,Mr Dale,Builder,mainly the,https://9tuma.app.link/kLTh3RAdIQb?cat_web_device_id=b81110a8-6804-4770-bfc9-a49944d9ab66&cat_web_session_id=aacc7414-9194-4c7b-9090-815169e17a4f&banner_location=header,9.85,69,,https://www.checkatrade.com/trades/drsearsdevelopements,checkatrade,1,
Bes builders,Mr Besnik,Builder,Solihull and,https://9tuma.app.link/kLTh3RAdIQb?cat_web_device_id=b81110a8-6804-4770-bfc9-a49944d9ab66&cat_web_session_id=aacc7414-9194-4c7b-9090-815169e17a4f&banner_location=header,10,11,,https://www.checkatrade.com/trades/besbuilders,checkatrade,1,
UK Home Improvements Ltd,Mr Hardeep,Builder,,https://9tuma.app.link/kLTh3RAdIQb?cat_web_device_id=b81110a8-6804-4770-bfc9-a49944d9ab66&cat_web_session_id=aacc7414-9194-4c7b-9090-815169e17a4f&banner_location=header,9.3,29,,https://www.checkatrade.com/trades/ukhomeimprovementsltd | https://www.myjobquote.co.uk/t/gsm-home-improvements | https://www.myjobquote.co.uk/t/gsm-home-improvements,"checkatrade, myjobquote",2,
BF Building,Mr Ben,Builder,,https://9tuma.app.link/kLTh3RAdIQb?cat_web_device_id=b81110a8-6804-4770-bfc9-a49944d9ab66&cat_web_session_id=aacc7414-9194-4c7b-9090-815169e17a4f&banner_location=header,9.89,58,,https://www.checkatrade.com/trades/bfbuilding,checkatrade,1,
Richard Hames Carpentry & Building,Mr Richard,Builder,,https://9tuma.app.link/kLTh3RAdIQb?cat_web_device_id=b81110a8-6804-4770-bfc9-a49944d9ab66&cat_web_session_id=aacc7414-9194-4c7b-9090-815169e17a4f&banner_location=header,9.96,76,,https://www.checkatrade.com/trades/richardhamescarpentryandbuildi,checkatrade,1,
Henderson Carpentry & Construction,Mr Luke,Builder,Bristol,https://9tuma.app.link/kLTh3RAdIQb?cat_web_device_id=b81110a8-6804-4770-bfc9-a49944d9ab66&cat_web_session_id=aacc7414-9194-4c7b-9090-815169e17a4f&banner_location=header,9.6,69,,https://www.checkatrade.com/trades/hendersoncarpentryandconstruction,checkatrade,1,
Daxa Building Solutions Ltd,Mr. Connor Little,Builder,,https://9tuma.app.link/kLTh3RAdIQb?cat_web_device_id=b81110a8-6804-4770-bfc9-a49944d9ab66&cat_web_session_id=aacc7414-9194-4c7b-9090-815169e17a4f&banner_location=header,9.9,49,,https://www.checkatrade.com/trades/daxabuildingsolutions993285,checkatrade,1,
Matt Best Complete Building Services,Mr Matt,Builder,Bath that,https://9tuma.app.link/kLTh3RAdIQb?cat_web_device_id=b81110a8-6804-4770-bfc9-a49944d9ab66&cat_web_session_id=aacc7414-9194-4c7b-9090-815169e17a4f&banner_location=header,9.93,158,,https://www.checkatrade.com/trades/mattbestcompletebuildingservices,checkatrade,1,
Future Build South West Ltd,Mr Neil,Builder,,https://9tuma.app.link/kLTh3RAdIQb?cat_web_device_id=b81110a8-6804-4770-bfc9-a49944d9ab66&cat_web_session_id=aacc7414-9194-4c7b-9090-815169e17a4f&banner_location=header,10,74,,https://www.checkatrade.com/trades/futurebuildsouthwestltd,checkatrade,1,
Milee Build Ltd,Mr Lee,Builder,,https://9tuma.app.link/kLTh3RAdIQb?cat_web_device_id=b81110a8-6804-4770-bfc9-a49944d9ab66&cat_web_session_id=aacc7414-9194-4c7b-9090-815169e17a4f&banner_location=header,9.83,20,,https://www.checkatrade.com/trades/mileebuild,checkatrade,1,
Aurex Developments Ltd,Mr Xhordiano,Builder,Bournemouth and,https://9tuma.app.link/kLTh3RAdIQb?cat_web_device_id=b81110a8-6804-4770-bfc9-a49944d9ab66&cat_web_session_id=aacc7414-9194-4c7b-9090-815169e17a4f&banner_location=header,10,2,,https://www.checkatrade.com/trades/aurexdevelopmentsltd,checkatrade,1,
The Somerset Construction Company,Mr Samuel,Builder,all types,https://9tuma.app.link/kLTh3RAdIQb?cat_web_device_id=b81110a8-6804-4770-bfc9-a49944d9ab66&cat_web_session_id=aacc7414-9194-4c7b-9090-815169e17a4f&banner_location=header,9.5,4,,https://www.checkatrade.com/trades/thesomersetconstructioncompany,checkatrade,1,
ESTRADA DESIGN & BUILD LIMITED,Mr Carl,Builder,Hanham Bristol,https://9tuma.app.link/kLTh3RAdIQb?cat_web_device_id=b81110a8-6804-4770-bfc9-a49944d9ab66&cat_web_session_id=aacc7414-9194-4c7b-9090-815169e17a4f&banner_location=header,9.6,10,,https://www.checkatrade.com/trades/estradadesignbuildlimited,checkatrade,1,
Whitehouse Installation Group Ltd,Mr Joel,Builder,,https://9tuma.app.link/kLTh3RAdIQb?cat_web_device_id=b81110a8-6804-4770-bfc9-a49944d9ab66&cat_web_session_id=aacc7414-9194-4c7b-9090-815169e17a4f&banner_location=header,10,1,,https://www.checkatrade.com/trades/whitehouseinstallationgroupltd,checkatrade,1,
Set Square Group Ltd,Mr Ryan,Builder,,https://9tuma.app.link/kLTh3RAdIQb?cat_web_device_id=b81110a8-6804-4770-bfc9-a49944d9ab66&cat_web_session_id=aacc7414-9194-4c7b-9090-815169e17a4f&banner_location=header,9.16,56,,https://www.checkatrade.com/trades/setsquaregroup,checkatrade,1,
Wiltshire Brickwork,,Builder,,https://9tuma.app.link/kLTh3RAdIQb?cat_web_device_id=b81110a8-6804-4770-bfc9-a49944d9ab66&cat_web_session_id=aacc7414-9194-4c7b-9090-815169e17a4f&banner_location=header,9.92,41,,https://www.checkatrade.com/trades/wiltshirebrickwork,checkatrade,1,
Rudix,Mr Andrew,Builder,,https://9tuma.app.link/kLTh3RAdIQb?cat_web_device_id=b81110a8-6804-4770-bfc9-a49944d9ab66&cat_web_session_id=aacc7414-9194-4c7b-9090-815169e17a4f&banner_location=header,9.78,3,,https://www.checkatrade.com/trades/rudix,checkatrade,1,
Werritt Builders,Mr Doug,Builder,,https://9tuma.app.link/kLTh3RAdIQb?cat_web_device_id=b81110a8-6804-4770-bfc9-a49944d9ab66&cat_web_session_id=aacc7414-9194-4c7b-9090-815169e17a4f&banner_location=header,9.91,124,,https://www.checkatrade.com/trades/werrittbuilders,checkatrade,1,
Insideout Building,Mr Richard,Builder,,https://9tuma.app.link/kLTh3RAdIQb?cat_web_device_id=b81110a8-6804-4770-bfc9-a49944d9ab66&cat_web_session_id=aacc7414-9194-4c7b-9090-815169e17a4f&banner_location=header,9.96,50,,https://www.checkatrade.com/trades/insideoutbuilding,checkatrade,1,
JMW Building Contractors,Mr Jordan,Builder,,https://9tuma.app.link/kLTh3RAdIQb?cat_web_device_id=b81110a8-6804-4770-bfc9-a49944d9ab66&cat_web_session_id=aacc7414-9194-4c7b-9090-815169e17a4f&banner_location=header,10,4,,https://www.checkatrade.com/trades/jmwbuildingcontractors5933410,checkatrade,1,
Greenwood Services,Mr Greg,Builder,Devizes Wiltshire,https://9tuma.app.link/kLTh3RAdIQb?cat_web_device_id=b81110a8-6804-4770-bfc9-a49944d9ab66&cat_web_session_id=aacc7414-9194-4c7b-9090-815169e17a4f&banner_location=header,9.56,92,,https://www.checkatrade.com/trades/greenwoodservices,checkatrade,1,
Frazer Nye Carpentry & Building,Mr Frazer,Builder,,https://9tuma.app.link/kLTh3RAdIQb?cat_web_device_id=b81110a8-6804-4770-bfc9-a49944d9ab66&cat_web_session_id=aacc7414-9194-4c7b-9090-815169e17a4f&banner_location=header,9.89,69,,https://www.checkatrade.com/trades/frazernyecarpentryandbuilding,checkatrade,1,
RM Building,Mr Ryan,Builder,Wilshire and,https://9tuma.app.link/kLTh3RAdIQb?cat_web_device_id=b81110a8-6804-4770-bfc9-a49944d9ab66&cat_web_session_id=aacc7414-9194-4c7b-9090-815169e17a4f&banner_location=header,9.87,5,,https://www.checkatrade.com/trades/rmbuilding,checkatrade,1,
The Ugly Duckling Building Company LTD,Mr Ollie,Builder,all aspects,https://9tuma.app.link/kLTh3RAdIQb?cat_web_device_id=b81110a8-6804-4770-bfc9-a49944d9ab66&cat_web_session_id=aacc7414-9194-4c7b-9090-815169e17a4f&banner_location=header,10,1,,https://www.checkatrade.com/trades/theuglyducklingbuildingcompanyltd,checkatrade,1,
Finch Renovations Limited,Mr. Martin Futcher,Builder,all types,https://9tuma.app.link/kLTh3RAdIQb?cat_web_device_id=b81110a8-6804-4770-bfc9-a49944d9ab66&cat_web_session_id=aacc7414-9194-4c7b-9090-815169e17a4f&banner_location=header,9.89,15,,https://www.checkatrade.com/trades/finchrenovationslimited962570,checkatrade,1,
Hulbert Renovations,Nigel Hulbert,Builder,the Chippenham,https://9tuma.app.link/kLTh3RAdIQb?cat_web_device_id=b81110a8-6804-4770-bfc9-a49944d9ab66&cat_web_session_id=aacc7414-9194-4c7b-9090-815169e17a4f&banner_location=header,10,78,,https://www.checkatrade.com/trades/hulbertrenovations1,checkatrade,1,
Southwest Construction,Mr Paul,Builder,,https://9tuma.app.link/kLTh3RAdIQb?cat_web_device_id=b81110a8-6804-4770-bfc9-a49944d9ab66&cat_web_session_id=aacc7414-9194-4c7b-9090-815169e17a4f&banner_location=header,8.56,6,,https://www.checkatrade.com/trades/southwestconstruction5921487,checkatrade,1,
Wellsway Building Company LTD,Mr Louis,Builder,,https://9tuma.app.link/kLTh3RAdIQb?cat_web_device_id=b81110a8-6804-4770-bfc9-a49944d9ab66&cat_web_session_id=aacc7414-9194-4c7b-9090-815169e17a4f&banner_location=header,10,9,,https://www.checkatrade.com/trades/wellswaybuildingcompanyltd,checkatrade,1,
Smart Building Solutions,Mr. Mike Smart,Builder,,https://9tuma.app.link/kLTh3RAdIQb?cat_web_device_id=b81110a8-6804-4770-bfc9-a49944d9ab66&cat_web_session_id=aacc7414-9194-4c7b-9090-815169e17a4f&banner_location=header,9.95,22,,https://www.checkatrade.com/trades/smartbuildingsolutions1021624,checkatrade,1,
JP Construction & Maintenance LTD,Mr Daniel,Builder,,https://9tuma.app.link/kLTh3RAdIQb?cat_web_device_id=b81110a8-6804-4770-bfc9-a49944d9ab66&cat_web_session_id=aacc7414-9194-4c7b-9090-815169e17a4f&banner_location=header,10,2,,https://www.checkatrade.com/trades/jpconstructionmaintenanceltd,checkatrade,1,
QLT ROOFING & BUILDING LTD,Mr. Ionut Plop,Builder,,https://9tuma.app.link/kLTh3RAdIQb?cat_web_device_id=b81110a8-6804-4770-bfc9-a49944d9ab66&cat_web_session_id=aacc7414-9194-4c7b-9090-815169e17a4f&banner_location=header,10,75,,https://www.checkatrade.com/trades/qltroofingbuildingltd | https://www.myjobquote.co.uk/t/srs-roofing-and-building | https://www.myjobquote.co.uk/t/srs-roofing-and-building | https://www.myjobquote.co.uk/t/bcw-roofing-and-building | https://www.myjobquote.co.uk/t/bcw-roofing-and-building | https://www.myjobquote.co.uk/t/jhs-roofing-and-building-1 | https://www.myjobquote.co.uk/t/jhs-roofing-and-building-1 | https://www.myjobquote.co.uk/t/amc-roofing-and-building-ltd | https://www.myjobquote.co.uk/t/amc-roofing-and-building-ltd | https://www.myjobquote.co.uk/t/eco-roofing-and-building-ltd-1 | https://www.myjobquote.co.uk/t/eco-roofing-and-building-ltd-1,"checkatrade, myjobquote",2,
Couzens Property Solutions Ltd,Mr. Shaun Couzens,Builder,,https://9tuma.app.link/kLTh3RAdIQb?cat_web_device_id=b81110a8-6804-4770-bfc9-a49944d9ab66&cat_web_session_id=aacc7414-9194-4c7b-9090-815169e17a4f&banner_location=header,9.3,51,,https://www.checkatrade.com/trades/couzenspropertysolutions874942,checkatrade,1,
Sbssw ltd,Mr Ed,Builder,Dorset and,https://9tuma.app.link/kLTh3RAdIQb?cat_web_device_id=b81110a8-6804-4770-bfc9-a49944d9ab66&cat_web_session_id=aacc7414-9194-4c7b-9090-815169e17a4f&banner_location=header,10,109,,https://www.checkatrade.com/trades/sbsswltd | https://www.myjobquote.co.uk/t/lbsc-limited | https://www.myjobquote.co.uk/t/lbsc-limited | https://www.myjobquote.co.uk/t/sbba-limited | https://www.myjobquote.co.uk/t/sbba-limited,"checkatrade, myjobquote",2,
RJ FAHY & SON,Mr Russell,Builder,Yeovil and,https://9tuma.app.link/kLTh3RAdIQb?cat_web_device_id=b81110a8-6804-4770-bfc9-a49944d9ab66&cat_web_session_id=aacc7414-9194-4c7b-9090-815169e17a4f&banner_location=header,10,14,,https://www.checkatrade.com/trades/rjfahyandson,checkatrade,1,
Rich Bartlett Construction,Mr Richard,Builder,Stoney Stratton,https://9tuma.app.link/kLTh3RAdIQb?cat_web_device_id=b81110a8-6804-4770-bfc9-a49944d9ab66&cat_web_session_id=aacc7414-9194-4c7b-9090-815169e17a4f&banner_location=header,9,1,,https://www.checkatrade.com/trades/richbartlettconstruction,checkatrade,1,
S & R Construction (South West) Limited,Mr Elliot,Builder,,https://9tuma.app.link/kLTh3RAdIQb?cat_web_device_id=b81110a8-6804-4770-bfc9-a49944d9ab66&cat_web_session_id=aacc7414-9194-4c7b-9090-815169e17a4f&banner_location=header,,10,,https://www.checkatrade.com/trades/sandrconstruction,checkatrade,1,
Cuff Building Services,Mr Simon,Builder,,https://9tuma.app.link/kLTh3RAdIQb?cat_web_device_id=b81110a8-6804-4770-bfc9-a49944d9ab66&cat_web_session_id=aacc7414-9194-4c7b-9090-815169e17a4f&banner_location=header,10,235,,https://www.checkatrade.com/trades/cuffsbuildingservices,checkatrade,1,
UKES Construction Services Limited,Mr Matthew,Builder,the south,https://9tuma.app.link/kLTh3RAdIQb?cat_web_device_id=b81110a8-6804-4770-bfc9-a49944d9ab66&cat_web_session_id=aacc7414-9194-4c7b-9090-815169e17a4f&banner_location=header,9.83,4,,https://www.checkatrade.com/trades/ukesconstructionserviceslimited,checkatrade,1,
G A Giles & Sons,Mr Darren,Builder,,https://9tuma.app.link/kLTh3RAdIQb?cat_web_device_id=b81110a8-6804-4770-bfc9-a49944d9ab66&cat_web_session_id=aacc7414-9194-4c7b-9090-815169e17a4f&banner_location=header,10,28,,https://www.checkatrade.com/trades/gagilesandsons,checkatrade,1,
JB Construction,Mr James,Builder,all aspects,https://9tuma.app.link/kLTh3RAdIQb?cat_web_device_id=b81110a8-6804-4770-bfc9-a49944d9ab66&cat_web_session_id=aacc7414-9194-4c7b-9090-815169e17a4f&banner_location=header,9.51,36,,https://www.checkatrade.com/trades/jbconstruction1072710,checkatrade,1,
Sparrow Carpentry And Building,Mr Ed,Builder,Somerton in,https://9tuma.app.link/kLTh3RAdIQb?cat_web_device_id=b81110a8-6804-4770-bfc9-a49944d9ab66&cat_web_session_id=aacc7414-9194-4c7b-9090-815169e17a4f&banner_location=header,10,47,,https://www.checkatrade.com/trades/sparrowcarpentryandbuilding,checkatrade,1,
I J Builders,Mr Ian,Builder,,https://9tuma.app.link/kLTh3RAdIQb?cat_web_device_id=b81110a8-6804-4770-bfc9-a49944d9ab66&cat_web_session_id=aacc7414-9194-4c7b-9090-815169e17a4f&banner_location=header,10,217,,https://www.checkatrade.com/trades/ijbuilders,checkatrade,1,
ADB South West,Mr Anthony,Builder,Paignton and,https://9tuma.app.link/kLTh3RAdIQb?cat_web_device_id=b81110a8-6804-4770-bfc9-a49944d9ab66&cat_web_session_id=aacc7414-9194-4c7b-9090-815169e17a4f&banner_location=header,8.95,15,,https://www.checkatrade.com/trades/adbsouthwest,checkatrade,1,
Chris The Builder,Mr Christopher,Builder,Groundworks,https://9tuma.app.link/kLTh3RAdIQb?cat_web_device_id=b81110a8-6804-4770-bfc9-a49944d9ab66&cat_web_session_id=aacc7414-9194-4c7b-9090-815169e17a4f&banner_location=header,10,68,,https://www.checkatrade.com/trades/cbsitemanagement,checkatrade,1,
JURASSIC COAST BUILDING AND MAINTENANCE LTD,Mr Denis,Builder,Weymouth,https://9tuma.app.link/kLTh3RAdIQb?cat_web_device_id=b81110a8-6804-4770-bfc9-a49944d9ab66&cat_web_session_id=aacc7414-9194-4c7b-9090-815169e17a4f&banner_location=header,10,7,,https://www.checkatrade.com/trades/jurassiccoastbuildingandmaintenanceltd,checkatrade,1,
M Dunston Building Contractors,Mr Martin,Builder,and around,https://9tuma.app.link/kLTh3RAdIQb?cat_web_device_id=b81110a8-6804-4770-bfc9-a49944d9ab66&cat_web_session_id=aacc7414-9194-4c7b-9090-815169e17a4f&banner_location=header,10,68,,https://www.checkatrade.com/trades/mdunstonbuildingcontractors,checkatrade,1,
Measure Twice Construction,Mr Max,Builder,,https://9tuma.app.link/kLTh3RAdIQb?cat_web_device_id=b81110a8-6804-4770-bfc9-a49944d9ab66&cat_web_session_id=aacc7414-9194-4c7b-9090-815169e17a4f&banner_location=header,9.93,54,,https://www.checkatrade.com/trades/maxbaggleyplasteringanddecorating,checkatrade,1,
Keystone Construction Ltd,Mr Liam,Builder,,https://9tuma.app.link/kLTh3RAdIQb?cat_web_device_id=b81110a8-6804-4770-bfc9-a49944d9ab66&cat_web_session_id=aacc7414-9194-4c7b-9090-815169e17a4f&banner_location=header,9.77,39,,https://www.checkatrade.com/trades/keystoneconstructionltd,checkatrade,1,
Gem Developments North LTD,Mr Christopher,Builder,,https://9tuma.app.link/kLTh3RAdIQb?cat_web_device_id=b81110a8-6804-4770-bfc9-a49944d9ab66&cat_web_session_id=aacc7414-9194-4c7b-9090-815169e17a4f&banner_location=header,10,1,,https://www.checkatrade.com/trades/gemdevelopmentsnorthltd5925313,checkatrade,1,
Cw Construction & Maintenance,Mr Charles,Builder,,https://9tuma.app.link/kLTh3RAdIQb?cat_web_device_id=b81110a8-6804-4770-bfc9-a49944d9ab66&cat_web_session_id=aacc7414-9194-4c7b-9090-815169e17a4f&banner_location=header,10,5,,https://www.checkatrade.com/trades/cwconstructionmaintenance,checkatrade,1,
D Crowther Construction,Mr David,Builder,,https://9tuma.app.link/kLTh3RAdIQb?cat_web_device_id=b81110a8-6804-4770-bfc9-a49944d9ab66&cat_web_session_id=aacc7414-9194-4c7b-9090-815169e17a4f&banner_location=header,9.92,103,,https://www.checkatrade.com/trades/dcrowtherconstruction,checkatrade,1,
Stephen's Building Solutions,Mr Stephen,Builder,Wigan Stephen,https://9tuma.app.link/kLTh3RAdIQb?cat_web_device_id=b81110a8-6804-4770-bfc9-a49944d9ab66&cat_web_session_id=aacc7414-9194-4c7b-9090-815169e17a4f&banner_location=header,10,118,,https://www.checkatrade.com/trades/stephensbuildingsolutions,checkatrade,1,
Complete Construction North West Limited,Mr Wayne,Builder,Lower Darwen,https://9tuma.app.link/kLTh3RAdIQb?cat_web_device_id=b81110a8-6804-4770-bfc9-a49944d9ab66&cat_web_session_id=aacc7414-9194-4c7b-9090-815169e17a4f&banner_location=header,9.33,12,,https://www.checkatrade.com/trades/completeconstructionnorthwestlimited,checkatrade,1,
MVS Builders,Mr Martins,Builder,Lytham St,https://9tuma.app.link/kLTh3RAdIQb?cat_web_device_id=b81110a8-6804-4770-bfc9-a49944d9ab66&cat_web_session_id=aacc7414-9194-4c7b-9090-815169e17a4f&banner_location=header,10,19,,https://www.checkatrade.com/trades/mvsbuilders,checkatrade,1,
Build Fix Design Bolton,Mr Paul,Builder,Bolton and,https://9tuma.app.link/kLTh3RAdIQb?cat_web_device_id=b81110a8-6804-4770-bfc9-a49944d9ab66&cat_web_session_id=aacc7414-9194-4c7b-9090-815169e17a4f&banner_location=header,9.69,31,,https://www.checkatrade.com/trades/buildfixdesignbolton,checkatrade,1,
JP MIDLAND BUILDERS LTD,Mr Jozef,Builder,,https://9tuma.app.link/kLTh3RAdIQb?cat_web_device_id=b81110a8-6804-4770-bfc9-a49944d9ab66&cat_web_session_id=aacc7414-9194-4c7b-9090-815169e17a4f&banner_location=header,9.69,31,,https://www.checkatrade.com/trades/jpmidlandbuildersltd,checkatrade,1,
MRT Building Services Limited,Mr Terry,Builder,Rochdale,https://9tuma.app.link/kLTh3RAdIQb?cat_web_device_id=b81110a8-6804-4770-bfc9-a49944d9ab66&cat_web_session_id=aacc7414-9194-4c7b-9090-815169e17a4f&banner_location=header,9.67,10,,https://www.checkatrade.com/trades/mrtbuildingserviceslimited | https://www.myjobquote.co.uk/t/br-building-service-ltd | https://www.myjobquote.co.uk/t/br-building-service-ltd | https://www.myjobquote.co.uk/t/pat-building-service-ltd | https://www.myjobquote.co.uk/t/pat-building-service-ltd,"checkatrade, myjobquote",2,
Garage Conversions NorthWest Ltd,Mr Troy,Builder,,https://9tuma.app.link/kLTh3RAdIQb?cat_web_device_id=b81110a8-6804-4770-bfc9-a49944d9ab66&cat_web_session_id=aacc7414-9194-4c7b-9090-815169e17a4f&banner_location=header,10,93,,https://www.checkatrade.com/trades/garageconversionsnorthwestltd,checkatrade,1,
Jpm Building & Joinery Services Limited,Mr Peter,Builder,,https://9tuma.app.link/kLTh3RAdIQb?cat_web_device_id=b81110a8-6804-4770-bfc9-a49944d9ab66&cat_web_session_id=aacc7414-9194-4c7b-9090-815169e17a4f&banner_location=header,9.83,12,,https://www.checkatrade.com/trades/jpmbuildingjoineryserviceslimited,checkatrade,1,
ESBP Specialists Limited,Jonathan Mott,Builder,the Manchester,https://9tuma.app.link/kLTh3RAdIQb?cat_web_device_id=b81110a8-6804-4770-bfc9-a49944d9ab66&cat_web_session_id=aacc7414-9194-4c7b-9090-815169e17a4f&banner_location=header,9.62,85,,https://www.checkatrade.com/trades/esbpspecialists,checkatrade,1,
Bespoke Living (Construction & Development) Ltd,Mr David,Builder,the Northwest,https://9tuma.app.link/kLTh3RAdIQb?cat_web_device_id=b81110a8-6804-4770-bfc9-a49944d9ab66&cat_web_session_id=aacc7414-9194-4c7b-9090-815169e17a4f&banner_location=header,9.67,1,,https://www.checkatrade.com/trades/bespokeliving1116910,checkatrade,1,
Entire Building Services,Mr Joshua,Builder,,https://9tuma.app.link/kLTh3RAdIQb?cat_web_device_id=b81110a8-6804-4770-bfc9-a49944d9ab66&cat_web_session_id=aacc7414-9194-4c7b-9090-815169e17a4f&banner_location=header,10,31,,https://www.checkatrade.com/trades/entirebuildingservices,checkatrade,1,
Cheshire Design And Build Nw Ltd,Mr Craig,Builder,,https://9tuma.app.link/kLTh3RAdIQb?cat_web_device_id=b81110a8-6804-4770-bfc9-a49944d9ab66&cat_web_session_id=aacc7414-9194-4c7b-9090-815169e17a4f&banner_location=header,9.92,64,,https://www.checkatrade.com/trades/cheshiredesignandbuildnw,checkatrade,1,
The Sheridan Group Ltd,Mr James,Builder,it,https://9tuma.app.link/kLTh3RAdIQb?cat_web_device_id=b81110a8-6804-4770-bfc9-a49944d9ab66&cat_web_session_id=aacc7414-9194-4c7b-9090-815169e17a4f&banner_location=header,9.32,19,,https://www.checkatrade.com/trades/thesheridangroupltd,checkatrade,1,
All Round Home Improvements Ltd,Mr Sean,Builder,,https://9tuma.app.link/kLTh3RAdIQb?cat_web_device_id=b81110a8-6804-4770-bfc9-a49944d9ab66&cat_web_session_id=aacc7414-9194-4c7b-9090-815169e17a4f&banner_location=header,9.94,6,,https://www.checkatrade.com/trades/allroundhomeimprovementsltd,checkatrade,1,
Lucava Property Maintenance,Mr Chris,Builder,all aspects,https://9tuma.app.link/kLTh3RAdIQb?cat_web_device_id=b81110a8-6804-4770-bfc9-a49944d9ab66&cat_web_session_id=aacc7414-9194-4c7b-9090-815169e17a4f&banner_location=header,10,37,,https://www.checkatrade.com/trades/lucavapropertymaintenance1061342,checkatrade,1,
RJB Builders,Mr Ryan,Builder,Hightown Castleford,https://9tuma.app.link/kLTh3RAdIQb?cat_web_device_id=b81110a8-6804-4770-bfc9-a49944d9ab66&cat_web_session_id=aacc7414-9194-4c7b-9090-815169e17a4f&banner_location=header,,,,https://www.checkatrade.com/trades/rjbbuilders,checkatrade,1,
N C Bricklaying Contractors Limited,Mr Carl,Builder,,https://9tuma.app.link/kLTh3RAdIQb?cat_web_device_id=b81110a8-6804-4770-bfc9-a49944d9ab66&cat_web_session_id=aacc7414-9194-4c7b-9090-815169e17a4f&banner_location=header,10,2,,https://www.checkatrade.com/trades/ncbricklayingcontractorslimited,checkatrade,1,
GF Wilson Partnership,Mr Gary,Builder,Rochdale and,https://9tuma.app.link/kLTh3RAdIQb?cat_web_device_id=b81110a8-6804-4770-bfc9-a49944d9ab66&cat_web_session_id=aacc7414-9194-4c7b-9090-815169e17a4f&banner_location=header,9.69,31,,https://www.checkatrade.com/trades/gfwilsonpartnership,checkatrade,1,
JA Renovations Building Contractors Limited,Mr John,Builder,,https://9tuma.app.link/kLTh3RAdIQb?cat_web_device_id=b81110a8-6804-4770-bfc9-a49944d9ab66&cat_web_session_id=aacc7414-9194-4c7b-9090-815169e17a4f&banner_location=header,9.8,35,,https://www.checkatrade.com/trades/jarenovationsbuildingcontract,checkatrade,1,
Casa Building Solutions Ltd,Mr. Aaron Brook,Builder,,https://9tuma.app.link/kLTh3RAdIQb?cat_web_device_id=b81110a8-6804-4770-bfc9-a49944d9ab66&cat_web_session_id=aacc7414-9194-4c7b-9090-815169e17a4f&banner_location=header,9.92,121,,https://www.checkatrade.com/trades/casabuildingsolutions,checkatrade,1,
Bespoke Home & Build LTD,Mr. Andrew Mc,Builder,,https://9tuma.app.link/kLTh3RAdIQb?cat_web_device_id=b81110a8-6804-4770-bfc9-a49944d9ab66&cat_web_session_id=aacc7414-9194-4c7b-9090-815169e17a4f&banner_location=header,10,51,,https://www.checkatrade.com/trades/bespokehomebuildltd,checkatrade,1,
Nex Gen Building Services Ltd,Mr Haseeb,Builder,,https://9tuma.app.link/kLTh3RAdIQb?cat_web_device_id=b81110a8-6804-4770-bfc9-a49944d9ab66&cat_web_session_id=aacc7414-9194-4c7b-9090-815169e17a4f&banner_location=header,9.71,68,,https://www.checkatrade.com/trades/nexgenbuildingservicesltd,checkatrade,1,
K-7 Property Services LTD,Mr Luke,Builder,,https://9tuma.app.link/kLTh3RAdIQb?cat_web_device_id=b81110a8-6804-4770-bfc9-a49944d9ab66&cat_web_session_id=aacc7414-9194-4c7b-9090-815169e17a4f&banner_location=header,9.43,36,,https://www.checkatrade.com/trades/k7propertyservicesltd,checkatrade,1,
Preservation Solutions,Mr Mark,Builder,Heckmondwike and,https://9tuma.app.link/kLTh3RAdIQb?cat_web_device_id=b81110a8-6804-4770-bfc9-a49944d9ab66&cat_web_session_id=aacc7414-9194-4c7b-9090-815169e17a4f&banner_location=header,9.71,68,,https://www.checkatrade.com/trades/preservationsolutions,checkatrade,1,
Up-close Construction Ltd,Mr Ben,Builder,,https://9tuma.app.link/kLTh3RAdIQb?cat_web_device_id=b81110a8-6804-4770-bfc9-a49944d9ab66&cat_web_session_id=aacc7414-9194-4c7b-9090-815169e17a4f&banner_location=header,9.68,60,,https://www.checkatrade.com/trades/upcloseconstruction,checkatrade,1,
M Drummond Construction Limited,Mr Matthew,Builder,the following,https://9tuma.app.link/kLTh3RAdIQb?cat_web_device_id=b81110a8-6804-4770-bfc9-a49944d9ab66&cat_web_session_id=aacc7414-9194-4c7b-9090-815169e17a4f&banner_location=header,9.6,24,,https://www.checkatrade.com/trades/mdrummondservices,checkatrade,1,
Established Home Improvements,Mr Benjamin,Builder,,https://9tuma.app.link/kLTh3RAdIQb?cat_web_device_id=b81110a8-6804-4770-bfc9-a49944d9ab66&cat_web_session_id=aacc7414-9194-4c7b-9090-815169e17a4f&banner_location=header,10,10,,https://www.checkatrade.com/trades/establishedhomeimprovements,checkatrade,1,
OAKLEY BUILDERS LEEDS LIMITED,Mr Dean,Builder,,https://9tuma.app.link/kLTh3RAdIQb?cat_web_device_id=b81110a8-6804-4770-bfc9-a49944d9ab66&cat_web_session_id=aacc7414-9194-4c7b-9090-815169e17a4f&banner_location=header,9.83,50,,https://www.checkatrade.com/trades/oakleybuildersleedsltd,checkatrade,1,
Handley Builders Group Ltd,Mr Jonathan,Builder,,https://9tuma.app.link/kLTh3RAdIQb?cat_web_device_id=b81110a8-6804-4770-bfc9-a49944d9ab66&cat_web_session_id=aacc7414-9194-4c7b-9090-815169e17a4f&banner_location=header,10,5,,https://www.checkatrade.com/trades/handleybuildersgroupltd,checkatrade,1,
IH.Builder,Mr Ian,Builder,,https://9tuma.app.link/kLTh3RAdIQb?cat_web_device_id=b81110a8-6804-4770-bfc9-a49944d9ab66&cat_web_session_id=aacc7414-9194-4c7b-9090-815169e17a4f&banner_location=header,10,51,,https://www.checkatrade.com/trades/ihbuilder1059415 | https://www.myjobquote.co.uk/t/narcyz | https://www.myjobquote.co.uk/t/narcyz,"checkatrade, myjobquote",2,
NorthSouth Joinery & Building,Mr Silas,Builder,all aspects,https://9tuma.app.link/kLTh3RAdIQb?cat_web_device_id=b81110a8-6804-4770-bfc9-a49944d9ab66&cat_web_session_id=aacc7414-9194-4c7b-9090-815169e17a4f&banner_location=header,9.74,38,,https://www.checkatrade.com/trades/northsouthjoinerybuilding,checkatrade,1,
Elite Joinery & Building Solutions Ltd,Mr. Adam Johnson,Builder,,https://9tuma.app.link/kLTh3RAdIQb?cat_web_device_id=b81110a8-6804-4770-bfc9-a49944d9ab66&cat_web_session_id=aacc7414-9194-4c7b-9090-815169e17a4f&banner_location=header,9.83,50,,https://www.checkatrade.com/trades/elitejoineryandbuildingsolutions,checkatrade,1,
G.C BUILDERS,Mr Gustaw,Builder,,https://9tuma.app.link/kLTh3RAdIQb?cat_web_device_id=b81110a8-6804-4770-bfc9-a49944d9ab66&cat_web_session_id=aacc7414-9194-4c7b-9090-815169e17a4f&banner_location=header,9.07,32,,https://www.checkatrade.com/trades/gcbuilders1089611,checkatrade,1,
Gregory Building & Electrical Services,Mr Matthew,Builder,,https://9tuma.app.link/kLTh3RAdIQb?cat_web_device_id=b81110a8-6804-4770-bfc9-a49944d9ab66&cat_web_session_id=aacc7414-9194-4c7b-9090-815169e17a4f&banner_location=header,10,23,,https://www.checkatrade.com/trades/gregorybuildingelectricalservices,checkatrade,1,
J.T.C Construction,Mr Jack,Builder,Otley,https://9tuma.app.link/kLTh3RAdIQb?cat_web_device_id=b81110a8-6804-4770-bfc9-a49944d9ab66&cat_web_session_id=aacc7414-9194-4c7b-9090-815169e17a4f&banner_location=header,10,2,,https://www.checkatrade.com/trades/jtcconstruction,checkatrade,1,
Ratcliffe Carpentry & Building Ltd,Mr Peter,Builder,,https://9tuma.app.link/kLTh3RAdIQb?cat_web_device_id=b81110a8-6804-4770-bfc9-a49944d9ab66&cat_web_session_id=aacc7414-9194-4c7b-9090-815169e17a4f&banner_location=header,9.86,126,,https://www.checkatrade.com/trades/ratcliffecarpentryandbuilding,checkatrade,1,
Richard Sanders Home Improvements,Mr Richard,Builder,,https://9tuma.app.link/kLTh3RAdIQb?cat_web_device_id=b81110a8-6804-4770-bfc9-a49944d9ab66&cat_web_session_id=aacc7414-9194-4c7b-9090-815169e17a4f&banner_location=header,,6,,https://www.checkatrade.com/trades/richardsandershomeimprovements,checkatrade,1,
Prohaus Design Limited,Mr Alexander,Builder,Pool in,https://9tuma.app.link/kLTh3RAdIQb?cat_web_device_id=b81110a8-6804-4770-bfc9-a49944d9ab66&cat_web_session_id=aacc7414-9194-4c7b-9090-815169e17a4f&banner_location=header,,,,https://www.checkatrade.com/trades/prohausdesignlimited,checkatrade,1,
DKBGROUP,Mr. Alan Broadfoot,Builder,,https://9tuma.app.link/kLTh3RAdIQb?cat_web_device_id=b81110a8-6804-4770-bfc9-a49944d9ab66&cat_web_session_id=aacc7414-9194-4c7b-9090-815169e17a4f&banner_location=header,10,24,,https://www.checkatrade.com/trades/dkbgroup989826 | https://www.myjobquote.co.uk/t/sl-group | https://www.myjobquote.co.uk/t/sl-group,"checkatrade, myjobquote",2,
Dobson Building Contractors,Matthew Dobson,Builder,Wakefield,https://9tuma.app.link/kLTh3RAdIQb?cat_web_device_id=b81110a8-6804-4770-bfc9-a49944d9ab66&cat_web_session_id=aacc7414-9194-4c7b-9090-815169e17a4f&banner_location=header,9.45,34,,https://www.checkatrade.com/trades/dobsonbuildingcontractors,checkatrade,1,
Drake & Sons Ltd,Mr Anthony,Builder,,https://9tuma.app.link/kLTh3RAdIQb?cat_web_device_id=b81110a8-6804-4770-bfc9-a49944d9ab66&cat_web_session_id=aacc7414-9194-4c7b-9090-815169e17a4f&banner_location=header,9.71,40,,https://www.checkatrade.com/trades/drakeandsons,checkatrade,1,
West & Hill Renovations,Mr Will,Builder,Leeds undertaking,https://9tuma.app.link/kLTh3RAdIQb?cat_web_device_id=b81110a8-6804-4770-bfc9-a49944d9ab66&cat_web_session_id=aacc7414-9194-4c7b-9090-815169e17a4f&banner_location=header,10,145,,https://www.checkatrade.com/trades/westandhillrenovations,checkatrade,1,
Dixons Building Services Yorkshire Limited,Mr Martin,Builder,all West,https://9tuma.app.link/kLTh3RAdIQb?cat_web_device_id=b81110a8-6804-4770-bfc9-a49944d9ab66&cat_web_session_id=aacc7414-9194-4c7b-9090-815169e17a4f&banner_location=header,10,5,,https://www.checkatrade.com/trades/dixonsbuildingservicesyorkshirelimited,checkatrade,1,
DB Huntley Builders,Mr Lawrence,Builder,,https://9tuma.app.link/kLTh3RAdIQb?cat_web_device_id=b81110a8-6804-4770-bfc9-a49944d9ab66&cat_web_session_id=aacc7414-9194-4c7b-9090-815169e17a4f&banner_location=header,9.92,12,,https://www.checkatrade.com/trades/dbhuntleybuilders,checkatrade,1,
Prokil Damp & Timber Specialists,Mr Giancarlo,Builder,,https://9tuma.app.link/kLTh3RAdIQb?cat_web_device_id=b81110a8-6804-4770-bfc9-a49944d9ab66&cat_web_session_id=aacc7414-9194-4c7b-9090-815169e17a4f&banner_location=header,8.97,282,,https://www.checkatrade.com/trades/prokildampandtimber,checkatrade,1,
S.J.K Home Improvements,Mr Shane,Builder,Southampton,https://9tuma.app.link/kLTh3RAdIQb?cat_web_device_id=b81110a8-6804-4770-bfc9-a49944d9ab66&cat_web_session_id=aacc7414-9194-4c7b-9090-815169e17a4f&banner_location=header,10,88,,https://www.checkatrade.com/trades/sjkhomeimprovements,checkatrade,1,
B A Clark & Son,Mr. Brian Clark,Builder,,https://9tuma.app.link/kLTh3RAdIQb?cat_web_device_id=b81110a8-6804-4770-bfc9-a49944d9ab66&cat_web_session_id=aacc7414-9194-4c7b-9090-815169e17a4f&banner_location=header,9.85,133,,https://www.checkatrade.com/trades/baclarkson,checkatrade,1,
KJ Kilford Carpentry Contractors Limited,Mr Kevin,Builder,,https://9tuma.app.link/kLTh3RAdIQb?cat_web_device_id=b81110a8-6804-4770-bfc9-a49944d9ab66&cat_web_session_id=aacc7414-9194-4c7b-9090-815169e17a4f&banner_location=header,9.79,165,,https://www.checkatrade.com/trades/kjkilfordcarpentrycontractors,checkatrade,1,
HD Kitchens & Developments,Mr Harry,Builder,all trades,https://9tuma.app.link/kLTh3RAdIQb?cat_web_device_id=b81110a8-6804-4770-bfc9-a49944d9ab66&cat_web_session_id=aacc7414-9194-4c7b-9090-815169e17a4f&banner_location=header,9.97,104,,https://www.checkatrade.com/trades/hdkitchensltd,checkatrade,1,
Safari Property Services,Mr Mehdi,Builder,,https://9tuma.app.link/kLTh3RAdIQb?cat_web_device_id=b81110a8-6804-4770-bfc9-a49944d9ab66&cat_web_session_id=aacc7414-9194-4c7b-9090-815169e17a4f&banner_location=header,10,163,,https://www.checkatrade.com/trades/safaribuilders | https://www.myjobquote.co.uk/t/sabre-property-services | https://www.myjobquote.co.uk/t/sabre-property-services,"checkatrade, myjobquote",2,
Dorset Building & Landscaping Ltd,Mr. Aron Goodwin,Builder,,https://9tuma.app.link/kLTh3RAdIQb?cat_web_device_id=b81110a8-6804-4770-bfc9-a49944d9ab66&cat_web_session_id=aacc7414-9194-4c7b-9090-815169e17a4f&banner_location=header,10,66,,https://www.checkatrade.com/trades/dorsetbuildingandlandscapingltd,checkatrade,1,
Summerfield Property Developments Ltd,Mr. Paul Summerfield,Builder,,https://9tuma.app.link/kLTh3RAdIQb?cat_web_device_id=b81110a8-6804-4770-bfc9-a49944d9ab66&cat_web_session_id=aacc7414-9194-4c7b-9090-815169e17a4f&banner_location=header,9.83,121,,https://www.checkatrade.com/trades/summerfieldpropertydevelopmentsltd,checkatrade,1,
Phil Lavender Building Contractor,Mr Philip,Builder,,https://9tuma.app.link/kLTh3RAdIQb?cat_web_device_id=b81110a8-6804-4770-bfc9-a49944d9ab66&cat_web_session_id=aacc7414-9194-4c7b-9090-815169e17a4f&banner_location=header,9.89,64,,https://www.checkatrade.com/trades/phillavenderbuildingcontractor,checkatrade,1,
DC Construction and Groundworks,Mr. Dean Crow,Builder,,https://9tuma.app.link/kLTh3RAdIQb?cat_web_device_id=b81110a8-6804-4770-bfc9-a49944d9ab66&cat_web_session_id=aacc7414-9194-4c7b-9090-815169e17a4f&banner_location=header,10,27,,https://www.checkatrade.com/trades/dcconstructionandgroundworks1050931,checkatrade,1,
SW PROPERTY CARE LTD,Mr. Ryan Whitelock,Builder,,https://9tuma.app.link/kLTh3RAdIQb?cat_web_device_id=b81110a8-6804-4770-bfc9-a49944d9ab66&cat_web_session_id=aacc7414-9194-4c7b-9090-815169e17a4f&banner_location=header,9.92,128,,https://www.checkatrade.com/trades/swpropertycare989380,checkatrade,1,
J Shirley and Son loft conversions/ extensions,Mr Jamie,Builder,,https://9tuma.app.link/kLTh3RAdIQb?cat_web_device_id=b81110a8-6804-4770-bfc9-a49944d9ab66&cat_web_session_id=aacc7414-9194-4c7b-9090-815169e17a4f&banner_location=header,10,19,,https://www.checkatrade.com/trades/jshirleyandsonslofts,checkatrade,1,
UTB CONSTRUCTION LTD,Mr Dimitrios,Builder,,https://9tuma.app.link/kLTh3RAdIQb?cat_web_device_id=b81110a8-6804-4770-bfc9-a49944d9ab66&cat_web_session_id=aacc7414-9194-4c7b-9090-815169e17a4f&banner_location=header,9.93,5,,https://www.checkatrade.com/trades/utbconstructionltd,checkatrade,1,
Purbeck Home Improvements & Developers Ltd,Mrs Kelly,Builder,,https://9tuma.app.link/kLTh3RAdIQb?cat_web_device_id=b81110a8-6804-4770-bfc9-a49944d9ab66&cat_web_session_id=aacc7414-9194-4c7b-9090-815169e17a4f&banner_location=header,9.93,280,,https://www.checkatrade.com/trades/purbeckhomeimprovementsanddevelopers,checkatrade,1,
Wilkinson Projects Gs Limited,,Builder,FERNDOWN and,https://9tuma.app.link/kLTh3RAdIQb?cat_web_device_id=b81110a8-6804-4770-bfc9-a49944d9ab66&cat_web_session_id=aacc7414-9194-4c7b-9090-815169e17a4f&banner_location=header,10,8,,https://www.checkatrade.com/trades/wilkinsonprojectsgs988169,checkatrade,1,
Sublime Developments Ltd,Mr Mike,Builder,,https://9tuma.app.link/kLTh3RAdIQb?cat_web_device_id=b81110a8-6804-4770-bfc9-a49944d9ab66&cat_web_session_id=aacc7414-9194-4c7b-9090-815169e17a4f&banner_location=header,9.17,54,,https://www.checkatrade.com/trades/sublimedevelopmentsltd,checkatrade,1,
Cheshire Extensions & Conversions,Mr. Carl Simmutch,Builder,,https://9tuma.app.link/kLTh3RAdIQb?cat_web_device_id=b81110a8-6804-4770-bfc9-a49944d9ab66&cat_web_session_id=aacc7414-9194-4c7b-9090-815169e17a4f&banner_location=header,10,18,,https://www.checkatrade.com/trades/cheshireextensionsandconversions,checkatrade,1,
C Wylie and Sons,Mr Colin,Builder,,https://9tuma.app.link/kLTh3RAdIQb?cat_web_device_id=b81110a8-6804-4770-bfc9-a49944d9ab66&cat_web_session_id=aacc7414-9194-4c7b-9090-815169e17a4f&banner_location=header,9.83,19,,https://www.checkatrade.com/trades/cwylieandsons,checkatrade,1,
Manchester multitrades,Mr William,Builder,,https://9tuma.app.link/kLTh3RAdIQb?cat_web_device_id=b81110a8-6804-4770-bfc9-a49944d9ab66&cat_web_session_id=aacc7414-9194-4c7b-9090-815169e17a4f&banner_location=header,9.79,17,,https://www.checkatrade.com/trades/manchestermultitrades,checkatrade,1,
Express Building Services NW Ltd,Mr Barry,Builder,,https://9tuma.app.link/kLTh3RAdIQb?cat_web_device_id=b81110a8-6804-4770-bfc9-a49944d9ab66&cat_web_session_id=aacc7414-9194-4c7b-9090-815169e17a4f&banner_location=header,10,223,,https://www.checkatrade.com/trades/expressbuildingservicesnwltd,checkatrade,1,
DLT-M Construction Ltd,Mr Manoochehr,Builder,,https://9tuma.app.link/kLTh3RAdIQb?cat_web_device_id=b81110a8-6804-4770-bfc9-a49944d9ab66&cat_web_session_id=aacc7414-9194-4c7b-9090-815169e17a4f&banner_location=header,10,14,,https://www.checkatrade.com/trades/dltmconstruction,checkatrade,1,
Structural Projects North West,Mr Sam,Builder,,https://9tuma.app.link/kLTh3RAdIQb?cat_web_device_id=b81110a8-6804-4770-bfc9-a49944d9ab66&cat_web_session_id=aacc7414-9194-4c7b-9090-815169e17a4f&banner_location=header,10,8,,https://www.checkatrade.com/trades/structuralprojectsnorthwest,checkatrade,1,
Steve Parkes Builders,Mr Steven,Builder,,https://9tuma.app.link/kLTh3RAdIQb?cat_web_device_id=b81110a8-6804-4770-bfc9-a49944d9ab66&cat_web_session_id=aacc7414-9194-4c7b-9090-815169e17a4f&banner_location=header,10,15,,https://www.checkatrade.com/trades/steveparkesbuilders,checkatrade,1,
SAHI PROPERTIES LIMITED,Mr Salman,Builder,Manchester,https://9tuma.app.link/kLTh3RAdIQb?cat_web_device_id=b81110a8-6804-4770-bfc9-a49944d9ab66&cat_web_session_id=aacc7414-9194-4c7b-9090-815169e17a4f&banner_location=header,9.71,14,,https://www.checkatrade.com/trades/sahipropertieslimited,checkatrade,1,
Mantis restoration,Mr Nathan,Builder,,https://9tuma.app.link/kLTh3RAdIQb?cat_web_device_id=b81110a8-6804-4770-bfc9-a49944d9ab66&cat_web_session_id=aacc7414-9194-4c7b-9090-815169e17a4f&banner_location=header,9.9,13,,https://www.checkatrade.com/trades/mantisrestoration,checkatrade,1,
Complete Carpentry and Maintenance Ltd,Mr Chris,Builder,,https://9tuma.app.link/kLTh3RAdIQb?cat_web_device_id=b81110a8-6804-4770-bfc9-a49944d9ab66&cat_web_session_id=aacc7414-9194-4c7b-9090-815169e17a4f&banner_location=header,9.25,158,,https://www.checkatrade.com/trades/completecarpentryandmaintenan,checkatrade,1,
Master Brick Care,Mr. Michael Wilson,Builder,,https://9tuma.app.link/kLTh3RAdIQb?cat_web_device_id=b81110a8-6804-4770-bfc9-a49944d9ab66&cat_web_session_id=aacc7414-9194-4c7b-9090-815169e17a4f&banner_location=header,10,17,,https://www.checkatrade.com/trades/michaelwilsonrepointingroofingandstructuralrepairs,checkatrade,1,
Hinton & Moon Building Limited,Mr Edward,Builder,East Sussex,https://9tuma.app.link/kLTh3RAdIQb?cat_web_device_id=b81110a8-6804-4770-bfc9-a49944d9ab66&cat_web_session_id=aacc7414-9194-4c7b-9090-815169e17a4f&banner_location=header,9.96,47,,https://www.checkatrade.com/trades/hintonandmoonbuilding,checkatrade,1,
GRF Building & Plastering LTD,Mr Geoff,Builder,,https://9tuma.app.link/kLTh3RAdIQb?cat_web_device_id=b81110a8-6804-4770-bfc9-a49944d9ab66&cat_web_session_id=aacc7414-9194-4c7b-9090-815169e17a4f&banner_location=header,10,322,,https://www.checkatrade.com/trades/grfbuildingplastering,checkatrade,1,
KJ's Building Contractors Ltd,Mr Kris,Builder,Worthing but,https://9tuma.app.link/kLTh3RAdIQb?cat_web_device_id=b81110a8-6804-4770-bfc9-a49944d9ab66&cat_web_session_id=aacc7414-9194-4c7b-9090-815169e17a4f&banner_location=header,10,183,,https://www.checkatrade.com/trades/kjsbuildingcontractorslancing,checkatrade,1,
Charles Edward Construction,Mr Charlie,Builder,,https://9tuma.app.link/kLTh3RAdIQb?cat_web_device_id=b81110a8-6804-4770-bfc9-a49944d9ab66&cat_web_session_id=aacc7414-9194-4c7b-9090-815169e17a4f&banner_location=header,10,8,,https://www.checkatrade.com/trades/charlesedwardconstruction,checkatrade,1,
Moore Trades,Mr Shane,Builder,,https://9tuma.app.link/kLTh3RAdIQb?cat_web_device_id=b81110a8-6804-4770-bfc9-a49944d9ab66&cat_web_session_id=aacc7414-9194-4c7b-9090-815169e17a4f&banner_location=header,9.94,86,,https://www.checkatrade.com/trades/mooretrades,checkatrade,1,
Aspen Row Ltd,Mr Harry,Builder,,https://9tuma.app.link/kLTh3RAdIQb?cat_web_device_id=b81110a8-6804-4770-bfc9-a49944d9ab66&cat_web_session_id=aacc7414-9194-4c7b-9090-815169e17a4f&banner_location=header,9.8,75,,https://www.checkatrade.com/trades/aspenrow,checkatrade,1,
TRG Property Care,Mr. Tony Griffith,Builder,,https://9tuma.app.link/kLTh3RAdIQb?cat_web_device_id=b81110a8-6804-4770-bfc9-a49944d9ab66&cat_web_session_id=aacc7414-9194-4c7b-9090-815169e17a4f&banner_location=header,9.72,147,,https://www.checkatrade.com/trades/trgpropertycare,checkatrade,1,
Affordable Building & Conservatories,Mr. Richard Archer,Builder,,https://9tuma.app.link/kLTh3RAdIQb?cat_web_device_id=b81110a8-6804-4770-bfc9-a49944d9ab66&cat_web_session_id=aacc7414-9194-4c7b-9090-815169e17a4f&banner_location=header,10,39,,https://www.checkatrade.com/trades/affordablebuildingconservatories962553,checkatrade,1,
Sinclair & Jones Building Contractors Ltd,Mr Andrew,Builder,,https://9tuma.app.link/kLTh3RAdIQb?cat_web_device_id=b81110a8-6804-4770-bfc9-a49944d9ab66&cat_web_session_id=aacc7414-9194-4c7b-9090-815169e17a4f&banner_location=header,9.73,63,,https://www.checkatrade.com/trades/sinclairandjonesbuildingcontra,checkatrade,1,
JB Carpentry & Construction,Mr Jeff,Builder,,https://9tuma.app.link/kLTh3RAdIQb?cat_web_device_id=b81110a8-6804-4770-bfc9-a49944d9ab66&cat_web_session_id=aacc7414-9194-4c7b-9090-815169e17a4f&banner_location=header,10,32,,https://www.checkatrade.com/trades/jbcarpentryandconstruction,checkatrade,1,
JT Builds & Specialised Carpentry,Mr Jeremy,Builder,,https://9tuma.app.link/kLTh3RAdIQb?cat_web_device_id=b81110a8-6804-4770-bfc9-a49944d9ab66&cat_web_session_id=aacc7414-9194-4c7b-9090-815169e17a4f&banner_location=header,9.97,10,,https://www.checkatrade.com/trades/jtbuildsspecialisedcarpentry,checkatrade,1,
Croft Builders Ltd,Mr Mark,Builder,,https://9tuma.app.link/kLTh3RAdIQb?cat_web_device_id=b81110a8-6804-4770-bfc9-a49944d9ab66&cat_web_session_id=aacc7414-9194-4c7b-9090-815169e17a4f&banner_location=header,9.97,10,,https://www.checkatrade.com/trades/croftbuilders,checkatrade,1,
JPS Property Maintenance Lancing,Mr John,Builder,Lancing and,https://9tuma.app.link/kLTh3RAdIQb?cat_web_device_id=b81110a8-6804-4770-bfc9-a49944d9ab66&cat_web_session_id=aacc7414-9194-4c7b-9090-815169e17a4f&banner_location=header,10,229,,https://www.checkatrade.com/trades/jpspropertymaintenance,checkatrade,1,
Apex Lofts & Construction Ltd,Mr Joshua,Builder,the South,https://9tuma.app.link/kLTh3RAdIQb?cat_web_device_id=b81110a8-6804-4770-bfc9-a49944d9ab66&cat_web_session_id=aacc7414-9194-4c7b-9090-815169e17a4f&banner_location=header,9.27,62,,https://www.checkatrade.com/trades/apexloftconversions891537,checkatrade,1,
Tyler's Workshop Ltd,Mr Tyler,Builder,,https://9tuma.app.link/kLTh3RAdIQb?cat_web_device_id=b81110a8-6804-4770-bfc9-a49944d9ab66&cat_web_session_id=aacc7414-9194-4c7b-9090-815169e17a4f&banner_location=header,9.95,273,,https://www.checkatrade.com/trades/tylersworkshop,checkatrade,1,
True Construction,Mr. Sam Thomas,Builder,,https://9tuma.app.link/kLTh3RAdIQb?cat_web_device_id=b81110a8-6804-4770-bfc9-a49944d9ab66&cat_web_session_id=aacc7414-9194-4c7b-9090-815169e17a4f&banner_location=header,9.69,12,,https://www.checkatrade.com/trades/trueconstruction | https://www.myjobquote.co.uk/t/kruger-construction-ltd,"checkatrade, myjobquote",2,
HM Carpentry and Building Services Ltd,Mr Dominic,Builder,,https://9tuma.app.link/kLTh3RAdIQb?cat_web_device_id=b81110a8-6804-4770-bfc9-a49944d9ab66&cat_web_session_id=aacc7414-9194-4c7b-9090-815169e17a4f&banner_location=header,9.47,66,,https://www.checkatrade.com/trades/hmcarpentryandbuildingservicesltd,checkatrade,1,
Greve and Son Ltd,Mr Jonny,Builder,,https://9tuma.app.link/kLTh3RAdIQb?cat_web_device_id=b81110a8-6804-4770-bfc9-a49944d9ab66&cat_web_session_id=aacc7414-9194-4c7b-9090-815169e17a4f&banner_location=header,10,172,,https://www.checkatrade.com/trades/greveandsonltd,checkatrade,1,
Rockwood Construction Ltd,Mr Shukaib,Builder,,https://9tuma.app.link/kLTh3RAdIQb?cat_web_device_id=b81110a8-6804-4770-bfc9-a49944d9ab66&cat_web_session_id=aacc7414-9194-4c7b-9090-815169e17a4f&banner_location=header,9.93,5,,https://www.checkatrade.com/trades/rockwoodconstructionltd5930267,checkatrade,1,
Wilcox Home Improvements,Mr William,Builder,Bexhill on,https://9tuma.app.link/kLTh3RAdIQb?cat_web_device_id=b81110a8-6804-4770-bfc9-a49944d9ab66&cat_web_session_id=aacc7414-9194-4c7b-9090-815169e17a4f&banner_location=header,9.97,10,,https://www.checkatrade.com/trades/wilcoxhomeimprovements,checkatrade,1,
P Weston Developments & Installation Ltd,Mr Paul,Builder,,https://9tuma.app.link/kLTh3RAdIQb?cat_web_device_id=b81110a8-6804-4770-bfc9-a49944d9ab66&cat_web_session_id=aacc7414-9194-4c7b-9090-815169e17a4f&banner_location=header,9.92,168,,https://www.checkatrade.com/trades/pwestondevelopmentsandinstallation,checkatrade,1,
Jackdaw Building,Mr Nathan,Builder,,https://9tuma.app.link/kLTh3RAdIQb?cat_web_device_id=b81110a8-6804-4770-bfc9-a49944d9ab66&cat_web_session_id=aacc7414-9194-4c7b-9090-815169e17a4f&banner_location=header,10,20,,https://www.checkatrade.com/trades/jackdawbuilding,checkatrade,1,
Mint Space Developments Ltd,Mrs Annmarie,Builder,,https://9tuma.app.link/kLTh3RAdIQb?cat_web_device_id=b81110a8-6804-4770-bfc9-a49944d9ab66&cat_web_session_id=aacc7414-9194-4c7b-9090-815169e17a4f&banner_location=header,10,1,,https://www.checkatrade.com/trades/mintspacedevelopmentsltd,checkatrade,1,
Blackwell Design and Build Ltd,Mr Adam,Builder,,https://9tuma.app.link/kLTh3RAdIQb?cat_web_device_id=b81110a8-6804-4770-bfc9-a49944d9ab66&cat_web_session_id=aacc7414-9194-4c7b-9090-815169e17a4f&banner_location=header,10,43,,https://www.checkatrade.com/trades/blackwelldesignandbuild,checkatrade,1,
ARC Brickwork & Building Limited,Mr Andrew,Builder,,https://9tuma.app.link/kLTh3RAdIQb?cat_web_device_id=b81110a8-6804-4770-bfc9-a49944d9ab66&cat_web_session_id=aacc7414-9194-4c7b-9090-815169e17a4f&banner_location=header,10,508,,https://www.checkatrade.com/trades/arcbrickworkanddevelopment,checkatrade,1,
BUILD AND CO GROUP LTD,Mr Rob,Builder,Worthing,https://9tuma.app.link/kLTh3RAdIQb?cat_web_device_id=b81110a8-6804-4770-bfc9-a49944d9ab66&cat_web_session_id=aacc7414-9194-4c7b-9090-815169e17a4f&banner_location=header,9.81,150,,https://www.checkatrade.com/trades/rjgconstructiongroupltd,checkatrade,1,
Next Level Construction Sussex Ltd,Mr. Giovanni Perretta,Builder,,https://9tuma.app.link/kLTh3RAdIQb?cat_web_device_id=b81110a8-6804-4770-bfc9-a49944d9ab66&cat_web_session_id=aacc7414-9194-4c7b-9090-815169e17a4f&banner_location=header,9.58,43,,https://www.checkatrade.com/trades/nextlevelconstructionsussex991409,checkatrade,1,
Kevin Howlett Builder,Mr Kevin,Builder,Bognor Regis,https://9tuma.app.link/kLTh3RAdIQb?cat_web_device_id=b81110a8-6804-4770-bfc9-a49944d9ab66&cat_web_session_id=aacc7414-9194-4c7b-9090-815169e17a4f&banner_location=header,10,146,,https://www.checkatrade.com/trades/kevinhowlettbuilder,checkatrade,1,
HHS Building Services,Mr Karoly,Builder,,https://9tuma.app.link/kLTh3RAdIQb?cat_web_device_id=b81110a8-6804-4770-bfc9-a49944d9ab66&cat_web_session_id=aacc7414-9194-4c7b-9090-815169e17a4f&banner_location=header,10,52,,https://www.checkatrade.com/trades/hhsbuildingservices,checkatrade,1,
Panther Maintenance and Building Ltd,Mr John,Builder,West Sussex,https://9tuma.app.link/kLTh3RAdIQb?cat_web_device_id=b81110a8-6804-4770-bfc9-a49944d9ab66&cat_web_session_id=aacc7414-9194-4c7b-9090-815169e17a4f&banner_location=header,9.75,4,,https://www.checkatrade.com/trades/panthermaintenanceandbuildingltd,checkatrade,1,
JPW Carpentry,Mr Joseph,Builder,all sorts,https://9tuma.app.link/kLTh3RAdIQb?cat_web_device_id=b81110a8-6804-4770-bfc9-a49944d9ab66&cat_web_session_id=aacc7414-9194-4c7b-9090-815169e17a4f&banner_location=header,9.78,26,,https://www.checkatrade.com/trades/jpwcarpentry1129351 | https://www.myjobquote.co.uk/t/apex-carpentry-6 | https://www.myjobquote.co.uk/t/apex-carpentry-6 | https://www.myjobquote.co.uk/t/c-j-building-plastering | https://www.myjobquote.co.uk/t/c-j-building-plastering | https://www.myjobquote.co.uk/t/jw-carpentry-7 | https://www.myjobquote.co.uk/t/jw-carpentry-7,"checkatrade, myjobquote",2,
Madeira Windows & Conservatories Ltd,Mr Darius,Builder,Eastbourne and,https://9tuma.app.link/kLTh3RAdIQb?cat_web_device_id=b81110a8-6804-4770-bfc9-a49944d9ab66&cat_web_session_id=aacc7414-9194-4c7b-9090-815169e17a4f&banner_location=header,9.83,47,,https://www.checkatrade.com/trades/madeirawindowsconservatoriesltd,checkatrade,1,
SB Roofing and building,Mr. Simon Butterworth,Builder,,https://9tuma.app.link/kLTh3RAdIQb?cat_web_device_id=b81110a8-6804-4770-bfc9-a49944d9ab66&cat_web_session_id=aacc7414-9194-4c7b-9090-815169e17a4f&banner_location=header,9.63,31,,https://www.checkatrade.com/trades/sbroofing963088,checkatrade,1,
DDS Building & Decorating,Mr Steve,Builder,,https://9tuma.app.link/kLTh3RAdIQb?cat_web_device_id=b81110a8-6804-4770-bfc9-a49944d9ab66&cat_web_session_id=aacc7414-9194-4c7b-9090-815169e17a4f&banner_location=header,10,144,,https://www.checkatrade.com/trades/ddsbuildingandroofing,checkatrade,1,
Trendy Extensions,Mr Kiril,Builder,,https://9tuma.app.link/kLTh3RAdIQb?cat_web_device_id=b81110a8-6804-4770-bfc9-a49944d9ab66&cat_web_session_id=aacc7414-9194-4c7b-9090-815169e17a4f&banner_location=header,10,8,,https://www.checkatrade.com/trades/trendyextensions5896925,checkatrade,1,
Robinson Construction Surrey Ltd,Mr Steve,Builder,Caterham,https://9tuma.app.link/kLTh3RAdIQb?cat_web_device_id=b81110a8-6804-4770-bfc9-a49944d9ab66&cat_web_session_id=aacc7414-9194-4c7b-9090-815169e17a4f&banner_location=header,10,77,,https://www.checkatrade.com/trades/robinsonconstructionsurreyltd,checkatrade,1,
Red Sparrow Construction Ltd,Mr Marly,Builder,,https://9tuma.app.link/kLTh3RAdIQb?cat_web_device_id=b81110a8-6804-4770-bfc9-a49944d9ab66&cat_web_session_id=aacc7414-9194-4c7b-9090-815169e17a4f&banner_location=header,10,100,,https://www.checkatrade.com/trades/redsparrowconstruction,checkatrade,1,
Guy Building Services Ltd,Mr Pierre,Builder,is quite,https://9tuma.app.link/kLTh3RAdIQb?cat_web_device_id=b81110a8-6804-4770-bfc9-a49944d9ab66&cat_web_session_id=aacc7414-9194-4c7b-9090-815169e17a4f&banner_location=header,9.91,182,,https://www.checkatrade.com/trades/guybuildingservices,checkatrade,1,
Stagbrook Ltd,Mr Andrew,Builder,,https://9tuma.app.link/kLTh3RAdIQb?cat_web_device_id=b81110a8-6804-4770-bfc9-a49944d9ab66&cat_web_session_id=aacc7414-9194-4c7b-9090-815169e17a4f&banner_location=header,9.87,10,,https://www.checkatrade.com/trades/stagbrookltd,checkatrade,1,
CK Carpentry Lofts and Building Ltd,Mr Charlie,Builder,,https://9tuma.app.link/kLTh3RAdIQb?cat_web_device_id=b81110a8-6804-4770-bfc9-a49944d9ab66&cat_web_session_id=aacc7414-9194-4c7b-9090-815169e17a4f&banner_location=header,9.16,56,,https://www.checkatrade.com/trades/ckcarpentryloftsandbuildingltd,checkatrade,1,
G W CARPENTRY AND BUILDING,Mr Gareth,Builder,,https://9tuma.app.link/kLTh3RAdIQb?cat_web_device_id=b81110a8-6804-4770-bfc9-a49944d9ab66&cat_web_session_id=aacc7414-9194-4c7b-9090-815169e17a4f&banner_location=header,10,20,,https://www.checkatrade.com/trades/gwcarpentryandbuilding,checkatrade,1,
Solid Finish Construction Ltd,Mr Dawid,Builder,,https://9tuma.app.link/kLTh3RAdIQb?cat_web_device_id=b81110a8-6804-4770-bfc9-a49944d9ab66&cat_web_session_id=aacc7414-9194-4c7b-9090-815169e17a4f&banner_location=header,9.93,32,,https://www.checkatrade.com/trades/solidfinishconstructionltd,checkatrade,1,
Harris & Co,Mr Scott,Builder,,https://9tuma.app.link/kLTh3RAdIQb?cat_web_device_id=b81110a8-6804-4770-bfc9-a49944d9ab66&cat_web_session_id=aacc7414-9194-4c7b-9090-815169e17a4f&banner_location=header,9.78,3,,https://www.checkatrade.com/trades/harrisco5897465,checkatrade,1,
RC Home Hub LTD,Ms Ramona,Builder,every stage,https://9tuma.app.link/kLTh3RAdIQb?cat_web_device_id=b81110a8-6804-4770-bfc9-a49944d9ab66&cat_web_session_id=aacc7414-9194-4c7b-9090-815169e17a4f&banner_location=header,9.38,7,,https://www.checkatrade.com/trades/rchomehubltd5914278,checkatrade,1,
Bluewater Design and Construction,Mr Mark,Builder,,https://9tuma.app.link/kLTh3RAdIQb?cat_web_device_id=b81110a8-6804-4770-bfc9-a49944d9ab66&cat_web_session_id=aacc7414-9194-4c7b-9090-815169e17a4f&banner_location=header,9.91,54,,https://www.checkatrade.com/trades/bluewaterdesignandbuildltd,checkatrade,1,
Selwood roofing & building,Mr Daniel,Builder,,https://9tuma.app.link/kLTh3RAdIQb?cat_web_device_id=b81110a8-6804-4770-bfc9-a49944d9ab66&cat_web_session_id=aacc7414-9194-4c7b-9090-815169e17a4f&banner_location=header,10,12,,https://www.checkatrade.com/trades/selwoodroofingbuilding1062512,checkatrade,1,
OJB Property Solutions Ltd,Mr. Oliver Britton,Builder,,https://9tuma.app.link/kLTh3RAdIQb?cat_web_device_id=b81110a8-6804-4770-bfc9-a49944d9ab66&cat_web_session_id=aacc7414-9194-4c7b-9090-815169e17a4f&banner_location=header,8.97,51,,https://www.checkatrade.com/trades/ojbpropertysolutionsltd,checkatrade,1,
Apex Carpentry & Build Ltd,Mr Leigh,Builder,,https://9tuma.app.link/kLTh3RAdIQb?cat_web_device_id=b81110a8-6804-4770-bfc9-a49944d9ab66&cat_web_session_id=aacc7414-9194-4c7b-9090-815169e17a4f&banner_location=header,10,24,,https://www.checkatrade.com/trades/apexcarpentryandbuild,checkatrade,1,
R&M General Building Ltd,Mr Raul,Builder,,https://9tuma.app.link/kLTh3RAdIQb?cat_web_device_id=b81110a8-6804-4770-bfc9-a49944d9ab66&cat_web_session_id=aacc7414-9194-4c7b-9090-815169e17a4f&banner_location=header,9.97,24,,https://www.checkatrade.com/trades/rmgeneralbuildingltd,checkatrade,1,
SM BUILDING & ROOFING LIMITED,Mr Tom,Builder,,https://9tuma.app.link/kLTh3RAdIQb?cat_web_device_id=b81110a8-6804-4770-bfc9-a49944d9ab66&cat_web_session_id=aacc7414-9194-4c7b-9090-815169e17a4f&banner_location=header,9.44,6,,https://www.checkatrade.com/trades/smbuildingroofinglimited,checkatrade,1,
A.A home improvements,Mr Akram,Builder,,https://9tuma.app.link/kLTh3RAdIQb?cat_web_device_id=b81110a8-6804-4770-bfc9-a49944d9ab66&cat_web_session_id=aacc7414-9194-4c7b-9090-815169e17a4f&banner_location=header,10,4,,https://www.checkatrade.com/trades/aahomeimprovements,checkatrade,1,
Eve Build Design Ltd,Mr. David Williams,Builder,,https://9tuma.app.link/kLTh3RAdIQb?cat_web_device_id=b81110a8-6804-4770-bfc9-a49944d9ab66&cat_web_session_id=aacc7414-9194-4c7b-9090-815169e17a4f&banner_location=header,9.16,14,,https://www.checkatrade.com/trades/evebuilddesignltd969210,checkatrade,1,
Jody Stone Building Services,Mr Jody,Builder,,https://9tuma.app.link/kLTh3RAdIQb?cat_web_device_id=b81110a8-6804-4770-bfc9-a49944d9ab66&cat_web_session_id=aacc7414-9194-4c7b-9090-815169e17a4f&banner_location=header,9.88,210,,https://www.checkatrade.com/trades/jodystonebuildingservices,checkatrade,1,
Crew Carpentry & Build,Mr Loui,Builder,,https://9tuma.app.link/kLTh3RAdIQb?cat_web_device_id=b81110a8-6804-4770-bfc9-a49944d9ab66&cat_web_session_id=aacc7414-9194-4c7b-9090-815169e17a4f&banner_location=header,9.94,33,,https://www.checkatrade.com/trades/crewcarpentryandbuild,checkatrade,1,
BUILD MAINTAIN BRISTOL LTD,Mr. Leslie Morrison,Builder,,https://9tuma.app.link/kLTh3RAdIQb?cat_web_device_id=b81110a8-6804-4770-bfc9-a49944d9ab66&cat_web_session_id=aacc7414-9194-4c7b-9090-815169e17a4f&banner_location=header,9.95,32,,https://www.checkatrade.com/trades/buildmaintainbristolltd,checkatrade,1,
Advanced Build Concepts Limited,Mr. Chris Barrett,Builder,,https://9tuma.app.link/kLTh3RAdIQb?cat_web_device_id=b81110a8-6804-4770-bfc9-a49944d9ab66&cat_web_session_id=aacc7414-9194-4c7b-9090-815169e17a4f&banner_location=header,9.87,32,,https://www.checkatrade.com/trades/advancedbuildconcepts,checkatrade,1,
Cassidy Construction,Mr Ruane,Builder,Carlisle and,https://9tuma.app.link/kLTh3RAdIQb?cat_web_device_id=b81110a8-6804-4770-bfc9-a49944d9ab66&cat_web_session_id=aacc7414-9194-4c7b-9090-815169e17a4f&banner_location=header,10,7,,https://www.checkatrade.com/trades/cassidyconstruction,checkatrade,1,
Elizrose Limited,Mr Adam,Builder,,https://9tuma.app.link/kLTh3RAdIQb?cat_web_device_id=b81110a8-6804-4770-bfc9-a49944d9ab66&cat_web_session_id=aacc7414-9194-4c7b-9090-815169e17a4f&banner_location=header,10,9,,https://www.checkatrade.com/trades/elizroselimited,checkatrade,1,
Buildworks,Mr Christopher,Builder,,https://9tuma.app.link/kLTh3RAdIQb?cat_web_device_id=b81110a8-6804-4770-bfc9-a49944d9ab66&cat_web_session_id=aacc7414-9194-4c7b-9090-815169e17a4f&banner_location=header,10,6,,https://www.checkatrade.com/trades/buildworks,checkatrade,1,
Beachwood Carpentry & Building Services,Mr John,Builder,,https://9tuma.app.link/kLTh3RAdIQb?cat_web_device_id=b81110a8-6804-4770-bfc9-a49944d9ab66&cat_web_session_id=aacc7414-9194-4c7b-9090-815169e17a4f&banner_location=header,9.89,79,,https://www.checkatrade.com/trades/beachwoodcarpentryandbuildingservices,checkatrade,1,
Handyrat,Mr Paul,Builder,,https://9tuma.app.link/kLTh3RAdIQb?cat_web_device_id=b81110a8-6804-4770-bfc9-a49944d9ab66&cat_web_session_id=aacc7414-9194-4c7b-9090-815169e17a4f&banner_location=header,9.96,45,,https://www.checkatrade.com/trades/handyrat,checkatrade,1,
Eden and Clark Build,Mr John,Builder,Cambridge,https://9tuma.app.link/kLTh3RAdIQb?cat_web_device_id=b81110a8-6804-4770-bfc9-a49944d9ab66&cat_web_session_id=aacc7414-9194-4c7b-9090-815169e17a4f&banner_location=header,9.81,95,,https://www.checkatrade.com/trades/edenandclarkbuild,checkatrade,1,
Antler Construction Ltd,Mr Alexander,Builder,,https://9tuma.app.link/kLTh3RAdIQb?cat_web_device_id=b81110a8-6804-4770-bfc9-a49944d9ab66&cat_web_session_id=aacc7414-9194-4c7b-9090-815169e17a4f&banner_location=header,10,24,,https://www.checkatrade.com/trades/antlerconstructionltd | https://www.myjobquote.co.uk/t/dotlen-construction | https://www.myjobquote.co.uk/t/dotlen-construction,"checkatrade, myjobquote",2,
GREATER CAMBRIDGE CONSTRUCTION LIMITED,Mr Marcin,Builder,,https://9tuma.app.link/kLTh3RAdIQb?cat_web_device_id=b81110a8-6804-4770-bfc9-a49944d9ab66&cat_web_session_id=aacc7414-9194-4c7b-9090-815169e17a4f&banner_location=header,9.58,20,,https://www.checkatrade.com/trades/greatercambridgeconstruction,checkatrade,1,
RR Home & Garden Improvement,Mr Adam,Builder,,https://9tuma.app.link/kLTh3RAdIQb?cat_web_device_id=b81110a8-6804-4770-bfc9-a49944d9ab66&cat_web_session_id=aacc7414-9194-4c7b-9090-815169e17a4f&banner_location=header,9.84,13,,https://www.checkatrade.com/trades/rrhomegardenimprovement,checkatrade,1,
Sampla Construction Ltd,Mr Sunil,Builder,,https://9tuma.app.link/kLTh3RAdIQb?cat_web_device_id=b81110a8-6804-4770-bfc9-a49944d9ab66&cat_web_session_id=aacc7414-9194-4c7b-9090-815169e17a4f&banner_location=header,9.96,50,,https://www.checkatrade.com/trades/samplaconstructionltd,checkatrade,1,
RG Carpentry and Building 24 hour locksmith,Mr Richard,Builder,,https://9tuma.app.link/kLTh3RAdIQb?cat_web_device_id=b81110a8-6804-4770-bfc9-a49944d9ab66&cat_web_session_id=aacc7414-9194-4c7b-9090-815169e17a4f&banner_location=header,9.47,53,,https://www.checkatrade.com/trades/rgcarpentryandbuilding24hourlocksmith,checkatrade,1,
Jj General Building Ltd,Mr Jack,Builder,Newmarket,https://9tuma.app.link/kLTh3RAdIQb?cat_web_device_id=b81110a8-6804-4770-bfc9-a49944d9ab66&cat_web_session_id=aacc7414-9194-4c7b-9090-815169e17a4f&banner_location=header,10,5,,https://www.checkatrade.com/trades/jjgeneralbuilding,checkatrade,1,
Blue Cloud Property Renovations Ltd,Mr Liam,Builder,,https://9tuma.app.link/kLTh3RAdIQb?cat_web_device_id=b81110a8-6804-4770-bfc9-a49944d9ab66&cat_web_session_id=aacc7414-9194-4c7b-9090-815169e17a4f&banner_location=header,10,23,,https://www.checkatrade.com/trades/bluecloudpropertyrenovations,checkatrade,1,
Sparkline Construction Ltd,Mr Aaron,Builder,,https://9tuma.app.link/kLTh3RAdIQb?cat_web_device_id=b81110a8-6804-4770-bfc9-a49944d9ab66&cat_web_session_id=aacc7414-9194-4c7b-9090-815169e17a4f&banner_location=header,9.83,6,,https://www.checkatrade.com/trades/sparklineconstruction,checkatrade,1,
Wolfe Construction,Mr Paul,Builder,,https://9tuma.app.link/kLTh3RAdIQb?cat_web_device_id=b81110a8-6804-4770-bfc9-a49944d9ab66&cat_web_session_id=aacc7414-9194-4c7b-9090-815169e17a4f&banner_location=header,9.75,10,,https://www.checkatrade.com/trades/wolfeconstruction1105820,checkatrade,1,
Cutting Edge Construction & Carpentry Ltd,Mr Samuel,Builder,,https://9tuma.app.link/kLTh3RAdIQb?cat_web_device_id=b81110a8-6804-4770-bfc9-a49944d9ab66&cat_web_session_id=aacc7414-9194-4c7b-9090-815169e17a4f&banner_location=header,10,10,,https://www.checkatrade.com/trades/cuttingedgeconstructionandcarpentry,checkatrade,1,
JFS Developments,Mr James,Builder,,https://9tuma.app.link/kLTh3RAdIQb?cat_web_device_id=b81110a8-6804-4770-bfc9-a49944d9ab66&cat_web_session_id=aacc7414-9194-4c7b-9090-815169e17a4f&banner_location=header,9.67,14,,https://www.checkatrade.com/trades/jfsdevelopments | https://www.myjobquote.co.uk/t/lj-developments | https://www.myjobquote.co.uk/t/lj-developments,"checkatrade, myjobquote",2,
Evansbuild Limited,Thomas Evans,Builder,,https://9tuma.app.link/kLTh3RAdIQb?cat_web_device_id=b81110a8-6804-4770-bfc9-a49944d9ab66&cat_web_session_id=aacc7414-9194-4c7b-9090-815169e17a4f&banner_location=header,9.75,4,,https://www.checkatrade.com/trades/evansbuildlimited,checkatrade,1,
Amos Construction Services Ltd,Mr. Luke Amos,Builder,,https://9tuma.app.link/kLTh3RAdIQb?cat_web_device_id=b81110a8-6804-4770-bfc9-a49944d9ab66&cat_web_session_id=aacc7414-9194-4c7b-9090-815169e17a4f&banner_location=header,10,27,,https://www.checkatrade.com/trades/amosconstructionservices995232 | https://www.myjobquote.co.uk/t/ml-construction-services,"checkatrade, myjobquote",2,
Lucian Man,Mr Lucian,Builder,,https://9tuma.app.link/kLTh3RAdIQb?cat_web_device_id=b81110a8-6804-4770-bfc9-a49944d9ab66&cat_web_session_id=aacc7414-9194-4c7b-9090-815169e17a4f&banner_location=header,10,11,,https://www.checkatrade.com/trades/lucianman,checkatrade,1,
E.Korra Construction,Mr Ervis,Builder,Benwick area,https://9tuma.app.link/kLTh3RAdIQb?cat_web_device_id=b81110a8-6804-4770-bfc9-a49944d9ab66&cat_web_session_id=aacc7414-9194-4c7b-9090-815169e17a4f&banner_location=header,10,3,,https://www.checkatrade.com/trades/ekorraconstruction,checkatrade,1,
Excell Home Improvement,Mr Matthew,Builder,Wisbech and,https://9tuma.app.link/kLTh3RAdIQb?cat_web_device_id=b81110a8-6804-4770-bfc9-a49944d9ab66&cat_web_session_id=aacc7414-9194-4c7b-9090-815169e17a4f&banner_location=header,8.85,77,,https://www.checkatrade.com/trades/excellhomeimprovement,checkatrade,1,
S.R.I. Home Improvements,Mr Steven,Builder,customers across,https://9tuma.app.link/kLTh3RAdIQb?cat_web_device_id=b81110a8-6804-4770-bfc9-a49944d9ab66&cat_web_session_id=aacc7414-9194-4c7b-9090-815169e17a4f&banner_location=header,9.67,73,,https://www.checkatrade.com/trades/srihomeimprovementscambridgeshire | https://www.myjobquote.co.uk/t/pride-home-improvements | https://www.myjobquote.co.uk/t/kanaan-construction-ltd,"checkatrade, myjobquote",2,
M Davies Builders (NW) Ltd,Mr Barrie,Builder,all of,https://9tuma.app.link/kLTh3RAdIQb?cat_web_device_id=b81110a8-6804-4770-bfc9-a49944d9ab66&cat_web_session_id=aacc7414-9194-4c7b-9090-815169e17a4f&banner_location=header,9.88,40,,https://www.checkatrade.com/trades/mdaviesbuilders,checkatrade,1,
Quirks Property Maintenance Ltd,Mr Michael,Builder,,https://9tuma.app.link/kLTh3RAdIQb?cat_web_device_id=b81110a8-6804-4770-bfc9-a49944d9ab66&cat_web_session_id=aacc7414-9194-4c7b-9090-815169e17a4f&banner_location=header,9.83,163,,https://www.checkatrade.com/trades/quirkspropertymaintenanceltd,checkatrade,1,
R & K Building & Construction,Mr Kenneth,Builder,,https://9tuma.app.link/kLTh3RAdIQb?cat_web_device_id=b81110a8-6804-4770-bfc9-a49944d9ab66&cat_web_session_id=aacc7414-9194-4c7b-9090-815169e17a4f&banner_location=header,10,34,,https://www.checkatrade.com/trades/randkbuildingandconstruction | https://www.myjobquote.co.uk/t/ek-building-construction | https://www.myjobquote.co.uk/t/ek-building-construction | https://www.myjobquote.co.uk/t/rdf-building-construction | https://www.myjobquote.co.uk/t/rdf-building-construction,"checkatrade, myjobquote",2,
AJ Precision builders,Mr Anthony,Builder,,https://9tuma.app.link/kLTh3RAdIQb?cat_web_device_id=b81110a8-6804-4770-bfc9-a49944d9ab66&cat_web_session_id=aacc7414-9194-4c7b-9090-815169e17a4f&banner_location=header,9.96,37,,https://www.checkatrade.com/trades/ajprecisionbuilders,checkatrade,1,
AE Brickwork,Mr Andrew,Builder,Wickersley Rotherham,https://9tuma.app.link/kLTh3RAdIQb?cat_web_device_id=b81110a8-6804-4770-bfc9-a49944d9ab66&cat_web_session_id=aacc7414-9194-4c7b-9090-815169e17a4f&banner_location=header,9.9,7,,https://www.checkatrade.com/trades/aebrickwork | https://www.myjobquote.co.uk/t/jp-brickworks-1 | https://www.myjobquote.co.uk/t/jp-brickworks-1 | https://www.myjobquote.co.uk/t/tlc-brickwork-ltd | https://www.myjobquote.co.uk/t/tlc-brickwork-ltd | https://www.myjobquote.co.uk/t/dljbrickwork | https://www.myjobquote.co.uk/t/dljbrickwork | https://www.myjobquote.co.uk/t/k-f-brickworks-nw-ltd | https://www.myjobquote.co.uk/t/k-f-brickworks-nw-ltd | https://www.myjobquote.co.uk/t/swj-brickwork | https://www.myjobquote.co.uk/t/swj-brickwork | https://www.myjobquote.co.uk/t/resilientroofing | https://www.myjobquote.co.uk/t/resilientroofing | https://www.myjobquote.co.uk/t/ab-brickwork-1 | https://www.myjobquote.co.uk/t/ab-brickwork-1 | https://www.myjobquote.co.uk/t/tk-groundworks-garden-transformations | https://www.myjobquote.co.uk/t/tk-groundworks-garden-transformations,"checkatrade, myjobquote",2,
RT Builders,Ms Rachel,Builder,Liverpool and,https://9tuma.app.link/kLTh3RAdIQb?cat_web_device_id=b81110a8-6804-4770-bfc9-a49944d9ab66&cat_web_session_id=aacc7414-9194-4c7b-9090-815169e17a4f&banner_location=header,9.75,25,07418340400,https://www.checkatrade.com/trades/rtbuilders | https://www.myjobquote.co.uk/t/tuti-builders | https://www.myjobquote.co.uk/t/tuti-builders | https://www.myjobquote.co.uk/t/xpert-builders | https://www.myjobquote.co.uk/t/xpert-builders | https://www.myjobquote.co.uk/t/forty-builders-ltd | https://www.myjobquote.co.uk/t/forty-builders-ltd,"checkatrade, myjobquote",2,
YESSS HOME IMPROVEMENTS,Mr David,Builder,,https://9tuma.app.link/kLTh3RAdIQb?cat_web_device_id=b81110a8-6804-4770-bfc9-a49944d9ab66&cat_web_session_id=aacc7414-9194-4c7b-9090-815169e17a4f&banner_location=header,9.87,154,,https://www.checkatrade.com/trades/buildingservicesandhomeimprovements,checkatrade,1,
A Magill Brickwork And Construction Ltd,Mr Anthony,Builder,Liverpool and,https://9tuma.app.link/kLTh3RAdIQb?cat_web_device_id=b81110a8-6804-4770-bfc9-a49944d9ab66&cat_web_session_id=aacc7414-9194-4c7b-9090-815169e17a4f&banner_location=header,10,9,,https://www.checkatrade.com/trades/amagillbrickworkandconstructionltd,checkatrade,1,
SMS Brickwork,Mr Michael,Builder,,https://9tuma.app.link/kLTh3RAdIQb?cat_web_device_id=b81110a8-6804-4770-bfc9-a49944d9ab66&cat_web_session_id=aacc7414-9194-4c7b-9090-815169e17a4f&banner_location=header,10,10,,https://www.checkatrade.com/trades/smsbrickwork,checkatrade,1,
SKLC Limited,Mr Stefan,Builder,,https://9tuma.app.link/kLTh3RAdIQb?cat_web_device_id=b81110a8-6804-4770-bfc9-a49944d9ab66&cat_web_session_id=aacc7414-9194-4c7b-9090-815169e17a4f&banner_location=header,9.67,35,,https://www.checkatrade.com/trades/sklclimited | https://www.myjobquote.co.uk/t/ala-1 | https://www.myjobquote.co.uk/t/ala-1 | https://www.myjobquote.co.uk/t/srg-limited | https://www.myjobquote.co.uk/t/srg-limited | https://www.myjobquote.co.uk/t/dsj-ltd-1 | https://www.myjobquote.co.uk/t/dsj-ltd-1,"checkatrade, myjobquote",2,
Wrights Developments,Mr Jake,Builder,North Wales,https://9tuma.app.link/kLTh3RAdIQb?cat_web_device_id=b81110a8-6804-4770-bfc9-a49944d9ab66&cat_web_session_id=aacc7414-9194-4c7b-9090-815169e17a4f&banner_location=header,9.78,31,,https://www.checkatrade.com/trades/wrightsdevelopments,checkatrade,1,
L Haworth Landscaping & Construction,Mr Luke,Builder,full renovations,https://9tuma.app.link/kLTh3RAdIQb?cat_web_device_id=b81110a8-6804-4770-bfc9-a49944d9ab66&cat_web_session_id=aacc7414-9194-4c7b-9090-815169e17a4f&banner_location=header,9.98,154,,https://www.checkatrade.com/trades/lhaworthlandscapingandconstruction,checkatrade,1,
Merseyside Construction Group Ltd,Mr Liam,Builder,all aspects,https://9tuma.app.link/kLTh3RAdIQb?cat_web_device_id=b81110a8-6804-4770-bfc9-a49944d9ab66&cat_web_session_id=aacc7414-9194-4c7b-9090-815169e17a4f&banner_location=header,10,18,,https://www.checkatrade.com/trades/merseysideconstructiongroup,checkatrade,1,
Gkb Design & Build Limited,Mr Gareth,Builder,all of,https://9tuma.app.link/kLTh3RAdIQb?cat_web_device_id=b81110a8-6804-4770-bfc9-a49944d9ab66&cat_web_session_id=aacc7414-9194-4c7b-9090-815169e17a4f&banner_location=header,10,1,,https://www.checkatrade.com/trades/gkbdesignbuildlimited,checkatrade,1,
Hyde Building Services,Mr Tony,Builder,,https://9tuma.app.link/kLTh3RAdIQb?cat_web_device_id=b81110a8-6804-4770-bfc9-a49944d9ab66&cat_web_session_id=aacc7414-9194-4c7b-9090-815169e17a4f&banner_location=header,10,23,,https://www.checkatrade.com/trades/hydebuildingservices,checkatrade,1,
K.L.P Plastering & Building,Mr William,Builder,all aspects,https://9tuma.app.link/kLTh3RAdIQb?cat_web_device_id=b81110a8-6804-4770-bfc9-a49944d9ab66&cat_web_session_id=aacc7414-9194-4c7b-9090-815169e17a4f&banner_location=header,9.8,53,,https://www.checkatrade.com/trades/klpplasteringandbuilding | https://www.myjobquote.co.uk/t/tp-plastering-and-building | https://www.myjobquote.co.uk/t/tp-plastering-and-building | https://www.myjobquote.co.uk/t/shaqado | https://www.myjobquote.co.uk/t/shaqado,"checkatrade, myjobquote",2,
Ultra Developments Ltd,Mr Ian,Builder,,https://9tuma.app.link/kLTh3RAdIQb?cat_web_device_id=b81110a8-6804-4770-bfc9-a49944d9ab66&cat_web_session_id=aacc7414-9194-4c7b-9090-815169e17a4f&banner_location=header,9.76,97,,https://www.checkatrade.com/trades/ultradevelopmentsltd,checkatrade,1,
Ellis Construction Wirral LTD,Mr. Wade Ellis,Builder,customers throughout,https://9tuma.app.link/kLTh3RAdIQb?cat_web_device_id=b81110a8-6804-4770-bfc9-a49944d9ab66&cat_web_session_id=aacc7414-9194-4c7b-9090-815169e17a4f&banner_location=header,9.89,44,,https://www.checkatrade.com/trades/ellisroofingandbuilding882246,checkatrade,1,
Dynamic Construction (nw) Ltd,Mr Richard,Builder,,https://9tuma.app.link/kLTh3RAdIQb?cat_web_device_id=b81110a8-6804-4770-bfc9-a49944d9ab66&cat_web_session_id=aacc7414-9194-4c7b-9090-815169e17a4f&banner_location=header,9.8,14,,https://www.checkatrade.com/trades/dynamicconstruction1116158,checkatrade,1,
MCS - Renovate & New Build,Mr Michael,Builder,,https://9tuma.app.link/kLTh3RAdIQb?cat_web_device_id=b81110a8-6804-4770-bfc9-a49944d9ab66&cat_web_session_id=aacc7414-9194-4c7b-9090-815169e17a4f&banner_location=header,9.95,29,,https://www.checkatrade.com/trades/mcsrenovatenewbuild,checkatrade,1,
KD Brickwork,Mr Daniel,Builder,,https://9tuma.app.link/kLTh3RAdIQb?cat_web_device_id=b81110a8-6804-4770-bfc9-a49944d9ab66&cat_web_session_id=aacc7414-9194-4c7b-9090-815169e17a4f&banner_location=header,10,23,,https://www.checkatrade.com/trades/kdbrickwork,checkatrade,1,
WIB Roofing And Renovations limited,Mr Wayne,Builder,,https://9tuma.app.link/kLTh3RAdIQb?cat_web_device_id=b81110a8-6804-4770-bfc9-a49944d9ab66&cat_web_session_id=aacc7414-9194-4c7b-9090-815169e17a4f&banner_location=header,10,25,,https://www.checkatrade.com/trades/wibroofingandrenovationslimited,checkatrade,1,
G W Builders,Mr Gary,Builder,,https://9tuma.app.link/kLTh3RAdIQb?cat_web_device_id=b81110a8-6804-4770-bfc9-a49944d9ab66&cat_web_session_id=aacc7414-9194-4c7b-9090-815169e17a4f&banner_location=header,9.93,77,,https://www.checkatrade.com/trades/gwbuilders | https://www.myjobquote.co.uk/t/a-d-w-builders | https://www.myjobquote.co.uk/t/a-d-w-builders,"checkatrade, myjobquote",2,
Blackwell Building & Joinery,Mr David,Builder,,https://9tuma.app.link/kLTh3RAdIQb?cat_web_device_id=b81110a8-6804-4770-bfc9-a49944d9ab66&cat_web_session_id=aacc7414-9194-4c7b-9090-815169e17a4f&banner_location=header,9.95,8,,https://www.checkatrade.com/trades/blackwellbuildingjoinery,checkatrade,1,
MRB Master Roofing & Building,Ltd Company,Builder,,https://9tuma.app.link/kLTh3RAdIQb?cat_web_device_id=b81110a8-6804-4770-bfc9-a49944d9ab66&cat_web_session_id=aacc7414-9194-4c7b-9090-815169e17a4f&banner_location=header,10,3,,https://www.checkatrade.com/trades/mrbmasterroofingbuilding,checkatrade,1,
Caterfab (UK) Ltd,Mr Gary,Builder,,https://9tuma.app.link/kLTh3RAdIQb?cat_web_device_id=b81110a8-6804-4770-bfc9-a49944d9ab66&cat_web_session_id=aacc7414-9194-4c7b-9090-815169e17a4f&banner_location=header,9.67,1,,https://www.checkatrade.com/trades/caterfab988094,checkatrade,1,
BEM Projects Ltd,Ms Marlane,Builder,all aspects,https://9tuma.app.link/kLTh3RAdIQb?cat_web_device_id=b81110a8-6804-4770-bfc9-a49944d9ab66&cat_web_session_id=aacc7414-9194-4c7b-9090-815169e17a4f&banner_location=header,10,13,,https://www.checkatrade.com/trades/bemprojectsltd | https://www.myjobquote.co.uk/t/ins-projects-ltd | https://www.myjobquote.co.uk/t/ins-projects-ltd,"checkatrade, myjobquote",2,
Hertfordshire Ideal Homes Ltd,Mr Benjamin,Builder,,https://9tuma.app.link/kLTh3RAdIQb?cat_web_device_id=b81110a8-6804-4770-bfc9-a49944d9ab66&cat_web_session_id=aacc7414-9194-4c7b-9090-815169e17a4f&banner_location=header,9.85,35,,https://www.checkatrade.com/trades/hertfordshireidealhomesltd,checkatrade,1,
Sinclair Renovations,Mr Samuel,Builder,Chigwell,https://9tuma.app.link/kLTh3RAdIQb?cat_web_device_id=b81110a8-6804-4770-bfc9-a49944d9ab66&cat_web_session_id=aacc7414-9194-4c7b-9090-815169e17a4f&banner_location=header,9.75,33,,https://www.checkatrade.com/trades/sinclairrenovations,checkatrade,1,
YOUR MAINTENANCE MATTERS LIMITED,Mr Keith,Builder,,https://9tuma.app.link/kLTh3RAdIQb?cat_web_device_id=b81110a8-6804-4770-bfc9-a49944d9ab66&cat_web_session_id=aacc7414-9194-4c7b-9090-815169e17a4f&banner_location=header,9.36,47,,https://www.checkatrade.com/trades/yourmaintenancematterslimited,checkatrade,1,
C.F.R.Construction,Mr Razvan,Builder,,https://9tuma.app.link/kLTh3RAdIQb?cat_web_device_id=b81110a8-6804-4770-bfc9-a49944d9ab66&cat_web_session_id=aacc7414-9194-4c7b-9090-815169e17a4f&banner_location=header,10,20,,https://www.checkatrade.com/trades/cfrconstruction1059825,checkatrade,1,
Woodtecq Ltd,Mr. John Shepherd,Builder,Essex,https://9tuma.app.link/kLTh3RAdIQb?cat_web_device_id=b81110a8-6804-4770-bfc9-a49944d9ab66&cat_web_session_id=aacc7414-9194-4c7b-9090-815169e17a4f&banner_location=header,9.93,235,,https://www.checkatrade.com/trades/woodtecqltd,checkatrade,1,
Astra Building Service,Mr Michael,Builder,,https://9tuma.app.link/kLTh3RAdIQb?cat_web_device_id=b81110a8-6804-4770-bfc9-a49944d9ab66&cat_web_session_id=aacc7414-9194-4c7b-9090-815169e17a4f&banner_location=header,10,77,,https://www.checkatrade.com/trades/astrabuildingservice,checkatrade,1,
Malcon Group Ltd,Mr Mohammadali,Builder,Chelmsford,https://9tuma.app.link/kLTh3RAdIQb?cat_web_device_id=b81110a8-6804-4770-bfc9-a49944d9ab66&cat_web_session_id=aacc7414-9194-4c7b-9090-815169e17a4f&banner_location=header,10,2,,https://www.checkatrade.com/trades/malcongroupltd,checkatrade,1,
D Weaver Builders Ltd,Mr Daniel,Builder,,https://9tuma.app.link/kLTh3RAdIQb?cat_web_device_id=b81110a8-6804-4770-bfc9-a49944d9ab66&cat_web_session_id=aacc7414-9194-4c7b-9090-815169e17a4f&banner_location=header,10,36,,https://www.checkatrade.com/trades/dweaverbuilders,checkatrade,1,
Bobby's Construction Services Ltd,Mr Babak,Builder,,https://9tuma.app.link/kLTh3RAdIQb?cat_web_device_id=b81110a8-6804-4770-bfc9-a49944d9ab66&cat_web_session_id=aacc7414-9194-4c7b-9090-815169e17a4f&banner_location=header,10,35,,https://www.checkatrade.com/trades/bobbysconstructionservices359704,checkatrade,1,
Paul Brennan Contractors,Mr Paul,Builder,,https://9tuma.app.link/kLTh3RAdIQb?cat_web_device_id=b81110a8-6804-4770-bfc9-a49944d9ab66&cat_web_session_id=aacc7414-9194-4c7b-9090-815169e17a4f&banner_location=header,10,70,,https://www.checkatrade.com/trades/paulbrennancontractors,checkatrade,1,
M.R CONSTRUCTION & CARPENTRY LTD,Mr Michael,Builder,Southend on,https://9tuma.app.link/kLTh3RAdIQb?cat_web_device_id=b81110a8-6804-4770-bfc9-a49944d9ab66&cat_web_session_id=aacc7414-9194-4c7b-9090-815169e17a4f&banner_location=header,9.93,5,,https://www.checkatrade.com/trades/mrconstructioncarpentryltd,checkatrade,1,
Don Contractors Ltd,Mr Donald,Builder,,https://9tuma.app.link/kLTh3RAdIQb?cat_web_device_id=b81110a8-6804-4770-bfc9-a49944d9ab66&cat_web_session_id=aacc7414-9194-4c7b-9090-815169e17a4f&banner_location=header,10,22,,https://www.checkatrade.com/trades/doncontractorsltd,checkatrade,1,
Mario Building & Plumbing Ltd,Mr Marian,Builder,,https://9tuma.app.link/kLTh3RAdIQb?cat_web_device_id=b81110a8-6804-4770-bfc9-a49944d9ab66&cat_web_session_id=aacc7414-9194-4c7b-9090-815169e17a4f&banner_location=header,9.76,140,,https://www.checkatrade.com/trades/mariobuildingandplumbingltd,checkatrade,1,
SMC Builders,Mr Sean,Builder,,https://9tuma.app.link/kLTh3RAdIQb?cat_web_device_id=b81110a8-6804-4770-bfc9-a49944d9ab66&cat_web_session_id=aacc7414-9194-4c7b-9090-815169e17a4f&banner_location=header,9.88,77,,https://www.checkatrade.com/trades/smcbuilders,checkatrade,1,
HARVEY & SON ESSEX LTD,Mr James,Builder,all aspects,https://9tuma.app.link/kLTh3RAdIQb?cat_web_device_id=b81110a8-6804-4770-bfc9-a49944d9ab66&cat_web_session_id=aacc7414-9194-4c7b-9090-815169e17a4f&banner_location=header,10,10,,https://www.checkatrade.com/trades/harveysonessexltd,checkatrade,1,
Nouvell Decor Ltd,Mr Mark,Builder,Essex,https://9tuma.app.link/kLTh3RAdIQb?cat_web_device_id=b81110a8-6804-4770-bfc9-a49944d9ab66&cat_web_session_id=aacc7414-9194-4c7b-9090-815169e17a4f&banner_location=header,9.72,148,,https://www.checkatrade.com/trades/nouvelldecorltd,checkatrade,1,
Rebuildr Group Ltd,Mr Brett,Builder,,https://9tuma.app.link/kLTh3RAdIQb?cat_web_device_id=b81110a8-6804-4770-bfc9-a49944d9ab66&cat_web_session_id=aacc7414-9194-4c7b-9090-815169e17a4f&banner_location=header,9.82,24,,https://www.checkatrade.com/trades/rebuildrgroupltd,checkatrade,1,
R&R Building Group LTD,Mr Ryan,Builder,Essex,https://9tuma.app.link/kLTh3RAdIQb?cat_web_device_id=b81110a8-6804-4770-bfc9-a49944d9ab66&cat_web_session_id=aacc7414-9194-4c7b-9090-815169e17a4f&banner_location=header,9.86,193,,https://www.checkatrade.com/trades/respondandrepair,checkatrade,1,
EVOLUTION LOFT & EXTENSION LTD,,Builder,,https://9tuma.app.link/kLTh3RAdIQb?cat_web_device_id=b81110a8-6804-4770-bfc9-a49944d9ab66&cat_web_session_id=aacc7414-9194-4c7b-9090-815169e17a4f&banner_location=header,9.96,9,,https://www.checkatrade.com/trades/evolutionloftextensionltd,checkatrade,1,
P&M Builders & Son,Mr Adam,Builder,Romford,https://9tuma.app.link/kLTh3RAdIQb?cat_web_device_id=b81110a8-6804-4770-bfc9-a49944d9ab66&cat_web_session_id=aacc7414-9194-4c7b-9090-815169e17a4f&banner_location=header,0,0,,https://www.checkatrade.com/trades/pmbuildersson,checkatrade,1,
lbm construction north london ltd,Mr Besim,Builder,,https://9tuma.app.link/kLTh3RAdIQb?cat_web_device_id=b81110a8-6804-4770-bfc9-a49944d9ab66&cat_web_session_id=aacc7414-9194-4c7b-9090-815169e17a4f&banner_location=header,9.67,3,,https://www.checkatrade.com/trades/lbmconstructionnorthlondonltd,checkatrade,1,
G Sangha Builders Limited,Mr Charanjit,Builder,Ilford Romford,https://9tuma.app.link/kLTh3RAdIQb?cat_web_device_id=b81110a8-6804-4770-bfc9-a49944d9ab66&cat_web_session_id=aacc7414-9194-4c7b-9090-815169e17a4f&banner_location=header,9.68,28,,https://www.checkatrade.com/trades/gsanghabuilderslimited,checkatrade,1,
Nailed It Complete Building Works,Mr Ryan,Builder,,https://9tuma.app.link/kLTh3RAdIQb?cat_web_device_id=b81110a8-6804-4770-bfc9-a49944d9ab66&cat_web_session_id=aacc7414-9194-4c7b-9090-815169e17a4f&banner_location=header,10,45,,https://www.checkatrade.com/trades/naileditcompletebuildingworksl,checkatrade,1,
Eight Ash Solutions,Mr Mark,Builder,,https://9tuma.app.link/kLTh3RAdIQb?cat_web_device_id=b81110a8-6804-4770-bfc9-a49944d9ab66&cat_web_session_id=aacc7414-9194-4c7b-9090-815169e17a4f&banner_location=header,10,39,,https://www.checkatrade.com/trades/eightashsolutions,checkatrade,1,
Rafal Mach,Mr Rafal,Builder,,https://9tuma.app.link/kLTh3RAdIQb?cat_web_device_id=b81110a8-6804-4770-bfc9-a49944d9ab66&cat_web_session_id=aacc7414-9194-4c7b-9090-815169e17a4f&banner_location=header,9.45,27,,https://www.checkatrade.com/trades/rafalmach,checkatrade,1,
Future Builds Limited,Mr Adam,Builder,Ipswich and,https://9tuma.app.link/kLTh3RAdIQb?cat_web_device_id=b81110a8-6804-4770-bfc9-a49944d9ab66&cat_web_session_id=aacc7414-9194-4c7b-9090-815169e17a4f&banner_location=header,9.93,25,,https://www.checkatrade.com/trades/futurebuildslimited,checkatrade,1,
James grant,Mr James,Builder,Clacton on,https://9tuma.app.link/kLTh3RAdIQb?cat_web_device_id=b81110a8-6804-4770-bfc9-a49944d9ab66&cat_web_session_id=aacc7414-9194-4c7b-9090-815169e17a4f&banner_location=header,10,4,,https://www.checkatrade.com/trades/jamesgrant,checkatrade,1,
LC Refurbishments,Mr Lee,Builder,Colchester for,https://9tuma.app.link/kLTh3RAdIQb?cat_web_device_id=b81110a8-6804-4770-bfc9-a49944d9ab66&cat_web_session_id=aacc7414-9194-4c7b-9090-815169e17a4f&banner_location=header,10,23,,https://www.checkatrade.com/trades/lcrefurbishments | https://www.myjobquote.co.uk/t/jb-refurbishment | https://www.myjobquote.co.uk/t/jb-refurbishment,"checkatrade, myjobquote",2,
Byrnes Renovations,Mr Scott,Builder,,https://9tuma.app.link/kLTh3RAdIQb?cat_web_device_id=b81110a8-6804-4770-bfc9-a49944d9ab66&cat_web_session_id=aacc7414-9194-4c7b-9090-815169e17a4f&banner_location=header,10,8,,https://www.checkatrade.com/trades/byrnesrenovations,checkatrade,1,
Select Building and Landscaping Limited,Mr Frank,Builder,,https://9tuma.app.link/kLTh3RAdIQb?cat_web_device_id=b81110a8-6804-4770-bfc9-a49944d9ab66&cat_web_session_id=aacc7414-9194-4c7b-9090-815169e17a4f&banner_location=header,10,193,,https://www.checkatrade.com/trades/selectbuildingandlandscapinglimited,checkatrade,1,
New Vision Construction,Mr Joshua,Builder,,https://9tuma.app.link/kLTh3RAdIQb?cat_web_device_id=b81110a8-6804-4770-bfc9-a49944d9ab66&cat_web_session_id=aacc7414-9194-4c7b-9090-815169e17a4f&banner_location=header,10,3,,https://www.checkatrade.com/trades/newvisionconstruction,checkatrade,1,
SS BUILDERS (ESSEX) LTD,Ms Stacey,Builder,ALL aspects,https://9tuma.app.link/kLTh3RAdIQb?cat_web_device_id=b81110a8-6804-4770-bfc9-a49944d9ab66&cat_web_session_id=aacc7414-9194-4c7b-9090-815169e17a4f&banner_location=header,9.94,40,,https://www.checkatrade.com/trades/ssbuilders887601,checkatrade,1,
LP Property Developments,Mr Lincon,Builder,,https://9tuma.app.link/kLTh3RAdIQb?cat_web_device_id=b81110a8-6804-4770-bfc9-a49944d9ab66&cat_web_session_id=aacc7414-9194-4c7b-9090-815169e17a4f&banner_location=header,9.89,24,,https://www.checkatrade.com/trades/lppropertydevelopments,checkatrade,1,
Mayflower Builders,Mr. John Dixon,Builder,,https://9tuma.app.link/kLTh3RAdIQb?cat_web_device_id=b81110a8-6804-4770-bfc9-a49944d9ab66&cat_web_session_id=aacc7414-9194-4c7b-9090-815169e17a4f&banner_location=header,9.74,46,,https://www.checkatrade.com/trades/mayflowerhomes,checkatrade,1,
W L P Interiors,Mr Wayne,Builder,,https://9tuma.app.link/kLTh3RAdIQb?cat_web_device_id=b81110a8-6804-4770-bfc9-a49944d9ab66&cat_web_session_id=aacc7414-9194-4c7b-9090-815169e17a4f&banner_location=header,10,116,,https://www.checkatrade.com/trades/wlpinteriors,checkatrade,1,
Varela Properties Ltd,Mr Jonah,Builder,,https://9tuma.app.link/kLTh3RAdIQb?cat_web_device_id=b81110a8-6804-4770-bfc9-a49944d9ab66&cat_web_session_id=aacc7414-9194-4c7b-9090-815169e17a4f&banner_location=header,10,19,,https://www.checkatrade.com/trades/varelapropertiesltd,checkatrade,1,
AL & UK Construction LTD,Mr Selim,Builder,,https://9tuma.app.link/kLTh3RAdIQb?cat_web_device_id=b81110a8-6804-4770-bfc9-a49944d9ab66&cat_web_session_id=aacc7414-9194-4c7b-9090-815169e17a4f&banner_location=header,10,6,,https://www.checkatrade.com/trades/alukconstructionltd,checkatrade,1,
J and K Property Service,Mr Jason,Builder,Braintree and,https://9tuma.app.link/kLTh3RAdIQb?cat_web_device_id=b81110a8-6804-4770-bfc9-a49944d9ab66&cat_web_session_id=aacc7414-9194-4c7b-9090-815169e17a4f&banner_location=header,9.76,155,,https://www.checkatrade.com/trades/jmkpropertyservice,checkatrade,1,
Master Designs Essex Ltd,Miss Jessica,Builder,all residential,https://9tuma.app.link/kLTh3RAdIQb?cat_web_device_id=b81110a8-6804-4770-bfc9-a49944d9ab66&cat_web_session_id=aacc7414-9194-4c7b-9090-815169e17a4f&banner_location=header,10,22,,https://www.checkatrade.com/trades/masterdesignsessexltd,checkatrade,1,
Lion and Leinster Property and Building Services,Mr Francis,Builder,,https://9tuma.app.link/kLTh3RAdIQb?cat_web_device_id=b81110a8-6804-4770-bfc9-a49944d9ab66&cat_web_session_id=aacc7414-9194-4c7b-9090-815169e17a4f&banner_location=header,10,32,,https://www.checkatrade.com/trades/lionandleinsterinvestmentsltd,checkatrade,1,
C J Construction (Surrey) Ltd,Mr Dean,Builder,Sutton and,https://9tuma.app.link/kLTh3RAdIQb?cat_web_device_id=b81110a8-6804-4770-bfc9-a49944d9ab66&cat_web_session_id=aacc7414-9194-4c7b-9090-815169e17a4f&banner_location=header,10,86,,https://www.checkatrade.com/trades/cjconstructionsurrey,checkatrade,1,
Whiting & Co,Mr Adam,Builder,,https://9tuma.app.link/kLTh3RAdIQb?cat_web_device_id=b81110a8-6804-4770-bfc9-a49944d9ab66&cat_web_session_id=aacc7414-9194-4c7b-9090-815169e17a4f&banner_location=header,10,5,,https://www.checkatrade.com/trades/whitingco,checkatrade,1,
R D Builders,Mr Robert,Builder,all aspects,https://9tuma.app.link/kLTh3RAdIQb?cat_web_device_id=b81110a8-6804-4770-bfc9-a49944d9ab66&cat_web_session_id=aacc7414-9194-4c7b-9090-815169e17a4f&banner_location=header,9.94,79,,https://www.checkatrade.com/trades/rdbuilders | https://www.myjobquote.co.uk/t/j-d-m-builders-1 | https://www.myjobquote.co.uk/t/j-d-m-builders-1,"checkatrade, myjobquote",2,
K Bailey Building Services,Mr Kevin,Builder,,https://9tuma.app.link/kLTh3RAdIQb?cat_web_device_id=b81110a8-6804-4770-bfc9-a49944d9ab66&cat_web_session_id=aacc7414-9194-4c7b-9090-815169e17a4f&banner_location=header,10,183,,https://www.checkatrade.com/trades/kbaileybuildingservices,checkatrade,1,
Loka Construction Ltd,Mr Besnik,Builder,Croydon,https://9tuma.app.link/kLTh3RAdIQb?cat_web_device_id=b81110a8-6804-4770-bfc9-a49944d9ab66&cat_web_session_id=aacc7414-9194-4c7b-9090-815169e17a4f&banner_location=header,9.73,16,,https://www.checkatrade.com/trades/lokaconstruction,checkatrade,1,
Pileku ltd,Mr Ardian,Builder,Worcester Park,https://9tuma.app.link/kLTh3RAdIQb?cat_web_device_id=b81110a8-6804-4770-bfc9-a49944d9ab66&cat_web_session_id=aacc7414-9194-4c7b-9090-815169e17a4f&banner_location=header,9.89,3,,https://www.checkatrade.com/trades/pilekultd,checkatrade,1,
URBA.MN LTD,Mr Altin,Builder,,https://9tuma.app.link/kLTh3RAdIQb?cat_web_device_id=b81110a8-6804-4770-bfc9-a49944d9ab66&cat_web_session_id=aacc7414-9194-4c7b-9090-815169e17a4f&banner_location=header,10,7,,https://www.checkatrade.com/trades/urbamnltd | https://www.myjobquote.co.uk/t/km-building-system-ltd | https://www.myjobquote.co.uk/t/km-building-system-ltd,"checkatrade, myjobquote",2,
Eco Building Solutions Ltd,Mr Nodir,Builder,,https://9tuma.app.link/kLTh3RAdIQb?cat_web_device_id=b81110a8-6804-4770-bfc9-a49944d9ab66&cat_web_session_id=aacc7414-9194-4c7b-9090-815169e17a4f&banner_location=header,9.94,162,,https://www.checkatrade.com/trades/ecobuildingsolutionsltd | https://www.myjobquote.co.uk/t/mm-building-solutions | https://www.myjobquote.co.uk/t/mm-building-solutions,"checkatrade, myjobquote",2,
Tolworth Construction Surrey ltd,Mr Richard,Builder,,https://9tuma.app.link/kLTh3RAdIQb?cat_web_device_id=b81110a8-6804-4770-bfc9-a49944d9ab66&cat_web_session_id=aacc7414-9194-4c7b-9090-815169e17a4f&banner_location=header,9.94,6,,https://www.checkatrade.com/trades/tolworthconstructionsurreyltd5936423,checkatrade,1,
WSO Carpentry And Building Ltd,Mr Warren,Builder,,https://9tuma.app.link/kLTh3RAdIQb?cat_web_device_id=b81110a8-6804-4770-bfc9-a49944d9ab66&cat_web_session_id=aacc7414-9194-4c7b-9090-815169e17a4f&banner_location=header,0,12,,https://www.checkatrade.com/trades/wsocarpentryandbuildingltd,checkatrade,1,
Batchelor Building & Extensions,Mr Gary,Builder,all aspects,https://9tuma.app.link/kLTh3RAdIQb?cat_web_device_id=b81110a8-6804-4770-bfc9-a49944d9ab66&cat_web_session_id=aacc7414-9194-4c7b-9090-815169e17a4f&banner_location=header,9.94,48,,https://www.checkatrade.com/trades/batchelorbuildingandextensions,checkatrade,1,
A O'Connor Building Services Ltd,Mr Alistair,Builder,,https://9tuma.app.link/kLTh3RAdIQb?cat_web_device_id=b81110a8-6804-4770-bfc9-a49944d9ab66&cat_web_session_id=aacc7414-9194-4c7b-9090-815169e17a4f&banner_location=header,10,25,,https://www.checkatrade.com/trades/aoconnorbuildingservices,checkatrade,1,
Woodward and White Interiors Limited,Mr Harrison,Builder,the stunning,https://9tuma.app.link/kLTh3RAdIQb?cat_web_device_id=b81110a8-6804-4770-bfc9-a49944d9ab66&cat_web_session_id=aacc7414-9194-4c7b-9090-815169e17a4f&banner_location=header,0,12,,https://www.checkatrade.com/trades/woodwardandwhiteinteriorslimited,checkatrade,1,
S Lee-Alliston & Son Builders,Mr Stephen,Builder,the London,https://9tuma.app.link/kLTh3RAdIQb?cat_web_device_id=b81110a8-6804-4770-bfc9-a49944d9ab66&cat_web_session_id=aacc7414-9194-4c7b-9090-815169e17a4f&banner_location=header,10,57,,https://www.checkatrade.com/trades/sleeallistonandsonbuilders,checkatrade,1,
Aztec Building Contractors,Mr Sam,Builder,,https://9tuma.app.link/kLTh3RAdIQb?cat_web_device_id=b81110a8-6804-4770-bfc9-a49944d9ab66&cat_web_session_id=aacc7414-9194-4c7b-9090-815169e17a4f&banner_location=header,9.97,47,,https://www.checkatrade.com/trades/aztecbuildingcontractors490552,checkatrade,1,
MJS Carpentry and Construction Ltd,Mr Matt,Builder,,https://9tuma.app.link/kLTh3RAdIQb?cat_web_device_id=b81110a8-6804-4770-bfc9-a49944d9ab66&cat_web_session_id=aacc7414-9194-4c7b-9090-815169e17a4f&banner_location=header,9.76,36,,https://www.checkatrade.com/trades/mjscarpentryandconstructionltd,checkatrade,1,
DC Home Improvements,Mr Dave,Builder,Broadstairs,https://9tuma.app.link/kLTh3RAdIQb?cat_web_device_id=b81110a8-6804-4770-bfc9-a49944d9ab66&cat_web_session_id=aacc7414-9194-4c7b-9090-815169e17a4f&banner_location=header,10,106,,https://www.checkatrade.com/trades/dchomeimprovement,checkatrade,1,
PDC Building & Groundworks Limited,Mr Leo,Builder,,https://9tuma.app.link/kLTh3RAdIQb?cat_web_device_id=b81110a8-6804-4770-bfc9-a49944d9ab66&cat_web_session_id=aacc7414-9194-4c7b-9090-815169e17a4f&banner_location=header,8.75,59,,https://www.checkatrade.com/trades/pdcbuildingandgroundworks,checkatrade,1,
Neil Stockley Building Ltd,Mr Neil,Builder,all aspects,https://9tuma.app.link/kLTh3RAdIQb?cat_web_device_id=b81110a8-6804-4770-bfc9-a49944d9ab66&cat_web_session_id=aacc7414-9194-4c7b-9090-815169e17a4f&banner_location=header,9.93,18,,https://www.checkatrade.com/trades/neilstockleybuildingltd,checkatrade,1,
Nolan Glass Ltd,Ms Olivia,Builder,,https://9tuma.app.link/kLTh3RAdIQb?cat_web_device_id=b81110a8-6804-4770-bfc9-a49944d9ab66&cat_web_session_id=aacc7414-9194-4c7b-9090-815169e17a4f&banner_location=header,9.73,259,,https://www.checkatrade.com/trades/nolanglass,checkatrade,1,
A. Carter Developments Ltd,Mr Anthony,Builder,all aspects,https://9tuma.app.link/kLTh3RAdIQb?cat_web_device_id=b81110a8-6804-4770-bfc9-a49944d9ab66&cat_web_session_id=aacc7414-9194-4c7b-9090-815169e17a4f&banner_location=header,9.71,39,,https://www.checkatrade.com/trades/acarterdevelopments,checkatrade,1,
Homeforce Design & Build,Mr Mick,Builder,,https://9tuma.app.link/kLTh3RAdIQb?cat_web_device_id=b81110a8-6804-4770-bfc9-a49944d9ab66&cat_web_session_id=aacc7414-9194-4c7b-9090-815169e17a4f&banner_location=header,10,99,,https://www.checkatrade.com/trades/homeforcedesignbuild,checkatrade,1,
AL Home Improvements 19 Ltd,Mr Austin,Builder,,https://9tuma.app.link/kLTh3RAdIQb?cat_web_device_id=b81110a8-6804-4770-bfc9-a49944d9ab66&cat_web_session_id=aacc7414-9194-4c7b-9090-815169e17a4f&banner_location=header,9.93,10,,https://www.checkatrade.com/trades/alhomeimprovements19ltd,checkatrade,1,
M&D Perrins Property Services,Mr Mark,Builder,,https://9tuma.app.link/kLTh3RAdIQb?cat_web_device_id=b81110a8-6804-4770-bfc9-a49944d9ab66&cat_web_session_id=aacc7414-9194-4c7b-9090-815169e17a4f&banner_location=header,10,8,,https://www.checkatrade.com/trades/manddperrinspropertyservices564942,checkatrade,1,
CaSo Building Services,Mr. Jerome Ashworth,Builder,,https://9tuma.app.link/kLTh3RAdIQb?cat_web_device_id=b81110a8-6804-4770-bfc9-a49944d9ab66&cat_web_session_id=aacc7414-9194-4c7b-9090-815169e17a4f&banner_location=header,9.78,16,,https://www.checkatrade.com/trades/casobuildingservices991323,checkatrade,1,
APM Construction (South) Ltd,Andrew Maxted,Builder,Broadstairs,https://9tuma.app.link/kLTh3RAdIQb?cat_web_device_id=b81110a8-6804-4770-bfc9-a49944d9ab66&cat_web_session_id=aacc7414-9194-4c7b-9090-815169e17a4f&banner_location=header,10,117,,https://www.checkatrade.com/trades/apmconstruction,checkatrade,1,
M E Stewart building contractors limited,Mr Mark,Builder,,https://9tuma.app.link/kLTh3RAdIQb?cat_web_device_id=b81110a8-6804-4770-bfc9-a49944d9ab66&cat_web_session_id=aacc7414-9194-4c7b-9090-815169e17a4f&banner_location=header,9.1,73,,https://www.checkatrade.com/trades/markstewartpropertyservices,checkatrade,1,
JJB Carpentry & Building,Mr Jake,Builder,,https://9tuma.app.link/kLTh3RAdIQb?cat_web_device_id=b81110a8-6804-4770-bfc9-a49944d9ab66&cat_web_session_id=aacc7414-9194-4c7b-9090-815169e17a4f&banner_location=header,9.92,59,,https://www.checkatrade.com/trades/jjbcarpentryandbuilding,checkatrade,1,
Kings Construction,Mr William,Builder,Warwick,https://9tuma.app.link/kLTh3RAdIQb?cat_web_device_id=b81110a8-6804-4770-bfc9-a49944d9ab66&cat_web_session_id=aacc7414-9194-4c7b-9090-815169e17a4f&banner_location=header,9.94,43,,https://www.checkatrade.com/trades/kingsconstruction626087,checkatrade,1,
Prozllomi,Mr Rifat,Builder,Northampton and,https://9tuma.app.link/kLTh3RAdIQb?cat_web_device_id=b81110a8-6804-4770-bfc9-a49944d9ab66&cat_web_session_id=aacc7414-9194-4c7b-9090-815169e17a4f&banner_location=header,9.67,10,,https://www.checkatrade.com/trades/prozllomi,checkatrade,1,
SV Projects,Mr Vitaliy,Builder,,https://9tuma.app.link/kLTh3RAdIQb?cat_web_device_id=b81110a8-6804-4770-bfc9-a49944d9ab66&cat_web_session_id=aacc7414-9194-4c7b-9090-815169e17a4f&banner_location=header,9.9,14,,https://www.checkatrade.com/trades/svprojects,checkatrade,1,
Dextiles,Mr Stephen,Builder,,https://9tuma.app.link/kLTh3RAdIQb?cat_web_device_id=b81110a8-6804-4770-bfc9-a49944d9ab66&cat_web_session_id=aacc7414-9194-4c7b-9090-815169e17a4f&banner_location=header,10,1,,https://www.checkatrade.com/trades/dextiles1130672,checkatrade,1,
Home And Dry Construction Ltd,Mr. Nigel Forster,Builder,,https://9tuma.app.link/kLTh3RAdIQb?cat_web_device_id=b81110a8-6804-4770-bfc9-a49944d9ab66&cat_web_session_id=aacc7414-9194-4c7b-9090-815169e17a4f&banner_location=header,10,22,,https://www.checkatrade.com/trades/homeanddryconstruction1046286,checkatrade,1,
General Overhaul Group Ltd.,Mr Slawomir,Builder,,https://9tuma.app.link/kLTh3RAdIQb?cat_web_device_id=b81110a8-6804-4770-bfc9-a49944d9ab66&cat_web_session_id=aacc7414-9194-4c7b-9090-815169e17a4f&banner_location=header,10,61,,https://www.checkatrade.com/trades/generaloverhaulgroup,checkatrade,1,
Cotswold Building & Landscaping Works,Mr Ryan,Builder,,https://9tuma.app.link/kLTh3RAdIQb?cat_web_device_id=b81110a8-6804-4770-bfc9-a49944d9ab66&cat_web_session_id=aacc7414-9194-4c7b-9090-815169e17a4f&banner_location=header,9.72,80,,https://www.checkatrade.com/trades/cotswoldlandscapingworks,checkatrade,1,
SFK Home Improvements Ltd,Mr Stephen,Builder,Coventry and,https://9tuma.app.link/kLTh3RAdIQb?cat_web_device_id=b81110a8-6804-4770-bfc9-a49944d9ab66&cat_web_session_id=aacc7414-9194-4c7b-9090-815169e17a4f&banner_location=header,9.93,238,,https://www.checkatrade.com/trades/sfkhomeimprovementsltd,checkatrade,1,
All Kitchen Projects Ltd,Mr Theo,Builder,,https://9tuma.app.link/kLTh3RAdIQb?cat_web_device_id=b81110a8-6804-4770-bfc9-a49944d9ab66&cat_web_session_id=aacc7414-9194-4c7b-9090-815169e17a4f&banner_location=header,9.83,120,,https://www.checkatrade.com/trades/allkitchenprojectsltd,checkatrade,1,
T&P Property Services Ltd,Mr Fatos,Builder,,https://9tuma.app.link/kLTh3RAdIQb?cat_web_device_id=b81110a8-6804-4770-bfc9-a49944d9ab66&cat_web_session_id=aacc7414-9194-4c7b-9090-815169e17a4f&banner_location=header,10,90,,https://www.checkatrade.com/trades/tandppropertyservices,checkatrade,1,
Vedpro Construction Ltd,Mr. Victor Lungu,Builder,,https://9tuma.app.link/kLTh3RAdIQb?cat_web_device_id=b81110a8-6804-4770-bfc9-a49944d9ab66&cat_web_session_id=aacc7414-9194-4c7b-9090-815169e17a4f&banner_location=header,9.72,33,,https://www.checkatrade.com/trades/vedproconstruction,checkatrade,1,
JLR Construction & Development Ltd,Mr. Selman Perzhilla,Builder,,https://9tuma.app.link/kLTh3RAdIQb?cat_web_device_id=b81110a8-6804-4770-bfc9-a49944d9ab66&cat_web_session_id=aacc7414-9194-4c7b-9090-815169e17a4f&banner_location=header,10,52,,https://www.checkatrade.com/trades/jlrconstructionanddevelopment,checkatrade,1,
Apex Edge Developments Ltd,Mr Elliot,Builder,,https://9tuma.app.link/kLTh3RAdIQb?cat_web_device_id=b81110a8-6804-4770-bfc9-a49944d9ab66&cat_web_session_id=aacc7414-9194-4c7b-9090-815169e17a4f&banner_location=header,9.88,29,,https://www.checkatrade.com/trades/apexedgedevelopmentsltd,checkatrade,1,
S Cemenja Limited,Mr Sindrit,Builder,the Midlands,https://9tuma.app.link/kLTh3RAdIQb?cat_web_device_id=b81110a8-6804-4770-bfc9-a49944d9ab66&cat_web_session_id=aacc7414-9194-4c7b-9090-815169e17a4f&banner_location=header,10,9,,https://www.checkatrade.com/trades/scemenja,checkatrade,1,
DJ Brickwork,Mr Darren,Builder,,https://9tuma.app.link/kLTh3RAdIQb?cat_web_device_id=b81110a8-6804-4770-bfc9-a49944d9ab66&cat_web_session_id=aacc7414-9194-4c7b-9090-815169e17a4f&banner_location=header,9.87,66,,https://www.checkatrade.com/trades/djbrickwork1121972,checkatrade,1,
Allyed Property Services,Mr Vernon,Builder,Hartshill,https://9tuma.app.link/kLTh3RAdIQb?cat_web_device_id=b81110a8-6804-4770-bfc9-a49944d9ab66&cat_web_session_id=aacc7414-9194-4c7b-9090-815169e17a4f&banner_location=header,9.57,113,,https://www.checkatrade.com/trades/allyedpropertyservices | https://www.myjobquote.co.uk/t/able-property-services | https://www.myjobquote.co.uk/t/able-property-services,"checkatrade, myjobquote",2,
Tidy Property Solutions,Mr Dean,Builder,,https://9tuma.app.link/kLTh3RAdIQb?cat_web_device_id=b81110a8-6804-4770-bfc9-a49944d9ab66&cat_web_session_id=aacc7414-9194-4c7b-9090-815169e17a4f&banner_location=header,9.98,22,,https://www.checkatrade.com/trades/tidypropertysolutions,checkatrade,1,
Mb Living Limited,Mr Richard,Builder,,https://9tuma.app.link/kLTh3RAdIQb?cat_web_device_id=b81110a8-6804-4770-bfc9-a49944d9ab66&cat_web_session_id=aacc7414-9194-4c7b-9090-815169e17a4f&banner_location=header,10,21,,https://www.checkatrade.com/trades/mbliving,checkatrade,1,
Evansons Property Services,Mr Wayne,Builder,,https://9tuma.app.link/kLTh3RAdIQb?cat_web_device_id=b81110a8-6804-4770-bfc9-a49944d9ab66&cat_web_session_id=aacc7414-9194-4c7b-9090-815169e17a4f&banner_location=header,9.93,91,,https://www.checkatrade.com/trades/evansonspropertyservices,checkatrade,1,
ST Builders,Mr Sean,Builder,,https://9tuma.app.link/kLTh3RAdIQb?cat_web_device_id=b81110a8-6804-4770-bfc9-a49944d9ab66&cat_web_session_id=aacc7414-9194-4c7b-9090-815169e17a4f&banner_location=header,9.92,46,,https://www.checkatrade.com/trades/ssbuilders,checkatrade,1,
Newcastle Builders,Mr Neil,Builder,,https://9tuma.app.link/kLTh3RAdIQb?cat_web_device_id=b81110a8-6804-4770-bfc9-a49944d9ab66&cat_web_session_id=aacc7414-9194-4c7b-9090-815169e17a4f&banner_location=header,9.9,45,,https://www.checkatrade.com/trades/newcastlebuilders,checkatrade,1,
Jason Lambert,Mr Jason,Builder,,https://9tuma.app.link/kLTh3RAdIQb?cat_web_device_id=b81110a8-6804-4770-bfc9-a49944d9ab66&cat_web_session_id=aacc7414-9194-4c7b-9090-815169e17a4f&banner_location=header,10,12,,https://www.checkatrade.com/trades/jasonlambert,checkatrade,1,
D & J Roberts Ltd,Mr Jamie,Builder,,https://9tuma.app.link/kLTh3RAdIQb?cat_web_device_id=b81110a8-6804-4770-bfc9-a49944d9ab66&cat_web_session_id=aacc7414-9194-4c7b-9090-815169e17a4f&banner_location=header,9.91,22,,https://www.checkatrade.com/trades/dandjroberts,checkatrade,1,
Evason Building Contractor LTD,,Builder,all aspects,https://9tuma.app.link/kLTh3RAdIQb?cat_web_device_id=b81110a8-6804-4770-bfc9-a49944d9ab66&cat_web_session_id=aacc7414-9194-4c7b-9090-815169e17a4f&banner_location=header,9.86,15,,https://www.checkatrade.com/trades/evasonbuildingcontractorltd,checkatrade,1,
Green St Design & Build Ltd,Mr Carl,Builder,,https://9tuma.app.link/kLTh3RAdIQb?cat_web_device_id=b81110a8-6804-4770-bfc9-a49944d9ab66&cat_web_session_id=aacc7414-9194-4c7b-9090-815169e17a4f&banner_location=header,9.83,7,,https://www.checkatrade.com/trades/greenstdesignandbuild,checkatrade,1,
Wilton Brothers Building and Landscaping,Mr David,Builder,,https://9tuma.app.link/kLTh3RAdIQb?cat_web_device_id=b81110a8-6804-4770-bfc9-a49944d9ab66&cat_web_session_id=aacc7414-9194-4c7b-9090-815169e17a4f&banner_location=header,10,32,,https://www.checkatrade.com/trades/wiltonbrothersbuildingandland,checkatrade,1,
STS Structural Timber Solutions,Mr Scott,Builder,,https://9tuma.app.link/kLTh3RAdIQb?cat_web_device_id=b81110a8-6804-4770-bfc9-a49944d9ab66&cat_web_session_id=aacc7414-9194-4c7b-9090-815169e17a4f&banner_location=header,9.97,57,,https://www.checkatrade.com/trades/stsstructuraltimbersolutions,checkatrade,1,
SP Building & Brickwork,Mr. Joe Peyton,Builder,,https://9tuma.app.link/kLTh3RAdIQb?cat_web_device_id=b81110a8-6804-4770-bfc9-a49944d9ab66&cat_web_session_id=aacc7414-9194-4c7b-9090-815169e17a4f&banner_location=header,10,34,,https://www.checkatrade.com/trades/spbuildingandbrickwork,checkatrade,1,
UTILITIES &PROPERTY SERVICES LTD,Mr Tony,Builder,,https://9tuma.app.link/kLTh3RAdIQb?cat_web_device_id=b81110a8-6804-4770-bfc9-a49944d9ab66&cat_web_session_id=aacc7414-9194-4c7b-9090-815169e17a4f&banner_location=header,10,18,,https://www.checkatrade.com/trades/utilitiespropertyservicesltd,checkatrade,1,
IDP Builders,Mr Ivan,Builder,the heart,https://9tuma.app.link/kLTh3RAdIQb?cat_web_device_id=b81110a8-6804-4770-bfc9-a49944d9ab66&cat_web_session_id=aacc7414-9194-4c7b-9090-815169e17a4f&banner_location=header,9.62,7,,https://www.checkatrade.com/trades/idpbuilders,checkatrade,1,
Elite North Building Services,Mr Corey,Builder,,https://9tuma.app.link/kLTh3RAdIQb?cat_web_device_id=b81110a8-6804-4770-bfc9-a49944d9ab66&cat_web_session_id=aacc7414-9194-4c7b-9090-815169e17a4f&banner_location=header,9.96,16,,https://www.checkatrade.com/trades/elitenorthbuildingservices,checkatrade,1,
Simply Joinery and Maintenance,Mr. Barry Doran,Builder,,https://9tuma.app.link/kLTh3RAdIQb?cat_web_device_id=b81110a8-6804-4770-bfc9-a49944d9ab66&cat_web_session_id=aacc7414-9194-4c7b-9090-815169e17a4f&banner_location=header,9.91,25,,https://www.checkatrade.com/trades/simplyjoineryandmaintenance969750,checkatrade,1,
Carn Construction,Mr Anthony,Builder,,https://9tuma.app.link/kLTh3RAdIQb?cat_web_device_id=b81110a8-6804-4770-bfc9-a49944d9ab66&cat_web_session_id=aacc7414-9194-4c7b-9090-815169e17a4f&banner_location=header,9,1,,https://www.checkatrade.com/trades/carnconstruction1136391 | https://www.myjobquote.co.uk/t/sadaat | https://www.myjobquote.co.uk/t/sadaat | https://www.myjobquote.co.uk/t/evri-construction-ltd | https://www.myjobquote.co.uk/t/evri-construction-ltd,"checkatrade, myjobquote",2,
Omni Developments Manchester ltd,Mr Jon,Builder,and shelf,https://9tuma.app.link/kLTh3RAdIQb?cat_web_device_id=b81110a8-6804-4770-bfc9-a49944d9ab66&cat_web_session_id=aacc7414-9194-4c7b-9090-815169e17a4f&banner_location=header,9.63,25,,https://www.checkatrade.com/trades/omnidevelopmentsmanchesterltd,checkatrade,1,
"Top Property Services,",Mr. Gzim Morina,Builder,from full,https://9tuma.app.link/kLTh3RAdIQb?cat_web_device_id=b81110a8-6804-4770-bfc9-a49944d9ab66&cat_web_session_id=aacc7414-9194-4c7b-9090-815169e17a4f&banner_location=header,10,20,,https://www.checkatrade.com/trades/toppropertyservices,checkatrade,1,
GPMD,Mr Harry,Builder,,https://9tuma.app.link/kLTh3RAdIQb?cat_web_device_id=b81110a8-6804-4770-bfc9-a49944d9ab66&cat_web_session_id=aacc7414-9194-4c7b-9090-815169e17a4f&banner_location=header,9.5,2,,https://www.checkatrade.com/trades/gpmd | https://www.myjobquote.co.uk/t/mike-martyn-refurbishment | https://www.myjobquote.co.uk/t/mike-martyn-refurbishment,"checkatrade, myjobquote",2,
Pinnacle Builders,Mr Anthony,Builder,,https://9tuma.app.link/kLTh3RAdIQb?cat_web_device_id=b81110a8-6804-4770-bfc9-a49944d9ab66&cat_web_session_id=aacc7414-9194-4c7b-9090-815169e17a4f&banner_location=header,9.91,25,,https://www.checkatrade.com/trades/pinnaclebuilders1125909,checkatrade,1,
BNR Build Ltd,Mr Bradley,Builder,,https://9tuma.app.link/kLTh3RAdIQb?cat_web_device_id=b81110a8-6804-4770-bfc9-a49944d9ab66&cat_web_session_id=aacc7414-9194-4c7b-9090-815169e17a4f&banner_location=header,9.76,7,,https://www.checkatrade.com/trades/bnrbuildltd,checkatrade,1,
Team Maintenance UK Ltd,Mr Sam,Builder,,https://9tuma.app.link/kLTh3RAdIQb?cat_web_device_id=b81110a8-6804-4770-bfc9-a49944d9ab66&cat_web_session_id=aacc7414-9194-4c7b-9090-815169e17a4f&banner_location=header,10,86,,https://www.checkatrade.com/trades/teammaintenanceukltd,checkatrade,1,
Lee Griffiths Builders,Mr Lee,Builder,,https://9tuma.app.link/kLTh3RAdIQb?cat_web_device_id=b81110a8-6804-4770-bfc9-a49944d9ab66&cat_web_session_id=aacc7414-9194-4c7b-9090-815169e17a4f&banner_location=header,9.9,7,,https://www.checkatrade.com/trades/leegriffithsbuilders | https://www.myjobquote.co.uk/t/mike-griffiths-builders | https://www.myjobquote.co.uk/t/mike-griffiths-builders | https://www.myjobquote.co.uk/t/jjj-brickwork-limited | https://www.myjobquote.co.uk/t/jjj-brickwork-limited,"checkatrade, myjobquote",2,
RJR Building Contractors Limited,Mr Steven,Builder,the Dartford,https://9tuma.app.link/kLTh3RAdIQb?cat_web_device_id=b81110a8-6804-4770-bfc9-a49944d9ab66&cat_web_session_id=aacc7414-9194-4c7b-9090-815169e17a4f&banner_location=header,9.94,104,,https://www.checkatrade.com/trades/rjrbuildingcontractors,checkatrade,1,
Homdec Construction Ltd,Mr Bob,Builder,Southfleet Kent,https://9tuma.app.link/kLTh3RAdIQb?cat_web_device_id=b81110a8-6804-4770-bfc9-a49944d9ab66&cat_web_session_id=aacc7414-9194-4c7b-9090-815169e17a4f&banner_location=header,10,199,,https://www.checkatrade.com/trades/homdec,checkatrade,1,
SFC BUILDERS LTD,Mr Sergio,Builder,,https://9tuma.app.link/kLTh3RAdIQb?cat_web_device_id=b81110a8-6804-4770-bfc9-a49944d9ab66&cat_web_session_id=aacc7414-9194-4c7b-9090-815169e17a4f&banner_location=header,9.95,7,,https://www.checkatrade.com/trades/sfcbuildersltd,checkatrade,1,
T B Carpenters And Builders Se Ltd,Mr Tony,Builder,,https://9tuma.app.link/kLTh3RAdIQb?cat_web_device_id=b81110a8-6804-4770-bfc9-a49944d9ab66&cat_web_session_id=aacc7414-9194-4c7b-9090-815169e17a4f&banner_location=header,9.93,70,,https://www.checkatrade.com/trades/tbcarpentersandbuildersse316477,checkatrade,1,
BAAZVEER CONSTRUCTION LTD,Mr Jitender,Builder,Bexleyheath and,https://9tuma.app.link/kLTh3RAdIQb?cat_web_device_id=b81110a8-6804-4770-bfc9-a49944d9ab66&cat_web_session_id=aacc7414-9194-4c7b-9090-815169e17a4f&banner_location=header,9.5,2,,https://www.checkatrade.com/trades/baazveerconstructionltd,checkatrade,1,
IHB construction limited,Mr Ilirjan,Builder,Welling and,https://9tuma.app.link/kLTh3RAdIQb?cat_web_device_id=b81110a8-6804-4770-bfc9-a49944d9ab66&cat_web_session_id=aacc7414-9194-4c7b-9090-815169e17a4f&banner_location=header,9.93,5,,https://www.checkatrade.com/trades/ihbconstructionlimited,checkatrade,1,
J Interiors & Exteriors,Customer Services,Builder,,https://9tuma.app.link/kLTh3RAdIQb?cat_web_device_id=b81110a8-6804-4770-bfc9-a49944d9ab66&cat_web_session_id=aacc7414-9194-4c7b-9090-815169e17a4f&banner_location=header,10,85,,https://www.checkatrade.com/trades/jinteriorsandexteriors,checkatrade,1,
Pulman Construction Ltd,Mr Anthony,Builder,,https://9tuma.app.link/kLTh3RAdIQb?cat_web_device_id=b81110a8-6804-4770-bfc9-a49944d9ab66&cat_web_session_id=aacc7414-9194-4c7b-9090-815169e17a4f&banner_location=header,9.8,52,,https://www.checkatrade.com/trades/pulmanconstructionltd | https://www.myjobquote.co.uk/t/waldman-construction | https://www.myjobquote.co.uk/t/waldman-construction,"checkatrade, myjobquote",2,
H.J.Swann Build Contractors Ltd,Mr Henry,Builder,,https://9tuma.app.link/kLTh3RAdIQb?cat_web_device_id=b81110a8-6804-4770-bfc9-a49944d9ab66&cat_web_session_id=aacc7414-9194-4c7b-9090-815169e17a4f&banner_location=header,9.53,26,,https://www.checkatrade.com/trades/hjswannbuildcontractorsltd,checkatrade,1,
C&M Joinery Derby Ltd,Mr Colin,Builder,areas within,https://9tuma.app.link/kLTh3RAdIQb?cat_web_device_id=b81110a8-6804-4770-bfc9-a49944d9ab66&cat_web_session_id=aacc7414-9194-4c7b-9090-815169e17a4f&banner_location=header,9.8,26,,https://www.checkatrade.com/trades/candmjoineryderby,checkatrade,1,
Skip On Wheels We Load,Mr. Gavin Bailey,Builder,,https://9tuma.app.link/kLTh3RAdIQb?cat_web_device_id=b81110a8-6804-4770-bfc9-a49944d9ab66&cat_web_session_id=aacc7414-9194-4c7b-9090-815169e17a4f&banner_location=header,9.93,112,,https://www.checkatrade.com/trades/skiponwheelsweload,checkatrade,1,
E&G Home Improvements Ltd,Mr Ionut,Builder,Nottingham and,https://9tuma.app.link/kLTh3RAdIQb?cat_web_device_id=b81110a8-6804-4770-bfc9-a49944d9ab66&cat_web_session_id=aacc7414-9194-4c7b-9090-815169e17a4f&banner_location=header,9.67,5,,https://www.checkatrade.com/trades/eghomeimprovementsltd,checkatrade,1,
Hera Property Developers,Mr Harinder,Builder,clients within,https://9tuma.app.link/kLTh3RAdIQb?cat_web_device_id=b81110a8-6804-4770-bfc9-a49944d9ab66&cat_web_session_id=aacc7414-9194-4c7b-9090-815169e17a4f&banner_location=header,9.22,11,,https://www.checkatrade.com/trades/herapropertydevelopers,checkatrade,1,
Cristian Construction,Mr Cristian,Builder,Burton on,https://9tuma.app.link/kLTh3RAdIQb?cat_web_device_id=b81110a8-6804-4770-bfc9-a49944d9ab66&cat_web_session_id=aacc7414-9194-4c7b-9090-815169e17a4f&banner_location=header,9.8,5,,https://www.checkatrade.com/trades/cristianconstruction1140828,checkatrade,1,
Unique Property Construction,Mr Gareth,Builder,,https://9tuma.app.link/kLTh3RAdIQb?cat_web_device_id=b81110a8-6804-4770-bfc9-a49944d9ab66&cat_web_session_id=aacc7414-9194-4c7b-9090-815169e17a4f&banner_location=header,8.5,26,,https://www.checkatrade.com/trades/uniquepropertyconstruction,checkatrade,1,
KPB Building Ltd,Mr Karoly,Builder,Long Eaton,https://9tuma.app.link/kLTh3RAdIQb?cat_web_device_id=b81110a8-6804-4770-bfc9-a49944d9ab66&cat_web_session_id=aacc7414-9194-4c7b-9090-815169e17a4f&banner_location=header,9.94,94,,https://www.checkatrade.com/trades/kpbbuilding,checkatrade,1,
CR Brickwork (Midlands) LTD,Mr Christopher,Builder,,https://9tuma.app.link/kLTh3RAdIQb?cat_web_device_id=b81110a8-6804-4770-bfc9-a49944d9ab66&cat_web_session_id=aacc7414-9194-4c7b-9090-815169e17a4f&banner_location=header,10,40,,https://www.checkatrade.com/trades/crbrickworkmidlandsltd,checkatrade,1,
PG Construction MG,Mrs Brigita,Builder,Derby and,https://9tuma.app.link/kLTh3RAdIQb?cat_web_device_id=b81110a8-6804-4770-bfc9-a49944d9ab66&cat_web_session_id=aacc7414-9194-4c7b-9090-815169e17a4f&banner_location=header,10,4,,https://www.checkatrade.com/trades/pgconstructionmg5919995,checkatrade,1,
BG Building Services,Mr Ben,Builder,Swadlincote we,https://9tuma.app.link/kLTh3RAdIQb?cat_web_device_id=b81110a8-6804-4770-bfc9-a49944d9ab66&cat_web_session_id=aacc7414-9194-4c7b-9090-815169e17a4f&banner_location=header,9.54,130,,https://www.checkatrade.com/trades/bgbuildingservices,checkatrade,1,
Do it all,Mr Alexandru,Builder,,https://9tuma.app.link/kLTh3RAdIQb?cat_web_device_id=b81110a8-6804-4770-bfc9-a49944d9ab66&cat_web_session_id=aacc7414-9194-4c7b-9090-815169e17a4f&banner_location=header,9.95,25,,https://www.checkatrade.com/trades/doitall,checkatrade,1,
Cliffords.homeimprovements,Mr Corey,Builder,it all,https://9tuma.app.link/kLTh3RAdIQb?cat_web_device_id=b81110a8-6804-4770-bfc9-a49944d9ab66&cat_web_session_id=aacc7414-9194-4c7b-9090-815169e17a4f&banner_location=header,9.89,51,,https://www.checkatrade.com/trades/cliffordshomeimprovements1112331,checkatrade,1,
SRH Building and Landscaping Ltd,Mr Sam,Builder,,https://9tuma.app.link/kLTh3RAdIQb?cat_web_device_id=b81110a8-6804-4770-bfc9-a49944d9ab66&cat_web_session_id=aacc7414-9194-4c7b-9090-815169e17a4f&banner_location=header,9.95,46,,https://www.checkatrade.com/trades/srhbuildingandlandscapingltd | https://www.myjobquote.co.uk/t/ik-building-landscaping | https://www.myjobquote.co.uk/t/ik-building-landscaping | https://www.myjobquote.co.uk/t/rw1-building-landscaping | https://www.myjobquote.co.uk/t/rw1-building-landscaping | https://www.myjobquote.co.uk/t/mg-building-and-landscaping-ltd | https://www.myjobquote.co.uk/t/mg-building-and-landscaping-ltd | https://www.myjobquote.co.uk/t/cb-building-landscaping | https://www.myjobquote.co.uk/t/cb-building-landscaping,"checkatrade, myjobquote",2,
Result Construction & Maintenance,Mr Sinan,Builder,,https://9tuma.app.link/kLTh3RAdIQb?cat_web_device_id=b81110a8-6804-4770-bfc9-a49944d9ab66&cat_web_session_id=aacc7414-9194-4c7b-9090-815169e17a4f&banner_location=header,9.9,20,,https://www.checkatrade.com/trades/resultconstructionmaintenance,checkatrade,1,
PA Dyson Building & Roofing Ltd,Mr Peter,Builder,,https://9tuma.app.link/kLTh3RAdIQb?cat_web_device_id=b81110a8-6804-4770-bfc9-a49944d9ab66&cat_web_session_id=aacc7414-9194-4c7b-9090-815169e17a4f&banner_location=header,9.86,33,,https://www.checkatrade.com/trades/padysonbuildingandroofing,checkatrade,1,
YAN&MIL CONSTRUCTION LTD,Mr Milen,Builder,,https://9tuma.app.link/kLTh3RAdIQb?cat_web_device_id=b81110a8-6804-4770-bfc9-a49944d9ab66&cat_web_session_id=aacc7414-9194-4c7b-9090-815169e17a4f&banner_location=header,9.91,25,,https://www.checkatrade.com/trades/yanmilconstructionltd,checkatrade,1,
X P B CONSTRUCTION LTD,Mr Hyso,Builder,Nottingham and,https://9tuma.app.link/kLTh3RAdIQb?cat_web_device_id=b81110a8-6804-4770-bfc9-a49944d9ab66&cat_web_session_id=aacc7414-9194-4c7b-9090-815169e17a4f&banner_location=header,10,3,,https://www.checkatrade.com/trades/xpbconstructionltd,checkatrade,1,
YCL Construction Ltd,Mr. Yudzhel Zekerie,Builder,,https://9tuma.app.link/kLTh3RAdIQb?cat_web_device_id=b81110a8-6804-4770-bfc9-a49944d9ab66&cat_web_session_id=aacc7414-9194-4c7b-9090-815169e17a4f&banner_location=header,9.45,33,,https://www.checkatrade.com/trades/yudzhelzekeriehalil,checkatrade,1,
Orangery Concepts Ltd,Mr Ashley,Builder,the perfect,https://9tuma.app.link/kLTh3RAdIQb?cat_web_device_id=b81110a8-6804-4770-bfc9-a49944d9ab66&cat_web_session_id=aacc7414-9194-4c7b-9090-815169e17a4f&banner_location=header,9.95,28,,https://www.checkatrade.com/trades/orangeryconcepts,checkatrade,1,
BK Brickworks Ltd,Mr Mychajlo,Builder,,https://9tuma.app.link/kLTh3RAdIQb?cat_web_device_id=b81110a8-6804-4770-bfc9-a49944d9ab66&cat_web_session_id=aacc7414-9194-4c7b-9090-815169e17a4f&banner_location=header,9.21,31,,https://www.checkatrade.com/trades/bkbrickworksltd,checkatrade,1,
Laszlo Balazs,Mr Laszlo,Builder,,https://9tuma.app.link/kLTh3RAdIQb?cat_web_device_id=b81110a8-6804-4770-bfc9-a49944d9ab66&cat_web_session_id=aacc7414-9194-4c7b-9090-815169e17a4f&banner_location=header,9.71,107,,https://www.checkatrade.com/trades/laszlobalazs,checkatrade,1,
SMM Property Services,Mr Shane,Builder,,https://9tuma.app.link/kLTh3RAdIQb?cat_web_device_id=b81110a8-6804-4770-bfc9-a49944d9ab66&cat_web_session_id=aacc7414-9194-4c7b-9090-815169e17a4f&banner_location=header,9.21,31,,https://www.checkatrade.com/trades/smmpropertyservices | https://www.myjobquote.co.uk/t/pmac-property-services | https://www.myjobquote.co.uk/t/pmac-property-services,"checkatrade, myjobquote",2,
Regent Estate Maintenance Limited,Mr Karol,Builder,,https://9tuma.app.link/kLTh3RAdIQb?cat_web_device_id=b81110a8-6804-4770-bfc9-a49944d9ab66&cat_web_session_id=aacc7414-9194-4c7b-9090-815169e17a4f&banner_location=header,9.78,23,,https://www.checkatrade.com/trades/regentestatemaintenancelimited,checkatrade,1,
Ecohouseuk Ltd,Mr Luke,Builder,,https://9tuma.app.link/kLTh3RAdIQb?cat_web_device_id=b81110a8-6804-4770-bfc9-a49944d9ab66&cat_web_session_id=aacc7414-9194-4c7b-9090-815169e17a4f&banner_location=header,10,13,,https://www.checkatrade.com/trades/ecohouseukltd,checkatrade,1,
Willison Property,Mr Tyler,Builder,Ripley and,https://9tuma.app.link/kLTh3RAdIQb?cat_web_device_id=b81110a8-6804-4770-bfc9-a49944d9ab66&cat_web_session_id=aacc7414-9194-4c7b-9090-815169e17a4f&banner_location=header,10,3,,https://www.checkatrade.com/trades/willisonproperty,checkatrade,1,
Endcliffe Building and Renovations Limited,Mr Oscar,Builder,Sheffield,https://9tuma.app.link/kLTh3RAdIQb?cat_web_device_id=b81110a8-6804-4770-bfc9-a49944d9ab66&cat_web_session_id=aacc7414-9194-4c7b-9090-815169e17a4f&banner_location=header,9.73,16,,https://www.checkatrade.com/trades/endcliffebuildingandrenovationslimited,checkatrade,1,
NVS Building Services Ltd,Mr Neil,Builder,Matlock,https://9tuma.app.link/kLTh3RAdIQb?cat_web_device_id=b81110a8-6804-4770-bfc9-a49944d9ab66&cat_web_session_id=aacc7414-9194-4c7b-9090-815169e17a4f&banner_location=header,9.95,182,,https://www.checkatrade.com/trades/nvsbuildingservicesltd,checkatrade,1,
Mellors Joinery and Building Services,Mr Bradley,Builder,,https://9tuma.app.link/kLTh3RAdIQb?cat_web_device_id=b81110a8-6804-4770-bfc9-a49944d9ab66&cat_web_session_id=aacc7414-9194-4c7b-9090-815169e17a4f&banner_location=header,10,35,,https://www.checkatrade.com/trades/mellorsjoineryandbuildingservices,checkatrade,1,
Jenkinson  Construction Group Limited,Mr Richard,Builder,how Jenkinson,https://9tuma.app.link/kLTh3RAdIQb?cat_web_device_id=b81110a8-6804-4770-bfc9-a49944d9ab66&cat_web_session_id=aacc7414-9194-4c7b-9090-815169e17a4f&banner_location=header,9.92,53,,https://www.checkatrade.com/trades/jenkinsonconstructiongrouplimited,checkatrade,1,
Acorn Building & Roofing Ltd,Mr Jonathan,Builder,,https://9tuma.app.link/kLTh3RAdIQb?cat_web_device_id=b81110a8-6804-4770-bfc9-a49944d9ab66&cat_web_session_id=aacc7414-9194-4c7b-9090-815169e17a4f&banner_location=header,10,75,,https://www.checkatrade.com/trades/acornbuildingandroofing,checkatrade,1,
MBL Builders ltd,Mr. Xhelil Loca,Builder,,https://9tuma.app.link/kLTh3RAdIQb?cat_web_device_id=b81110a8-6804-4770-bfc9-a49944d9ab66&cat_web_session_id=aacc7414-9194-4c7b-9090-815169e17a4f&banner_location=header,9.82,80,,https://www.checkatrade.com/trades/mblbuilders,checkatrade,1,
MPG Building & Landscape Services,Mr Michael,Builder,Mansfield and,https://9tuma.app.link/kLTh3RAdIQb?cat_web_device_id=b81110a8-6804-4770-bfc9-a49944d9ab66&cat_web_session_id=aacc7414-9194-4c7b-9090-815169e17a4f&banner_location=header,10,5,,https://www.checkatrade.com/trades/mpgbuildinglandscapeservices,checkatrade,1,
Whiterun Developments ltd,Mr Connor,Builder,,https://9tuma.app.link/kLTh3RAdIQb?cat_web_device_id=b81110a8-6804-4770-bfc9-a49944d9ab66&cat_web_session_id=aacc7414-9194-4c7b-9090-815169e17a4f&banner_location=header,9.38,11,,https://www.checkatrade.com/trades/whiterundevelopmentsltd,checkatrade,1,
Bang On Construction & Maintenance Ltd,Mr Steven,Builder,Erdington Birmingham,https://9tuma.app.link/kLTh3RAdIQb?cat_web_device_id=b81110a8-6804-4770-bfc9-a49944d9ab66&cat_web_session_id=aacc7414-9194-4c7b-9090-815169e17a4f&banner_location=header,10,29,,https://www.checkatrade.com/trades/bangonconstructionandmaintenance1107781,checkatrade,1,
Parkinson Construction,Mr. Graeme Parkinson,Builder,the Northeast,https://9tuma.app.link/kLTh3RAdIQb?cat_web_device_id=b81110a8-6804-4770-bfc9-a49944d9ab66&cat_web_session_id=aacc7414-9194-4c7b-9090-815169e17a4f&banner_location=header,10,71,,https://www.checkatrade.com/trades/parkinsonconstruction1012368,checkatrade,1,
S & J Building Services,Mr Stewart,Builder,all aspects,https://9tuma.app.link/kLTh3RAdIQb?cat_web_device_id=b81110a8-6804-4770-bfc9-a49944d9ab66&cat_web_session_id=aacc7414-9194-4c7b-9090-815169e17a4f&banner_location=header,9.83,73,,https://www.checkatrade.com/trades/sandjbuildingservices,checkatrade,1,
AA Wall Tie Specialists,Mr Andrew,Builder,,https://9tuma.app.link/kLTh3RAdIQb?cat_web_device_id=b81110a8-6804-4770-bfc9-a49944d9ab66&cat_web_session_id=aacc7414-9194-4c7b-9090-815169e17a4f&banner_location=header,9.9,226,,https://www.checkatrade.com/trades/aawalltiespecialists,checkatrade,1,
Aspire Construction (Darlington),Mr. William Robinson,Builder,,https://9tuma.app.link/kLTh3RAdIQb?cat_web_device_id=b81110a8-6804-4770-bfc9-a49944d9ab66&cat_web_session_id=aacc7414-9194-4c7b-9090-815169e17a4f&banner_location=header,9.77,31,,https://www.checkatrade.com/trades/aspireconstructiondarlington987257,checkatrade,1,
Newall Development Group Ltd,Mr Liam,Builder,,https://9tuma.app.link/kLTh3RAdIQb?cat_web_device_id=b81110a8-6804-4770-bfc9-a49944d9ab66&cat_web_session_id=aacc7414-9194-4c7b-9090-815169e17a4f&banner_location=header,9.97,43,,https://www.checkatrade.com/trades/newalldevelopmentgroupltd,checkatrade,1,
Total Home Solutions (Ne) Ltd,Mrs. Leona Traill,Builder,,https://9tuma.app.link/kLTh3RAdIQb?cat_web_device_id=b81110a8-6804-4770-bfc9-a49944d9ab66&cat_web_session_id=aacc7414-9194-4c7b-9090-815169e17a4f&banner_location=header,9.8,211,,https://www.checkatrade.com/trades/totalhomesolutionsneltd,checkatrade,1,
Cailes Builders Ltd,Mr Ryan,Builder,all building,https://9tuma.app.link/kLTh3RAdIQb?cat_web_device_id=b81110a8-6804-4770-bfc9-a49944d9ab66&cat_web_session_id=aacc7414-9194-4c7b-9090-815169e17a4f&banner_location=header,9.89,23,,https://www.checkatrade.com/trades/cailesbuilders,checkatrade,1,
Inside & Out Property Maintenance,Mr Paul,Builder,pipe work,https://9tuma.app.link/kLTh3RAdIQb?cat_web_device_id=b81110a8-6804-4770-bfc9-a49944d9ab66&cat_web_session_id=aacc7414-9194-4c7b-9090-815169e17a4f&banner_location=header,10,68,,https://www.checkatrade.com/trades/insideandoutpropertymaintenance,checkatrade,1,
A19 Garage Conversions and Building Services,Mr Neil,Builder,,https://9tuma.app.link/kLTh3RAdIQb?cat_web_device_id=b81110a8-6804-4770-bfc9-a49944d9ab66&cat_web_session_id=aacc7414-9194-4c7b-9090-815169e17a4f&banner_location=header,10,101,,https://www.checkatrade.com/trades/a19garageconversionsandbuildingservices,checkatrade,1,
Evolve Home Improvements Ltd,Mr Craig,Builder,,https://9tuma.app.link/kLTh3RAdIQb?cat_web_device_id=b81110a8-6804-4770-bfc9-a49944d9ab66&cat_web_session_id=aacc7414-9194-4c7b-9090-815169e17a4f&banner_location=header,8,56,,https://www.checkatrade.com/trades/evolvehomeimprovementsltd,checkatrade,1,
Armiger Joinery Ltd,Mr Stuart,Builder,,https://9tuma.app.link/kLTh3RAdIQb?cat_web_device_id=b81110a8-6804-4770-bfc9-a49944d9ab66&cat_web_session_id=aacc7414-9194-4c7b-9090-815169e17a4f&banner_location=header,9.94,48,,https://www.checkatrade.com/trades/armigerjoinery,checkatrade,1,
Elite Interiors NE Ltd,Mr Damen,Builder,,https://9tuma.app.link/kLTh3RAdIQb?cat_web_device_id=b81110a8-6804-4770-bfc9-a49944d9ab66&cat_web_session_id=aacc7414-9194-4c7b-9090-815169e17a4f&banner_location=header,9.98,15,,https://www.checkatrade.com/trades/eliteinteriorsneltd,checkatrade,1,
B D S Building & Joinery (NE) Ltd,Mr Gary,Builder,,https://9tuma.app.link/kLTh3RAdIQb?cat_web_device_id=b81110a8-6804-4770-bfc9-a49944d9ab66&cat_web_session_id=aacc7414-9194-4c7b-9090-815169e17a4f&banner_location=header,10,75,,https://www.checkatrade.com/trades/bdsbuildingjoineryneltd,checkatrade,1,
I W Building Services,Mr Ian,Builder,,https://9tuma.app.link/kLTh3RAdIQb?cat_web_device_id=b81110a8-6804-4770-bfc9-a49944d9ab66&cat_web_session_id=aacc7414-9194-4c7b-9090-815169e17a4f&banner_location=header,9.67,96,,https://www.checkatrade.com/trades/iwbuildingservices,checkatrade,1,
Hollinside Construction Limited,Mr Nathan,Builder,,https://9tuma.app.link/kLTh3RAdIQb?cat_web_device_id=b81110a8-6804-4770-bfc9-a49944d9ab66&cat_web_session_id=aacc7414-9194-4c7b-9090-815169e17a4f&banner_location=header,10,5,,https://www.checkatrade.com/trades/hollinsideconstructionlimited,checkatrade,1,
North East Construction & Repairs Ltd,Mr Ryan,Builder,,https://9tuma.app.link/kLTh3RAdIQb?cat_web_device_id=b81110a8-6804-4770-bfc9-a49944d9ab66&cat_web_session_id=aacc7414-9194-4c7b-9090-815169e17a4f&banner_location=header,9.94,30,,https://www.checkatrade.com/trades/northeastconstructionandrepairs,checkatrade,1,
A.I.L PROPERTY SPECIALISTS LTD,Mr Terry,Builder,,https://9tuma.app.link/kLTh3RAdIQb?cat_web_device_id=b81110a8-6804-4770-bfc9-a49944d9ab66&cat_web_session_id=aacc7414-9194-4c7b-9090-815169e17a4f&banner_location=header,9.69,20,,https://www.checkatrade.com/trades/ailpropertyspecialistsltd,checkatrade,1,
ACE OF TRADES CONSTRUCTION LIMITED,Mr Andrew,Builder,Jarrow and,https://9tuma.app.link/kLTh3RAdIQb?cat_web_device_id=b81110a8-6804-4770-bfc9-a49944d9ab66&cat_web_session_id=aacc7414-9194-4c7b-9090-815169e17a4f&banner_location=header,10,6,,https://www.checkatrade.com/trades/aceoftradesconstructionlimited,checkatrade,1,
JMG Builders,Mr Jonathan,Builder,,https://9tuma.app.link/kLTh3RAdIQb?cat_web_device_id=b81110a8-6804-4770-bfc9-a49944d9ab66&cat_web_session_id=aacc7414-9194-4c7b-9090-815169e17a4f&banner_location=header,9.77,47,,https://www.checkatrade.com/trades/jmgbuilders,checkatrade,1,
Impress Property Services Ltd,Mr Wayne,Builder,all aspects,https://9tuma.app.link/kLTh3RAdIQb?cat_web_device_id=b81110a8-6804-4770-bfc9-a49944d9ab66&cat_web_session_id=aacc7414-9194-4c7b-9090-815169e17a4f&banner_location=header,10,105,,https://www.checkatrade.com/trades/impresspropertyservices,checkatrade,1,
RSJ CONSTRUCTION,Mr Ryan,Builder,,https://9tuma.app.link/kLTh3RAdIQb?cat_web_device_id=b81110a8-6804-4770-bfc9-a49944d9ab66&cat_web_session_id=aacc7414-9194-4c7b-9090-815169e17a4f&banner_location=header,10,6,,https://www.checkatrade.com/trades/rsjconstruction5935842,checkatrade,1,
LKJ Painting & Maintenance,Mr Lee,Builder,Middlesbrough and,https://9tuma.app.link/kLTh3RAdIQb?cat_web_device_id=b81110a8-6804-4770-bfc9-a49944d9ab66&cat_web_session_id=aacc7414-9194-4c7b-9090-815169e17a4f&banner_location=header,9.76,7,,https://www.checkatrade.com/trades/lkjpaintingmaintenance,checkatrade,1,
Wayne Hudson Builder,Mr Wayne,Builder,Northallerton and,https://9tuma.app.link/kLTh3RAdIQb?cat_web_device_id=b81110a8-6804-4770-bfc9-a49944d9ab66&cat_web_session_id=aacc7414-9194-4c7b-9090-815169e17a4f&banner_location=header,9.95,50,,https://www.checkatrade.com/trades/waynehudsonbuilder,checkatrade,1,
Gibsons Property Services,Mr Richard,Builder,,https://9tuma.app.link/kLTh3RAdIQb?cat_web_device_id=b81110a8-6804-4770-bfc9-a49944d9ab66&cat_web_session_id=aacc7414-9194-4c7b-9090-815169e17a4f&banner_location=header,10,109,,https://www.checkatrade.com/trades/gibsonspropertyservices,checkatrade,1,
BYRECROFT LTD,Mr Marc,Builder,,https://9tuma.app.link/kLTh3RAdIQb?cat_web_device_id=b81110a8-6804-4770-bfc9-a49944d9ab66&cat_web_session_id=aacc7414-9194-4c7b-9090-815169e17a4f&banner_location=header,9.77,31,,https://www.checkatrade.com/trades/byrecroftltd,checkatrade,1,
Precision Building & Maintenance Ltd,Mr Luke,Builder,,https://9tuma.app.link/kLTh3RAdIQb?cat_web_device_id=b81110a8-6804-4770-bfc9-a49944d9ab66&cat_web_session_id=aacc7414-9194-4c7b-9090-815169e17a4f&banner_location=header,10,21,,https://www.checkatrade.com/trades/precisionbuildingandmaintenance,checkatrade,1,
Ashbrookes Design & Build Limited,Mr Mohammed,Builder,,https://9tuma.app.link/kLTh3RAdIQb?cat_web_device_id=b81110a8-6804-4770-bfc9-a49944d9ab66&cat_web_session_id=aacc7414-9194-4c7b-9090-815169e17a4f&banner_location=header,9.67,4,,https://www.checkatrade.com/trades/ashbrookesdesignbuild,checkatrade,1,
Expert Builders Ltd,Mr Muzammal,Builder,why Expert,https://9tuma.app.link/kLTh3RAdIQb?cat_web_device_id=b81110a8-6804-4770-bfc9-a49944d9ab66&cat_web_session_id=aacc7414-9194-4c7b-9090-815169e17a4f&banner_location=header,9.93,13,,https://www.checkatrade.com/trades/expertbuildersltd,checkatrade,1,
Lilly's Building & Landscapes,Mr Neil,Builder,Hartburn,https://9tuma.app.link/kLTh3RAdIQb?cat_web_device_id=b81110a8-6804-4770-bfc9-a49944d9ab66&cat_web_session_id=aacc7414-9194-4c7b-9090-815169e17a4f&banner_location=header,9.64,344,,https://www.checkatrade.com/trades/lillysbuildingandlandscapes,checkatrade,1,
JT Building Solutions,Mr. Joshua Trotter,Builder,Teesside,https://9tuma.app.link/kLTh3RAdIQb?cat_web_device_id=b81110a8-6804-4770-bfc9-a49944d9ab66&cat_web_session_id=aacc7414-9194-4c7b-9090-815169e17a4f&banner_location=header,9.88,45,,https://www.checkatrade.com/trades/jtbuildingsolutions,checkatrade,1,
Barry Shaw & Son Building Ltd,Mr Barry,Builder,Middlesbrough and,https://9tuma.app.link/kLTh3RAdIQb?cat_web_device_id=b81110a8-6804-4770-bfc9-a49944d9ab66&cat_web_session_id=aacc7414-9194-4c7b-9090-815169e17a4f&banner_location=header,10,102,,https://www.checkatrade.com/trades/barryshawandsonbuilding,checkatrade,1,
Taylor Roche Developments Ltd,David Taylor,Builder,,https://9tuma.app.link/kLTh3RAdIQb?cat_web_device_id=b81110a8-6804-4770-bfc9-a49944d9ab66&cat_web_session_id=aacc7414-9194-4c7b-9090-815169e17a4f&banner_location=header,10,19,,https://www.checkatrade.com/trades/taylorrochedevelopmentsltd,checkatrade,1,
East Durham Solutions Ltd,Mr James,Builder,,https://9tuma.app.link/kLTh3RAdIQb?cat_web_device_id=b81110a8-6804-4770-bfc9-a49944d9ab66&cat_web_session_id=aacc7414-9194-4c7b-9090-815169e17a4f&banner_location=header,9.5,95,,https://www.checkatrade.com/trades/eastdurhamsolutions,checkatrade,1,
DH1 Design and Build Ltd,Mr Ian,Builder,,https://9tuma.app.link/kLTh3RAdIQb?cat_web_device_id=b81110a8-6804-4770-bfc9-a49944d9ab66&cat_web_session_id=aacc7414-9194-4c7b-9090-815169e17a4f&banner_location=header,9.83,9,,https://www.checkatrade.com/trades/dh1designandbuild,checkatrade,1,
Owen Improvements,Mr. Thomas Owen,Builder,,https://9tuma.app.link/kLTh3RAdIQb?cat_web_device_id=b81110a8-6804-4770-bfc9-a49944d9ab66&cat_web_session_id=aacc7414-9194-4c7b-9090-815169e17a4f&banner_location=header,9.81,9,,https://www.checkatrade.com/trades/owenimprovements,checkatrade,1,
Topsolve Building Solutions,Mr Bartosz,Builder,how we,https://9tuma.app.link/kLTh3RAdIQb?cat_web_device_id=b81110a8-6804-4770-bfc9-a49944d9ab66&cat_web_session_id=aacc7414-9194-4c7b-9090-815169e17a4f&banner_location=header,9.89,69,,https://www.checkatrade.com/trades/topsolvebuildingsolutions,checkatrade,1,
All In Construction Ltd,Mr Radoslaw,Builder,,https://9tuma.app.link/kLTh3RAdIQb?cat_web_device_id=b81110a8-6804-4770-bfc9-a49944d9ab66&cat_web_session_id=aacc7414-9194-4c7b-9090-815169e17a4f&banner_location=header,7.93,24,,https://www.checkatrade.com/trades/allinconstructionltd,checkatrade,1,
Elite Developments and Homes Ltd,Mr Harry,Builder,,https://9tuma.app.link/kLTh3RAdIQb?cat_web_device_id=b81110a8-6804-4770-bfc9-a49944d9ab66&cat_web_session_id=aacc7414-9194-4c7b-9090-815169e17a4f&banner_location=header,9.92,41,,https://www.checkatrade.com/trades/elitedevelopmentsandhomes,checkatrade,1,
Sitwell Refurbishment & Construction,Mr David,Builder,Sheffield,https://9tuma.app.link/kLTh3RAdIQb?cat_web_device_id=b81110a8-6804-4770-bfc9-a49944d9ab66&cat_web_session_id=aacc7414-9194-4c7b-9090-815169e17a4f&banner_location=header,9.97,11,,https://www.checkatrade.com/trades/sitwellrefurbishmentconstruction,checkatrade,1,
LHL Building,Mr Matthew,Builder,Doncaster,https://9tuma.app.link/kLTh3RAdIQb?cat_web_device_id=b81110a8-6804-4770-bfc9-a49944d9ab66&cat_web_session_id=aacc7414-9194-4c7b-9090-815169e17a4f&banner_location=header,10,10,,https://www.checkatrade.com/trades/lhlbuilding,checkatrade,1,
Mk & Sons Homes Ltd,Mr Modestas,Builder,,https://9tuma.app.link/kLTh3RAdIQb?cat_web_device_id=b81110a8-6804-4770-bfc9-a49944d9ab66&cat_web_session_id=aacc7414-9194-4c7b-9090-815169e17a4f&banner_location=header,10,20,,https://www.checkatrade.com/trades/mkandsonshomes,checkatrade,1,
M Jessop  Construction,Mr Matthew,Builder,,https://9tuma.app.link/kLTh3RAdIQb?cat_web_device_id=b81110a8-6804-4770-bfc9-a49944d9ab66&cat_web_session_id=aacc7414-9194-4c7b-9090-815169e17a4f&banner_location=header,9.93,5,,https://www.checkatrade.com/trades/mjessopconstruction5909192,checkatrade,1,
Drury Building Services Limited,Mr Nicholas,Builder,all aspects,https://9tuma.app.link/kLTh3RAdIQb?cat_web_device_id=b81110a8-6804-4770-bfc9-a49944d9ab66&cat_web_session_id=aacc7414-9194-4c7b-9090-815169e17a4f&banner_location=header,9.67,2,,https://www.checkatrade.com/trades/drurybuildingserviceslimited,checkatrade,1,
Amberstar Landscapes LTD,Mr Albertas,Builder,Worsbrough Barnsley,https://9tuma.app.link/kLTh3RAdIQb?cat_web_device_id=b81110a8-6804-4770-bfc9-a49944d9ab66&cat_web_session_id=aacc7414-9194-4c7b-9090-815169e17a4f&banner_location=header,9.45,26,,https://www.checkatrade.com/trades/amberstarlandscapesltd,checkatrade,1,
JGT Construction,Mr Thomas,Builder,Sheffield but,https://9tuma.app.link/kLTh3RAdIQb?cat_web_device_id=b81110a8-6804-4770-bfc9-a49944d9ab66&cat_web_session_id=aacc7414-9194-4c7b-9090-815169e17a4f&banner_location=header,10,19,,https://www.checkatrade.com/trades/jgtconstruction | https://www.myjobquote.co.uk/t/eft-constructions-ltd | https://www.myjobquote.co.uk/t/eft-constructions-ltd | https://www.myjobquote.co.uk/t/d-design | https://www.myjobquote.co.uk/t/d-design,"checkatrade, myjobquote",2,
G P Property Development Ltd,Mr Mike,Builder,,https://9tuma.app.link/kLTh3RAdIQb?cat_web_device_id=b81110a8-6804-4770-bfc9-a49944d9ab66&cat_web_session_id=aacc7414-9194-4c7b-9090-815169e17a4f&banner_location=header,10,368,,https://www.checkatrade.com/trades/gppropertydevelopmentltd,checkatrade,1,
Pristine Building Solutions Ltd,Mr Ben,Builder,Rotherham,https://9tuma.app.link/kLTh3RAdIQb?cat_web_device_id=b81110a8-6804-4770-bfc9-a49944d9ab66&cat_web_session_id=aacc7414-9194-4c7b-9090-815169e17a4f&banner_location=header,9.76,60,,https://www.checkatrade.com/trades/benpearson,checkatrade,1,
AXL Builders Castleford,Mr Neil,Builder,,https://9tuma.app.link/kLTh3RAdIQb?cat_web_device_id=b81110a8-6804-4770-bfc9-a49944d9ab66&cat_web_session_id=aacc7414-9194-4c7b-9090-815169e17a4f&banner_location=header,9.94,42,,https://www.checkatrade.com/trades/axlbuilderscastleford,checkatrade,1,
SJM Building Services (Chapletown) Ltd,Mr Simon,Builder,,https://9tuma.app.link/kLTh3RAdIQb?cat_web_device_id=b81110a8-6804-4770-bfc9-a49944d9ab66&cat_web_session_id=aacc7414-9194-4c7b-9090-815169e17a4f&banner_location=header,9.85,36,,https://www.checkatrade.com/trades/sjmbuildingservices590102,checkatrade,1,
Domestic Demolition Works,Mr Nathan,Builder,Kirkhamgate Wakefield,https://9tuma.app.link/kLTh3RAdIQb?cat_web_device_id=b81110a8-6804-4770-bfc9-a49944d9ab66&cat_web_session_id=aacc7414-9194-4c7b-9090-815169e17a4f&banner_location=header,10,5,,https://www.checkatrade.com/trades/domesticdemolitionworks,checkatrade,1,
Darren Hall Builder,Mr Darren,Builder,the whole,https://9tuma.app.link/kLTh3RAdIQb?cat_web_device_id=b81110a8-6804-4770-bfc9-a49944d9ab66&cat_web_session_id=aacc7414-9194-4c7b-9090-815169e17a4f&banner_location=header,9.78,74,,https://www.checkatrade.com/trades/darrenhallbuilder,checkatrade,1,
Craig Woodhouse Building,Mr Craig,Builder,,https://9tuma.app.link/kLTh3RAdIQb?cat_web_device_id=b81110a8-6804-4770-bfc9-a49944d9ab66&cat_web_session_id=aacc7414-9194-4c7b-9090-815169e17a4f&banner_location=header,9.97,116,,https://www.checkatrade.com/trades/craigwoodhousebuilding,checkatrade,1,
Yorkshire Custom Carpentry And Building Ltd,Mr Andrew,Builder,all aspects,https://9tuma.app.link/kLTh3RAdIQb?cat_web_device_id=b81110a8-6804-4770-bfc9-a49944d9ab66&cat_web_session_id=aacc7414-9194-4c7b-9090-815169e17a4f&banner_location=header,10,13,,https://www.checkatrade.com/trades/yorkshirecustomcarpentryandbuildingltd,checkatrade,1,
TMT Building and Roofing,Mr. Micheal Tyers,Builder,,https://9tuma.app.link/kLTh3RAdIQb?cat_web_device_id=b81110a8-6804-4770-bfc9-a49944d9ab66&cat_web_session_id=aacc7414-9194-4c7b-9090-815169e17a4f&banner_location=header,10,39,,https://www.checkatrade.com/trades/tmtbuildingandroofing,checkatrade,1,
Yorkshire Humber Construction Ltd,Mr Stephen,Builder,,https://9tuma.app.link/kLTh3RAdIQb?cat_web_device_id=b81110a8-6804-4770-bfc9-a49944d9ab66&cat_web_session_id=aacc7414-9194-4c7b-9090-815169e17a4f&banner_location=header,10,1,,https://www.checkatrade.com/trades/yorkshirehumberconstructionltd,checkatrade,1,
J. Housley Building Services LTD,Mr Joe,Builder,,https://9tuma.app.link/kLTh3RAdIQb?cat_web_device_id=b81110a8-6804-4770-bfc9-a49944d9ab66&cat_web_session_id=aacc7414-9194-4c7b-9090-815169e17a4f&banner_location=header,10,15,,https://www.checkatrade.com/trades/jhousleybuildingservicesltd,checkatrade,1,
RHI Developments Ltd,Mrs Suzanne,Builder,,https://9tuma.app.link/kLTh3RAdIQb?cat_web_device_id=b81110a8-6804-4770-bfc9-a49944d9ab66&cat_web_session_id=aacc7414-9194-4c7b-9090-815169e17a4f&banner_location=header,9.89,64,,https://www.checkatrade.com/trades/rhidevelopmentsltd,checkatrade,1,
Evolve,Mr Gary,Builder,,https://9tuma.app.link/kLTh3RAdIQb?cat_web_device_id=b81110a8-6804-4770-bfc9-a49944d9ab66&cat_web_session_id=aacc7414-9194-4c7b-9090-815169e17a4f&banner_location=header,10,31,,https://www.checkatrade.com/trades/evolve410174,checkatrade,1,
JC construction,Mr Jack,Builder,Market Rasen,https://9tuma.app.link/kLTh3RAdIQb?cat_web_device_id=b81110a8-6804-4770-bfc9-a49944d9ab66&cat_web_session_id=aacc7414-9194-4c7b-9090-815169e17a4f&banner_location=header,9.81,9,,https://www.checkatrade.com/trades/jcconstruction5927118,checkatrade,1,
Mc Building & Interiors Ltd,Mr Marius,Builder,,https://9tuma.app.link/kLTh3RAdIQb?cat_web_device_id=b81110a8-6804-4770-bfc9-a49944d9ab66&cat_web_session_id=aacc7414-9194-4c7b-9090-815169e17a4f&banner_location=header,,,,https://www.checkatrade.com/trades/mcbuildingandinteriors,checkatrade,1,
Dynamic Landscapes And Building Services Limited,Mr Andrew,Builder,Cleethorpes and,https://9tuma.app.link/kLTh3RAdIQb?cat_web_device_id=b81110a8-6804-4770-bfc9-a49944d9ab66&cat_web_session_id=aacc7414-9194-4c7b-9090-815169e17a4f&banner_location=header,10,5,,https://www.checkatrade.com/trades/dynamiclandscapesandbuildingserviceslimited,checkatrade,1,
Temple Construction,Mr Tyler,Builder,,https://9tuma.app.link/kLTh3RAdIQb?cat_web_device_id=b81110a8-6804-4770-bfc9-a49944d9ab66&cat_web_session_id=aacc7414-9194-4c7b-9090-815169e17a4f&banner_location=header,10,1,,https://www.checkatrade.com/trades/templeconstruction | https://www.myjobquote.co.uk/t/kelpie-construction-ltd | https://www.myjobquote.co.uk/t/kelpie-construction-ltd,"checkatrade, myjobquote",2,
Humber Developments Limited,Mr Luke,Builder,,https://9tuma.app.link/kLTh3RAdIQb?cat_web_device_id=b81110a8-6804-4770-bfc9-a49944d9ab66&cat_web_session_id=aacc7414-9194-4c7b-9090-815169e17a4f&banner_location=header,9.6,10,,https://www.checkatrade.com/trades/humberdevelopments,checkatrade,1,
A M H Property Services Ltd,Mr Mark,Builder,Hull and,https://9tuma.app.link/kLTh3RAdIQb?cat_web_device_id=b81110a8-6804-4770-bfc9-a49944d9ab66&cat_web_session_id=aacc7414-9194-4c7b-9090-815169e17a4f&banner_location=header,9.87,5,,https://www.checkatrade.com/trades/amhpropertyservicesltd,checkatrade,1,
Sharpbrickwork Ltd,Mr Chris,Builder,,https://9tuma.app.link/kLTh3RAdIQb?cat_web_device_id=b81110a8-6804-4770-bfc9-a49944d9ab66&cat_web_session_id=aacc7414-9194-4c7b-9090-815169e17a4f&banner_location=header,10,90,,https://www.checkatrade.com/trades/sharpbrickworkltd,checkatrade,1,
Allen Building & Landscaping Ltd,Mr Steven,Builder,,https://9tuma.app.link/kLTh3RAdIQb?cat_web_device_id=b81110a8-6804-4770-bfc9-a49944d9ab66&cat_web_session_id=aacc7414-9194-4c7b-9090-815169e17a4f&banner_location=header,10,61,,https://www.checkatrade.com/trades/allenbuildingandlandscaping,checkatrade,1,
Butler Group Construction,Mr Tom,Builder,them,https://9tuma.app.link/kLTh3RAdIQb?cat_web_device_id=b81110a8-6804-4770-bfc9-a49944d9ab66&cat_web_session_id=aacc7414-9194-4c7b-9090-815169e17a4f&banner_location=header,9.3,21,,https://www.checkatrade.com/trades/butlergroupconstruction,checkatrade,1,
Wessex Property Services Dorset,Mr. Roland Harries,Builder,all building,https://9tuma.app.link/kLTh3RAdIQb?cat_web_device_id=b81110a8-6804-4770-bfc9-a49944d9ab66&cat_web_session_id=aacc7414-9194-4c7b-9090-815169e17a4f&banner_location=header,10,10,,https://www.checkatrade.com/trades/wessexpropertyservicesdorset,checkatrade,1,
D Dunn Ground Works,Mr David,Builder,all aspects,https://9tuma.app.link/kLTh3RAdIQb?cat_web_device_id=b81110a8-6804-4770-bfc9-a49944d9ab66&cat_web_session_id=aacc7414-9194-4c7b-9090-815169e17a4f&banner_location=header,9.92,111,,https://www.checkatrade.com/trades/ddunngroundworks,checkatrade,1,
M Driffil Builders,Mr Murray,Builder,,https://9tuma.app.link/kLTh3RAdIQb?cat_web_device_id=b81110a8-6804-4770-bfc9-a49944d9ab66&cat_web_session_id=aacc7414-9194-4c7b-9090-815169e17a4f&banner_location=header,9.87,107,,https://www.checkatrade.com/trades/mdriffilactivetask,checkatrade,1,
Adam Billings Building Services Ltd,Mr Adam,Builder,,https://9tuma.app.link/kLTh3RAdIQb?cat_web_device_id=b81110a8-6804-4770-bfc9-a49944d9ab66&cat_web_session_id=aacc7414-9194-4c7b-9090-815169e17a4f&banner_location=header,10,26,,https://www.checkatrade.com/trades/adambillingsbuildingservicesltd,checkatrade,1,
Kore Building Ltd,Mr Walter,Builder,,https://9tuma.app.link/kLTh3RAdIQb?cat_web_device_id=b81110a8-6804-4770-bfc9-a49944d9ab66&cat_web_session_id=aacc7414-9194-4c7b-9090-815169e17a4f&banner_location=header,10,110,,https://www.checkatrade.com/trades/korebuilding,checkatrade,1,
Confidence Group Southern Ltd,Mr Jamie,Builder,,https://9tuma.app.link/kLTh3RAdIQb?cat_web_device_id=b81110a8-6804-4770-bfc9-a49944d9ab66&cat_web_session_id=aacc7414-9194-4c7b-9090-815169e17a4f&banner_location=header,9.94,72,,https://www.checkatrade.com/trades/confidencegroup,checkatrade,1,
Hawkers Construction,Mr Shaun,Builder,Dorset that,https://9tuma.app.link/kLTh3RAdIQb?cat_web_device_id=b81110a8-6804-4770-bfc9-a49944d9ab66&cat_web_session_id=aacc7414-9194-4c7b-9090-815169e17a4f&banner_location=header,9.89,3,,https://www.checkatrade.com/trades/hawkersconstruction,checkatrade,1,
Westpark Carpentry & Building Services,Mr Trevor,Builder,,https://9tuma.app.link/kLTh3RAdIQb?cat_web_device_id=b81110a8-6804-4770-bfc9-a49944d9ab66&cat_web_session_id=aacc7414-9194-4c7b-9090-815169e17a4f&banner_location=header,9.87,49,,https://www.checkatrade.com/trades/westparkcarpentryandbuildingservices,checkatrade,1,
G H Building Services,Mr Sam,Builder,,https://9tuma.app.link/kLTh3RAdIQb?cat_web_device_id=b81110a8-6804-4770-bfc9-a49944d9ab66&cat_web_session_id=aacc7414-9194-4c7b-9090-815169e17a4f&banner_location=header,10,114,,https://www.checkatrade.com/trades/ghcarpentryandbuildingservices,checkatrade,1,
R & M Building and Groundworks Limited,Mr Richard,Builder,both domestic,https://9tuma.app.link/kLTh3RAdIQb?cat_web_device_id=b81110a8-6804-4770-bfc9-a49944d9ab66&cat_web_session_id=aacc7414-9194-4c7b-9090-815169e17a4f&banner_location=header,9.93,169,,https://www.checkatrade.com/trades/randmbuildingandgroundworks,checkatrade,1,
TPS INSTALLATIONS LTD,Mr Kevin,Builder,,https://9tuma.app.link/kLTh3RAdIQb?cat_web_device_id=b81110a8-6804-4770-bfc9-a49944d9ab66&cat_web_session_id=aacc7414-9194-4c7b-9090-815169e17a4f&banner_location=header,10,372,,https://www.checkatrade.com/trades/tpsinstallationsltd,checkatrade,1,
Up construction and refurbishment ltd,Mr Vince,Builder,,https://9tuma.app.link/kLTh3RAdIQb?cat_web_device_id=b81110a8-6804-4770-bfc9-a49944d9ab66&cat_web_session_id=aacc7414-9194-4c7b-9090-815169e17a4f&banner_location=header,9.67,10,,https://www.checkatrade.com/trades/uphamconstruction,checkatrade,1,
L&R refurbishments LTD,Mr Marcus,Builder,,https://9tuma.app.link/kLTh3RAdIQb?cat_web_device_id=b81110a8-6804-4770-bfc9-a49944d9ab66&cat_web_session_id=aacc7414-9194-4c7b-9090-815169e17a4f&banner_location=header,9.81,124,,https://www.checkatrade.com/trades/mslplastering,checkatrade,1,
NS Crafted,Mr Nick,Builder,,https://9tuma.app.link/kLTh3RAdIQb?cat_web_device_id=b81110a8-6804-4770-bfc9-a49944d9ab66&cat_web_session_id=aacc7414-9194-4c7b-9090-815169e17a4f&banner_location=header,10,12,,https://www.checkatrade.com/trades/nscrafted,checkatrade,1,
Kingsleigh Homes Limited,Mr Shawn,Builder,,https://9tuma.app.link/kLTh3RAdIQb?cat_web_device_id=b81110a8-6804-4770-bfc9-a49944d9ab66&cat_web_session_id=aacc7414-9194-4c7b-9090-815169e17a4f&banner_location=header,9.67,6,,https://www.checkatrade.com/trades/kingsleighhomeslimited,checkatrade,1,
M W Down Builders,Mr Mark,Builder,,https://9tuma.app.link/kLTh3RAdIQb?cat_web_device_id=b81110a8-6804-4770-bfc9-a49944d9ab66&cat_web_session_id=aacc7414-9194-4c7b-9090-815169e17a4f&banner_location=header,10,11,,https://www.checkatrade.com/trades/mwdownbuilders,checkatrade,1,
Skyview Construction LTD,Mr Chase,Builder,,https://9tuma.app.link/kLTh3RAdIQb?cat_web_device_id=b81110a8-6804-4770-bfc9-a49944d9ab66&cat_web_session_id=aacc7414-9194-4c7b-9090-815169e17a4f&banner_location=header,10,11,,https://www.checkatrade.com/trades/curtisconstruction,checkatrade,1,
Revo Construction,Mr Gavin,Builder,,https://9tuma.app.link/kLTh3RAdIQb?cat_web_device_id=b81110a8-6804-4770-bfc9-a49944d9ab66&cat_web_session_id=aacc7414-9194-4c7b-9090-815169e17a4f&banner_location=header,9.92,12,,https://www.checkatrade.com/trades/reevoconstruction,checkatrade,1,
Mtp Contracts Limited,Mr Matthew,Builder,,https://9tuma.app.link/kLTh3RAdIQb?cat_web_device_id=b81110a8-6804-4770-bfc9-a49944d9ab66&cat_web_session_id=aacc7414-9194-4c7b-9090-815169e17a4f&banner_location=header,10,102,07418317065,https://www.checkatrade.com/trades/mtpcontracts259121 | https://www.myjobquote.co.uk/t/fox-contracts | https://www.myjobquote.co.uk/t/fox-contracts | https://www.myjobquote.co.uk/t/eh1-contracts | https://www.myjobquote.co.uk/t/eh1-contracts | https://www.myjobquote.co.uk/t/karol-gembiak | https://www.myjobquote.co.uk/t/karol-gembiak | https://www.myjobquote.co.uk/t/lda-contracts-ltd | https://www.myjobquote.co.uk/t/lda-contracts-ltd | https://www.myjobquote.co.uk/t/woz-contracts | https://www.myjobquote.co.uk/t/woz-contracts | https://www.myjobquote.co.uk/t/caiden-2 | https://www.myjobquote.co.uk/t/caiden-2,"checkatrade, myjobquote",2,
S&J Property Services,Mr Scott,Builder,,https://9tuma.app.link/kLTh3RAdIQb?cat_web_device_id=b81110a8-6804-4770-bfc9-a49944d9ab66&cat_web_session_id=aacc7414-9194-4c7b-9090-815169e17a4f&banner_location=header,9.56,19,,https://www.checkatrade.com/trades/sandjpropertyservices,checkatrade,1,
Hobbs Building Services,Mr Ian,Builder,,https://9tuma.app.link/kLTh3RAdIQb?cat_web_device_id=b81110a8-6804-4770-bfc9-a49944d9ab66&cat_web_session_id=aacc7414-9194-4c7b-9090-815169e17a4f&banner_location=header,9.96,33,,https://www.checkatrade.com/trades/hobbsbuildingservices,checkatrade,1,
Gyula and Sons,Mr Gyula,Builder,,https://9tuma.app.link/kLTh3RAdIQb?cat_web_device_id=b81110a8-6804-4770-bfc9-a49944d9ab66&cat_web_session_id=aacc7414-9194-4c7b-9090-815169e17a4f&banner_location=header,10,4,,https://www.checkatrade.com/trades/gyulaandsons,checkatrade,1,
GSS BUSINESS LTD,Mr Bogdan,Builder,Eau Withington,https://9tuma.app.link/kLTh3RAdIQb?cat_web_device_id=b81110a8-6804-4770-bfc9-a49944d9ab66&cat_web_session_id=aacc7414-9194-4c7b-9090-815169e17a4f&banner_location=header,9.83,2,,https://www.checkatrade.com/trades/gssbusinessltd,checkatrade,1,
MLP Carpentry and Building,Mr Luke,Builder,Hereford,https://9tuma.app.link/kLTh3RAdIQb?cat_web_device_id=b81110a8-6804-4770-bfc9-a49944d9ab66&cat_web_session_id=aacc7414-9194-4c7b-9090-815169e17a4f&banner_location=header,9.96,9,,https://www.checkatrade.com/trades/mlpcarpentryandbuilding,checkatrade,1,
Kensington Construction Group ltd,Mr Matthew,Builder,Shenstone Kidderminster,https://9tuma.app.link/kLTh3RAdIQb?cat_web_device_id=b81110a8-6804-4770-bfc9-a49944d9ab66&cat_web_session_id=aacc7414-9194-4c7b-9090-815169e17a4f&banner_location=header,10,2,,https://www.checkatrade.com/trades/kensingtonconstructiongroupltd,checkatrade,1,
Halesowen Building Services Ltd,Mr Kevin,Builder,Halesowen and,https://9tuma.app.link/kLTh3RAdIQb?cat_web_device_id=b81110a8-6804-4770-bfc9-a49944d9ab66&cat_web_session_id=aacc7414-9194-4c7b-9090-815169e17a4f&banner_location=header,10,82,,https://www.checkatrade.com/trades/halesowenbuildingservices,checkatrade,1,
J  Jarvis,Mr James,Builder,all requirements,https://9tuma.app.link/kLTh3RAdIQb?cat_web_device_id=b81110a8-6804-4770-bfc9-a49944d9ab66&cat_web_session_id=aacc7414-9194-4c7b-9090-815169e17a4f&banner_location=header,9.88,136,,https://www.checkatrade.com/trades/jajbuildersltd,checkatrade,1,
Mark One Building Services Limited,Mr Mark,Builder,all aspects,https://9tuma.app.link/kLTh3RAdIQb?cat_web_device_id=b81110a8-6804-4770-bfc9-a49944d9ab66&cat_web_session_id=aacc7414-9194-4c7b-9090-815169e17a4f&banner_location=header,10,23,,https://www.checkatrade.com/trades/markonebuildingserviceslimited,checkatrade,1,
J S BUILDERS 007 LIMITED,Mr Jaswinder,Builder,,https://9tuma.app.link/kLTh3RAdIQb?cat_web_device_id=b81110a8-6804-4770-bfc9-a49944d9ab66&cat_web_session_id=aacc7414-9194-4c7b-9090-815169e17a4f&banner_location=header,10,40,,https://www.checkatrade.com/trades/jsbuilders,checkatrade,1,
Burke Construction Services Ltd,Mr Peter,Builder,,https://9tuma.app.link/kLTh3RAdIQb?cat_web_device_id=b81110a8-6804-4770-bfc9-a49944d9ab66&cat_web_session_id=aacc7414-9194-4c7b-9090-815169e17a4f&banner_location=header,10,27,,https://www.checkatrade.com/trades/burkeconstructionservicesltd,checkatrade,1,
Wards Construction Services Ltd,Mr Harrison,Builder,,https://9tuma.app.link/kLTh3RAdIQb?cat_web_device_id=b81110a8-6804-4770-bfc9-a49944d9ab66&cat_web_session_id=aacc7414-9194-4c7b-9090-815169e17a4f&banner_location=header,9.78,62,,https://www.checkatrade.com/trades/wardsconstructionservices,checkatrade,1,
J.R.A. Property Services Ltd,Mr John,Builder,,https://9tuma.app.link/kLTh3RAdIQb?cat_web_device_id=b81110a8-6804-4770-bfc9-a49944d9ab66&cat_web_session_id=aacc7414-9194-4c7b-9090-815169e17a4f&banner_location=header,10,3,,https://www.checkatrade.com/trades/jrapropertyservices,checkatrade,1,
QXE Building Services,Mr Vikram,Builder,,https://9tuma.app.link/kLTh3RAdIQb?cat_web_device_id=b81110a8-6804-4770-bfc9-a49944d9ab66&cat_web_session_id=aacc7414-9194-4c7b-9090-815169e17a4f&banner_location=header,9.9,123,,https://www.checkatrade.com/trades/qxebuildingservices,checkatrade,1,
Mtheo Ltd,Mr Michael,Builder,,https://9tuma.app.link/kLTh3RAdIQb?cat_web_device_id=b81110a8-6804-4770-bfc9-a49944d9ab66&cat_web_session_id=aacc7414-9194-4c7b-9090-815169e17a4f&banner_location=header,9.5,10,,https://www.checkatrade.com/trades/mtheoltd,checkatrade,1,
C&S Refurb & Constructions Ltd,Mr Louca,Builder,Cyprus,https://9tuma.app.link/kLTh3RAdIQb?cat_web_device_id=b81110a8-6804-4770-bfc9-a49944d9ab66&cat_web_session_id=aacc7414-9194-4c7b-9090-815169e17a4f&banner_location=header,10,11,,https://www.checkatrade.com/trades/csrefurbconstructionsltd,checkatrade,1,
The Renovation Company (South West) Ltd,Mr David,Builder,,https://9tuma.app.link/kLTh3RAdIQb?cat_web_device_id=b81110a8-6804-4770-bfc9-a49944d9ab66&cat_web_session_id=aacc7414-9194-4c7b-9090-815169e17a4f&banner_location=header,10,11,,https://www.checkatrade.com/trades/therenovationcompany1104777,checkatrade,1,
Gould Real Estate Limited,Mr. Lee Gould,Builder,Exeter,https://9tuma.app.link/kLTh3RAdIQb?cat_web_device_id=b81110a8-6804-4770-bfc9-a49944d9ab66&cat_web_session_id=aacc7414-9194-4c7b-9090-815169e17a4f&banner_location=header,9.33,19,,https://www.checkatrade.com/trades/gouldrealestatelimited,checkatrade,1,
G.T.S Bricklaying Ltd,Mr George,Builder,,https://9tuma.app.link/kLTh3RAdIQb?cat_web_device_id=b81110a8-6804-4770-bfc9-a49944d9ab66&cat_web_session_id=aacc7414-9194-4c7b-9090-815169e17a4f&banner_location=header,9.56,19,,https://www.checkatrade.com/trades/gtsbricklayingltd,checkatrade,1,
Thomas Wilson Repointing and Roofing,Mr Tom,Builder,,https://9tuma.app.link/kLTh3RAdIQb?cat_web_device_id=b81110a8-6804-4770-bfc9-a49944d9ab66&cat_web_session_id=aacc7414-9194-4c7b-9090-815169e17a4f&banner_location=header,9.62,209,,https://www.checkatrade.com/trades/thomaswilsonrepointingandroofing,checkatrade,1,
Howard Foster Building Services,Mr Ben,Builder,any building,https://9tuma.app.link/kLTh3RAdIQb?cat_web_device_id=b81110a8-6804-4770-bfc9-a49944d9ab66&cat_web_session_id=aacc7414-9194-4c7b-9090-815169e17a4f&banner_location=header,9.86,40,,https://www.checkatrade.com/trades/howardfosterbuildingservices,checkatrade,1,
Top 2 Bottom Maintenance & Construction Ltd,Mr Will,Builder,,https://9tuma.app.link/kLTh3RAdIQb?cat_web_device_id=b81110a8-6804-4770-bfc9-a49944d9ab66&cat_web_session_id=aacc7414-9194-4c7b-9090-815169e17a4f&banner_location=header,10,2,,https://www.checkatrade.com/trades/top2bottommaintenanceandconstruction1132046,checkatrade,1,
AC PROPERTY MAINTENANCE (SOUTH WEST) LTD,Mr. Andy Cockram,Builder,all building,https://9tuma.app.link/kLTh3RAdIQb?cat_web_device_id=b81110a8-6804-4770-bfc9-a49944d9ab66&cat_web_session_id=aacc7414-9194-4c7b-9090-815169e17a4f&banner_location=header,10,10,,https://www.checkatrade.com/trades/acpropertymaintenanceltd,checkatrade,1,
Ben Allison General Building Services,Mr Benjamin,Builder,Newton Abbot,https://9tuma.app.link/kLTh3RAdIQb?cat_web_device_id=b81110a8-6804-4770-bfc9-a49944d9ab66&cat_web_session_id=aacc7414-9194-4c7b-9090-815169e17a4f&banner_location=header,9.5,24,,https://www.checkatrade.com/trades/benallisongeneralbuildingservices,checkatrade,1,
R J General Builder & Roofer Ltd,Mr Robin,Builder,Paignton and,https://9tuma.app.link/kLTh3RAdIQb?cat_web_device_id=b81110a8-6804-4770-bfc9-a49944d9ab66&cat_web_session_id=aacc7414-9194-4c7b-9090-815169e17a4f&banner_location=header,9.71,75,,https://www.checkatrade.com/trades/rjgeneralbuilderandroofer478895,checkatrade,1,
L Squared Construction,Mr Louis,Builder,Torquay and,https://9tuma.app.link/kLTh3RAdIQb?cat_web_device_id=b81110a8-6804-4770-bfc9-a49944d9ab66&cat_web_session_id=aacc7414-9194-4c7b-9090-815169e17a4f&banner_location=header,10,5,,https://www.checkatrade.com/trades/lsquaredconstruction,checkatrade,1,
BHC Property Solutions Ltd,Mr Billy,Builder,,https://9tuma.app.link/kLTh3RAdIQb?cat_web_device_id=b81110a8-6804-4770-bfc9-a49944d9ab66&cat_web_session_id=aacc7414-9194-4c7b-9090-815169e17a4f&banner_location=header,10,37,,https://www.checkatrade.com/trades/billyholmesconstruction,checkatrade,1,
Kaye construction,Mr Garry,Builder,Torrington and,https://9tuma.app.link/kLTh3RAdIQb?cat_web_device_id=b81110a8-6804-4770-bfc9-a49944d9ab66&cat_web_session_id=aacc7414-9194-4c7b-9090-815169e17a4f&banner_location=header,10,3,,https://www.checkatrade.com/trades/kayeconstruction5928346 | https://www.myjobquote.co.uk/t/kadeli-construction-ltd | https://www.myjobquote.co.uk/t/kadeli-construction-ltd,"checkatrade, myjobquote",2,
A.D.T Building & Roofing,,Builder,most aspects,https://9tuma.app.link/kLTh3RAdIQb?cat_web_device_id=b81110a8-6804-4770-bfc9-a49944d9ab66&cat_web_session_id=aacc7414-9194-4c7b-9090-815169e17a4f&banner_location=header,9.38,22,,https://www.checkatrade.com/trades/adtbuildingroofing,checkatrade,1,
Exquisite Build.co,Mr. Jordan Vickery,Builder,the whole,https://9tuma.app.link/kLTh3RAdIQb?cat_web_device_id=b81110a8-6804-4770-bfc9-a49944d9ab66&cat_web_session_id=aacc7414-9194-4c7b-9090-815169e17a4f&banner_location=header,9.33,19,,https://www.checkatrade.com/trades/exquisitebuildco,checkatrade,1,
Winston James Construction Ltd,Mr Winston,Builder,,https://9tuma.app.link/kLTh3RAdIQb?cat_web_device_id=b81110a8-6804-4770-bfc9-a49944d9ab66&cat_web_session_id=aacc7414-9194-4c7b-9090-815169e17a4f&banner_location=header,10,42,,https://www.checkatrade.com/trades/winstonjamesconstruction,checkatrade,1,
Herms construction limited,Mr Imad,Builder,,https://9tuma.app.link/kLTh3RAdIQb?cat_web_device_id=b81110a8-6804-4770-bfc9-a49944d9ab66&cat_web_session_id=aacc7414-9194-4c7b-9090-815169e17a4f&banner_location=header,9.67,83,,https://www.checkatrade.com/trades/hermsconstructionlimited,checkatrade,1,
J G Developments,Mr Joseph,Builder,Bideford and,https://9tuma.app.link/kLTh3RAdIQb?cat_web_device_id=b81110a8-6804-4770-bfc9-a49944d9ab66&cat_web_session_id=aacc7414-9194-4c7b-9090-815169e17a4f&banner_location=header,10,9,,https://www.checkatrade.com/trades/jgdevelopments1119433,checkatrade,1,
Blue Core Contracts Ltd,Mr Clark,Builder,,https://9tuma.app.link/kLTh3RAdIQb?cat_web_device_id=b81110a8-6804-4770-bfc9-a49944d9ab66&cat_web_session_id=aacc7414-9194-4c7b-9090-815169e17a4f&banner_location=header,,3,,https://www.checkatrade.com/trades/bluecorecontractsltd,checkatrade,1,
SB Minor Works,Mr Shaun,Builder,Exeter,https://9tuma.app.link/kLTh3RAdIQb?cat_web_device_id=b81110a8-6804-4770-bfc9-a49944d9ab66&cat_web_session_id=aacc7414-9194-4c7b-9090-815169e17a4f&banner_location=header,9.86,192,,https://www.checkatrade.com/trades/sbminorworks,checkatrade,1,
A Preston Building Services Limited,Mr Andrew,Builder,Plymouth and,https://9tuma.app.link/kLTh3RAdIQb?cat_web_device_id=b81110a8-6804-4770-bfc9-a49944d9ab66&cat_web_session_id=aacc7414-9194-4c7b-9090-815169e17a4f&banner_location=header,10,6,,https://www.checkatrade.com/trades/aprestonbuildingserviceslimited,checkatrade,1,
KRM Carpentry & General Building,Mr Kurt,Builder,,https://9tuma.app.link/kLTh3RAdIQb?cat_web_device_id=b81110a8-6804-4770-bfc9-a49944d9ab66&cat_web_session_id=aacc7414-9194-4c7b-9090-815169e17a4f&banner_location=header,9.84,15,,https://www.checkatrade.com/trades/krmcarpentrygeneralbuilding,checkatrade,1,
TF Grills and Sons Ltd,Mr Mark,Builder,Port Isaac,https://9tuma.app.link/kLTh3RAdIQb?cat_web_device_id=b81110a8-6804-4770-bfc9-a49944d9ab66&cat_web_session_id=aacc7414-9194-4c7b-9090-815169e17a4f&banner_location=header,10,24,,https://www.checkatrade.com/trades/tfgrillsandsonsltd,checkatrade,1,
C J Oram Building Services Ltd,Mr Chris,Builder,,https://9tuma.app.link/kLTh3RAdIQb?cat_web_device_id=b81110a8-6804-4770-bfc9-a49944d9ab66&cat_web_session_id=aacc7414-9194-4c7b-9090-815169e17a4f&banner_location=header,10,50,,https://www.checkatrade.com/trades/cjorambuildingservicesltd,checkatrade,1,
Danebury Building Services (Devon) Ltd.,Mr Michael,Builder,Honiton and,https://9tuma.app.link/kLTh3RAdIQb?cat_web_device_id=b81110a8-6804-4770-bfc9-a49944d9ab66&cat_web_session_id=aacc7414-9194-4c7b-9090-815169e17a4f&banner_location=header,9.33,19,,https://www.checkatrade.com/trades/daneburybuildingservicesdevon,checkatrade,1,
AshPearce Carpentry and Building,Mr Mark,Builder,homeowners across,https://9tuma.app.link/kLTh3RAdIQb?cat_web_device_id=b81110a8-6804-4770-bfc9-a49944d9ab66&cat_web_session_id=aacc7414-9194-4c7b-9090-815169e17a4f&banner_location=header,10,2,,https://www.checkatrade.com/trades/ashpearcecarpentryandbuilding,checkatrade,1,
GMD Developments,Mr Robert,Builder,,https://9tuma.app.link/kLTh3RAdIQb?cat_web_device_id=b81110a8-6804-4770-bfc9-a49944d9ab66&cat_web_session_id=aacc7414-9194-4c7b-9090-815169e17a4f&banner_location=header,10,3,,https://www.checkatrade.com/trades/gmddevelopments,checkatrade,1,
TOTAL CONSTRUCTION,Mr Samuel,Builder,,https://9tuma.app.link/kLTh3RAdIQb?cat_web_device_id=b81110a8-6804-4770-bfc9-a49944d9ab66&cat_web_session_id=aacc7414-9194-4c7b-9090-815169e17a4f&banner_location=header,10,4,,https://www.checkatrade.com/trades/totalconstruction,checkatrade,1,
Takle Building Limited,Mr Paul,Builder,,https://9tuma.app.link/kLTh3RAdIQb?cat_web_device_id=b81110a8-6804-4770-bfc9-a49944d9ab66&cat_web_session_id=aacc7414-9194-4c7b-9090-815169e17a4f&banner_location=header,10,8,,https://www.checkatrade.com/trades/taklebuildinglimited,checkatrade,1,
N.B. Construction,Mr Nerijus,Builder,Wellington,https://9tuma.app.link/kLTh3RAdIQb?cat_web_device_id=b81110a8-6804-4770-bfc9-a49944d9ab66&cat_web_session_id=aacc7414-9194-4c7b-9090-815169e17a4f&banner_location=header,10,41,,https://www.checkatrade.com/trades/nbconstruction,checkatrade,1,
NOOR Design & Build Ltd,Mr Harnoordeep,Builder,,https://9tuma.app.link/kLTh3RAdIQb?cat_web_device_id=b81110a8-6804-4770-bfc9-a49944d9ab66&cat_web_session_id=aacc7414-9194-4c7b-9090-815169e17a4f&banner_location=header,8.56,6,,https://www.checkatrade.com/trades/noordesignbuildltd,checkatrade,1,
RLS Carpentry & Building Services Ltd,Mr Richard,Builder,Paignton TQ,https://9tuma.app.link/kLTh3RAdIQb?cat_web_device_id=b81110a8-6804-4770-bfc9-a49944d9ab66&cat_web_session_id=aacc7414-9194-4c7b-9090-815169e17a4f&banner_location=header,9.95,42,,https://www.checkatrade.com/trades/rlscarpentryandbuildingserviceltd,checkatrade,1,
Associated Developments (NW) Ltd,Mr James,Builder,hatch,https://9tuma.app.link/kLTh3RAdIQb?cat_web_device_id=b81110a8-6804-4770-bfc9-a49944d9ab66&cat_web_session_id=aacc7414-9194-4c7b-9090-815169e17a4f&banner_location=header,10,19,,https://www.checkatrade.com/trades/associateddevelopmentsnwltd,checkatrade,1,
Therby West Coast Ltd,Mr Nigel,Builder,,https://9tuma.app.link/kLTh3RAdIQb?cat_web_device_id=b81110a8-6804-4770-bfc9-a49944d9ab66&cat_web_session_id=aacc7414-9194-4c7b-9090-815169e17a4f&banner_location=header,9.85,72,,https://www.checkatrade.com/trades/therbywestcoast1060520,checkatrade,1,
STELLAR INCORPERATED LIMITED,Mr Ronald,Builder,,https://9tuma.app.link/kLTh3RAdIQb?cat_web_device_id=b81110a8-6804-4770-bfc9-a49944d9ab66&cat_web_session_id=aacc7414-9194-4c7b-9090-815169e17a4f&banner_location=header,10,19,,https://www.checkatrade.com/trades/stellarincorperatedlimited,checkatrade,1,
Fylde Brickwork Limited,Mr Chris,Builder,Blackpool,https://9tuma.app.link/kLTh3RAdIQb?cat_web_device_id=b81110a8-6804-4770-bfc9-a49944d9ab66&cat_web_session_id=aacc7414-9194-4c7b-9090-815169e17a4f&banner_location=header,9.73,81,,https://www.checkatrade.com/trades/fyldebrickwork,checkatrade,1,
POULTON BUILDING DEVELOPMENTS Limited,Nicola Mathews,Builder,,https://9tuma.app.link/kLTh3RAdIQb?cat_web_device_id=b81110a8-6804-4770-bfc9-a49944d9ab66&cat_web_session_id=aacc7414-9194-4c7b-9090-815169e17a4f&banner_location=header,9.83,16,,https://www.checkatrade.com/trades/poultonbuildingdevelopmentslimited,checkatrade,1,
Elite home improvements NW,Mr Lee,Builder,Blackpool and,https://9tuma.app.link/kLTh3RAdIQb?cat_web_device_id=b81110a8-6804-4770-bfc9-a49944d9ab66&cat_web_session_id=aacc7414-9194-4c7b-9090-815169e17a4f&banner_location=header,10,1,,https://www.checkatrade.com/trades/elitehomeimprovementsnw,checkatrade,1,
Wedo construction,Mr George,Builder,,https://9tuma.app.link/kLTh3RAdIQb?cat_web_device_id=b81110a8-6804-4770-bfc9-a49944d9ab66&cat_web_session_id=aacc7414-9194-4c7b-9090-815169e17a4f&banner_location=header,10,29,,https://www.checkatrade.com/trades/wedoconstruction1062419,checkatrade,1,
Pinpoint Plastering Ltd,Mr Paul,Builder,,https://9tuma.app.link/kLTh3RAdIQb?cat_web_device_id=b81110a8-6804-4770-bfc9-a49944d9ab66&cat_web_session_id=aacc7414-9194-4c7b-9090-815169e17a4f&banner_location=header,100,30,,https://www.checkatrade.com/trades/pinpointplasteringltd,checkatrade,1,
TURNER DEVELOPMENTS NORTH WEST LTD,Mr Luke,Builder,Blackpool but,https://9tuma.app.link/kLTh3RAdIQb?cat_web_device_id=b81110a8-6804-4770-bfc9-a49944d9ab66&cat_web_session_id=aacc7414-9194-4c7b-9090-815169e17a4f&banner_location=header,9.89,61,,https://www.checkatrade.com/trades/turnerdevelopmentsnw,checkatrade,1,
Sawyer's construction,Mr Ross,Builder,on my,https://9tuma.app.link/kLTh3RAdIQb?cat_web_device_id=b81110a8-6804-4770-bfc9-a49944d9ab66&cat_web_session_id=aacc7414-9194-4c7b-9090-815169e17a4f&banner_location=header,10,19,,https://www.checkatrade.com/trades/sawyersconstruction1082906,checkatrade,1,
Hernon construction Ltd,Mr Dave,Builder,Littleborough and,https://9tuma.app.link/kLTh3RAdIQb?cat_web_device_id=b81110a8-6804-4770-bfc9-a49944d9ab66&cat_web_session_id=aacc7414-9194-4c7b-9090-815169e17a4f&banner_location=header,9.92,64,,https://www.checkatrade.com/trades/hernonconstructionltd,checkatrade,1,
Ricky The Bricky,Mr. Ricky Brown,Builder,,https://9tuma.app.link/kLTh3RAdIQb?cat_web_device_id=b81110a8-6804-4770-bfc9-a49944d9ab66&cat_web_session_id=aacc7414-9194-4c7b-9090-815169e17a4f&banner_location=header,9.8,31,,https://www.checkatrade.com/trades/rickythebricky935885,checkatrade,1,
Constructs Building Ltd,Mr Daniel,Builder,,https://9tuma.app.link/kLTh3RAdIQb?cat_web_device_id=b81110a8-6804-4770-bfc9-a49944d9ab66&cat_web_session_id=aacc7414-9194-4c7b-9090-815169e17a4f&banner_location=header,9.89,12,,https://www.checkatrade.com/trades/constructsbuildingltd,checkatrade,1,
EDEN FACILITIES & PROPERTY MANAGEMENT LTD,Mr Sonny,Builder,,https://9tuma.app.link/kLTh3RAdIQb?cat_web_device_id=b81110a8-6804-4770-bfc9-a49944d9ab66&cat_web_session_id=aacc7414-9194-4c7b-9090-815169e17a4f&banner_location=header,9.86,18,,https://www.checkatrade.com/trades/edenfacilitiesandpropertymanagementltd,checkatrade,1,
Alexanders' Property Development Limited,Mr. Daniel Blakeman,Builder,,https://9tuma.app.link/kLTh3RAdIQb?cat_web_device_id=b81110a8-6804-4770-bfc9-a49944d9ab66&cat_web_session_id=aacc7414-9194-4c7b-9090-815169e17a4f&banner_location=header,9.86,56,,https://www.checkatrade.com/trades/alexanderspropertydevelopmentlimited,checkatrade,1,
Project Build Developments Ltd,Mr Wayne,Builder,,https://9tuma.app.link/kLTh3RAdIQb?cat_web_device_id=b81110a8-6804-4770-bfc9-a49944d9ab66&cat_web_session_id=aacc7414-9194-4c7b-9090-815169e17a4f&banner_location=header,10,6,,https://www.checkatrade.com/trades/projectbuilddevelopments,checkatrade,1,
F D B Complete Building Solutions,Mr. Nik Weaver,Builder,,https://9tuma.app.link/kLTh3RAdIQb?cat_web_device_id=b81110a8-6804-4770-bfc9-a49944d9ab66&cat_web_session_id=aacc7414-9194-4c7b-9090-815169e17a4f&banner_location=header,10,12,,https://www.checkatrade.com/trades/fdbcompletebuildingsolutions,checkatrade,1,
Rockfield Property Services,Mr Brian,Builder,Monmouth and,https://9tuma.app.link/kLTh3RAdIQb?cat_web_device_id=b81110a8-6804-4770-bfc9-a49944d9ab66&cat_web_session_id=aacc7414-9194-4c7b-9090-815169e17a4f&banner_location=header,10,4,,https://www.checkatrade.com/trades/rockfieldpropertyservices,checkatrade,1,
Smart Windows and Build,Mr Angus,Builder,,https://9tuma.app.link/kLTh3RAdIQb?cat_web_device_id=b81110a8-6804-4770-bfc9-a49944d9ab66&cat_web_session_id=aacc7414-9194-4c7b-9090-815169e17a4f&banner_location=header,10,4,,https://www.checkatrade.com/trades/smartwindowsandbuild,checkatrade,1,
Surebuild,Mr Stephen,Builder,,https://9tuma.app.link/kLTh3RAdIQb?cat_web_device_id=b81110a8-6804-4770-bfc9-a49944d9ab66&cat_web_session_id=aacc7414-9194-4c7b-9090-815169e17a4f&banner_location=header,9.8,40,,https://www.checkatrade.com/trades/surebuild,checkatrade,1,
Woodland Hillside Construction LTD,Mr Keith,Builder,,https://9tuma.app.link/kLTh3RAdIQb?cat_web_device_id=b81110a8-6804-4770-bfc9-a49944d9ab66&cat_web_session_id=aacc7414-9194-4c7b-9090-815169e17a4f&banner_location=header,9.83,4,,https://www.checkatrade.com/trades/woodlandhillsideconstructionltd,checkatrade,1,
Cla Developments Ltd,Mr Alistair,Builder,architectural integrity,https://9tuma.app.link/kLTh3RAdIQb?cat_web_device_id=b81110a8-6804-4770-bfc9-a49944d9ab66&cat_web_session_id=aacc7414-9194-4c7b-9090-815169e17a4f&banner_location=header,9.73,5,,https://www.checkatrade.com/trades/cladevelopmentsltd,checkatrade,1,
Mint Construction & Maintenance Ltd,Mr Damon,Builder,,https://9tuma.app.link/kLTh3RAdIQb?cat_web_device_id=b81110a8-6804-4770-bfc9-a49944d9ab66&cat_web_session_id=aacc7414-9194-4c7b-9090-815169e17a4f&banner_location=header,9.85,31,,https://www.checkatrade.com/trades/mintconstructionmaintenanceltd,checkatrade,1,
Carpo's Construction Ltd,Anthony Carpenter,Builder,Gwent and,https://9tuma.app.link/kLTh3RAdIQb?cat_web_device_id=b81110a8-6804-4770-bfc9-a49944d9ab66&cat_web_session_id=aacc7414-9194-4c7b-9090-815169e17a4f&banner_location=header,9.75,4,,https://www.checkatrade.com/trades/carposconstructionltd,checkatrade,1,
GB Dibden General Builders Limited,,Builder,,https://9tuma.app.link/kLTh3RAdIQb?cat_web_device_id=b81110a8-6804-4770-bfc9-a49944d9ab66&cat_web_session_id=aacc7414-9194-4c7b-9090-815169e17a4f&banner_location=header,9.93,50,,https://www.checkatrade.com/trades/gbdibdengeneralbuilderslimited,checkatrade,1,
Project Design and Refurbishment LTD,Mr Craig,Builder,Brize Norton,https://9tuma.app.link/kLTh3RAdIQb?cat_web_device_id=b81110a8-6804-4770-bfc9-a49944d9ab66&cat_web_session_id=aacc7414-9194-4c7b-9090-815169e17a4f&banner_location=header,9.9,7,,https://www.checkatrade.com/trades/projectdesignandrefurbishmentltd,checkatrade,1,
M&R Building,Mr Mark,Builder,,https://9tuma.app.link/kLTh3RAdIQb?cat_web_device_id=b81110a8-6804-4770-bfc9-a49944d9ab66&cat_web_session_id=aacc7414-9194-4c7b-9090-815169e17a4f&banner_location=header,9,23,,https://www.checkatrade.com/trades/mandrbuilding,checkatrade,1,
Interior To Exterior Property Renovations Limited,Mr Kieran,Builder,Witney,https://9tuma.app.link/kLTh3RAdIQb?cat_web_device_id=b81110a8-6804-4770-bfc9-a49944d9ab66&cat_web_session_id=aacc7414-9194-4c7b-9090-815169e17a4f&banner_location=header,10,49,,https://www.checkatrade.com/trades/interiortoexteriorpropertyrenovationslimited,checkatrade,1,
Rume Ltd,Mr Claire,Builder,Swindon and,https://9tuma.app.link/kLTh3RAdIQb?cat_web_device_id=b81110a8-6804-4770-bfc9-a49944d9ab66&cat_web_session_id=aacc7414-9194-4c7b-9090-815169e17a4f&banner_location=header,10,3,,https://www.checkatrade.com/trades/rumeltd,checkatrade,1,
Dodeca Design & Build,Mr. Sara Fishlock,Builder,Swindon,https://9tuma.app.link/kLTh3RAdIQb?cat_web_device_id=b81110a8-6804-4770-bfc9-a49944d9ab66&cat_web_session_id=aacc7414-9194-4c7b-9090-815169e17a4f&banner_location=header,9.7,91,,https://www.checkatrade.com/trades/dodecadesignandbuild,checkatrade,1,
Ff Construction Ltd,Mr Rilind,Builder,,https://9tuma.app.link/kLTh3RAdIQb?cat_web_device_id=b81110a8-6804-4770-bfc9-a49944d9ab66&cat_web_session_id=aacc7414-9194-4c7b-9090-815169e17a4f&banner_location=header,9.9,2,,https://www.checkatrade.com/trades/finefinishedconstruction887671,checkatrade,1,
SGG Building Services LTD,Mr Sezgin,Builder,Woodley Reading,https://9tuma.app.link/kLTh3RAdIQb?cat_web_device_id=b81110a8-6804-4770-bfc9-a49944d9ab66&cat_web_session_id=aacc7414-9194-4c7b-9090-815169e17a4f&banner_location=header,10,12,,https://www.checkatrade.com/trades/sggbuildingservicesltd,checkatrade,1,
Caarjo. Building & Landscapes,Mr Robert,Builder,,https://9tuma.app.link/kLTh3RAdIQb?cat_web_device_id=b81110a8-6804-4770-bfc9-a49944d9ab66&cat_web_session_id=aacc7414-9194-4c7b-9090-815169e17a4f&banner_location=header,10,25,,https://www.checkatrade.com/trades/caarjobuildingandlandscapes,checkatrade,1,
Edgcumbe Ltd,Mr. Dale Edgcumbe,Builder,the following,https://9tuma.app.link/kLTh3RAdIQb?cat_web_device_id=b81110a8-6804-4770-bfc9-a49944d9ab66&cat_web_session_id=aacc7414-9194-4c7b-9090-815169e17a4f&banner_location=header,9.83,45,,https://www.checkatrade.com/trades/edgcumbeltd,checkatrade,1,
R Bradley Building & Renovations,Mr Russell,Builder,,https://9tuma.app.link/kLTh3RAdIQb?cat_web_device_id=b81110a8-6804-4770-bfc9-a49944d9ab66&cat_web_session_id=aacc7414-9194-4c7b-9090-815169e17a4f&banner_location=header,9.67,17,,https://www.checkatrade.com/trades/rbradleybuildingandrenovations,checkatrade,1,
Morgan Home Improvements,Mr Lee,Builder,,https://9tuma.app.link/kLTh3RAdIQb?cat_web_device_id=b81110a8-6804-4770-bfc9-a49944d9ab66&cat_web_session_id=aacc7414-9194-4c7b-9090-815169e17a4f&banner_location=header,9.36,61,,https://www.checkatrade.com/trades/morganhomeimprovements,checkatrade,1,
Sterling Renovations Ltd,Mr Lloyd,Builder,,https://9tuma.app.link/kLTh3RAdIQb?cat_web_device_id=b81110a8-6804-4770-bfc9-a49944d9ab66&cat_web_session_id=aacc7414-9194-4c7b-9090-815169e17a4f&banner_location=header,10,14,,https://www.checkatrade.com/trades/sterlingrenovationsltd,checkatrade,1,
OM Barker Builders Ltd,Mr Oliver,Builder,,https://9tuma.app.link/kLTh3RAdIQb?cat_web_device_id=b81110a8-6804-4770-bfc9-a49944d9ab66&cat_web_session_id=aacc7414-9194-4c7b-9090-815169e17a4f&banner_location=header,10,53,,https://www.checkatrade.com/trades/ombarkerbuildersandcarpentry,checkatrade,1,
RJL Building Ltd,Mr Rhys,Builder,,https://9tuma.app.link/kLTh3RAdIQb?cat_web_device_id=b81110a8-6804-4770-bfc9-a49944d9ab66&cat_web_session_id=aacc7414-9194-4c7b-9090-815169e17a4f&banner_location=header,9.93,9,,https://www.checkatrade.com/trades/rjlbuildingltd,checkatrade,1,
Camberley Builder,Mr Danny,Builder,,https://9tuma.app.link/kLTh3RAdIQb?cat_web_device_id=b81110a8-6804-4770-bfc9-a49944d9ab66&cat_web_session_id=aacc7414-9194-4c7b-9090-815169e17a4f&banner_location=header,10,62,,https://www.checkatrade.com/trades/camberleybuilder,checkatrade,1,
P D Geere,Mr Paul,Builder,Aldershot and,https://9tuma.app.link/kLTh3RAdIQb?cat_web_device_id=b81110a8-6804-4770-bfc9-a49944d9ab66&cat_web_session_id=aacc7414-9194-4c7b-9090-815169e17a4f&banner_location=header,10,103,,https://www.checkatrade.com/trades/pdgeere,checkatrade,1,
Concept,Mr Chris,Builder,,https://9tuma.app.link/kLTh3RAdIQb?cat_web_device_id=b81110a8-6804-4770-bfc9-a49944d9ab66&cat_web_session_id=aacc7414-9194-4c7b-9090-815169e17a4f&banner_location=header,9.87,115,,https://www.checkatrade.com/trades/concept,checkatrade,1,
Hasi Construction Ltd,Mr Bislim,Builder,Chertsey,https://9tuma.app.link/kLTh3RAdIQb?cat_web_device_id=b81110a8-6804-4770-bfc9-a49944d9ab66&cat_web_session_id=aacc7414-9194-4c7b-9090-815169e17a4f&banner_location=header,9.93,57,,https://www.checkatrade.com/trades/hasiconstructionltd,checkatrade,1,
Berkshire Build Projects Limited,Mr Jaime,Builder,,https://9tuma.app.link/kLTh3RAdIQb?cat_web_device_id=b81110a8-6804-4770-bfc9-a49944d9ab66&cat_web_session_id=aacc7414-9194-4c7b-9090-815169e17a4f&banner_location=header,9,14,,https://www.checkatrade.com/trades/berkshirebuildprojectslimited,checkatrade,1,
A & A Builders (Surrey) Ltd,Mr Giuseppe,Builder,everything from,https://9tuma.app.link/kLTh3RAdIQb?cat_web_device_id=b81110a8-6804-4770-bfc9-a49944d9ab66&cat_web_session_id=aacc7414-9194-4c7b-9090-815169e17a4f&banner_location=header,10,86,,https://www.checkatrade.com/trades/aabuildersltd,checkatrade,1,
M S Thind,Mr Rajinder,Builder,,https://9tuma.app.link/kLTh3RAdIQb?cat_web_device_id=b81110a8-6804-4770-bfc9-a49944d9ab66&cat_web_session_id=aacc7414-9194-4c7b-9090-815169e17a4f&banner_location=header,10,36,,https://www.checkatrade.com/trades/msthindlimited,checkatrade,1,
R.e. Building & Consultancy Ltd,Mrs Amie,Builder,,https://9tuma.app.link/kLTh3RAdIQb?cat_web_device_id=b81110a8-6804-4770-bfc9-a49944d9ab66&cat_web_session_id=aacc7414-9194-4c7b-9090-815169e17a4f&banner_location=header,9.89,20,,https://www.checkatrade.com/trades/rebuildingandconsultancy,checkatrade,1,
Mayon Construction,Mr Derval,Builder,Aldershot and,https://9tuma.app.link/kLTh3RAdIQb?cat_web_device_id=b81110a8-6804-4770-bfc9-a49944d9ab66&cat_web_session_id=aacc7414-9194-4c7b-9090-815169e17a4f&banner_location=header,9.83,2,,https://www.checkatrade.com/trades/mayonconstruction,checkatrade,1,
Ask 4 Construction Ltd,Mr Steven,Builder,,https://9tuma.app.link/kLTh3RAdIQb?cat_web_device_id=b81110a8-6804-4770-bfc9-a49944d9ab66&cat_web_session_id=aacc7414-9194-4c7b-9090-815169e17a4f&banner_location=header,10,86,,https://www.checkatrade.com/trades/ask4construction,checkatrade,1,
MAP Building,Mr Mark,Builder,,https://9tuma.app.link/kLTh3RAdIQb?cat_web_device_id=b81110a8-6804-4770-bfc9-a49944d9ab66&cat_web_session_id=aacc7414-9194-4c7b-9090-815169e17a4f&banner_location=header,9.78,96,,https://www.checkatrade.com/trades/mapbuilding,checkatrade,1,
DLP Associates (Building) Ltd,Mr Tony,Builder,in the,https://9tuma.app.link/kLTh3RAdIQb?cat_web_device_id=b81110a8-6804-4770-bfc9-a49944d9ab66&cat_web_session_id=aacc7414-9194-4c7b-9090-815169e17a4f&banner_location=header,10,36,,https://www.checkatrade.com/trades/dlpassociates,checkatrade,1,
MORCO CONSTRUCTION LTD,Mr Connor,Builder,Aldershot and,https://9tuma.app.link/kLTh3RAdIQb?cat_web_device_id=b81110a8-6804-4770-bfc9-a49944d9ab66&cat_web_session_id=aacc7414-9194-4c7b-9090-815169e17a4f&banner_location=header,9.98,15,,https://www.checkatrade.com/trades/morcoconstructionltd,checkatrade,1,
Haydon Electrical & Building Services Ltd,Mr Adam,Builder,,https://9tuma.app.link/kLTh3RAdIQb?cat_web_device_id=b81110a8-6804-4770-bfc9-a49944d9ab66&cat_web_session_id=aacc7414-9194-4c7b-9090-815169e17a4f&banner_location=header,9.8,54,,https://www.checkatrade.com/trades/ahelectricalservicesfarnborough,checkatrade,1,
RSS Building Services (Southern) Ltd,Mr Rick,Builder,Woking we,https://9tuma.app.link/kLTh3RAdIQb?cat_web_device_id=b81110a8-6804-4770-bfc9-a49944d9ab66&cat_web_session_id=aacc7414-9194-4c7b-9090-815169e17a4f&banner_location=header,10,105,,https://www.checkatrade.com/trades/rssbuildingservices,checkatrade,1,
The Builders NT Ltd,Mr Nikolay,Builder,,https://9tuma.app.link/kLTh3RAdIQb?cat_web_device_id=b81110a8-6804-4770-bfc9-a49944d9ab66&cat_web_session_id=aacc7414-9194-4c7b-9090-815169e17a4f&banner_location=header,9.67,12,,https://www.checkatrade.com/trades/thebuildersnt1091808 | https://www.myjobquote.co.uk/t/builders-fix-ltd | https://www.myjobquote.co.uk/t/builders-fix-ltd,"checkatrade, myjobquote",2,
R & B Brickwork & Construction,Mr Ross,Builder,,https://9tuma.app.link/kLTh3RAdIQb?cat_web_device_id=b81110a8-6804-4770-bfc9-a49944d9ab66&cat_web_session_id=aacc7414-9194-4c7b-9090-815169e17a4f&banner_location=header,10,7,,https://www.checkatrade.com/trades/randbbrickworkandconstruction,checkatrade,1,
M D Property Maintenance Ltd,Mr Mark,Builder,all types,https://9tuma.app.link/kLTh3RAdIQb?cat_web_device_id=b81110a8-6804-4770-bfc9-a49944d9ab66&cat_web_session_id=aacc7414-9194-4c7b-9090-815169e17a4f&banner_location=header,9.88,362,,https://www.checkatrade.com/trades/mdpropertymaintenanceltd | https://www.myjobquote.co.uk/t/tpr-property-maintenance-ltd | https://www.myjobquote.co.uk/t/tpr-property-maintenance-ltd,"checkatrade, myjobquote",2,
SBM Surrey Building Maintenance LTD Electrical,,Builder,all aspects,https://9tuma.app.link/kLTh3RAdIQb?cat_web_device_id=b81110a8-6804-4770-bfc9-a49944d9ab66&cat_web_session_id=aacc7414-9194-4c7b-9090-815169e17a4f&banner_location=header,10,104,,https://www.checkatrade.com/trades/sbmsurreybuildingmaintenanceltdelectrical,checkatrade,1,
Zemer Sk Ltd,Kamila Pyczek,Builder,,https://9tuma.app.link/kLTh3RAdIQb?cat_web_device_id=b81110a8-6804-4770-bfc9-a49944d9ab66&cat_web_session_id=aacc7414-9194-4c7b-9090-815169e17a4f&banner_location=header,9,74,,https://www.checkatrade.com/trades/zemersk908159,checkatrade,1,
PPM Property Services,Mr Andrew,Builder,,https://9tuma.app.link/kLTh3RAdIQb?cat_web_device_id=b81110a8-6804-4770-bfc9-a49944d9ab66&cat_web_session_id=aacc7414-9194-4c7b-9090-815169e17a4f&banner_location=header,9.83,18,,https://www.checkatrade.com/trades/ppmpropertyservices,checkatrade,1,
Farnham Homes (surrey) Ltd,Mr David,Builder,,https://9tuma.app.link/kLTh3RAdIQb?cat_web_device_id=b81110a8-6804-4770-bfc9-a49944d9ab66&cat_web_session_id=aacc7414-9194-4c7b-9090-815169e17a4f&banner_location=header,10,132,,https://www.checkatrade.com/trades/farnhamhomes,checkatrade,1,
Anaid construction Ltd,Mr Alfons,Builder,all sorts,https://9tuma.app.link/kLTh3RAdIQb?cat_web_device_id=b81110a8-6804-4770-bfc9-a49944d9ab66&cat_web_session_id=aacc7414-9194-4c7b-9090-815169e17a4f&banner_location=header,9.9,17,,https://www.checkatrade.com/trades/anaidconstructionltd,checkatrade,1,
Arek Build & Renovations Ltd,Mr Arkadiusz,Builder,,https://9tuma.app.link/kLTh3RAdIQb?cat_web_device_id=b81110a8-6804-4770-bfc9-a49944d9ab66&cat_web_session_id=aacc7414-9194-4c7b-9090-815169e17a4f&banner_location=header,10,42,,https://www.checkatrade.com/trades/arekbuildandrenovations,checkatrade,1,
Trevor C Marchant Plastering Services,Mr Trevor,Builder,include Petersfield,https://9tuma.app.link/kLTh3RAdIQb?cat_web_device_id=b81110a8-6804-4770-bfc9-a49944d9ab66&cat_web_session_id=aacc7414-9194-4c7b-9090-815169e17a4f&banner_location=header,9.97,113,,https://www.checkatrade.com/trades/trevorcmarchantplasteringservices,checkatrade,1,
Stuart J Finch Builders Ltd.,Mr Stuart,Builder,Liss,https://9tuma.app.link/kLTh3RAdIQb?cat_web_device_id=b81110a8-6804-4770-bfc9-a49944d9ab66&cat_web_session_id=aacc7414-9194-4c7b-9090-815169e17a4f&banner_location=header,10,85,,https://www.checkatrade.com/trades/stuartjfinchbuilders,checkatrade,1,
Elite Building Services,Mr. Rikki Flood,Builder,,https://9tuma.app.link/kLTh3RAdIQb?cat_web_device_id=b81110a8-6804-4770-bfc9-a49944d9ab66&cat_web_session_id=aacc7414-9194-4c7b-9090-815169e17a4f&banner_location=header,9.75,39,,https://www.checkatrade.com/trades/elitebuildingservices1053193 | https://www.myjobquote.co.uk/t/eagle-building-services | https://www.myjobquote.co.uk/t/eagle-building-services,"checkatrade, myjobquote",2,
Inspire 4 Design Ltd,Mr Mark,Builder,,https://9tuma.app.link/kLTh3RAdIQb?cat_web_device_id=b81110a8-6804-4770-bfc9-a49944d9ab66&cat_web_session_id=aacc7414-9194-4c7b-9090-815169e17a4f&banner_location=header,10,2,,https://www.checkatrade.com/trades/inspire4designltd,checkatrade,1,
ALLIANCE ROOFING LONDON,Mr Kyle,Builder,,https://9tuma.app.link/kLTh3RAdIQb?cat_web_device_id=b81110a8-6804-4770-bfc9-a49944d9ab66&cat_web_session_id=aacc7414-9194-4c7b-9090-815169e17a4f&banner_location=header,9.96,96,,https://www.checkatrade.com/trades/allianceroofinglondon,checkatrade,1,
Connect Eco Builders,Mr Jafer,Builder,,https://9tuma.app.link/kLTh3RAdIQb?cat_web_device_id=b81110a8-6804-4770-bfc9-a49944d9ab66&cat_web_session_id=aacc7414-9194-4c7b-9090-815169e17a4f&banner_location=header,9.75,61,,https://www.checkatrade.com/trades/ssjbcontractorsltd,checkatrade,1,
Carpentry & Construction Services,Mr Cliff,Builder,Windsor and,https://9tuma.app.link/kLTh3RAdIQb?cat_web_device_id=b81110a8-6804-4770-bfc9-a49944d9ab66&cat_web_session_id=aacc7414-9194-4c7b-9090-815169e17a4f&banner_location=header,9.71,12,,https://www.checkatrade.com/trades/carpentryconstructionservices,checkatrade,1,
DJD Technical & Maintenance Services Ltd,Mrs Lorraine,Builder,Huddersfield,https://9tuma.app.link/kLTh3RAdIQb?cat_web_device_id=b81110a8-6804-4770-bfc9-a49944d9ab66&cat_web_session_id=aacc7414-9194-4c7b-9090-815169e17a4f&banner_location=header,9.99,26,,https://www.checkatrade.com/trades/djdtechnicalandmaintenanceservices,checkatrade,1,
Steve Wardle Building Improvement And Structural Repairs,Mr Steven,Builder,,https://9tuma.app.link/kLTh3RAdIQb?cat_web_device_id=b81110a8-6804-4770-bfc9-a49944d9ab66&cat_web_session_id=aacc7414-9194-4c7b-9090-815169e17a4f&banner_location=header,10,34,,https://www.checkatrade.com/trades/stevewardlebuildingimprovementandstructuralrepairs,checkatrade,1,
CDG Builders,Mr Carl,Builder,,https://9tuma.app.link/kLTh3RAdIQb?cat_web_device_id=b81110a8-6804-4770-bfc9-a49944d9ab66&cat_web_session_id=aacc7414-9194-4c7b-9090-815169e17a4f&banner_location=header,9.76,48,,https://www.checkatrade.com/trades/cdgbuilders1089948,checkatrade,1,
Uppermill Building Services,Mr Jason,Builder,uppermill saddleworth,https://9tuma.app.link/kLTh3RAdIQb?cat_web_device_id=b81110a8-6804-4770-bfc9-a49944d9ab66&cat_web_session_id=aacc7414-9194-4c7b-9090-815169e17a4f&banner_location=header,9.87,45,,https://www.checkatrade.com/trades/uppermillbuildingservices,checkatrade,1,
Hinchliffe Group,Mr Thomas,Builder,Huddersfield and,https://9tuma.app.link/kLTh3RAdIQb?cat_web_device_id=b81110a8-6804-4770-bfc9-a49944d9ab66&cat_web_session_id=aacc7414-9194-4c7b-9090-815169e17a4f&banner_location=header,10,3,,https://www.checkatrade.com/trades/hinchliffegroup,checkatrade,1,
EDG Construction,Mr Grant,Builder,Wakefield and,https://9tuma.app.link/kLTh3RAdIQb?cat_web_device_id=b81110a8-6804-4770-bfc9-a49944d9ab66&cat_web_session_id=aacc7414-9194-4c7b-9090-815169e17a4f&banner_location=header,10,1,,https://www.checkatrade.com/trades/edgconstruction,checkatrade,1,
Broadoak Property and Construction,Mr Scott,Builder,,https://9tuma.app.link/kLTh3RAdIQb?cat_web_device_id=b81110a8-6804-4770-bfc9-a49944d9ab66&cat_web_session_id=aacc7414-9194-4c7b-9090-815169e17a4f&banner_location=header,9.92,19,,https://www.checkatrade.com/trades/broadoakpropertyandconstruction,checkatrade,1,
Mill Build,Mr Alex,Builder,York and,https://9tuma.app.link/kLTh3RAdIQb?cat_web_device_id=b81110a8-6804-4770-bfc9-a49944d9ab66&cat_web_session_id=aacc7414-9194-4c7b-9090-815169e17a4f&banner_location=header,10,26,,https://www.checkatrade.com/trades/millbuild,checkatrade,1,
Neal Construction Ltd,Mr Benjamin,Builder,all aspects,https://9tuma.app.link/kLTh3RAdIQb?cat_web_device_id=b81110a8-6804-4770-bfc9-a49944d9ab66&cat_web_session_id=aacc7414-9194-4c7b-9090-815169e17a4f&banner_location=header,9.9,69,,https://www.checkatrade.com/trades/nealconstruction,checkatrade,1,
Art Refurbishment Ltd,Mr Ilie,Builder,clients since,https://9tuma.app.link/kLTh3RAdIQb?cat_web_device_id=b81110a8-6804-4770-bfc9-a49944d9ab66&cat_web_session_id=aacc7414-9194-4c7b-9090-815169e17a4f&banner_location=header,10,9,,https://www.checkatrade.com/trades/artrefurbishmentltd | https://www.myjobquote.co.uk/t/arcus-refurbishment | https://www.myjobquote.co.uk/t/arcus-refurbishment,"checkatrade, myjobquote",2,
Grifford Interiors Ltd,Mr Joseph,Builder,all bases,https://9tuma.app.link/kLTh3RAdIQb?cat_web_device_id=b81110a8-6804-4770-bfc9-a49944d9ab66&cat_web_session_id=aacc7414-9194-4c7b-9090-815169e17a4f&banner_location=header,9.83,50,,https://www.checkatrade.com/trades/griffordinteriors,checkatrade,1,
Baker Developments,Mr John,Builder,York and,https://9tuma.app.link/kLTh3RAdIQb?cat_web_device_id=b81110a8-6804-4770-bfc9-a49944d9ab66&cat_web_session_id=aacc7414-9194-4c7b-9090-815169e17a4f&banner_location=header,10,60,,https://www.checkatrade.com/trades/bakerdevelopments,checkatrade,1,
WEST YORKSHIRE PROPERTY RENOVATION LIMIT,Mr Akbar,Builder,,https://9tuma.app.link/kLTh3RAdIQb?cat_web_device_id=b81110a8-6804-4770-bfc9-a49944d9ab66&cat_web_session_id=aacc7414-9194-4c7b-9090-815169e17a4f&banner_location=header,9.81,36,,https://www.checkatrade.com/trades/westyorkshirepropertyrenovationlimit,checkatrade,1,
Attic To Asset,Mr. Sean Campbell,Builder,,https://9tuma.app.link/kLTh3RAdIQb?cat_web_device_id=b81110a8-6804-4770-bfc9-a49944d9ab66&cat_web_session_id=aacc7414-9194-4c7b-9090-815169e17a4f&banner_location=header,9.5,16,,https://www.checkatrade.com/trades/attictoasset,checkatrade,1,
Aston Clinton Cosy Conversions LTD,Mr Ross,Builder,,https://9tuma.app.link/kLTh3RAdIQb?cat_web_device_id=b81110a8-6804-4770-bfc9-a49944d9ab66&cat_web_session_id=aacc7414-9194-4c7b-9090-815169e17a4f&banner_location=header,10,6,,https://www.checkatrade.com/trades/astonclintoncosyconversionsltd,checkatrade,1,
Joe Adam Construction Ltd,Mr. Adam Elshahawy,Builder,,https://9tuma.app.link/kLTh3RAdIQb?cat_web_device_id=b81110a8-6804-4770-bfc9-a49944d9ab66&cat_web_session_id=aacc7414-9194-4c7b-9090-815169e17a4f&banner_location=header,9.5,46,,https://www.checkatrade.com/trades/joeadamconstructionltd990064,checkatrade,1,
Design seed developments,Mr. Phil Tubb,Builder,,https://9tuma.app.link/kLTh3RAdIQb?cat_web_device_id=b81110a8-6804-4770-bfc9-a49944d9ab66&cat_web_session_id=aacc7414-9194-4c7b-9090-815169e17a4f&banner_location=header,9.9,29,,https://www.checkatrade.com/trades/ptelectrical1009504,checkatrade,1,
Green Construction & Plastering,Mr Matthew,Builder,all areas,https://9tuma.app.link/kLTh3RAdIQb?cat_web_device_id=b81110a8-6804-4770-bfc9-a49944d9ab66&cat_web_session_id=aacc7414-9194-4c7b-9090-815169e17a4f&banner_location=header,9.48,7,,https://www.checkatrade.com/trades/greenconstructionplastering,checkatrade,1,
Leeway Brothers Ltd,Mr. Mario Vladut,Builder,,https://9tuma.app.link/kLTh3RAdIQb?cat_web_device_id=b81110a8-6804-4770-bfc9-a49944d9ab66&cat_web_session_id=aacc7414-9194-4c7b-9090-815169e17a4f&banner_location=header,9.73,42,,https://www.checkatrade.com/trades/leewaybrothers990779,checkatrade,1,
Property Renovation Solutions,Mr Dean,Builder,,https://9tuma.app.link/kLTh3RAdIQb?cat_web_device_id=b81110a8-6804-4770-bfc9-a49944d9ab66&cat_web_session_id=aacc7414-9194-4c7b-9090-815169e17a4f&banner_location=header,9.96,119,,https://www.checkatrade.com/trades/propertyrenovationsolutions,checkatrade,1,
Deansway Building and Maintenance Services,Mr Dean,Builder,,https://9tuma.app.link/kLTh3RAdIQb?cat_web_device_id=b81110a8-6804-4770-bfc9-a49944d9ab66&cat_web_session_id=aacc7414-9194-4c7b-9090-815169e17a4f&banner_location=header,9.8,19,,https://www.checkatrade.com/trades/deanswaybuildingandmaintenanceservices,checkatrade,1,
Alfa Quality Construction Ltd,Mr Saphoat,Builder,,https://9tuma.app.link/kLTh3RAdIQb?cat_web_device_id=b81110a8-6804-4770-bfc9-a49944d9ab66&cat_web_session_id=aacc7414-9194-4c7b-9090-815169e17a4f&banner_location=header,9.95,31,,https://www.checkatrade.com/trades/alfaqualityconstruction1127978,checkatrade,1,
Rc Construction Design Ltd,Mr. Nathan Fields,Builder,,https://9tuma.app.link/kLTh3RAdIQb?cat_web_device_id=b81110a8-6804-4770-bfc9-a49944d9ab66&cat_web_session_id=aacc7414-9194-4c7b-9090-815169e17a4f&banner_location=header,10,50,,https://www.checkatrade.com/trades/rcconstructiondesign,checkatrade,1,
MDL CONSTRUCTION LIMITED,Mr Madalin,Builder,,https://9tuma.app.link/kLTh3RAdIQb?cat_web_device_id=b81110a8-6804-4770-bfc9-a49944d9ab66&cat_web_session_id=aacc7414-9194-4c7b-9090-815169e17a4f&banner_location=header,9.33,3,,https://www.checkatrade.com/trades/mdlconstructionlimited,checkatrade,1,
Cunningham Building Services,Mr Joseph,Builder,,https://9tuma.app.link/kLTh3RAdIQb?cat_web_device_id=b81110a8-6804-4770-bfc9-a49944d9ab66&cat_web_session_id=aacc7414-9194-4c7b-9090-815169e17a4f&banner_location=header,9.8,39,,https://www.checkatrade.com/trades/cunninghambuildingservices,checkatrade,1,
Azone Construction Ltd,Mr Hajredin,Builder,,https://9tuma.app.link/kLTh3RAdIQb?cat_web_device_id=b81110a8-6804-4770-bfc9-a49944d9ab66&cat_web_session_id=aacc7414-9194-4c7b-9090-815169e17a4f&banner_location=header,10,23,,https://www.checkatrade.com/trades/azoneconstructionltd,checkatrade,1,
IB Builders Group,Kujtim Pavdeja,Builder,,https://9tuma.app.link/kLTh3RAdIQb?cat_web_device_id=b81110a8-6804-4770-bfc9-a49944d9ab66&cat_web_session_id=aacc7414-9194-4c7b-9090-815169e17a4f&banner_location=header,10,3,,https://www.checkatrade.com/trades/ibbuildersgroup,checkatrade,1,
Asset Lofts,Mr Terry,Builder,,https://9tuma.app.link/kLTh3RAdIQb?cat_web_device_id=b81110a8-6804-4770-bfc9-a49944d9ab66&cat_web_session_id=aacc7414-9194-4c7b-9090-815169e17a4f&banner_location=header,9.33,3,,https://www.checkatrade.com/trades/assetlofts,checkatrade,1,
D&A Brickwork/Building,Mr Des,Builder,,https://9tuma.app.link/kLTh3RAdIQb?cat_web_device_id=b81110a8-6804-4770-bfc9-a49944d9ab66&cat_web_session_id=aacc7414-9194-4c7b-9090-815169e17a4f&banner_location=header,9.93,60,,https://www.checkatrade.com/trades/dandabrickworkbuilding,checkatrade,1,
A&L Extensions Ltd,Mr Diana,Builder,,https://9tuma.app.link/kLTh3RAdIQb?cat_web_device_id=b81110a8-6804-4770-bfc9-a49944d9ab66&cat_web_session_id=aacc7414-9194-4c7b-9090-815169e17a4f&banner_location=header,10,30,,https://www.checkatrade.com/trades/viniconstruction867540,checkatrade,1,
Tops Plastering,Mr. Toptan Bruka,Builder,,https://9tuma.app.link/kLTh3RAdIQb?cat_web_device_id=b81110a8-6804-4770-bfc9-a49944d9ab66&cat_web_session_id=aacc7414-9194-4c7b-9090-815169e17a4f&banner_location=header,10,36,,https://www.checkatrade.com/trades/topsplastering | https://www.myjobquote.co.uk/t/pw-plastering-1 | https://www.myjobquote.co.uk/t/pw-plastering-1,"checkatrade, myjobquote",2,
NDNR Limited,Mr Nedret,Builder,,https://9tuma.app.link/kLTh3RAdIQb?cat_web_device_id=b81110a8-6804-4770-bfc9-a49944d9ab66&cat_web_session_id=aacc7414-9194-4c7b-9090-815169e17a4f&banner_location=header,10,6,,https://www.checkatrade.com/trades/ndnrlimited | https://www.myjobquote.co.uk/t/eds-ltd-1 | https://www.myjobquote.co.uk/t/eds-ltd-1 | https://www.myjobquote.co.uk/t/dcw-ltd | https://www.myjobquote.co.uk/t/dcw-ltd | https://www.myjobquote.co.uk/t/chris-edwards-1 | https://www.myjobquote.co.uk/t/chris-edwards-1,"checkatrade, myjobquote",2,
THE LIONVALE CONSTRUCTION LIMITED,Mr Qasim,Builder,,https://9tuma.app.link/kLTh3RAdIQb?cat_web_device_id=b81110a8-6804-4770-bfc9-a49944d9ab66&cat_web_session_id=aacc7414-9194-4c7b-9090-815169e17a4f&banner_location=header,10,4,,https://www.checkatrade.com/trades/thelionvaleconstructionlimited5938553,checkatrade,1,
NH Building and Carpentry Ltd,Mr Neil,Builder,,https://9tuma.app.link/kLTh3RAdIQb?cat_web_device_id=b81110a8-6804-4770-bfc9-a49944d9ab66&cat_web_session_id=aacc7414-9194-4c7b-9090-815169e17a4f&banner_location=header,10,80,,https://www.checkatrade.com/trades/nhbuildingandcarpentry623224,checkatrade,1,
Corja Construction Ltd,Mr Klodian,Builder,,https://9tuma.app.link/kLTh3RAdIQb?cat_web_device_id=b81110a8-6804-4770-bfc9-a49944d9ab66&cat_web_session_id=aacc7414-9194-4c7b-9090-815169e17a4f&banner_location=header,9.71,37,,https://www.checkatrade.com/trades/corjaconstruction,checkatrade,1,
Fix Up Construction Ltd,Mr Gugash,Builder,,https://9tuma.app.link/kLTh3RAdIQb?cat_web_device_id=b81110a8-6804-4770-bfc9-a49944d9ab66&cat_web_session_id=aacc7414-9194-4c7b-9090-815169e17a4f&banner_location=header,10,6,,https://www.checkatrade.com/trades/fixupconstructionltd,checkatrade,1,
M P Builders,Mr Michal,Builder,,https://9tuma.app.link/kLTh3RAdIQb?cat_web_device_id=b81110a8-6804-4770-bfc9-a49944d9ab66&cat_web_session_id=aacc7414-9194-4c7b-9090-815169e17a4f&banner_location=header,10,48,,https://www.checkatrade.com/trades/mpbuilders,checkatrade,1,
Jhand Construction Ltd,Mr Harjeet,Builder,all building,https://9tuma.app.link/kLTh3RAdIQb?cat_web_device_id=b81110a8-6804-4770-bfc9-a49944d9ab66&cat_web_session_id=aacc7414-9194-4c7b-9090-815169e17a4f&banner_location=header,9.94,37,,https://www.checkatrade.com/trades/jhandconstruction417887,checkatrade,1,
MA Construction,Mr Marcin,Builder,,https://9tuma.app.link/kLTh3RAdIQb?cat_web_device_id=b81110a8-6804-4770-bfc9-a49944d9ab66&cat_web_session_id=aacc7414-9194-4c7b-9090-815169e17a4f&banner_location=header,10,88,,https://www.checkatrade.com/trades/bbsbestbuildingservices,checkatrade,1,
Liv Construction LTD,Mr Liviu,Builder,,https://9tuma.app.link/kLTh3RAdIQb?cat_web_device_id=b81110a8-6804-4770-bfc9-a49944d9ab66&cat_web_session_id=aacc7414-9194-4c7b-9090-815169e17a4f&banner_location=header,9.91,70,,https://www.checkatrade.com/trades/livconstructionltd564542,checkatrade,1,
N.B Interior Solution Ltd,Mr Nicolae,Builder,,https://9tuma.app.link/kLTh3RAdIQb?cat_web_device_id=b81110a8-6804-4770-bfc9-a49944d9ab66&cat_web_session_id=aacc7414-9194-4c7b-9090-815169e17a4f&banner_location=header,10,106,,https://www.checkatrade.com/trades/nbinteriorsolutionltd,checkatrade,1,
Julius Building Services,Mr Constantin,Builder,,https://9tuma.app.link/kLTh3RAdIQb?cat_web_device_id=b81110a8-6804-4770-bfc9-a49944d9ab66&cat_web_session_id=aacc7414-9194-4c7b-9090-815169e17a4f&banner_location=header,9.96,100,,https://www.checkatrade.com/trades/jbsunited,checkatrade,1,
S&S Luxury Constructions Ltd,Mrs Sukhvinder,Builder,,https://9tuma.app.link/kLTh3RAdIQb?cat_web_device_id=b81110a8-6804-4770-bfc9-a49944d9ab66&cat_web_session_id=aacc7414-9194-4c7b-9090-815169e17a4f&banner_location=header,9.87,24,,https://www.checkatrade.com/trades/sandsluxuryconstructions,checkatrade,1,
Gjini's Builders Ltd,Mr Drilon,Builder,,https://9tuma.app.link/kLTh3RAdIQb?cat_web_device_id=b81110a8-6804-4770-bfc9-a49944d9ab66&cat_web_session_id=aacc7414-9194-4c7b-9090-815169e17a4f&banner_location=header,10,4,,https://www.checkatrade.com/trades/gjinisbuildersltd,checkatrade,1,
Watford Drylining & Interiors Ltd,Mr. Ermal Qevani,Builder,Watford,https://9tuma.app.link/kLTh3RAdIQb?cat_web_device_id=b81110a8-6804-4770-bfc9-a49944d9ab66&cat_web_session_id=aacc7414-9194-4c7b-9090-815169e17a4f&banner_location=header,10,20,,https://www.checkatrade.com/trades/watforddryliningandinteriors1047170,checkatrade,1,
Williams building & roofing LTD,Mr Bradley,Builder,,https://9tuma.app.link/kLTh3RAdIQb?cat_web_device_id=b81110a8-6804-4770-bfc9-a49944d9ab66&cat_web_session_id=aacc7414-9194-4c7b-9090-815169e17a4f&banner_location=header,9.67,8,,https://www.checkatrade.com/trades/williamsbuildingroofingltd,checkatrade,1,
Blake & Darvill Building and Developments Limited,Mr Adam,Builder,Redditch and,https://9tuma.app.link/kLTh3RAdIQb?cat_web_device_id=b81110a8-6804-4770-bfc9-a49944d9ab66&cat_web_session_id=aacc7414-9194-4c7b-9090-815169e17a4f&banner_location=header,10,3,,https://www.checkatrade.com/trades/blakedarvillbuildinganddevelopmentslimited,checkatrade,1,
RPM Building Services Limited,Mr Ryan,Builder,,https://9tuma.app.link/kLTh3RAdIQb?cat_web_device_id=b81110a8-6804-4770-bfc9-a49944d9ab66&cat_web_session_id=aacc7414-9194-4c7b-9090-815169e17a4f&banner_location=header,10,21,,https://www.checkatrade.com/trades/rpmbuildingserviceslimited,checkatrade,1,
Amd Link Ltd,Mr Miroslaw,Builder,,https://9tuma.app.link/kLTh3RAdIQb?cat_web_device_id=b81110a8-6804-4770-bfc9-a49944d9ab66&cat_web_session_id=aacc7414-9194-4c7b-9090-815169e17a4f&banner_location=header,10,11,,https://www.checkatrade.com/trades/amdlink,checkatrade,1,
MM Building and Construction working with MIKEL renovations,Mr Michael,Builder,Wales and,https://9tuma.app.link/kLTh3RAdIQb?cat_web_device_id=b81110a8-6804-4770-bfc9-a49944d9ab66&cat_web_session_id=aacc7414-9194-4c7b-9090-815169e17a4f&banner_location=header,10,34,,https://www.checkatrade.com/trades/mmbuildingandconstruction,checkatrade,1,
Midlands Building & Maintenance Ltd,Mr Ian,Builder,,https://9tuma.app.link/kLTh3RAdIQb?cat_web_device_id=b81110a8-6804-4770-bfc9-a49944d9ab66&cat_web_session_id=aacc7414-9194-4c7b-9090-815169e17a4f&banner_location=header,10,22,,https://www.checkatrade.com/trades/midlandsbuildingandmaintenanceltd,checkatrade,1,
B&J Builder,Mr Benjamin,Builder,Brierley Hill,https://9tuma.app.link/kLTh3RAdIQb?cat_web_device_id=b81110a8-6804-4770-bfc9-a49944d9ab66&cat_web_session_id=aacc7414-9194-4c7b-9090-815169e17a4f&banner_location=header,10,5,,https://www.checkatrade.com/trades/bjbuilder5936090,checkatrade,1,
M Rowan Carpenter and Building Contractor,Mr Martin,Builder,,https://9tuma.app.link/kLTh3RAdIQb?cat_web_device_id=b81110a8-6804-4770-bfc9-a49944d9ab66&cat_web_session_id=aacc7414-9194-4c7b-9090-815169e17a4f&banner_location=header,10,32,,https://www.checkatrade.com/trades/mrowancarpenterandbuildingcontractor,checkatrade,1,
Bluestone Construction & Landscapes,Mr Rhys,Builder,Pontypool and,https://9tuma.app.link/kLTh3RAdIQb?cat_web_device_id=b81110a8-6804-4770-bfc9-a49944d9ab66&cat_web_session_id=aacc7414-9194-4c7b-9090-815169e17a4f&banner_location=header,10,27,,https://www.checkatrade.com/trades/bluestonebuildinglandscapes,checkatrade,1,
All Squared Construction,Mr Ben,Builder,the whole,https://9tuma.app.link/kLTh3RAdIQb?cat_web_device_id=b81110a8-6804-4770-bfc9-a49944d9ab66&cat_web_session_id=aacc7414-9194-4c7b-9090-815169e17a4f&banner_location=header,10,4,,https://www.checkatrade.com/trades/allsquaredconstruction,checkatrade,1,
Renov8 Group,Mr Garry,Builder,,https://9tuma.app.link/kLTh3RAdIQb?cat_web_device_id=b81110a8-6804-4770-bfc9-a49944d9ab66&cat_web_session_id=aacc7414-9194-4c7b-9090-815169e17a4f&banner_location=header,9.78,49,,https://www.checkatrade.com/trades/renov8group,checkatrade,1,
Adapt building and Construction ltd,Mr. Simon Whitehead,Builder,,https://9tuma.app.link/kLTh3RAdIQb?cat_web_device_id=b81110a8-6804-4770-bfc9-a49944d9ab66&cat_web_session_id=aacc7414-9194-4c7b-9090-815169e17a4f&banner_location=header,8.33,10,,https://www.checkatrade.com/trades/sjwcontracts1049191,checkatrade,1,
MP Building and Plastering,Mr Mathew,Builder,,https://9tuma.app.link/kLTh3RAdIQb?cat_web_device_id=b81110a8-6804-4770-bfc9-a49944d9ab66&cat_web_session_id=aacc7414-9194-4c7b-9090-815169e17a4f&banner_location=header,9.83,10,,https://www.checkatrade.com/trades/mpbuildingandplastering,checkatrade,1,
alc construction,Mr Anthony,Builder,Walkington Beverley,https://9tuma.app.link/kLTh3RAdIQb?cat_web_device_id=b81110a8-6804-4770-bfc9-a49944d9ab66&cat_web_session_id=aacc7414-9194-4c7b-9090-815169e17a4f&banner_location=header,10,2,,https://www.checkatrade.com/trades/alcconstruction1132866,checkatrade,1,
M Savage Building & Joinery Ltd,Mr Mark,Builder,,https://9tuma.app.link/kLTh3RAdIQb?cat_web_device_id=b81110a8-6804-4770-bfc9-a49944d9ab66&cat_web_session_id=aacc7414-9194-4c7b-9090-815169e17a4f&banner_location=header,9.84,20,,https://www.checkatrade.com/trades/msavagebuildingandjoinery,checkatrade,1,
M Ireland Builders Limited,Mr Michael,Builder,Scarborough and,https://9tuma.app.link/kLTh3RAdIQb?cat_web_device_id=b81110a8-6804-4770-bfc9-a49944d9ab66&cat_web_session_id=aacc7414-9194-4c7b-9090-815169e17a4f&banner_location=header,8.96,8,,https://www.checkatrade.com/trades/mirelandbuilderslimited,checkatrade,1,
Lee Curtis Building & Plastering Services,Mr Lee,Builder,,https://9tuma.app.link/kLTh3RAdIQb?cat_web_device_id=b81110a8-6804-4770-bfc9-a49944d9ab66&cat_web_session_id=aacc7414-9194-4c7b-9090-815169e17a4f&banner_location=header,9.96,71,,https://www.checkatrade.com/trades/leecurtisbuildingandplasteringservices,checkatrade,1,
P.M.R.,Mr Perry,Builder,many different,https://9tuma.app.link/kLTh3RAdIQb?cat_web_device_id=b81110a8-6804-4770-bfc9-a49944d9ab66&cat_web_session_id=aacc7414-9194-4c7b-9090-815169e17a4f&banner_location=header,10,56,,https://www.checkatrade.com/trades/pmr555527,checkatrade,1,
HomeFix,Mr Jason,Builder,all aspects,https://9tuma.app.link/kLTh3RAdIQb?cat_web_device_id=b81110a8-6804-4770-bfc9-a49944d9ab66&cat_web_session_id=aacc7414-9194-4c7b-9090-815169e17a4f&banner_location=header,9.81,32,,https://www.checkatrade.com/trades/homefix1123097,checkatrade,1,
J Vale Carpentry and General Builder,Mr Jamie,Builder,,https://9tuma.app.link/kLTh3RAdIQb?cat_web_device_id=b81110a8-6804-4770-bfc9-a49944d9ab66&cat_web_session_id=aacc7414-9194-4c7b-9090-815169e17a4f&banner_location=header,10,54,,https://www.checkatrade.com/trades/jvalecarpentryandgeneralbuilder,checkatrade,1,
Suffolk Construction LTD,Miss Mia,Builder,,https://9tuma.app.link/kLTh3RAdIQb?cat_web_device_id=b81110a8-6804-4770-bfc9-a49944d9ab66&cat_web_session_id=aacc7414-9194-4c7b-9090-815169e17a4f&banner_location=header,9.67,5,,https://www.checkatrade.com/trades/suffolkconstructionltd,checkatrade,1,
Honeybee Construction Ltd,Mr Christopher,Builder,essex,https://9tuma.app.link/kLTh3RAdIQb?cat_web_device_id=b81110a8-6804-4770-bfc9-a49944d9ab66&cat_web_session_id=aacc7414-9194-4c7b-9090-815169e17a4f&banner_location=header,9.75,22,,https://www.checkatrade.com/trades/honeybeeconstruction,checkatrade,1,
MWD Construction Ltd,Mr Matthew,Builder,,https://9tuma.app.link/kLTh3RAdIQb?cat_web_device_id=b81110a8-6804-4770-bfc9-a49944d9ab66&cat_web_session_id=aacc7414-9194-4c7b-9090-815169e17a4f&banner_location=header,10,19,,https://www.checkatrade.com/trades/mwdconstructionltd,checkatrade,1,
ARA Carpentry & Building,Mr Alan,Builder,Elmswell,https://9tuma.app.link/kLTh3RAdIQb?cat_web_device_id=b81110a8-6804-4770-bfc9-a49944d9ab66&cat_web_session_id=aacc7414-9194-4c7b-9090-815169e17a4f&banner_location=header,9.96,88,,https://www.checkatrade.com/trades/aracarpentrybuilding,checkatrade,1,
Future Build East Limited,Mr Michael,Builder,,https://9tuma.app.link/kLTh3RAdIQb?cat_web_device_id=b81110a8-6804-4770-bfc9-a49944d9ab66&cat_web_session_id=aacc7414-9194-4c7b-9090-815169e17a4f&banner_location=header,10,60,,https://www.checkatrade.com/trades/futurebuildeastlimited,checkatrade,1,
Haynes builders Norfolk ltd,Ms Hayley,Builder,,https://9tuma.app.link/kLTh3RAdIQb?cat_web_device_id=b81110a8-6804-4770-bfc9-a49944d9ab66&cat_web_session_id=aacc7414-9194-4c7b-9090-815169e17a4f&banner_location=header,9.56,4,,https://www.checkatrade.com/trades/haynesbuildersnorfolkltd,checkatrade,1,
Chalcraft Building Services Ltd,Mr Grahame,Builder,,https://9tuma.app.link/kLTh3RAdIQb?cat_web_device_id=b81110a8-6804-4770-bfc9-a49944d9ab66&cat_web_session_id=aacc7414-9194-4c7b-9090-815169e17a4f&banner_location=header,9.96,131,,https://www.checkatrade.com/trades/chalcraftbuildingservicesltd,checkatrade,1,
Heritage Building Services,Mr Dexter,Builder,,https://9tuma.app.link/kLTh3RAdIQb?cat_web_device_id=b81110a8-6804-4770-bfc9-a49944d9ab66&cat_web_session_id=aacc7414-9194-4c7b-9090-815169e17a4f&banner_location=header,10,1,,https://www.checkatrade.com/trades/heritagebuildingservices,checkatrade,1,
Harlequin Interiors,Mr Jon,Builder,,https://9tuma.app.link/kLTh3RAdIQb?cat_web_device_id=b81110a8-6804-4770-bfc9-a49944d9ab66&cat_web_session_id=aacc7414-9194-4c7b-9090-815169e17a4f&banner_location=header,10,116,,https://www.checkatrade.com/trades/harlequininteriors,checkatrade,1,
Matthew Uter,Mr Matthew,Builder,,https://9tuma.app.link/kLTh3RAdIQb?cat_web_device_id=b81110a8-6804-4770-bfc9-a49944d9ab66&cat_web_session_id=aacc7414-9194-4c7b-9090-815169e17a4f&banner_location=header,10,6,,https://www.checkatrade.com/trades/matthewuter,checkatrade,1,
Norwich Home Developments Ltd,Mr Lewis,Builder,,https://9tuma.app.link/kLTh3RAdIQb?cat_web_device_id=b81110a8-6804-4770-bfc9-a49944d9ab66&cat_web_session_id=aacc7414-9194-4c7b-9090-815169e17a4f&banner_location=header,9.91,34,,https://www.checkatrade.com/trades/norwichhomedevelopmentsltd,checkatrade,1,
Donris Ltd,Mr Chris,Builder,,https://9tuma.app.link/kLTh3RAdIQb?cat_web_device_id=b81110a8-6804-4770-bfc9-a49944d9ab66&cat_web_session_id=aacc7414-9194-4c7b-9090-815169e17a4f&banner_location=header,9.93,248,,https://www.checkatrade.com/trades/donris | https://www.myjobquote.co.uk/t/kondi | https://www.myjobquote.co.uk/t/kondi | https://www.myjobquote.co.uk/t/prono-ltd | https://www.myjobquote.co.uk/t/prono-ltd,"checkatrade, myjobquote",2,
Farrow Building Construction,Mr Nigel,Builder,Norwich and,https://9tuma.app.link/kLTh3RAdIQb?cat_web_device_id=b81110a8-6804-4770-bfc9-a49944d9ab66&cat_web_session_id=aacc7414-9194-4c7b-9090-815169e17a4f&banner_location=header,9.67,6,,https://www.checkatrade.com/trades/farrowbuildingconstruction,checkatrade,1,
Built Norfolk,Mr Daniel,Builder,,https://9tuma.app.link/kLTh3RAdIQb?cat_web_device_id=b81110a8-6804-4770-bfc9-a49944d9ab66&cat_web_session_id=aacc7414-9194-4c7b-9090-815169e17a4f&banner_location=header,9.83,19,,https://www.checkatrade.com/trades/builtnorfolk1109613,checkatrade,1,
RHR Building Services Limited,Mr Robert,Builder,,https://9tuma.app.link/kLTh3RAdIQb?cat_web_device_id=b81110a8-6804-4770-bfc9-a49944d9ab66&cat_web_session_id=aacc7414-9194-4c7b-9090-815169e17a4f&banner_location=header,10,72,,https://www.checkatrade.com/trades/rhrbuildingservices,checkatrade,1,
NPH London LTD,Mr Nikollaq,Builder,,https://9tuma.app.link/kLTh3RAdIQb?cat_web_device_id=b81110a8-6804-4770-bfc9-a49944d9ab66&cat_web_session_id=aacc7414-9194-4c7b-9090-815169e17a4f&banner_location=header,5,6,,https://www.checkatrade.com/trades/nphlondonltd | https://www.myjobquote.co.uk/t/nldlondon | https://www.myjobquote.co.uk/t/nldlondon,"checkatrade, myjobquote",2,
Hm Groundworks And Construction Ltd,Mr Harry,Builder,,https://9tuma.app.link/kLTh3RAdIQb?cat_web_device_id=b81110a8-6804-4770-bfc9-a49944d9ab66&cat_web_session_id=aacc7414-9194-4c7b-9090-815169e17a4f&banner_location=header,8.95,22,,https://www.checkatrade.com/trades/hmgroundworksandconstruction,checkatrade,1,
JDS Building Services,Mr Jack,Builder,,https://9tuma.app.link/kLTh3RAdIQb?cat_web_device_id=b81110a8-6804-4770-bfc9-a49944d9ab66&cat_web_session_id=aacc7414-9194-4c7b-9090-815169e17a4f&banner_location=header,9.96,17,,https://www.checkatrade.com/trades/jdsbuildingservices,checkatrade,1,
GENERAL BUILDING,Mr Emil,Builder,,https://9tuma.app.link/kLTh3RAdIQb?cat_web_device_id=b81110a8-6804-4770-bfc9-a49944d9ab66&cat_web_session_id=aacc7414-9194-4c7b-9090-815169e17a4f&banner_location=header,9.9,32,,https://www.checkatrade.com/trades/generalbuilding1084667,checkatrade,1,
Focus Building Limited,Mr Ben,Builder,,https://9tuma.app.link/kLTh3RAdIQb?cat_web_device_id=b81110a8-6804-4770-bfc9-a49944d9ab66&cat_web_session_id=aacc7414-9194-4c7b-9090-815169e17a4f&banner_location=header,10,38,,https://www.checkatrade.com/trades/focusbuildinglimited,checkatrade,1,
Goça Limited,Mr Vebi,Builder,,https://9tuma.app.link/kLTh3RAdIQb?cat_web_device_id=b81110a8-6804-4770-bfc9-a49944d9ab66&cat_web_session_id=aacc7414-9194-4c7b-9090-815169e17a4f&banner_location=header,10,5,,https://www.checkatrade.com/trades/goa1117540 | https://www.myjobquote.co.uk/t/isav-ltd | https://www.myjobquote.co.uk/t/isav-ltd | https://www.myjobquote.co.uk/t/costa-ltd | https://www.myjobquote.co.uk/t/mr-structural-ltd | https://www.myjobquote.co.uk/t/rohan-6 | https://www.myjobquote.co.uk/t/rohan-6 | https://www.myjobquote.co.uk/t/ryan-landscapes | https://www.myjobquote.co.uk/t/ryan-landscapes,"checkatrade, myjobquote",2,
PRIME DESIGNS LIMITED,Mrs Natali,Builder,,https://9tuma.app.link/kLTh3RAdIQb?cat_web_device_id=b81110a8-6804-4770-bfc9-a49944d9ab66&cat_web_session_id=aacc7414-9194-4c7b-9090-815169e17a4f&banner_location=header,9.81,19,,https://www.checkatrade.com/trades/primedesignslimited,checkatrade,1,
GM Property Services Ltd,Mr Gary,Builder,,https://9tuma.app.link/kLTh3RAdIQb?cat_web_device_id=b81110a8-6804-4770-bfc9-a49944d9ab66&cat_web_session_id=aacc7414-9194-4c7b-9090-815169e17a4f&banner_location=header,10,235,,https://www.checkatrade.com/trades/gmpropertyservicesltd,checkatrade,1,
Edmond Construction,Mr Edmond,Builder,,https://9tuma.app.link/kLTh3RAdIQb?cat_web_device_id=b81110a8-6804-4770-bfc9-a49944d9ab66&cat_web_session_id=aacc7414-9194-4c7b-9090-815169e17a4f&banner_location=header,9.75,103,,https://www.checkatrade.com/trades/edmondconstruction,checkatrade,1,
MS Gold Hands Limited,Mr. Michal Sliwinski,Builder,,https://9tuma.app.link/kLTh3RAdIQb?cat_web_device_id=b81110a8-6804-4770-bfc9-a49944d9ab66&cat_web_session_id=aacc7414-9194-4c7b-9090-815169e17a4f&banner_location=header,9.87,23,,https://www.checkatrade.com/trades/msgoldhandslimited,checkatrade,1,
Zaranek's Construction Ltd,Mr Bartlomiej,Builder,,https://9tuma.app.link/kLTh3RAdIQb?cat_web_device_id=b81110a8-6804-4770-bfc9-a49944d9ab66&cat_web_session_id=aacc7414-9194-4c7b-9090-815169e17a4f&banner_location=header,9.81,50,,https://www.checkatrade.com/trades/zaraneksconstructionltd,checkatrade,1,
J Beckwith Ltd,Mr James,Builder,,https://9tuma.app.link/kLTh3RAdIQb?cat_web_device_id=b81110a8-6804-4770-bfc9-a49944d9ab66&cat_web_session_id=aacc7414-9194-4c7b-9090-815169e17a4f&banner_location=header,9.95,201,,https://www.checkatrade.com/trades/jamesbeckwith,checkatrade,1,
Ally Engineering Limited,Mr Man,Builder,,https://9tuma.app.link/kLTh3RAdIQb?cat_web_device_id=b81110a8-6804-4770-bfc9-a49944d9ab66&cat_web_session_id=aacc7414-9194-4c7b-9090-815169e17a4f&banner_location=header,9.9,21,,https://www.checkatrade.com/trades/allyengineeringlimited,checkatrade,1,
Corinthian Building and Joinery LTD,Mr Bradley,Builder,,https://9tuma.app.link/kLTh3RAdIQb?cat_web_device_id=b81110a8-6804-4770-bfc9-a49944d9ab66&cat_web_session_id=aacc7414-9194-4c7b-9090-815169e17a4f&banner_location=header,10,101,,https://www.checkatrade.com/trades/corinthianbuildingandjoineryltd,checkatrade,1,
UBC Quality Build Ltd,Mrs Julija,Builder,,https://9tuma.app.link/kLTh3RAdIQb?cat_web_device_id=b81110a8-6804-4770-bfc9-a49944d9ab66&cat_web_session_id=aacc7414-9194-4c7b-9090-815169e17a4f&banner_location=header,9.92,22,,https://www.checkatrade.com/trades/ubcqualitybuildltd,checkatrade,1,
KA Metcalfe Building Ltd,Mr Karl,Builder,,https://9tuma.app.link/kLTh3RAdIQb?cat_web_device_id=b81110a8-6804-4770-bfc9-a49944d9ab66&cat_web_session_id=aacc7414-9194-4c7b-9090-815169e17a4f&banner_location=header,9.83,42,,https://www.checkatrade.com/trades/kametcalfebuildingltd,checkatrade,1,
Fernie Building Services,Mr Aleksandar,Builder,Leicester,https://9tuma.app.link/kLTh3RAdIQb?cat_web_device_id=b81110a8-6804-4770-bfc9-a49944d9ab66&cat_web_session_id=aacc7414-9194-4c7b-9090-815169e17a4f&banner_location=header,9.8,28,,https://www.checkatrade.com/trades/ferniebuildingservices,checkatrade,1,
Adva Property Development Ltd,Mr Adrian,Builder,,https://9tuma.app.link/kLTh3RAdIQb?cat_web_device_id=b81110a8-6804-4770-bfc9-a49944d9ab66&cat_web_session_id=aacc7414-9194-4c7b-9090-815169e17a4f&banner_location=header,10,24,,https://www.checkatrade.com/trades/advapropertydevelopment1061436,checkatrade,1,
VAI INTERIORS LTD,Mr Valeri,Builder,,https://9tuma.app.link/kLTh3RAdIQb?cat_web_device_id=b81110a8-6804-4770-bfc9-a49944d9ab66&cat_web_session_id=aacc7414-9194-4c7b-9090-815169e17a4f&banner_location=header,9.9,10,,https://www.checkatrade.com/trades/vaiinteriorsltd,checkatrade,1,
Noor's Constructions Ltd,Mr Navnoor,Builder,,https://9tuma.app.link/kLTh3RAdIQb?cat_web_device_id=b81110a8-6804-4770-bfc9-a49944d9ab66&cat_web_session_id=aacc7414-9194-4c7b-9090-815169e17a4f&banner_location=header,9.97,9,,https://www.checkatrade.com/trades/noorconstructionsltd,checkatrade,1,
Camp Decor Ltd.,Mr Alexandru,Builder,,https://9tuma.app.link/kLTh3RAdIQb?cat_web_device_id=b81110a8-6804-4770-bfc9-a49944d9ab66&cat_web_session_id=aacc7414-9194-4c7b-9090-815169e17a4f&banner_location=header,9.83,6,,https://www.checkatrade.com/trades/campdecorltd,checkatrade,1,
Teo Cons LTD,Mr Teodor,Builder,,https://9tuma.app.link/kLTh3RAdIQb?cat_web_device_id=b81110a8-6804-4770-bfc9-a49944d9ab66&cat_web_session_id=aacc7414-9194-4c7b-9090-815169e17a4f&banner_location=header,10,2,,https://www.checkatrade.com/trades/teoconsltd,checkatrade,1,
JV Homes Construction Limited,Mr Jake,Builder,,https://9tuma.app.link/kLTh3RAdIQb?cat_web_device_id=b81110a8-6804-4770-bfc9-a49944d9ab66&cat_web_session_id=aacc7414-9194-4c7b-9090-815169e17a4f&banner_location=header,9.87,70,,https://www.checkatrade.com/trades/jvhomesconstruction,checkatrade,1,
Longfield Construction Ltd,Mrs Sally,Builder,,https://9tuma.app.link/kLTh3RAdIQb?cat_web_device_id=b81110a8-6804-4770-bfc9-a49944d9ab66&cat_web_session_id=aacc7414-9194-4c7b-9090-815169e17a4f&banner_location=header,9.75,12,,https://www.checkatrade.com/trades/longfieldconstructionltd,checkatrade,1,
K&R Construction,Mr Ramadan,Builder,,https://9tuma.app.link/kLTh3RAdIQb?cat_web_device_id=b81110a8-6804-4770-bfc9-a49944d9ab66&cat_web_session_id=aacc7414-9194-4c7b-9090-815169e17a4f&banner_location=header,9.87,5,,https://www.checkatrade.com/trades/krconstruction5927073,checkatrade,1,
ALL SORTS PROPERTY SERVICES LTD,Mr. Mujeeb Walele,Builder,,https://9tuma.app.link/kLTh3RAdIQb?cat_web_device_id=b81110a8-6804-4770-bfc9-a49944d9ab66&cat_web_session_id=aacc7414-9194-4c7b-9090-815169e17a4f&banner_location=header,9.97,63,,https://www.checkatrade.com/trades/am1propertysolutionsltd,checkatrade,1,
Bafti Builders Ltd,Mr Bafti,Builder,,https://9tuma.app.link/kLTh3RAdIQb?cat_web_device_id=b81110a8-6804-4770-bfc9-a49944d9ab66&cat_web_session_id=aacc7414-9194-4c7b-9090-815169e17a4f&banner_location=header,9.56,50,,https://www.checkatrade.com/trades/baftibuildersltd,checkatrade,1,
AP Constructions,Mr Alfie,Builder,,https://9tuma.app.link/kLTh3RAdIQb?cat_web_device_id=b81110a8-6804-4770-bfc9-a49944d9ab66&cat_web_session_id=aacc7414-9194-4c7b-9090-815169e17a4f&banner_location=header,9.93,5,,https://www.checkatrade.com/trades/apconstructions,checkatrade,1,
Inscape Ltd,Mr Justin,Builder,Lincoln and,https://9tuma.app.link/kLTh3RAdIQb?cat_web_device_id=b81110a8-6804-4770-bfc9-a49944d9ab66&cat_web_session_id=aacc7414-9194-4c7b-9090-815169e17a4f&banner_location=header,10,9,,https://www.checkatrade.com/trades/inscape,checkatrade,1,
Millthorpe Building & Property Services,Mr Sam,Builder,,https://9tuma.app.link/kLTh3RAdIQb?cat_web_device_id=b81110a8-6804-4770-bfc9-a49944d9ab66&cat_web_session_id=aacc7414-9194-4c7b-9090-815169e17a4f&banner_location=header,10,41,,https://www.checkatrade.com/trades/millthorpebuildingandpropertyservices353779,checkatrade,1,
Sparrow Homes Ltd,Mr Lee,Builder,,https://9tuma.app.link/kLTh3RAdIQb?cat_web_device_id=b81110a8-6804-4770-bfc9-a49944d9ab66&cat_web_session_id=aacc7414-9194-4c7b-9090-815169e17a4f&banner_location=header,10,3,,https://www.checkatrade.com/trades/sparrowhomesltd,checkatrade,1,
P.D.G GROUP LTD,Mr Bradley,Builder,,https://9tuma.app.link/kLTh3RAdIQb?cat_web_device_id=b81110a8-6804-4770-bfc9-a49944d9ab66&cat_web_session_id=aacc7414-9194-4c7b-9090-815169e17a4f&banner_location=header,9.67,44,,https://www.checkatrade.com/trades/pdggroupltd,checkatrade,1,
TEF Construction Ltd,Mr Taras,Builder,,https://9tuma.app.link/kLTh3RAdIQb?cat_web_device_id=b81110a8-6804-4770-bfc9-a49944d9ab66&cat_web_session_id=aacc7414-9194-4c7b-9090-815169e17a4f&banner_location=header,9.71,32,,https://www.checkatrade.com/trades/tefconstructionltd,checkatrade,1,
HILLIARDS HOME IMPROVEMENTS LTD,Mr Dennis,Builder,,https://9tuma.app.link/kLTh3RAdIQb?cat_web_device_id=b81110a8-6804-4770-bfc9-a49944d9ab66&cat_web_session_id=aacc7414-9194-4c7b-9090-815169e17a4f&banner_location=header,10,1,,https://www.checkatrade.com/trades/hilliardshomeimprovementsltd,checkatrade,1,
Danant Construction Ltd,,Builder,Rothwell,https://9tuma.app.link/kLTh3RAdIQb?cat_web_device_id=b81110a8-6804-4770-bfc9-a49944d9ab66&cat_web_session_id=aacc7414-9194-4c7b-9090-815169e17a4f&banner_location=header,9.97,59,,https://www.checkatrade.com/trades/danantconstructionltd,checkatrade,1,
Lynch Renovation & Developments Ltd,Mr Andrew,Builder,,https://9tuma.app.link/kLTh3RAdIQb?cat_web_device_id=b81110a8-6804-4770-bfc9-a49944d9ab66&cat_web_session_id=aacc7414-9194-4c7b-9090-815169e17a4f&banner_location=header,10,110,,https://www.checkatrade.com/trades/lynchrenovationanddevelopments292120,checkatrade,1,
Shine building services,Mr Andy,Builder,,https://9tuma.app.link/kLTh3RAdIQb?cat_web_device_id=b81110a8-6804-4770-bfc9-a49944d9ab66&cat_web_session_id=aacc7414-9194-4c7b-9090-815169e17a4f&banner_location=header,9.71,41,,https://www.checkatrade.com/trades/shinepropertyservices,checkatrade,1,
Northern Property Maintenance & Builders,Mr Curtis,Builder,,https://9tuma.app.link/kLTh3RAdIQb?cat_web_device_id=b81110a8-6804-4770-bfc9-a49944d9ab66&cat_web_session_id=aacc7414-9194-4c7b-9090-815169e17a4f&banner_location=header,9.33,62,,https://www.checkatrade.com/trades/northernpropertymaintenanceandbuilders,checkatrade,1,
Leeds Property Solutions,Mr Anthony,Builder,,https://9tuma.app.link/kLTh3RAdIQb?cat_web_device_id=b81110a8-6804-4770-bfc9-a49944d9ab66&cat_web_session_id=aacc7414-9194-4c7b-9090-815169e17a4f&banner_location=header,9.94,16,,https://www.checkatrade.com/trades/leedspropertysolutions,checkatrade,1,
JH Brickwork Construction Ltd,Mr Jurgen,Builder,,https://9tuma.app.link/kLTh3RAdIQb?cat_web_device_id=b81110a8-6804-4770-bfc9-a49944d9ab66&cat_web_session_id=aacc7414-9194-4c7b-9090-815169e17a4f&banner_location=header,9.46,53,,https://www.checkatrade.com/trades/jhbrickworkconstructionltd,checkatrade,1,
Property Building Services,Mr Artur,Builder,,https://9tuma.app.link/kLTh3RAdIQb?cat_web_device_id=b81110a8-6804-4770-bfc9-a49944d9ab66&cat_web_session_id=aacc7414-9194-4c7b-9090-815169e17a4f&banner_location=header,9.8,23,,https://www.checkatrade.com/trades/arturgjikolajplasteringservices,checkatrade,1,
PARK STREET DEVELOPMENT & REFURBISHMENT LTD,Mr Leon,Builder,St Albans,https://9tuma.app.link/kLTh3RAdIQb?cat_web_device_id=b81110a8-6804-4770-bfc9-a49944d9ab66&cat_web_session_id=aacc7414-9194-4c7b-9090-815169e17a4f&banner_location=header,10,5,,https://www.checkatrade.com/trades/parkstreetdevelopmentrefurbishmentltd,checkatrade,1,
Stanleys Roofing & Building Ltd,Mr Dean,Builder,,https://9tuma.app.link/kLTh3RAdIQb?cat_web_device_id=b81110a8-6804-4770-bfc9-a49944d9ab66&cat_web_session_id=aacc7414-9194-4c7b-9090-815169e17a4f&banner_location=header,9.5,99,,https://www.checkatrade.com/trades/stanleysroofingandbuilding,checkatrade,1,
Skaci And Sons Limited,Mr Skender,Builder,,https://9tuma.app.link/kLTh3RAdIQb?cat_web_device_id=b81110a8-6804-4770-bfc9-a49944d9ab66&cat_web_session_id=aacc7414-9194-4c7b-9090-815169e17a4f&banner_location=header,10,23,,https://www.checkatrade.com/trades/skaciandsonslimited,checkatrade,1,
WILSON SMITH DEVELOPMENTS LTD,Mr Dean,Builder,,https://9tuma.app.link/kLTh3RAdIQb?cat_web_device_id=b81110a8-6804-4770-bfc9-a49944d9ab66&cat_web_session_id=aacc7414-9194-4c7b-9090-815169e17a4f&banner_location=header,10,18,,https://www.checkatrade.com/trades/wilsonsmithdevelopmentsltd,checkatrade,1,
Bhatti Builders Ltd,Mr. Abdul Bhatti,Builder,,https://9tuma.app.link/kLTh3RAdIQb?cat_web_device_id=b81110a8-6804-4770-bfc9-a49944d9ab66&cat_web_session_id=aacc7414-9194-4c7b-9090-815169e17a4f&banner_location=header,9.47,31,,https://www.checkatrade.com/trades/bhattibuildersltd,checkatrade,1,
Timba Global Ltd,Mr Janos,Builder,London and,https://9tuma.app.link/kLTh3RAdIQb?cat_web_device_id=b81110a8-6804-4770-bfc9-a49944d9ab66&cat_web_session_id=aacc7414-9194-4c7b-9090-815169e17a4f&banner_location=header,10,4,,https://www.checkatrade.com/trades/timbagloballtd,checkatrade,1,
HomeImprovement NW Ltd,Mohammad Vauli,Builder,,https://9tuma.app.link/kLTh3RAdIQb?cat_web_device_id=b81110a8-6804-4770-bfc9-a49944d9ab66&cat_web_session_id=aacc7414-9194-4c7b-9090-815169e17a4f&banner_location=header,10,3,,https://www.checkatrade.com/trades/homeimprovementnwltd,checkatrade,1,
Sula Carpentry Work,Mr Rasim,Builder,all aspects,https://9tuma.app.link/kLTh3RAdIQb?cat_web_device_id=b81110a8-6804-4770-bfc9-a49944d9ab66&cat_web_session_id=aacc7414-9194-4c7b-9090-815169e17a4f&banner_location=header,9.79,67,,https://www.checkatrade.com/trades/sulacarpentrywork,checkatrade,1,
D&B Home Improvements,Mr Daniel,Builder,,https://9tuma.app.link/kLTh3RAdIQb?cat_web_device_id=b81110a8-6804-4770-bfc9-a49944d9ab66&cat_web_session_id=aacc7414-9194-4c7b-9090-815169e17a4f&banner_location=header,10,84,,https://www.checkatrade.com/trades/dandbhomeimprovements,checkatrade,1,
S&B Contracts,Mr Stuart,Builder,every stage,https://9tuma.app.link/kLTh3RAdIQb?cat_web_device_id=b81110a8-6804-4770-bfc9-a49944d9ab66&cat_web_session_id=aacc7414-9194-4c7b-9090-815169e17a4f&banner_location=header,9.67,4,,https://www.checkatrade.com/trades/sbcontracts,checkatrade,1,
Lauderdale Builders,Mr Peter,Builder,,https://9tuma.app.link/kLTh3RAdIQb?cat_web_device_id=b81110a8-6804-4770-bfc9-a49944d9ab66&cat_web_session_id=aacc7414-9194-4c7b-9090-815169e17a4f&banner_location=header,10,87,,https://www.checkatrade.com/trades/lauderdalebuilders,checkatrade,1,
A N Property Solutions Limited,,Builder,Manchester,https://9tuma.app.link/kLTh3RAdIQb?cat_web_device_id=b81110a8-6804-4770-bfc9-a49944d9ab66&cat_web_session_id=aacc7414-9194-4c7b-9090-815169e17a4f&banner_location=header,9.9,604,,https://www.checkatrade.com/trades/anpropertysolutionsltd,checkatrade,1,
J R Morris (builders) Ltd,Mr Joseph,Builder,,https://9tuma.app.link/kLTh3RAdIQb?cat_web_device_id=b81110a8-6804-4770-bfc9-a49944d9ab66&cat_web_session_id=aacc7414-9194-4c7b-9090-815169e17a4f&banner_location=header,9.98,65,,https://www.checkatrade.com/trades/jrmorris,checkatrade,1,
BMC Developments,Mr Gary,Builder,,https://9tuma.app.link/kLTh3RAdIQb?cat_web_device_id=b81110a8-6804-4770-bfc9-a49944d9ab66&cat_web_session_id=aacc7414-9194-4c7b-9090-815169e17a4f&banner_location=header,10,21,,https://www.checkatrade.com/trades/bmcdevelopments | https://www.myjobquote.co.uk/t/twec-developments-ltd | https://www.myjobquote.co.uk/t/twec-developments-ltd | https://www.myjobquote.co.uk/t/dave-edwards | https://www.myjobquote.co.uk/t/dave-edwards,"checkatrade, myjobquote",2,
"Convert Your Garage . Com - Conversions, Lofts, Extensions, and more!",Mr Jim,Builder,,https://9tuma.app.link/kLTh3RAdIQb?cat_web_device_id=b81110a8-6804-4770-bfc9-a49944d9ab66&cat_web_session_id=aacc7414-9194-4c7b-9090-815169e17a4f&banner_location=header,9.91,320,,https://www.checkatrade.com/trades/convertyourgaragecom,checkatrade,1,
Humphrey Home Interiors Limited,Mr Theodore,Builder,Urmston Manchester,https://9tuma.app.link/kLTh3RAdIQb?cat_web_device_id=b81110a8-6804-4770-bfc9-a49944d9ab66&cat_web_session_id=aacc7414-9194-4c7b-9090-815169e17a4f&banner_location=header,10,8,,https://www.checkatrade.com/trades/humphreyhomeinteriorslimited,checkatrade,1,
Elanjickal Builders Ltd,Mr Jais,Builder,domestic customers,https://9tuma.app.link/kLTh3RAdIQb?cat_web_device_id=b81110a8-6804-4770-bfc9-a49944d9ab66&cat_web_session_id=aacc7414-9194-4c7b-9090-815169e17a4f&banner_location=header,10,17,,https://www.checkatrade.com/trades/elanjickalbuilders1084574,checkatrade,1,
Cathedral Building Services,Mr Aaron,Builder,,https://9tuma.app.link/kLTh3RAdIQb?cat_web_device_id=b81110a8-6804-4770-bfc9-a49944d9ab66&cat_web_session_id=aacc7414-9194-4c7b-9090-815169e17a4f&banner_location=header,10,21,,https://www.checkatrade.com/trades/cathedralbuildingcontractors,checkatrade,1,
THOMPSON BUILD GROUP LTD,Mr Sam,Builder,,https://9tuma.app.link/kLTh3RAdIQb?cat_web_device_id=b81110a8-6804-4770-bfc9-a49944d9ab66&cat_web_session_id=aacc7414-9194-4c7b-9090-815169e17a4f&banner_location=header,10,28,,https://www.checkatrade.com/trades/thompsonbuildgroupltd,checkatrade,1,
JR Property Renovations,Mr Jack,Builder,,https://9tuma.app.link/kLTh3RAdIQb?cat_web_device_id=b81110a8-6804-4770-bfc9-a49944d9ab66&cat_web_session_id=aacc7414-9194-4c7b-9090-815169e17a4f&banner_location=header,9.67,51,,https://www.checkatrade.com/trades/jrpropertyrenovations,checkatrade,1,
Blackburn and Brown,Mr Stephen,Builder,,https://9tuma.app.link/kLTh3RAdIQb?cat_web_device_id=b81110a8-6804-4770-bfc9-a49944d9ab66&cat_web_session_id=aacc7414-9194-4c7b-9090-815169e17a4f&banner_location=header,10,36,,https://www.checkatrade.com/trades/blackburnandbrown,checkatrade,1,
All Round Maintenance And Property Services Limited,Mr Duran,Builder,Graves End,https://9tuma.app.link/kLTh3RAdIQb?cat_web_device_id=b81110a8-6804-4770-bfc9-a49944d9ab66&cat_web_session_id=aacc7414-9194-4c7b-9090-815169e17a4f&banner_location=header,10,46,,https://www.checkatrade.com/trades/allroundmaintenance,checkatrade,1,
JHL Services,Mr Jimmy,Builder,Kent,https://9tuma.app.link/kLTh3RAdIQb?cat_web_device_id=b81110a8-6804-4770-bfc9-a49944d9ab66&cat_web_session_id=aacc7414-9194-4c7b-9090-815169e17a4f&banner_location=header,9.42,70,,https://www.checkatrade.com/trades/jhlservices | https://www.myjobquote.co.uk/t/kls-services-ltd | https://www.myjobquote.co.uk/t/kls-services-ltd | https://www.myjobquote.co.uk/t/rt-services-3 | https://www.myjobquote.co.uk/t/rt-services-3,"checkatrade, myjobquote",2,
MGH Builder,Mrs Elizabeth,Builder,,https://9tuma.app.link/kLTh3RAdIQb?cat_web_device_id=b81110a8-6804-4770-bfc9-a49944d9ab66&cat_web_session_id=aacc7414-9194-4c7b-9090-815169e17a4f&banner_location=header,9.83,67,,https://www.checkatrade.com/trades/mghbuilder | https://www.myjobquote.co.uk/t/john-builder | https://www.myjobquote.co.uk/t/john-builder | https://www.myjobquote.co.uk/t/e-farren-contracts | https://www.myjobquote.co.uk/t/e-farren-contracts,"checkatrade, myjobquote",2,
DK Carpentry Construction,Mr Dmitrijs,Builder,,https://9tuma.app.link/kLTh3RAdIQb?cat_web_device_id=b81110a8-6804-4770-bfc9-a49944d9ab66&cat_web_session_id=aacc7414-9194-4c7b-9090-815169e17a4f&banner_location=header,9.31,252,,https://www.checkatrade.com/trades/dkcarpentryconstruction,checkatrade,1,
DC Bespoke Interiors,Mr Daniel,Builder,,https://9tuma.app.link/kLTh3RAdIQb?cat_web_device_id=b81110a8-6804-4770-bfc9-a49944d9ab66&cat_web_session_id=aacc7414-9194-4c7b-9090-815169e17a4f&banner_location=header,9.83,12,,https://www.checkatrade.com/trades/dcbespokeinteriors,checkatrade,1,
Talbot & Son's Ltd,Mr Jim,Builder,,https://9tuma.app.link/kLTh3RAdIQb?cat_web_device_id=b81110a8-6804-4770-bfc9-a49944d9ab66&cat_web_session_id=aacc7414-9194-4c7b-9090-815169e17a4f&banner_location=header,10,244,,https://www.checkatrade.com/trades/talbotandsonsltd,checkatrade,1,
Kay's Build Building & Renovations,Mr. Shane Skinner,Builder,Paddock Wood,https://9tuma.app.link/kLTh3RAdIQb?cat_web_device_id=b81110a8-6804-4770-bfc9-a49944d9ab66&cat_web_session_id=aacc7414-9194-4c7b-9090-815169e17a4f&banner_location=header,9.67,43,,https://www.checkatrade.com/trades/kaysbuildbuildingpropertymaintenance,checkatrade,1,
Verrall Building Services Ltd,Mr Brian,Builder,,https://9tuma.app.link/kLTh3RAdIQb?cat_web_device_id=b81110a8-6804-4770-bfc9-a49944d9ab66&cat_web_session_id=aacc7414-9194-4c7b-9090-815169e17a4f&banner_location=header,9.96,177,,https://www.checkatrade.com/trades/verrallbuildingservicesltd,checkatrade,1,
Sean D Winchester Building Services,Mr Sean,Builder,,https://9tuma.app.link/kLTh3RAdIQb?cat_web_device_id=b81110a8-6804-4770-bfc9-a49944d9ab66&cat_web_session_id=aacc7414-9194-4c7b-9090-815169e17a4f&banner_location=header,10,90,,https://www.checkatrade.com/trades/seandwinchesterbuildingservices,checkatrade,1,
Truebuild Solutions,Mr Joseph,Builder,Faversham,https://9tuma.app.link/kLTh3RAdIQb?cat_web_device_id=b81110a8-6804-4770-bfc9-a49944d9ab66&cat_web_session_id=aacc7414-9194-4c7b-9090-815169e17a4f&banner_location=header,10,67,,https://www.checkatrade.com/trades/truebuildsolutions,checkatrade,1,
L F Contracts,Mr Lou,Builder,north kent,https://9tuma.app.link/kLTh3RAdIQb?cat_web_device_id=b81110a8-6804-4770-bfc9-a49944d9ab66&cat_web_session_id=aacc7414-9194-4c7b-9090-815169e17a4f&banner_location=header,10,62,,https://www.checkatrade.com/trades/lfcontracts | https://www.myjobquote.co.uk/t/j-k-contract | https://www.myjobquote.co.uk/t/j-k-contract,"checkatrade, myjobquote",2,
Cantium Construction & Refurbishments LTD,Mr Luke,Builder,,https://9tuma.app.link/kLTh3RAdIQb?cat_web_device_id=b81110a8-6804-4770-bfc9-a49944d9ab66&cat_web_session_id=aacc7414-9194-4c7b-9090-815169e17a4f&banner_location=header,9.5,23,,https://www.checkatrade.com/trades/cantiumconstructionrefurbishmentsltd,checkatrade,1,
Lukmar Refurbishments Heating & Plumbing Ltd,Mr Lukasz,Builder,,https://9tuma.app.link/kLTh3RAdIQb?cat_web_device_id=b81110a8-6804-4770-bfc9-a49944d9ab66&cat_web_session_id=aacc7414-9194-4c7b-9090-815169e17a4f&banner_location=header,10,181,,https://www.checkatrade.com/trades/lukmarrefurbishments,checkatrade,1,
Prime Construction Ltd,Mr James,Builder,,https://9tuma.app.link/kLTh3RAdIQb?cat_web_device_id=b81110a8-6804-4770-bfc9-a49944d9ab66&cat_web_session_id=aacc7414-9194-4c7b-9090-815169e17a4f&banner_location=header,9.98,287,,https://www.checkatrade.com/trades/primeconstruction | https://www.myjobquote.co.uk/t/brite-constructions-limited | https://www.myjobquote.co.uk/t/brite-constructions-limited,"checkatrade, myjobquote",2,
Eaa Il Projects Ltd,Mr Michael,Builder,Chislehurst and,https://9tuma.app.link/kLTh3RAdIQb?cat_web_device_id=b81110a8-6804-4770-bfc9-a49944d9ab66&cat_web_session_id=aacc7414-9194-4c7b-9090-815169e17a4f&banner_location=header,9.7,12,,https://www.checkatrade.com/trades/eaailprojects,checkatrade,1,
DJ Wagland General Building Limited,Mr Dan,Builder,Tonbridge in,https://9tuma.app.link/kLTh3RAdIQb?cat_web_device_id=b81110a8-6804-4770-bfc9-a49944d9ab66&cat_web_session_id=aacc7414-9194-4c7b-9090-815169e17a4f&banner_location=header,9.69,80,,https://www.checkatrade.com/trades/djwaglandgeneralbuilding,checkatrade,1,
Teasdale Construction Ltd,Mr Sean,Builder,,https://9tuma.app.link/kLTh3RAdIQb?cat_web_device_id=b81110a8-6804-4770-bfc9-a49944d9ab66&cat_web_session_id=aacc7414-9194-4c7b-9090-815169e17a4f&banner_location=header,10,8,,https://www.checkatrade.com/trades/teasdaleconstructionltd,checkatrade,1,
Complete Solutions,Mr David,Builder,,https://9tuma.app.link/kLTh3RAdIQb?cat_web_device_id=b81110a8-6804-4770-bfc9-a49944d9ab66&cat_web_session_id=aacc7414-9194-4c7b-9090-815169e17a4f&banner_location=header,10,89,,https://www.checkatrade.com/trades/completesolutions,checkatrade,1,
ADM Improvements,Mr Anthony,Builder,,https://9tuma.app.link/kLTh3RAdIQb?cat_web_device_id=b81110a8-6804-4770-bfc9-a49944d9ab66&cat_web_session_id=aacc7414-9194-4c7b-9090-815169e17a4f&banner_location=header,10,168,,https://www.checkatrade.com/trades/admimprovements,checkatrade,1,
MLW Building Services Ltd,Mr Matt,Builder,Gillingham,https://9tuma.app.link/kLTh3RAdIQb?cat_web_device_id=b81110a8-6804-4770-bfc9-a49944d9ab66&cat_web_session_id=aacc7414-9194-4c7b-9090-815169e17a4f&banner_location=header,10,189,,https://www.checkatrade.com/trades/mlwbuildingservices,checkatrade,1,
Stk Property Solutions Ltd,Mr. Stuart Keen,Builder,,https://9tuma.app.link/kLTh3RAdIQb?cat_web_device_id=b81110a8-6804-4770-bfc9-a49944d9ab66&cat_web_session_id=aacc7414-9194-4c7b-9090-815169e17a4f&banner_location=header,9.67,90,,https://www.checkatrade.com/trades/stkpropertysolutions,checkatrade,1,
Choice Build Ltd,Mr Christopher,Builder,,https://9tuma.app.link/kLTh3RAdIQb?cat_web_device_id=b81110a8-6804-4770-bfc9-a49944d9ab66&cat_web_session_id=aacc7414-9194-4c7b-9090-815169e17a4f&banner_location=header,9.89,15,,https://www.checkatrade.com/trades/choicebuildltd,checkatrade,1,
Intex Property Ltd,Mr Wayne,Builder,everything in,https://9tuma.app.link/kLTh3RAdIQb?cat_web_device_id=b81110a8-6804-4770-bfc9-a49944d9ab66&cat_web_session_id=aacc7414-9194-4c7b-9090-815169e17a4f&banner_location=header,9.33,147,,https://www.checkatrade.com/trades/intexpropertyltd,checkatrade,1,
LA Buildmasters Ltd,Lek Matija,Builder,,https://9tuma.app.link/kLTh3RAdIQb?cat_web_device_id=b81110a8-6804-4770-bfc9-a49944d9ab66&cat_web_session_id=aacc7414-9194-4c7b-9090-815169e17a4f&banner_location=header,9.78,7,,https://www.checkatrade.com/trades/labuildmasters,checkatrade,1,
Atkins Renovations Ltd,Mrs Katarzyna,Builder,Milton Keynes,https://9tuma.app.link/kLTh3RAdIQb?cat_web_device_id=b81110a8-6804-4770-bfc9-a49944d9ab66&cat_web_session_id=aacc7414-9194-4c7b-9090-815169e17a4f&banner_location=header,9.11,81,,https://www.checkatrade.com/trades/atkinsrenovationsltd,checkatrade,1,
2AT Construction,Mr Jack,Builder,Wellingborough and,https://9tuma.app.link/kLTh3RAdIQb?cat_web_device_id=b81110a8-6804-4770-bfc9-a49944d9ab66&cat_web_session_id=aacc7414-9194-4c7b-9090-815169e17a4f&banner_location=header,10,2,,https://www.checkatrade.com/trades/2atconstruction,checkatrade,1,
Mark Interiors Ltd,Mr Mark,Builder,,https://9tuma.app.link/kLTh3RAdIQb?cat_web_device_id=b81110a8-6804-4770-bfc9-a49944d9ab66&cat_web_session_id=aacc7414-9194-4c7b-9090-815169e17a4f&banner_location=header,9.88,72,,https://www.checkatrade.com/trades/markramaj,checkatrade,1,
LEVEL UP DEVELOPMENTS LTD,Mr. Jonathan Stansfield,Builder,,https://9tuma.app.link/kLTh3RAdIQb?cat_web_device_id=b81110a8-6804-4770-bfc9-a49944d9ab66&cat_web_session_id=aacc7414-9194-4c7b-9090-815169e17a4f&banner_location=header,10,36,,https://www.checkatrade.com/trades/levelupdevelopmentsltd936901,checkatrade,1,
HBB Bricklaying Paving & Building Services.,Mr Philip,Builder,,https://9tuma.app.link/kLTh3RAdIQb?cat_web_device_id=b81110a8-6804-4770-bfc9-a49944d9ab66&cat_web_session_id=aacc7414-9194-4c7b-9090-815169e17a4f&banner_location=header,10,111,,https://www.checkatrade.com/trades/hbbbricklayingpaving,checkatrade,1,
Mason Property Services Ltd,Mr Stephen,Builder,to limit,https://9tuma.app.link/kLTh3RAdIQb?cat_web_device_id=b81110a8-6804-4770-bfc9-a49944d9ab66&cat_web_session_id=aacc7414-9194-4c7b-9090-815169e17a4f&banner_location=header,9.71,153,,https://www.checkatrade.com/trades/masonpropertyservices | https://www.myjobquote.co.uk/t/dragon-property-services-2 | https://www.myjobquote.co.uk/t/dragon-property-services-2,"checkatrade, myjobquote",2,
Woodworkx Ltd,Mr Peter,Builder,,https://9tuma.app.link/kLTh3RAdIQb?cat_web_device_id=b81110a8-6804-4770-bfc9-a49944d9ab66&cat_web_session_id=aacc7414-9194-4c7b-9090-815169e17a4f&banner_location=header,9.83,2,,https://www.checkatrade.com/trades/woodworkx,checkatrade,1,
WeKnow Construction Ltd,Mr Devon,Builder,Bedfordshire We,https://9tuma.app.link/kLTh3RAdIQb?cat_web_device_id=b81110a8-6804-4770-bfc9-a49944d9ab66&cat_web_session_id=aacc7414-9194-4c7b-9090-815169e17a4f&banner_location=header,10,32,,https://www.checkatrade.com/trades/weknowconstructionltd,checkatrade,1,
TK Builders,Mr Krzysztof,Builder,,https://9tuma.app.link/kLTh3RAdIQb?cat_web_device_id=b81110a8-6804-4770-bfc9-a49944d9ab66&cat_web_session_id=aacc7414-9194-4c7b-9090-815169e17a4f&banner_location=header,10,51,,https://www.checkatrade.com/trades/tkbuilders,checkatrade,1,
LDA Group Holdings Limited,Mr Marc,Builder,,https://9tuma.app.link/kLTh3RAdIQb?cat_web_device_id=b81110a8-6804-4770-bfc9-a49944d9ab66&cat_web_session_id=aacc7414-9194-4c7b-9090-815169e17a4f&banner_location=header,9.27,32,,https://www.checkatrade.com/trades/ldagroupholdingslimited,checkatrade,1,
A & P Builders (Newcastle) Limited,Mr Jack,Builder,Newcastle upon,https://9tuma.app.link/kLTh3RAdIQb?cat_web_device_id=b81110a8-6804-4770-bfc9-a49944d9ab66&cat_web_session_id=aacc7414-9194-4c7b-9090-815169e17a4f&banner_location=header,10,118,,https://www.checkatrade.com/trades/aandpbuildersnewcastlelimited,checkatrade,1,
AP Home Solutions Ltd,Mr Agron,Builder,,https://9tuma.app.link/kLTh3RAdIQb?cat_web_device_id=b81110a8-6804-4770-bfc9-a49944d9ab66&cat_web_session_id=aacc7414-9194-4c7b-9090-815169e17a4f&banner_location=header,9.87,39,,https://www.checkatrade.com/trades/aphomesolutionsltd | https://www.myjobquote.co.uk/t/br-home-solutions | https://www.myjobquote.co.uk/t/br-home-solutions | https://www.myjobquote.co.uk/t/apex-home-solutions-ltd | https://www.myjobquote.co.uk/t/apex-home-solutions-ltd,"checkatrade, myjobquote",2,
Boltrex Construction,Mr Paul,Builder,,https://9tuma.app.link/kLTh3RAdIQb?cat_web_device_id=b81110a8-6804-4770-bfc9-a49944d9ab66&cat_web_session_id=aacc7414-9194-4c7b-9090-815169e17a4f&banner_location=header,10,5,,https://www.checkatrade.com/trades/boltrexconstruction,checkatrade,1,
North East Building Renovations and Development Ltd,Mr Graham,Builder,,https://9tuma.app.link/kLTh3RAdIQb?cat_web_device_id=b81110a8-6804-4770-bfc9-a49944d9ab66&cat_web_session_id=aacc7414-9194-4c7b-9090-815169e17a4f&banner_location=header,9.9,128,,https://www.checkatrade.com/trades/northeastbuildingandmaintenan,checkatrade,1,
Corvex Construction,Mr David,Builder,,https://9tuma.app.link/kLTh3RAdIQb?cat_web_device_id=b81110a8-6804-4770-bfc9-a49944d9ab66&cat_web_session_id=aacc7414-9194-4c7b-9090-815169e17a4f&banner_location=header,10,2,,https://www.checkatrade.com/trades/corvexconstruction,checkatrade,1,
ENDER Construction Group LTD,Mr Ethan,Builder,,https://9tuma.app.link/kLTh3RAdIQb?cat_web_device_id=b81110a8-6804-4770-bfc9-a49944d9ab66&cat_web_session_id=aacc7414-9194-4c7b-9090-815169e17a4f&banner_location=header,10,16,,https://www.checkatrade.com/trades/enderconstructiongroupltd,checkatrade,1,
Point Brickwork Ltd,Mr Gary,Builder,,https://9tuma.app.link/kLTh3RAdIQb?cat_web_device_id=b81110a8-6804-4770-bfc9-a49944d9ab66&cat_web_session_id=aacc7414-9194-4c7b-9090-815169e17a4f&banner_location=header,9.67,96,,https://www.checkatrade.com/trades/pointbrickwork,checkatrade,1,
Macgregor Build Limited,Nick Mac,Builder,,https://9tuma.app.link/kLTh3RAdIQb?cat_web_device_id=b81110a8-6804-4770-bfc9-a49944d9ab66&cat_web_session_id=aacc7414-9194-4c7b-9090-815169e17a4f&banner_location=header,10,7,,https://www.checkatrade.com/trades/macgregorbuildlimited,checkatrade,1,
NEBULA CONSTRUCTION GROUP LTD,Mr David,Builder,Newcastle upon,https://9tuma.app.link/kLTh3RAdIQb?cat_web_device_id=b81110a8-6804-4770-bfc9-a49944d9ab66&cat_web_session_id=aacc7414-9194-4c7b-9090-815169e17a4f&banner_location=header,9.82,15,,https://www.checkatrade.com/trades/nebulaconstructiongroupltd1128046,checkatrade,1,
Revamp North East Ltd,Mr Paul,Builder,,https://9tuma.app.link/kLTh3RAdIQb?cat_web_device_id=b81110a8-6804-4770-bfc9-a49944d9ab66&cat_web_session_id=aacc7414-9194-4c7b-9090-815169e17a4f&banner_location=header,10,5,,https://www.checkatrade.com/trades/revampnortheastltd,checkatrade,1,
David Hastie Building And Maintenance,Mr David,Builder,,https://9tuma.app.link/kLTh3RAdIQb?cat_web_device_id=b81110a8-6804-4770-bfc9-a49944d9ab66&cat_web_session_id=aacc7414-9194-4c7b-9090-815169e17a4f&banner_location=header,10,93,,https://www.checkatrade.com/trades/davidhastiebuildingandmaintena,checkatrade,1,
Newcastle Home Renovations Limited,Mr Sinead,Builder,Newcastle upon,https://9tuma.app.link/kLTh3RAdIQb?cat_web_device_id=b81110a8-6804-4770-bfc9-a49944d9ab66&cat_web_session_id=aacc7414-9194-4c7b-9090-815169e17a4f&banner_location=header,10,16,,https://www.checkatrade.com/trades/newcastlehomerenovationslimited,checkatrade,1,
Ace Home Improvements,Mr Kevin,Builder,,https://9tuma.app.link/kLTh3RAdIQb?cat_web_device_id=b81110a8-6804-4770-bfc9-a49944d9ab66&cat_web_session_id=aacc7414-9194-4c7b-9090-815169e17a4f&banner_location=header,10,33,,https://www.checkatrade.com/trades/acehomeimprovements | https://www.myjobquote.co.uk/t/access-home-improvements | https://www.myjobquote.co.uk/t/access-home-improvements,"checkatrade, myjobquote",2,
Smiths Builders,Mr Derek,Builder,,https://9tuma.app.link/kLTh3RAdIQb?cat_web_device_id=b81110a8-6804-4770-bfc9-a49944d9ab66&cat_web_session_id=aacc7414-9194-4c7b-9090-815169e17a4f&banner_location=header,10,110,,https://www.checkatrade.com/trades/smithsbuilders,checkatrade,1,
JAH Building & Developments,Mr Jonny,Builder,North Tyneside,https://9tuma.app.link/kLTh3RAdIQb?cat_web_device_id=b81110a8-6804-4770-bfc9-a49944d9ab66&cat_web_session_id=aacc7414-9194-4c7b-9090-815169e17a4f&banner_location=header,9.96,53,,https://www.checkatrade.com/trades/jahbuildinganddevelopments,checkatrade,1,
Craigs property maintenance,Mr Craig,Builder,,https://9tuma.app.link/kLTh3RAdIQb?cat_web_device_id=b81110a8-6804-4770-bfc9-a49944d9ab66&cat_web_session_id=aacc7414-9194-4c7b-9090-815169e17a4f&banner_location=header,9.39,43,,https://www.checkatrade.com/trades/craigspropertymaintenance,checkatrade,1,
Mather Developments,Mr Myles,Builder,,https://9tuma.app.link/kLTh3RAdIQb?cat_web_device_id=b81110a8-6804-4770-bfc9-a49944d9ab66&cat_web_session_id=aacc7414-9194-4c7b-9090-815169e17a4f&banner_location=header,8.17,26,,https://www.checkatrade.com/trades/matherdevelopments,checkatrade,1,
B-Line Home Improvements,Mr Brian,Builder,,https://9tuma.app.link/kLTh3RAdIQb?cat_web_device_id=b81110a8-6804-4770-bfc9-a49944d9ab66&cat_web_session_id=aacc7414-9194-4c7b-9090-815169e17a4f&banner_location=header,9.97,63,,https://www.checkatrade.com/trades/blinehomeimprovementsnotts,checkatrade,1,
DIGroundworks,Dan Impey,Builder,,https://9tuma.app.link/kLTh3RAdIQb?cat_web_device_id=b81110a8-6804-4770-bfc9-a49944d9ab66&cat_web_session_id=aacc7414-9194-4c7b-9090-815169e17a4f&banner_location=header,10,2,,https://www.checkatrade.com/trades/digroundworks,checkatrade,1,
Hybrid Constructions Ltd,Mr Arron,Builder,,https://9tuma.app.link/kLTh3RAdIQb?cat_web_device_id=b81110a8-6804-4770-bfc9-a49944d9ab66&cat_web_session_id=aacc7414-9194-4c7b-9090-815169e17a4f&banner_location=header,9.92,24,,https://www.checkatrade.com/trades/hybridconstructionsltd,checkatrade,1,
Adam Clarke Building & Interiors,Mr Adam,Builder,,https://9tuma.app.link/kLTh3RAdIQb?cat_web_device_id=b81110a8-6804-4770-bfc9-a49944d9ab66&cat_web_session_id=aacc7414-9194-4c7b-9090-815169e17a4f&banner_location=header,10,36,,https://www.checkatrade.com/trades/adamclarkebuildingandinteriors,checkatrade,1,
Deal Construction (northants) Limited,Mr. Kudret Deja,Builder,,https://9tuma.app.link/kLTh3RAdIQb?cat_web_device_id=b81110a8-6804-4770-bfc9-a49944d9ab66&cat_web_session_id=aacc7414-9194-4c7b-9090-815169e17a4f&banner_location=header,10,38,,https://www.checkatrade.com/trades/dealconstructionnorthantslimited,checkatrade,1,
P.D.Builders,Mr Paul,Builder,,https://9tuma.app.link/kLTh3RAdIQb?cat_web_device_id=b81110a8-6804-4770-bfc9-a49944d9ab66&cat_web_session_id=aacc7414-9194-4c7b-9090-815169e17a4f&banner_location=header,10,243,,https://www.checkatrade.com/trades/pdbuildersgwent,checkatrade,1,
Cardiff Extensions Ltd,Mr Chris,Builder,,https://9tuma.app.link/kLTh3RAdIQb?cat_web_device_id=b81110a8-6804-4770-bfc9-a49944d9ab66&cat_web_session_id=aacc7414-9194-4c7b-9090-815169e17a4f&banner_location=header,10,9,,https://www.checkatrade.com/trades/cardiffextensions,checkatrade,1,
Bevan Maintenance Services LTD,Mr Andrew,Builder,,https://9tuma.app.link/kLTh3RAdIQb?cat_web_device_id=b81110a8-6804-4770-bfc9-a49944d9ab66&cat_web_session_id=aacc7414-9194-4c7b-9090-815169e17a4f&banner_location=header,10,26,,https://www.checkatrade.com/trades/bevanmaintenanceservicesltd,checkatrade,1,
C N C Renovations,Mr. Chris Norton,Builder,,https://9tuma.app.link/kLTh3RAdIQb?cat_web_device_id=b81110a8-6804-4770-bfc9-a49944d9ab66&cat_web_session_id=aacc7414-9194-4c7b-9090-815169e17a4f&banner_location=header,10,4,,https://www.checkatrade.com/trades/cncrenovations,checkatrade,1,
Artisan,Mr Dean,Builder,an area,https://9tuma.app.link/kLTh3RAdIQb?cat_web_device_id=b81110a8-6804-4770-bfc9-a49944d9ab66&cat_web_session_id=aacc7414-9194-4c7b-9090-815169e17a4f&banner_location=header,9.74,115,,https://www.checkatrade.com/trades/artisan329600,checkatrade,1,
LFB Contractors Ltd,Mr Ross,Builder,renovations,https://9tuma.app.link/kLTh3RAdIQb?cat_web_device_id=b81110a8-6804-4770-bfc9-a49944d9ab66&cat_web_session_id=aacc7414-9194-4c7b-9090-815169e17a4f&banner_location=header,10,17,,https://www.checkatrade.com/trades/lfbcontractorsltd,checkatrade,1,
Probert and Mumford,Mr Steve,Builder,,https://9tuma.app.link/kLTh3RAdIQb?cat_web_device_id=b81110a8-6804-4770-bfc9-a49944d9ab66&cat_web_session_id=aacc7414-9194-4c7b-9090-815169e17a4f&banner_location=header,9.96,35,,https://www.checkatrade.com/trades/probertandmumford,checkatrade,1,
GMSG Building Ltd,Mr Lawson,Builder,,https://9tuma.app.link/kLTh3RAdIQb?cat_web_device_id=b81110a8-6804-4770-bfc9-a49944d9ab66&cat_web_session_id=aacc7414-9194-4c7b-9090-815169e17a4f&banner_location=header,10,22,,https://www.checkatrade.com/trades/gmsgbuilding1060937,checkatrade,1,
Tri Dyn Electrical and Building Services,Mr Liam,Builder,all aspects,https://9tuma.app.link/kLTh3RAdIQb?cat_web_device_id=b81110a8-6804-4770-bfc9-a49944d9ab66&cat_web_session_id=aacc7414-9194-4c7b-9090-815169e17a4f&banner_location=header,9.92,16,,https://www.checkatrade.com/trades/tridynelectricalandbuildingservices,checkatrade,1,
Apex Carpentry And Building Ltd,Mr Lewis,Builder,,https://9tuma.app.link/kLTh3RAdIQb?cat_web_device_id=b81110a8-6804-4770-bfc9-a49944d9ab66&cat_web_session_id=aacc7414-9194-4c7b-9090-815169e17a4f&banner_location=header,10,11,,https://www.checkatrade.com/trades/apexcarpentryandbuildingltd,checkatrade,1,
D.B Builders,Mr David,Builder,,https://9tuma.app.link/kLTh3RAdIQb?cat_web_device_id=b81110a8-6804-4770-bfc9-a49944d9ab66&cat_web_session_id=aacc7414-9194-4c7b-9090-815169e17a4f&banner_location=header,10,7,,https://www.checkatrade.com/trades/dbbuilders5920662 | https://www.myjobquote.co.uk/t/danybuildersltd | https://www.myjobquote.co.uk/t/danybuildersltd,"checkatrade, myjobquote",2,
LRH Construction,Mr Luke,Builder,Cardiff and,https://9tuma.app.link/kLTh3RAdIQb?cat_web_device_id=b81110a8-6804-4770-bfc9-a49944d9ab66&cat_web_session_id=aacc7414-9194-4c7b-9090-815169e17a4f&banner_location=header,9.94,17,,https://www.checkatrade.com/trades/lrhconstruction,checkatrade,1,
JN Building Services & Property Development LTD,Mr Johnathan,Builder,clients throughout,https://9tuma.app.link/kLTh3RAdIQb?cat_web_device_id=b81110a8-6804-4770-bfc9-a49944d9ab66&cat_web_session_id=aacc7414-9194-4c7b-9090-815169e17a4f&banner_location=header,10,10,,https://www.checkatrade.com/trades/jnbuildingservicespropertydevelopmentltd | https://www.myjobquote.co.uk/t/jn-building-services-property-development-limited | https://www.myjobquote.co.uk/t/jn-building-services-property-development-limited,"checkatrade, myjobquote",2,
Golding.Groundworks,Mr Bradley,Builder,,https://9tuma.app.link/kLTh3RAdIQb?cat_web_device_id=b81110a8-6804-4770-bfc9-a49944d9ab66&cat_web_session_id=aacc7414-9194-4c7b-9090-815169e17a4f&banner_location=header,10,1,,https://www.checkatrade.com/trades/goldinggroundworks,checkatrade,1,
SBS,Mr Sean,Builder,,https://9tuma.app.link/kLTh3RAdIQb?cat_web_device_id=b81110a8-6804-4770-bfc9-a49944d9ab66&cat_web_session_id=aacc7414-9194-4c7b-9090-815169e17a4f&banner_location=header,8.57,37,,https://www.checkatrade.com/trades/sbs629493,checkatrade,1,
J.W.Mills Building Services,Mr Jack,Builder,,https://9tuma.app.link/kLTh3RAdIQb?cat_web_device_id=b81110a8-6804-4770-bfc9-a49944d9ab66&cat_web_session_id=aacc7414-9194-4c7b-9090-815169e17a4f&banner_location=header,10,13,,https://www.checkatrade.com/trades/jwmillsbuildingservices1119712,checkatrade,1,
Norfolk Renovations Ltd,Mr Thomas,Builder,,https://9tuma.app.link/kLTh3RAdIQb?cat_web_device_id=b81110a8-6804-4770-bfc9-a49944d9ab66&cat_web_session_id=aacc7414-9194-4c7b-9090-815169e17a4f&banner_location=header,10,6,,https://www.checkatrade.com/trades/norfolkrenovationsltd,checkatrade,1,
JT Developers,Mr James,Builder,North Norfolk,https://9tuma.app.link/kLTh3RAdIQb?cat_web_device_id=b81110a8-6804-4770-bfc9-a49944d9ab66&cat_web_session_id=aacc7414-9194-4c7b-9090-815169e17a4f&banner_location=header,9.56,12,,https://www.checkatrade.com/trades/jtdevelopers1008948,checkatrade,1,
DL Home Improvements,Mr Derek,Builder,,https://9tuma.app.link/kLTh3RAdIQb?cat_web_device_id=b81110a8-6804-4770-bfc9-a49944d9ab66&cat_web_session_id=aacc7414-9194-4c7b-9090-815169e17a4f&banner_location=header,9.78,51,,https://www.checkatrade.com/trades/dlhomeimprovements,checkatrade,1,
Norwich Building & Carpentry Services LTD,Mr Jake,Builder,,https://9tuma.app.link/kLTh3RAdIQb?cat_web_device_id=b81110a8-6804-4770-bfc9-a49944d9ab66&cat_web_session_id=aacc7414-9194-4c7b-9090-815169e17a4f&banner_location=header,10,3,,https://www.checkatrade.com/trades/norwichbuildingcarpentryservicesltd,checkatrade,1,
Ebbe Electrical & Home Improvements Ltd,Mr Erion,Builder,,https://9tuma.app.link/kLTh3RAdIQb?cat_web_device_id=b81110a8-6804-4770-bfc9-a49944d9ab66&cat_web_session_id=aacc7414-9194-4c7b-9090-815169e17a4f&banner_location=header,10,146,,https://www.checkatrade.com/trades/ebbeelectricalltd,checkatrade,1,
Anglia Building Contractors Limited,Mr Troy,Builder,,https://9tuma.app.link/kLTh3RAdIQb?cat_web_device_id=b81110a8-6804-4770-bfc9-a49944d9ab66&cat_web_session_id=aacc7414-9194-4c7b-9090-815169e17a4f&banner_location=header,,,,https://www.checkatrade.com/trades/angliabuildingcontractorslimited,checkatrade,1,
Image Improvements Ltd,Mr Steve,Builder,,https://9tuma.app.link/kLTh3RAdIQb?cat_web_device_id=b81110a8-6804-4770-bfc9-a49944d9ab66&cat_web_session_id=aacc7414-9194-4c7b-9090-815169e17a4f&banner_location=header,9.17,73,,https://www.checkatrade.com/trades/imageimprovements,checkatrade,1,
Bexsam Builders,Mr Samuel,Builder,,https://9tuma.app.link/kLTh3RAdIQb?cat_web_device_id=b81110a8-6804-4770-bfc9-a49944d9ab66&cat_web_session_id=aacc7414-9194-4c7b-9090-815169e17a4f&banner_location=header,10,7,,https://www.checkatrade.com/trades/bexsambuilders,checkatrade,1,
Imperial Construction & Eng,Mr Khaled,Builder,Manchester,https://9tuma.app.link/kLTh3RAdIQb?cat_web_device_id=b81110a8-6804-4770-bfc9-a49944d9ab66&cat_web_session_id=aacc7414-9194-4c7b-9090-815169e17a4f&banner_location=header,9.95,27,,https://www.checkatrade.com/trades/imperialconstructioneng,checkatrade,1,
JR Construction NW,Mr Jonathan,Builder,all aspects,https://9tuma.app.link/kLTh3RAdIQb?cat_web_device_id=b81110a8-6804-4770-bfc9-a49944d9ab66&cat_web_session_id=aacc7414-9194-4c7b-9090-815169e17a4f&banner_location=header,10,46,,https://www.checkatrade.com/trades/jrconstructionnw,checkatrade,1,
Hurley Construction (NW) Ltd,Mr Philip,Builder,Manchester and,https://9tuma.app.link/kLTh3RAdIQb?cat_web_device_id=b81110a8-6804-4770-bfc9-a49944d9ab66&cat_web_session_id=aacc7414-9194-4c7b-9090-815169e17a4f&banner_location=header,10,3,,https://www.checkatrade.com/trades/hurleyconstructionnwltd,checkatrade,1,
GPC TRAINING LTD,Mr Gary,Builder,,https://9tuma.app.link/kLTh3RAdIQb?cat_web_device_id=b81110a8-6804-4770-bfc9-a49944d9ab66&cat_web_session_id=aacc7414-9194-4c7b-9090-815169e17a4f&banner_location=header,10,5,,https://www.checkatrade.com/trades/gpctrainingltd,checkatrade,1,
Myter Construction Ltd,Mr Adam,Builder,all trades,https://9tuma.app.link/kLTh3RAdIQb?cat_web_device_id=b81110a8-6804-4770-bfc9-a49944d9ab66&cat_web_session_id=aacc7414-9194-4c7b-9090-815169e17a4f&banner_location=header,10,30,,https://www.checkatrade.com/trades/myterconstructionltd,checkatrade,1,
LYNCH BROTHER HOMES LIMITED,Mr Henry,Builder,,https://9tuma.app.link/kLTh3RAdIQb?cat_web_device_id=b81110a8-6804-4770-bfc9-a49944d9ab66&cat_web_session_id=aacc7414-9194-4c7b-9090-815169e17a4f&banner_location=header,10,23,,https://www.checkatrade.com/trades/lynchbrotherhomes,checkatrade,1,
AJW Building Services,Mr Adam,Builder,,https://9tuma.app.link/kLTh3RAdIQb?cat_web_device_id=b81110a8-6804-4770-bfc9-a49944d9ab66&cat_web_session_id=aacc7414-9194-4c7b-9090-815169e17a4f&banner_location=header,9.94,111,,https://www.checkatrade.com/trades/ajwbuildingservices,checkatrade,1,
NBR Builders,Mr Nick,Builder,,https://9tuma.app.link/kLTh3RAdIQb?cat_web_device_id=b81110a8-6804-4770-bfc9-a49944d9ab66&cat_web_session_id=aacc7414-9194-4c7b-9090-815169e17a4f&banner_location=header,10,22,,https://www.checkatrade.com/trades/nbrbuilders | https://www.myjobquote.co.uk/t/noori-builders-ltd | https://www.myjobquote.co.uk/t/noori-builders-ltd,"checkatrade, myjobquote",2,
Evans Building and Construction,Mr Jake,Builder,,https://9tuma.app.link/kLTh3RAdIQb?cat_web_device_id=b81110a8-6804-4770-bfc9-a49944d9ab66&cat_web_session_id=aacc7414-9194-4c7b-9090-815169e17a4f&banner_location=header,10,8,,https://www.checkatrade.com/trades/evansbuildingandconstruction,checkatrade,1,
Pentland Building and Groundworks,Mr Martin,Builder,Newbury,https://9tuma.app.link/kLTh3RAdIQb?cat_web_device_id=b81110a8-6804-4770-bfc9-a49944d9ab66&cat_web_session_id=aacc7414-9194-4c7b-9090-815169e17a4f&banner_location=header,9.93,39,,https://www.checkatrade.com/trades/pentlandbuildingandgroundworks,checkatrade,1,
Hartnett Carpentry and Joinery LTD,Mr Aran,Builder,,https://9tuma.app.link/kLTh3RAdIQb?cat_web_device_id=b81110a8-6804-4770-bfc9-a49944d9ab66&cat_web_session_id=aacc7414-9194-4c7b-9090-815169e17a4f&banner_location=header,9.42,14,,https://www.checkatrade.com/trades/hartnettcarpentryandjoineryltd,checkatrade,1,
AQSON Construction Ltd,Mr Mohammad,Builder,,https://9tuma.app.link/kLTh3RAdIQb?cat_web_device_id=b81110a8-6804-4770-bfc9-a49944d9ab66&cat_web_session_id=aacc7414-9194-4c7b-9090-815169e17a4f&banner_location=header,9.25,11,,https://www.checkatrade.com/trades/aqsonbathrooms,checkatrade,1,
AGTE Construction Ltd,Mr Altin,Builder,,https://9tuma.app.link/kLTh3RAdIQb?cat_web_device_id=b81110a8-6804-4770-bfc9-a49944d9ab66&cat_web_session_id=aacc7414-9194-4c7b-9090-815169e17a4f&banner_location=header,10,13,,https://www.checkatrade.com/trades/agteconstruction,checkatrade,1,
Platinum Build Ltd,Mr Vincent,Builder,,https://9tuma.app.link/kLTh3RAdIQb?cat_web_device_id=b81110a8-6804-4770-bfc9-a49944d9ab66&cat_web_session_id=aacc7414-9194-4c7b-9090-815169e17a4f&banner_location=header,10,27,,https://www.checkatrade.com/trades/platinumbuildltd,checkatrade,1,
DR Building and Carpentry Services,Mr. Daniel Russell,Builder,,https://9tuma.app.link/kLTh3RAdIQb?cat_web_device_id=b81110a8-6804-4770-bfc9-a49944d9ab66&cat_web_session_id=aacc7414-9194-4c7b-9090-815169e17a4f&banner_location=header,9.9,7,,https://www.checkatrade.com/trades/drbuildingandcarpentryservices,checkatrade,1,
JBS Joni building services Ltd,Mr Joni,Builder,,https://9tuma.app.link/kLTh3RAdIQb?cat_web_device_id=b81110a8-6804-4770-bfc9-a49944d9ab66&cat_web_session_id=aacc7414-9194-4c7b-9090-815169e17a4f&banner_location=header,10,14,,https://www.checkatrade.com/trades/jbsjonibuildingservicesltd,checkatrade,1,
Warwickshire Building & Construction Ltd,Mr Mark,Builder,,https://9tuma.app.link/kLTh3RAdIQb?cat_web_device_id=b81110a8-6804-4770-bfc9-a49944d9ab66&cat_web_session_id=aacc7414-9194-4c7b-9090-815169e17a4f&banner_location=header,9.67,9,,https://www.checkatrade.com/trades/warwickshirebuildingandconstruction1063761,checkatrade,1,
AM Building Services,Mr. Adriatik Meta,Builder,,https://9tuma.app.link/kLTh3RAdIQb?cat_web_device_id=b81110a8-6804-4770-bfc9-a49944d9ab66&cat_web_session_id=aacc7414-9194-4c7b-9090-815169e17a4f&banner_location=header,10,31,,https://www.checkatrade.com/trades/ambuildingservices996082,checkatrade,1,
K.A.I Home Service,Mr Khaled,Builder,Oxfordshire,https://9tuma.app.link/kLTh3RAdIQb?cat_web_device_id=b81110a8-6804-4770-bfc9-a49944d9ab66&cat_web_session_id=aacc7414-9194-4c7b-9090-815169e17a4f&banner_location=header,9.81,12,,https://www.checkatrade.com/trades/kaihomeservice,checkatrade,1,
Solution Revolution Construction Group,Mr. Krzysztof Palica,Builder,,https://9tuma.app.link/kLTh3RAdIQb?cat_web_device_id=b81110a8-6804-4770-bfc9-a49944d9ab66&cat_web_session_id=aacc7414-9194-4c7b-9090-815169e17a4f&banner_location=header,9.76,28,,https://www.checkatrade.com/trades/solutionrevolutionconstructiongroup,checkatrade,1,
Key Conversions & Carpentry Ltd,Mr Jacob,Builder,,https://9tuma.app.link/kLTh3RAdIQb?cat_web_device_id=b81110a8-6804-4770-bfc9-a49944d9ab66&cat_web_session_id=aacc7414-9194-4c7b-9090-815169e17a4f&banner_location=header,10,14,,https://www.checkatrade.com/trades/keyconversionsandcarpentryltd,checkatrade,1,
GDS CONSTRUCTION LIMITED,Mr. Gary Stacey,Builder,the whole,https://9tuma.app.link/kLTh3RAdIQb?cat_web_device_id=b81110a8-6804-4770-bfc9-a49944d9ab66&cat_web_session_id=aacc7414-9194-4c7b-9090-815169e17a4f&banner_location=header,9.67,24,,https://www.checkatrade.com/trades/gdsconstructionlimited922071,checkatrade,1,
Homegrown Developments Ltd,Mr Fintan,Builder,Berkshire bringing,https://9tuma.app.link/kLTh3RAdIQb?cat_web_device_id=b81110a8-6804-4770-bfc9-a49944d9ab66&cat_web_session_id=aacc7414-9194-4c7b-9090-815169e17a4f&banner_location=header,9.92,118,,https://www.checkatrade.com/trades/homegrowndevelopments,checkatrade,1,
TACMAN DEVELOPERS LTD,Mr Tariq,Builder,all areas,https://9tuma.app.link/kLTh3RAdIQb?cat_web_device_id=b81110a8-6804-4770-bfc9-a49944d9ab66&cat_web_session_id=aacc7414-9194-4c7b-9090-815169e17a4f&banner_location=header,10,6,,https://www.checkatrade.com/trades/tacmandevelopersltd,checkatrade,1,
Cooper Property Improvements Ltd,Mr Alex,Builder,,https://9tuma.app.link/kLTh3RAdIQb?cat_web_device_id=b81110a8-6804-4770-bfc9-a49944d9ab66&cat_web_session_id=aacc7414-9194-4c7b-9090-815169e17a4f&banner_location=header,10,42,,https://www.checkatrade.com/trades/cooperpropertyimprovementsltd,checkatrade,1,
Black Cat Brickwork and Landscaping,Mr Jack,Builder,,https://9tuma.app.link/kLTh3RAdIQb?cat_web_device_id=b81110a8-6804-4770-bfc9-a49944d9ab66&cat_web_session_id=aacc7414-9194-4c7b-9090-815169e17a4f&banner_location=header,10,6,,https://www.checkatrade.com/trades/blackcatbrickworkandlandscaping,checkatrade,1,
Haddon Renovations,Mr Christian,Builder,many fields,https://9tuma.app.link/kLTh3RAdIQb?cat_web_device_id=b81110a8-6804-4770-bfc9-a49944d9ab66&cat_web_session_id=aacc7414-9194-4c7b-9090-815169e17a4f&banner_location=header,9.94,14,,https://www.checkatrade.com/trades/haddonrenovations,checkatrade,1,
Ark East Anglia Ltd,Mr Alfy,Builder,Terrington St,https://9tuma.app.link/kLTh3RAdIQb?cat_web_device_id=b81110a8-6804-4770-bfc9-a49944d9ab66&cat_web_session_id=aacc7414-9194-4c7b-9090-815169e17a4f&banner_location=header,,,,https://www.checkatrade.com/trades/arkeastanglialtd,checkatrade,1,
Lee Bishop Carpentry & Construction Ltd,Mr Lee,Builder,,https://9tuma.app.link/kLTh3RAdIQb?cat_web_device_id=b81110a8-6804-4770-bfc9-a49944d9ab66&cat_web_session_id=aacc7414-9194-4c7b-9090-815169e17a4f&banner_location=header,0,12,,https://www.checkatrade.com/trades/leebishopcarpentryandconstruction1078257,checkatrade,1,
Marant Development,Mr Tyrone,Builder,,https://9tuma.app.link/kLTh3RAdIQb?cat_web_device_id=b81110a8-6804-4770-bfc9-a49944d9ab66&cat_web_session_id=aacc7414-9194-4c7b-9090-815169e17a4f&banner_location=header,9.71,15,,https://www.checkatrade.com/trades/marantdevelopment,checkatrade,1,
Jevgenijs Lapins,Mr Jevgenijs,Builder,all of,https://9tuma.app.link/kLTh3RAdIQb?cat_web_device_id=b81110a8-6804-4770-bfc9-a49944d9ab66&cat_web_session_id=aacc7414-9194-4c7b-9090-815169e17a4f&banner_location=header,9.35,19,,https://www.checkatrade.com/trades/jevgenijslapins,checkatrade,1,
J L Construction,Mr Jordan,Builder,,https://9tuma.app.link/kLTh3RAdIQb?cat_web_device_id=b81110a8-6804-4770-bfc9-a49944d9ab66&cat_web_session_id=aacc7414-9194-4c7b-9090-815169e17a4f&banner_location=header,8,2,,https://www.checkatrade.com/trades/jlconstruction1138127,checkatrade,1,
Brampton Build,Mr Gary,Builder,Wellingborough and,https://9tuma.app.link/kLTh3RAdIQb?cat_web_device_id=b81110a8-6804-4770-bfc9-a49944d9ab66&cat_web_session_id=aacc7414-9194-4c7b-9090-815169e17a4f&banner_location=header,10,2,,https://www.checkatrade.com/trades/bramptonbuild,checkatrade,1,
Stone Heart Build LTD,Mr George,Builder,Chatteris and,https://9tuma.app.link/kLTh3RAdIQb?cat_web_device_id=b81110a8-6804-4770-bfc9-a49944d9ab66&cat_web_session_id=aacc7414-9194-4c7b-9090-815169e17a4f&banner_location=header,10,1,,https://www.checkatrade.com/trades/stoneheartbuildltd,checkatrade,1,
CS Carpentry & Building Services,Mr Chris,Builder,all carpentry,https://9tuma.app.link/kLTh3RAdIQb?cat_web_device_id=b81110a8-6804-4770-bfc9-a49944d9ab66&cat_web_session_id=aacc7414-9194-4c7b-9090-815169e17a4f&banner_location=header,9.96,145,,https://www.checkatrade.com/trades/cscarpentryltd,checkatrade,1,
B Barnes Carpentry and Building Services,Mr Brett,Builder,all aspects,https://9tuma.app.link/kLTh3RAdIQb?cat_web_device_id=b81110a8-6804-4770-bfc9-a49944d9ab66&cat_web_session_id=aacc7414-9194-4c7b-9090-815169e17a4f&banner_location=header,10,24,,https://www.checkatrade.com/trades/bbarnescarpentryandbuildingser,checkatrade,1,
Purdy Solutions Builders,Mr Jon,Builder,,https://9tuma.app.link/kLTh3RAdIQb?cat_web_device_id=b81110a8-6804-4770-bfc9-a49944d9ab66&cat_web_session_id=aacc7414-9194-4c7b-9090-815169e17a4f&banner_location=header,10,27,,https://www.checkatrade.com/trades/purdysolutionsbuilders,checkatrade,1,
Blue Ocean C S Limited,Mr Jorge,Builder,,https://9tuma.app.link/kLTh3RAdIQb?cat_web_device_id=b81110a8-6804-4770-bfc9-a49944d9ab66&cat_web_session_id=aacc7414-9194-4c7b-9090-815169e17a4f&banner_location=header,9.88,35,,https://www.checkatrade.com/trades/blueoceancslimited,checkatrade,1,
Oliver group construction limited,Mr Reece,Builder,,https://9tuma.app.link/kLTh3RAdIQb?cat_web_device_id=b81110a8-6804-4770-bfc9-a49944d9ab66&cat_web_session_id=aacc7414-9194-4c7b-9090-815169e17a4f&banner_location=header,10,32,,https://www.checkatrade.com/trades/olivergroupconstructionlimited,checkatrade,1,
Gareth Bilkey Building Contractors Limited,Mr Gareth,Builder,,https://9tuma.app.link/kLTh3RAdIQb?cat_web_device_id=b81110a8-6804-4770-bfc9-a49944d9ab66&cat_web_session_id=aacc7414-9194-4c7b-9090-815169e17a4f&banner_location=header,10,17,,https://www.checkatrade.com/trades/garethbilkeybuildingcontractorslimited,checkatrade,1,
First Choice Framing,Mr Tristan,Builder,,https://9tuma.app.link/kLTh3RAdIQb?cat_web_device_id=b81110a8-6804-4770-bfc9-a49944d9ab66&cat_web_session_id=aacc7414-9194-4c7b-9090-815169e17a4f&banner_location=header,10,14,,https://www.checkatrade.com/trades/firstchoiceframing,checkatrade,1,
Wren Builders Ltd,Mr Harry,Builder,,https://9tuma.app.link/kLTh3RAdIQb?cat_web_device_id=b81110a8-6804-4770-bfc9-a49944d9ab66&cat_web_session_id=aacc7414-9194-4c7b-9090-815169e17a4f&banner_location=header,10,37,,https://www.checkatrade.com/trades/wrenbuilders,checkatrade,1,
Michael Schallhorn,Mr Michael,Builder,,https://9tuma.app.link/kLTh3RAdIQb?cat_web_device_id=b81110a8-6804-4770-bfc9-a49944d9ab66&cat_web_session_id=aacc7414-9194-4c7b-9090-815169e17a4f&banner_location=header,10,10,,https://www.checkatrade.com/trades/michaelschallhorn,checkatrade,1,
A Star Construction SW,Mr. Nicholas Puleston,Builder,were used,https://9tuma.app.link/kLTh3RAdIQb?cat_web_device_id=b81110a8-6804-4770-bfc9-a49944d9ab66&cat_web_session_id=aacc7414-9194-4c7b-9090-815169e17a4f&banner_location=header,10,11,,https://www.checkatrade.com/trades/astarconstructionsw937135,checkatrade,1,
Weekes Building Solutions,Mr Ryan,Builder,,https://9tuma.app.link/kLTh3RAdIQb?cat_web_device_id=b81110a8-6804-4770-bfc9-a49944d9ab66&cat_web_session_id=aacc7414-9194-4c7b-9090-815169e17a4f&banner_location=header,9.84,15,,https://www.checkatrade.com/trades/weekesbuildingsolutions1142258,checkatrade,1,
MWC Building & Maintenance,Mr. Marc Wonnacott,Builder,all your,https://9tuma.app.link/kLTh3RAdIQb?cat_web_device_id=b81110a8-6804-4770-bfc9-a49944d9ab66&cat_web_session_id=aacc7414-9194-4c7b-9090-815169e17a4f&banner_location=header,9.67,17,,https://www.checkatrade.com/trades/mwcbuildingandmaintenance1012565 | https://www.myjobquote.co.uk/t/nj-building-maintenance | https://www.myjobquote.co.uk/t/nj-building-maintenance | https://www.myjobquote.co.uk/t/esb-building-maintenance | https://www.myjobquote.co.uk/t/esb-building-maintenance,"checkatrade, myjobquote",2,
Armada Construction Ltd,Mr Lee,Builder,,https://9tuma.app.link/kLTh3RAdIQb?cat_web_device_id=b81110a8-6804-4770-bfc9-a49944d9ab66&cat_web_session_id=aacc7414-9194-4c7b-9090-815169e17a4f&banner_location=header,9.83,26,,https://www.checkatrade.com/trades/armadaconstruction,checkatrade,1,
Casa Bueno,Mr Jake,Builder,Plymouth and,https://9tuma.app.link/kLTh3RAdIQb?cat_web_device_id=b81110a8-6804-4770-bfc9-a49944d9ab66&cat_web_session_id=aacc7414-9194-4c7b-9090-815169e17a4f&banner_location=header,10,8,,https://www.checkatrade.com/trades/casabueno5928526,checkatrade,1,
Absolute Construction,Mr Matthew,Builder,,https://9tuma.app.link/kLTh3RAdIQb?cat_web_device_id=b81110a8-6804-4770-bfc9-a49944d9ab66&cat_web_session_id=aacc7414-9194-4c7b-9090-815169e17a4f&banner_location=header,9.65,13,,https://www.checkatrade.com/trades/absoluteconstruction,checkatrade,1,
Jay's Building & Renovations Limited,Mr Jason,Builder,,https://9tuma.app.link/kLTh3RAdIQb?cat_web_device_id=b81110a8-6804-4770-bfc9-a49944d9ab66&cat_web_session_id=aacc7414-9194-4c7b-9090-815169e17a4f&banner_location=header,10,25,,https://www.checkatrade.com/trades/btsconstructionswltd,checkatrade,1,
MAG Developments SW Ltd,Mr John,Builder,,https://9tuma.app.link/kLTh3RAdIQb?cat_web_device_id=b81110a8-6804-4770-bfc9-a49944d9ab66&cat_web_session_id=aacc7414-9194-4c7b-9090-815169e17a4f&banner_location=header,8.47,10,,https://www.checkatrade.com/trades/magdevelopmentssw,checkatrade,1,
ND Installations SW Ltd,Mr Neil,Builder,,https://9tuma.app.link/kLTh3RAdIQb?cat_web_device_id=b81110a8-6804-4770-bfc9-a49944d9ab66&cat_web_session_id=aacc7414-9194-4c7b-9090-815169e17a4f&banner_location=header,9.52,79,,https://www.checkatrade.com/trades/ndinstallationsswltd,checkatrade,1,
OP Construction Ltd,Mr Oliver,Builder,Portsmouth providing,https://9tuma.app.link/kLTh3RAdIQb?cat_web_device_id=b81110a8-6804-4770-bfc9-a49944d9ab66&cat_web_session_id=aacc7414-9194-4c7b-9090-815169e17a4f&banner_location=header,10,17,,https://www.checkatrade.com/trades/opconstruction531702,checkatrade,1,
Premier Builders (Southern) Ltd,Mr. Jim Harris,Builder,,https://9tuma.app.link/kLTh3RAdIQb?cat_web_device_id=b81110a8-6804-4770-bfc9-a49944d9ab66&cat_web_session_id=aacc7414-9194-4c7b-9090-815169e17a4f&banner_location=header,9.89,225,,https://www.checkatrade.com/trades/premierbuilderssouthernltd,checkatrade,1,
Nolan Build Ltd,Mr Jason,Builder,all aspects,https://9tuma.app.link/kLTh3RAdIQb?cat_web_device_id=b81110a8-6804-4770-bfc9-a49944d9ab66&cat_web_session_id=aacc7414-9194-4c7b-9090-815169e17a4f&banner_location=header,10,46,,https://www.checkatrade.com/trades/nolanbuildltd,checkatrade,1,
D&M Property Maintenance,Mr Darren,Builder,the Portsmouth,https://9tuma.app.link/kLTh3RAdIQb?cat_web_device_id=b81110a8-6804-4770-bfc9-a49944d9ab66&cat_web_session_id=aacc7414-9194-4c7b-9090-815169e17a4f&banner_location=header,10,186,,https://www.checkatrade.com/trades/dandmpropertymaintenance,checkatrade,1,
Hughes Home Developments,Mr Jack,Builder,,https://9tuma.app.link/kLTh3RAdIQb?cat_web_device_id=b81110a8-6804-4770-bfc9-a49944d9ab66&cat_web_session_id=aacc7414-9194-4c7b-9090-815169e17a4f&banner_location=header,9.93,165,,https://www.checkatrade.com/trades/hugheshomedevelopments,checkatrade,1,
L & G Property Ltd,Mr Graham,Builder,,https://9tuma.app.link/kLTh3RAdIQb?cat_web_device_id=b81110a8-6804-4770-bfc9-a49944d9ab66&cat_web_session_id=aacc7414-9194-4c7b-9090-815169e17a4f&banner_location=header,9.5,51,,https://www.checkatrade.com/trades/landgproperty,checkatrade,1,
4MOST CONSTRUCTION LTD,Mr Desmond,Builder,,https://9tuma.app.link/kLTh3RAdIQb?cat_web_device_id=b81110a8-6804-4770-bfc9-a49944d9ab66&cat_web_session_id=aacc7414-9194-4c7b-9090-815169e17a4f&banner_location=header,9.96,57,,https://www.checkatrade.com/trades/desmillerbrickworkandbuilding,checkatrade,1,
Squires Construction,Mr Nick,Builder,,https://9tuma.app.link/kLTh3RAdIQb?cat_web_device_id=b81110a8-6804-4770-bfc9-a49944d9ab66&cat_web_session_id=aacc7414-9194-4c7b-9090-815169e17a4f&banner_location=header,10,73,,https://www.checkatrade.com/trades/squiresconstruction,checkatrade,1,
GC Civils Ltd,Mr Graeme,Builder,,https://9tuma.app.link/kLTh3RAdIQb?cat_web_device_id=b81110a8-6804-4770-bfc9-a49944d9ab66&cat_web_session_id=aacc7414-9194-4c7b-9090-815169e17a4f&banner_location=header,9.67,73,,https://www.checkatrade.com/trades/gccivils,checkatrade,1,
MJ Quigley brickwork & building contractors,Mr Michael,Builder,LEE ONTHESOLENT,https://9tuma.app.link/kLTh3RAdIQb?cat_web_device_id=b81110a8-6804-4770-bfc9-a49944d9ab66&cat_web_session_id=aacc7414-9194-4c7b-9090-815169e17a4f&banner_location=header,10,18,,https://www.checkatrade.com/trades/mjquigleybrickworkandbuildingcontractors,checkatrade,1,
Empire Building Contractors Ltd,Mr Cole,Builder,,https://9tuma.app.link/kLTh3RAdIQb?cat_web_device_id=b81110a8-6804-4770-bfc9-a49944d9ab66&cat_web_session_id=aacc7414-9194-4c7b-9090-815169e17a4f&banner_location=header,8.11,13,,https://www.checkatrade.com/trades/empirebuildingcontractorsltd,checkatrade,1,
Coastal renovation group,Mr Jake,Builder,,https://9tuma.app.link/kLTh3RAdIQb?cat_web_device_id=b81110a8-6804-4770-bfc9-a49944d9ab66&cat_web_session_id=aacc7414-9194-4c7b-9090-815169e17a4f&banner_location=header,9.96,16,,https://www.checkatrade.com/trades/coastalrenovationgroup,checkatrade,1,
City Damp Solutions Ltd,Mr Ross,Builder,Hampshire,https://9tuma.app.link/kLTh3RAdIQb?cat_web_device_id=b81110a8-6804-4770-bfc9-a49944d9ab66&cat_web_session_id=aacc7414-9194-4c7b-9090-815169e17a4f&banner_location=header,9.97,493,,https://www.checkatrade.com/trades/citydampsolutions,checkatrade,1,
SDM Builders Ltd,Mr Simon,Builder,,https://9tuma.app.link/kLTh3RAdIQb?cat_web_device_id=b81110a8-6804-4770-bfc9-a49944d9ab66&cat_web_session_id=aacc7414-9194-4c7b-9090-815169e17a4f&banner_location=header,9.38,62,,https://www.checkatrade.com/trades/sdmbuildersltd,checkatrade,1,
Gibson Building Services Limited,Mr Simon,Builder,Bournemouth covering,https://9tuma.app.link/kLTh3RAdIQb?cat_web_device_id=b81110a8-6804-4770-bfc9-a49944d9ab66&cat_web_session_id=aacc7414-9194-4c7b-9090-815169e17a4f&banner_location=header,9.96,250,,https://www.checkatrade.com/trades/gibsonbuildingservices,checkatrade,1,
Allen & Shaw,Wayne Allen,Builder,,https://9tuma.app.link/kLTh3RAdIQb?cat_web_device_id=b81110a8-6804-4770-bfc9-a49944d9ab66&cat_web_session_id=aacc7414-9194-4c7b-9090-815169e17a4f&banner_location=header,10,50,,https://www.checkatrade.com/trades/allenshaw,checkatrade,1,
Cladek Exteriors,Mr Tom,Builder,,https://9tuma.app.link/kLTh3RAdIQb?cat_web_device_id=b81110a8-6804-4770-bfc9-a49944d9ab66&cat_web_session_id=aacc7414-9194-4c7b-9090-815169e17a4f&banner_location=header,9.83,6,,https://www.checkatrade.com/trades/cladekexteriors,checkatrade,1,
Nell Developments Limited,Mr Kieran,Builder,Portsmouth,https://9tuma.app.link/kLTh3RAdIQb?cat_web_device_id=b81110a8-6804-4770-bfc9-a49944d9ab66&cat_web_session_id=aacc7414-9194-4c7b-9090-815169e17a4f&banner_location=header,9.96,51,,https://www.checkatrade.com/trades/nelldevelopmentslimited,checkatrade,1,
Furey Carpentry,Mr Joe,Builder,the Witterings,https://9tuma.app.link/kLTh3RAdIQb?cat_web_device_id=b81110a8-6804-4770-bfc9-a49944d9ab66&cat_web_session_id=aacc7414-9194-4c7b-9090-815169e17a4f&banner_location=header,10,132,,https://www.checkatrade.com/trades/fureycarpentry,checkatrade,1,
MK General Builder,Mr Marek,Builder,,https://9tuma.app.link/kLTh3RAdIQb?cat_web_device_id=b81110a8-6804-4770-bfc9-a49944d9ab66&cat_web_session_id=aacc7414-9194-4c7b-9090-815169e17a4f&banner_location=header,9.69,35,,https://www.checkatrade.com/trades/mkgeneralbuilder,checkatrade,1,
Locks Heath Builders Ltd,Mr Richard,Builder,,https://9tuma.app.link/kLTh3RAdIQb?cat_web_device_id=b81110a8-6804-4770-bfc9-a49944d9ab66&cat_web_session_id=aacc7414-9194-4c7b-9090-815169e17a4f&banner_location=header,10,80,,https://www.checkatrade.com/trades/locksheathbuilders,checkatrade,1,
Abbott Building Services,Mr Richard,Builder,,https://9tuma.app.link/kLTh3RAdIQb?cat_web_device_id=b81110a8-6804-4770-bfc9-a49944d9ab66&cat_web_session_id=aacc7414-9194-4c7b-9090-815169e17a4f&banner_location=header,9.92,61,,https://www.checkatrade.com/trades/abbottbuildingservices,checkatrade,1,
Morris Parker Property Refurbishment Ltd,Mr Daniel,Builder,,https://9tuma.app.link/kLTh3RAdIQb?cat_web_device_id=b81110a8-6804-4770-bfc9-a49944d9ab66&cat_web_session_id=aacc7414-9194-4c7b-9090-815169e17a4f&banner_location=header,9.85,193,,https://www.checkatrade.com/trades/morrisparkerpropertyrefurbishment,checkatrade,1,
Simmonds Services,Mr. Jamie Simmonds,Builder,all aspects,https://9tuma.app.link/kLTh3RAdIQb?cat_web_device_id=b81110a8-6804-4770-bfc9-a49944d9ab66&cat_web_session_id=aacc7414-9194-4c7b-9090-815169e17a4f&banner_location=header,10,50,,https://www.checkatrade.com/trades/simmondsservices987235,checkatrade,1,
W Grout Brickwork,Mr Wayne,Builder,,https://9tuma.app.link/kLTh3RAdIQb?cat_web_device_id=b81110a8-6804-4770-bfc9-a49944d9ab66&cat_web_session_id=aacc7414-9194-4c7b-9090-815169e17a4f&banner_location=header,10,53,,https://www.checkatrade.com/trades/wgroutbrickwork,checkatrade,1,
DS Hutchings Builders,Mr Paul,Builder,,https://9tuma.app.link/kLTh3RAdIQb?cat_web_device_id=b81110a8-6804-4770-bfc9-a49944d9ab66&cat_web_session_id=aacc7414-9194-4c7b-9090-815169e17a4f&banner_location=header,10,120,,https://www.checkatrade.com/trades/dshutchings,checkatrade,1,
GS Building Plastics Limited,Mr Shaun,Builder,all aspects,https://9tuma.app.link/kLTh3RAdIQb?cat_web_device_id=b81110a8-6804-4770-bfc9-a49944d9ab66&cat_web_session_id=aacc7414-9194-4c7b-9090-815169e17a4f&banner_location=header,10,189,,https://www.checkatrade.com/trades/gsbuildingplasticslimited,checkatrade,1,
Wallis Short And Son,Mr. Terry Short,Builder,,https://9tuma.app.link/kLTh3RAdIQb?cat_web_device_id=b81110a8-6804-4770-bfc9-a49944d9ab66&cat_web_session_id=aacc7414-9194-4c7b-9090-815169e17a4f&banner_location=header,10,61,,https://www.checkatrade.com/trades/wallisandshortbuilders,checkatrade,1,
Hammond Builders,Mr. Lee Hammond,Builder,,https://9tuma.app.link/kLTh3RAdIQb?cat_web_device_id=b81110a8-6804-4770-bfc9-a49944d9ab66&cat_web_session_id=aacc7414-9194-4c7b-9090-815169e17a4f&banner_location=header,10,43,,https://www.checkatrade.com/trades/hammondbuilders,checkatrade,1,
Evolution Building Contractors Limited,Mr Lee,Builder,,https://9tuma.app.link/kLTh3RAdIQb?cat_web_device_id=b81110a8-6804-4770-bfc9-a49944d9ab66&cat_web_session_id=aacc7414-9194-4c7b-9090-815169e17a4f&banner_location=header,10,46,,https://www.checkatrade.com/trades/evolutionbuildingcontractorslimited,checkatrade,1,
M&K Carpentry & Building Services,Mr Marc,Builder,,https://9tuma.app.link/kLTh3RAdIQb?cat_web_device_id=b81110a8-6804-4770-bfc9-a49944d9ab66&cat_web_session_id=aacc7414-9194-4c7b-9090-815169e17a4f&banner_location=header,10,154,,https://www.checkatrade.com/trades/mandkcarpentryandbuildingservices,checkatrade,1,
ARC Property Maintenance & Home Improvements LTD,Mr Alan,Builder,complete with,https://9tuma.app.link/kLTh3RAdIQb?cat_web_device_id=b81110a8-6804-4770-bfc9-a49944d9ab66&cat_web_session_id=aacc7414-9194-4c7b-9090-815169e17a4f&banner_location=header,9.93,304,,https://www.checkatrade.com/trades/arcpropertymaintenancehomeimprovements,checkatrade,1,
Classic Construction,Mr. Scott Hastings,Builder,West Sussex,https://9tuma.app.link/kLTh3RAdIQb?cat_web_device_id=b81110a8-6804-4770-bfc9-a49944d9ab66&cat_web_session_id=aacc7414-9194-4c7b-9090-815169e17a4f&banner_location=header,10,93,,https://www.checkatrade.com/trades/classicconstruction,checkatrade,1,
B Metcalfe Construction,Mr Benjamin,Builder,,https://9tuma.app.link/kLTh3RAdIQb?cat_web_device_id=b81110a8-6804-4770-bfc9-a49944d9ab66&cat_web_session_id=aacc7414-9194-4c7b-9090-815169e17a4f&banner_location=header,9.88,20,,https://www.checkatrade.com/trades/bmetcalfeconstruction,checkatrade,1,
Andy Kille Building And Property Maintenance,Mr Andy,Builder,,https://9tuma.app.link/kLTh3RAdIQb?cat_web_device_id=b81110a8-6804-4770-bfc9-a49944d9ab66&cat_web_session_id=aacc7414-9194-4c7b-9090-815169e17a4f&banner_location=header,10,419,,https://www.checkatrade.com/trades/andykillebuildingandpropertym,checkatrade,1,
Nickson Extensions & Orangery,Mr. John Nickson,Builder,,https://9tuma.app.link/kLTh3RAdIQb?cat_web_device_id=b81110a8-6804-4770-bfc9-a49944d9ab66&cat_web_session_id=aacc7414-9194-4c7b-9090-815169e17a4f&banner_location=header,10,27,,https://www.checkatrade.com/trades/nicksonextensionsandorangery1054856,checkatrade,1,
CB Construction,Mr Christian,Builder,all aspects,https://9tuma.app.link/kLTh3RAdIQb?cat_web_device_id=b81110a8-6804-4770-bfc9-a49944d9ab66&cat_web_session_id=aacc7414-9194-4c7b-9090-815169e17a4f&banner_location=header,10,7,,https://www.checkatrade.com/trades/cbconstruction1108386,checkatrade,1,
AK Builders,Mr. Arjan Klosi,Builder,,https://9tuma.app.link/kLTh3RAdIQb?cat_web_device_id=b81110a8-6804-4770-bfc9-a49944d9ab66&cat_web_session_id=aacc7414-9194-4c7b-9090-815169e17a4f&banner_location=header,9.89,62,,https://www.checkatrade.com/trades/akbuilders971747,checkatrade,1,
Carswells construction /Plumbing,Mr Luke,Builder,,https://9tuma.app.link/kLTh3RAdIQb?cat_web_device_id=b81110a8-6804-4770-bfc9-a49944d9ab66&cat_web_session_id=aacc7414-9194-4c7b-9090-815169e17a4f&banner_location=header,9.74,73,,https://www.checkatrade.com/trades/carswellsplumbing,checkatrade,1,
M.J.M.C. Builder Ltd,Mr Michal,Builder,,https://9tuma.app.link/kLTh3RAdIQb?cat_web_device_id=b81110a8-6804-4770-bfc9-a49944d9ab66&cat_web_session_id=aacc7414-9194-4c7b-9090-815169e17a4f&banner_location=header,9.84,32,,https://www.checkatrade.com/trades/mjmcbuilderltd,checkatrade,1,
Grf Builders Limited,Mr Graham,Builder,,https://9tuma.app.link/kLTh3RAdIQb?cat_web_device_id=b81110a8-6804-4770-bfc9-a49944d9ab66&cat_web_session_id=aacc7414-9194-4c7b-9090-815169e17a4f&banner_location=header,10,127,,https://www.checkatrade.com/trades/grfbuilders,checkatrade,1,
W Day Construction,Mr Wesley,Builder,,https://9tuma.app.link/kLTh3RAdIQb?cat_web_device_id=b81110a8-6804-4770-bfc9-a49944d9ab66&cat_web_session_id=aacc7414-9194-4c7b-9090-815169e17a4f&banner_location=header,10,53,,https://www.checkatrade.com/trades/wdayconstruction,checkatrade,1,
DH Property Services,Mr David,Builder,Andover,https://9tuma.app.link/kLTh3RAdIQb?cat_web_device_id=b81110a8-6804-4770-bfc9-a49944d9ab66&cat_web_session_id=aacc7414-9194-4c7b-9090-815169e17a4f&banner_location=header,10,77,,https://www.checkatrade.com/trades/dhpropertyservices,checkatrade,1,
LB Developments,Mr Luke,Builder,what we,https://9tuma.app.link/kLTh3RAdIQb?cat_web_device_id=b81110a8-6804-4770-bfc9-a49944d9ab66&cat_web_session_id=aacc7414-9194-4c7b-9090-815169e17a4f&banner_location=header,10,23,,https://www.checkatrade.com/trades/lbdevelopments,checkatrade,1,
Bearroc Construction Ltd,Mr Steven,Builder,Newbury,https://9tuma.app.link/kLTh3RAdIQb?cat_web_device_id=b81110a8-6804-4770-bfc9-a49944d9ab66&cat_web_session_id=aacc7414-9194-4c7b-9090-815169e17a4f&banner_location=header,10,34,,https://www.checkatrade.com/trades/hodgehomesltd,checkatrade,1,
PRS Building Solutions,Mr Peter,Builder,,https://9tuma.app.link/kLTh3RAdIQb?cat_web_device_id=b81110a8-6804-4770-bfc9-a49944d9ab66&cat_web_session_id=aacc7414-9194-4c7b-9090-815169e17a4f&banner_location=header,9.33,3,,https://www.checkatrade.com/trades/prsbuildingsolutions,checkatrade,1,
Elton Construction Ltd,Agim Muhametaj,Builder,,https://9tuma.app.link/kLTh3RAdIQb?cat_web_device_id=b81110a8-6804-4770-bfc9-a49944d9ab66&cat_web_session_id=aacc7414-9194-4c7b-9090-815169e17a4f&banner_location=header,9.78,6,,https://www.checkatrade.com/trades/eltonconstructionltd,checkatrade,1,
Ben Davis Building Ltd,Mr Benjamin,Builder,,https://9tuma.app.link/kLTh3RAdIQb?cat_web_device_id=b81110a8-6804-4770-bfc9-a49944d9ab66&cat_web_session_id=aacc7414-9194-4c7b-9090-815169e17a4f&banner_location=header,9.67,108,,https://www.checkatrade.com/trades/bendavisbuildingltd,checkatrade,1,
Shaw Construction And Supplies Limited,Mr Steven,Builder,,https://9tuma.app.link/kLTh3RAdIQb?cat_web_device_id=b81110a8-6804-4770-bfc9-a49944d9ab66&cat_web_session_id=aacc7414-9194-4c7b-9090-815169e17a4f&banner_location=header,9.78,55,,https://www.checkatrade.com/trades/shawconstructionandsupplieslimited,checkatrade,1,
S Owers Building Ltd,Mr Stephen,Builder,all budgets,https://9tuma.app.link/kLTh3RAdIQb?cat_web_device_id=b81110a8-6804-4770-bfc9-a49944d9ab66&cat_web_session_id=aacc7414-9194-4c7b-9090-815169e17a4f&banner_location=header,9.92,62,,https://www.checkatrade.com/trades/sowersbuildingltd,checkatrade,1,
Matthews Brickwork,Mr Mark,Builder,,https://9tuma.app.link/kLTh3RAdIQb?cat_web_device_id=b81110a8-6804-4770-bfc9-a49944d9ab66&cat_web_session_id=aacc7414-9194-4c7b-9090-815169e17a4f&banner_location=header,9.96,123,,https://www.checkatrade.com/trades/matthewsbrickwork,checkatrade,1,
L.K. Property Services,Mr Lee,Builder,West Berkshire,https://9tuma.app.link/kLTh3RAdIQb?cat_web_device_id=b81110a8-6804-4770-bfc9-a49944d9ab66&cat_web_session_id=aacc7414-9194-4c7b-9090-815169e17a4f&banner_location=header,10,199,,https://www.checkatrade.com/trades/lkpropertyservices,checkatrade,1,
Dariusz Dziekonski,Dariusz Dziekonski,Builder,,https://9tuma.app.link/kLTh3RAdIQb?cat_web_device_id=b81110a8-6804-4770-bfc9-a49944d9ab66&cat_web_session_id=aacc7414-9194-4c7b-9090-815169e17a4f&banner_location=header,10,3,,https://www.checkatrade.com/trades/dariuszdziekonski,checkatrade,1,
Lekaj Property Services LTD,Mr Albert,Builder,all of,https://9tuma.app.link/kLTh3RAdIQb?cat_web_device_id=b81110a8-6804-4770-bfc9-a49944d9ab66&cat_web_session_id=aacc7414-9194-4c7b-9090-815169e17a4f&banner_location=header,9.85,134,,https://www.checkatrade.com/trades/lekajpropertyservicesltd,checkatrade,1,
Pinehurst Construction Group Limited,Mr. David Smith,Builder,,https://9tuma.app.link/kLTh3RAdIQb?cat_web_device_id=b81110a8-6804-4770-bfc9-a49944d9ab66&cat_web_session_id=aacc7414-9194-4c7b-9090-815169e17a4f&banner_location=header,9.89,8,,https://www.checkatrade.com/trades/pinehurstconstructiongrouplimited,checkatrade,1,
Daniel Ridge Construction,Mr Daniel,Builder,Horsham,https://9tuma.app.link/kLTh3RAdIQb?cat_web_device_id=b81110a8-6804-4770-bfc9-a49944d9ab66&cat_web_session_id=aacc7414-9194-4c7b-9090-815169e17a4f&banner_location=header,9.68,202,,https://www.checkatrade.com/trades/danielridgeconstruction,checkatrade,1,
Baker Construction,Mr Simon,Builder,,https://9tuma.app.link/kLTh3RAdIQb?cat_web_device_id=b81110a8-6804-4770-bfc9-a49944d9ab66&cat_web_session_id=aacc7414-9194-4c7b-9090-815169e17a4f&banner_location=header,10,90,,https://www.checkatrade.com/trades/bakerconstruction,checkatrade,1,
Dobruna Construction Limited,Mr. Afrim Mulaj,Builder,up to,https://9tuma.app.link/kLTh3RAdIQb?cat_web_device_id=b81110a8-6804-4770-bfc9-a49944d9ab66&cat_web_session_id=aacc7414-9194-4c7b-9090-815169e17a4f&banner_location=header,10,24,,https://www.checkatrade.com/trades/dobrunaconstruction1021527,checkatrade,1,
Bowen Property services,Mr Sean,Builder,Stockport and,https://9tuma.app.link/kLTh3RAdIQb?cat_web_device_id=b81110a8-6804-4770-bfc9-a49944d9ab66&cat_web_session_id=aacc7414-9194-4c7b-9090-815169e17a4f&banner_location=header,9.76,7,,https://www.checkatrade.com/trades/bowenpropertyservices,checkatrade,1,
BEB CONSTRUCTION LTD,Mr Behrad,Builder,,https://9tuma.app.link/kLTh3RAdIQb?cat_web_device_id=b81110a8-6804-4770-bfc9-a49944d9ab66&cat_web_session_id=aacc7414-9194-4c7b-9090-815169e17a4f&banner_location=header,9.96,8,,https://www.checkatrade.com/trades/bebconstructionltd,checkatrade,1,
Whitehall Builders Ltd,Mr Paul,Builder,,https://9tuma.app.link/kLTh3RAdIQb?cat_web_device_id=b81110a8-6804-4770-bfc9-a49944d9ab66&cat_web_session_id=aacc7414-9194-4c7b-9090-815169e17a4f&banner_location=header,10,45,,https://www.checkatrade.com/trades/whitehallbuildersltd,checkatrade,1,
J&J Construction,Mr Jagbir,Builder,Hayes and,https://9tuma.app.link/kLTh3RAdIQb?cat_web_device_id=b81110a8-6804-4770-bfc9-a49944d9ab66&cat_web_session_id=aacc7414-9194-4c7b-9090-815169e17a4f&banner_location=header,9.31,6,,https://www.checkatrade.com/trades/jjconstruction5904365,checkatrade,1,
Reform Build Constructions Ltd,Mr Sarinraj,Builder,,https://9tuma.app.link/kLTh3RAdIQb?cat_web_device_id=b81110a8-6804-4770-bfc9-a49944d9ab66&cat_web_session_id=aacc7414-9194-4c7b-9090-815169e17a4f&banner_location=header,10,3,,https://www.checkatrade.com/trades/reformbuildconstructionsltd5937399,checkatrade,1,
PB Builder,Mr Pawel,Builder,,https://9tuma.app.link/kLTh3RAdIQb?cat_web_device_id=b81110a8-6804-4770-bfc9-a49944d9ab66&cat_web_session_id=aacc7414-9194-4c7b-9090-815169e17a4f&banner_location=header,0,35,,https://www.checkatrade.com/trades/pbbuildersutton,checkatrade,1,
CJ's Building,Mr Cee,Builder,Old Sarum,https://9tuma.app.link/kLTh3RAdIQb?cat_web_device_id=b81110a8-6804-4770-bfc9-a49944d9ab66&cat_web_session_id=aacc7414-9194-4c7b-9090-815169e17a4f&banner_location=header,9.83,27,,https://www.checkatrade.com/trades/cjsbuilding1115169,checkatrade,1,
Willmont Building Services Ltd,Mr Sean,Builder,Ludgershall,https://9tuma.app.link/kLTh3RAdIQb?cat_web_device_id=b81110a8-6804-4770-bfc9-a49944d9ab66&cat_web_session_id=aacc7414-9194-4c7b-9090-815169e17a4f&banner_location=header,9.86,253,,https://www.checkatrade.com/trades/willmontbuildingservices,checkatrade,1,
R J Back Building Services,Mr Richard,Builder,Ludgershall,https://9tuma.app.link/kLTh3RAdIQb?cat_web_device_id=b81110a8-6804-4770-bfc9-a49944d9ab66&cat_web_session_id=aacc7414-9194-4c7b-9090-815169e17a4f&banner_location=header,10,15,,https://www.checkatrade.com/trades/rjbackbuildingservices,checkatrade,1,
Eezikitchens Bathrooms and Building,Mr. Craig Crouch,Builder,,https://9tuma.app.link/kLTh3RAdIQb?cat_web_device_id=b81110a8-6804-4770-bfc9-a49944d9ab66&cat_web_session_id=aacc7414-9194-4c7b-9090-815169e17a4f&banner_location=header,9.51,42,,https://www.checkatrade.com/trades/eezikitchensbathroomsandbuilding,checkatrade,1,
Paul Beaven,Mr Paul,Builder,Calne,https://9tuma.app.link/kLTh3RAdIQb?cat_web_device_id=b81110a8-6804-4770-bfc9-a49944d9ab66&cat_web_session_id=aacc7414-9194-4c7b-9090-815169e17a4f&banner_location=header,10,11,,https://www.checkatrade.com/trades/paulbeaven,checkatrade,1,
Henry Construction (Southern) Limited,Mr Brett,Builder,,https://9tuma.app.link/kLTh3RAdIQb?cat_web_device_id=b81110a8-6804-4770-bfc9-a49944d9ab66&cat_web_session_id=aacc7414-9194-4c7b-9090-815169e17a4f&banner_location=header,9.92,121,,https://www.checkatrade.com/trades/henryconstruction,checkatrade,1,
DP Building,Mr David,Builder,,https://9tuma.app.link/kLTh3RAdIQb?cat_web_device_id=b81110a8-6804-4770-bfc9-a49944d9ab66&cat_web_session_id=aacc7414-9194-4c7b-9090-815169e17a4f&banner_location=header,9.54,23,,https://www.checkatrade.com/trades/wiltshirefencing,checkatrade,1,
Yellow Services Ltd,Mr. Adeilton Costa,Builder,,https://9tuma.app.link/kLTh3RAdIQb?cat_web_device_id=b81110a8-6804-4770-bfc9-a49944d9ab66&cat_web_session_id=aacc7414-9194-4c7b-9090-815169e17a4f&banner_location=header,9.83,65,,https://www.checkatrade.com/trades/yellowservicesdecorators,checkatrade,1,
Premise Property Maintenance Ltd,Mr Andrew,Builder,,https://9tuma.app.link/kLTh3RAdIQb?cat_web_device_id=b81110a8-6804-4770-bfc9-a49944d9ab66&cat_web_session_id=aacc7414-9194-4c7b-9090-815169e17a4f&banner_location=header,10,202,,https://www.checkatrade.com/trades/premisepropertymaintenancelimited,checkatrade,1,
MKS Carpentry and Building,Mr Michael,Builder,upfront material,https://9tuma.app.link/kLTh3RAdIQb?cat_web_device_id=b81110a8-6804-4770-bfc9-a49944d9ab66&cat_web_session_id=aacc7414-9194-4c7b-9090-815169e17a4f&banner_location=header,8.62,47,,https://www.checkatrade.com/trades/mkscarpentryandbuilding,checkatrade,1,
MLC BUILDING MAINTENANCE LIMITED,Mr Richard,Builder,,https://9tuma.app.link/kLTh3RAdIQb?cat_web_device_id=b81110a8-6804-4770-bfc9-a49944d9ab66&cat_web_session_id=aacc7414-9194-4c7b-9090-815169e17a4f&banner_location=header,9.96,16,,https://www.checkatrade.com/trades/mlcbuildingmaintenancelimited,checkatrade,1,
Toga Brickwork Ltd,Mr Gary,Builder,THE SOUTH,https://9tuma.app.link/kLTh3RAdIQb?cat_web_device_id=b81110a8-6804-4770-bfc9-a49944d9ab66&cat_web_session_id=aacc7414-9194-4c7b-9090-815169e17a4f&banner_location=header,10,10,,https://www.checkatrade.com/trades/togabrickworkltd,checkatrade,1,
M K Carpentry South Ltd,Mr Kalum,Builder,,https://9tuma.app.link/kLTh3RAdIQb?cat_web_device_id=b81110a8-6804-4770-bfc9-a49944d9ab66&cat_web_session_id=aacc7414-9194-4c7b-9090-815169e17a4f&banner_location=header,10,25,,https://www.checkatrade.com/trades/mkcarpentrysouth878413,checkatrade,1,
Unique Construction,Mr Christopher,Builder,,https://9tuma.app.link/kLTh3RAdIQb?cat_web_device_id=b81110a8-6804-4770-bfc9-a49944d9ab66&cat_web_session_id=aacc7414-9194-4c7b-9090-815169e17a4f&banner_location=header,9.99,396,,https://www.checkatrade.com/trades/uniqueconstruction,checkatrade,1,
B Davis Property Maintenance,Mr Barry,Builder,,https://9tuma.app.link/kLTh3RAdIQb?cat_web_device_id=b81110a8-6804-4770-bfc9-a49944d9ab66&cat_web_session_id=aacc7414-9194-4c7b-9090-815169e17a4f&banner_location=header,9.8,78,,https://www.checkatrade.com/trades/bdaviespropertymaintenance,checkatrade,1,
Rowlands Castle Builders Ltd,Mr Giles,Builder,,https://9tuma.app.link/kLTh3RAdIQb?cat_web_device_id=b81110a8-6804-4770-bfc9-a49944d9ab66&cat_web_session_id=aacc7414-9194-4c7b-9090-815169e17a4f&banner_location=header,10,421,,https://www.checkatrade.com/trades/rowlandscastlebuilders,checkatrade,1,
Ace Trades,Mr John,Builder,,https://9tuma.app.link/kLTh3RAdIQb?cat_web_device_id=b81110a8-6804-4770-bfc9-a49944d9ab66&cat_web_session_id=aacc7414-9194-4c7b-9090-815169e17a4f&banner_location=header,10,122,,https://www.checkatrade.com/trades/acetrades,checkatrade,1,
MCH (Southern) Ltd,Mr Mark,Builder,,https://9tuma.app.link/kLTh3RAdIQb?cat_web_device_id=b81110a8-6804-4770-bfc9-a49944d9ab66&cat_web_session_id=aacc7414-9194-4c7b-9090-815169e17a4f&banner_location=header,9.92,50,,https://www.checkatrade.com/trades/mchsouthern,checkatrade,1,
Pow Property Developments Ltd,Mr Louis,Builder,,https://9tuma.app.link/kLTh3RAdIQb?cat_web_device_id=b81110a8-6804-4770-bfc9-a49944d9ab66&cat_web_session_id=aacc7414-9194-4c7b-9090-815169e17a4f&banner_location=header,9.88,19,,https://www.checkatrade.com/trades/powpropertydevelopmentsltd,checkatrade,1,
3Lance Developments Limited,Mr Andrew,Builder,every trade,https://9tuma.app.link/kLTh3RAdIQb?cat_web_device_id=b81110a8-6804-4770-bfc9-a49944d9ab66&cat_web_session_id=aacc7414-9194-4c7b-9090-815169e17a4f&banner_location=header,9.75,120,,https://www.checkatrade.com/trades/3lancedevelopments,checkatrade,1,
Kev McHugh t/a M P I,Mr Kev,Builder,,https://9tuma.app.link/kLTh3RAdIQb?cat_web_device_id=b81110a8-6804-4770-bfc9-a49944d9ab66&cat_web_session_id=aacc7414-9194-4c7b-9090-815169e17a4f&banner_location=header,8.88,294,,https://www.checkatrade.com/trades/kevinmchugh,checkatrade,1,
Carter Construction,Mr Ryan,Builder,,https://9tuma.app.link/kLTh3RAdIQb?cat_web_device_id=b81110a8-6804-4770-bfc9-a49944d9ab66&cat_web_session_id=aacc7414-9194-4c7b-9090-815169e17a4f&banner_location=header,10,31,,https://www.checkatrade.com/trades/carterconstruction1126428,checkatrade,1,
Bluefinch Building Services Ltd,Mr Jason,Builder,all aspects,https://9tuma.app.link/kLTh3RAdIQb?cat_web_device_id=b81110a8-6804-4770-bfc9-a49944d9ab66&cat_web_session_id=aacc7414-9194-4c7b-9090-815169e17a4f&banner_location=header,9.89,15,,https://www.checkatrade.com/trades/bluefinchbuildingservicesltd,checkatrade,1,
Aid Construction Ltd,Mr Zahid,Builder,,https://9tuma.app.link/kLTh3RAdIQb?cat_web_device_id=b81110a8-6804-4770-bfc9-a49944d9ab66&cat_web_session_id=aacc7414-9194-4c7b-9090-815169e17a4f&banner_location=header,10,3,,https://www.checkatrade.com/trades/aidconstructionltd1137346,checkatrade,1,
T.K Building & Landscaping LTD,Mr Thomas,Builder,Wiltshire,https://9tuma.app.link/kLTh3RAdIQb?cat_web_device_id=b81110a8-6804-4770-bfc9-a49944d9ab66&cat_web_session_id=aacc7414-9194-4c7b-9090-815169e17a4f&banner_location=header,10,4,,https://www.checkatrade.com/trades/tkbuildinglandscapingltd,checkatrade,1,
Rocksure Construction (South) Ltd.,Mr Stephen,Builder,Wimborne and,https://9tuma.app.link/kLTh3RAdIQb?cat_web_device_id=b81110a8-6804-4770-bfc9-a49944d9ab66&cat_web_session_id=aacc7414-9194-4c7b-9090-815169e17a4f&banner_location=header,9.92,12,,https://www.checkatrade.com/trades/rocksureconstructionsouth,checkatrade,1,
CJI Building and Plastering,Mr Craig,Builder,,https://9tuma.app.link/kLTh3RAdIQb?cat_web_device_id=b81110a8-6804-4770-bfc9-a49944d9ab66&cat_web_session_id=aacc7414-9194-4c7b-9090-815169e17a4f&banner_location=header,10,57,,https://www.checkatrade.com/trades/craigjohnsonbuildingandplaster,checkatrade,1,
MGS Building,Mr Craig Watson,Builder,,https://9tuma.app.link/kLTh3RAdIQb?cat_web_device_id=b81110a8-6804-4770-bfc9-a49944d9ab66&cat_web_session_id=aacc7414-9194-4c7b-9090-815169e17a4f&banner_location=header,9.53,93,,https://www.checkatrade.com/trades/mgsbuilding,checkatrade,1,
1 Stop Building Services,Mr Jason,Builder,,https://9tuma.app.link/kLTh3RAdIQb?cat_web_device_id=b81110a8-6804-4770-bfc9-a49944d9ab66&cat_web_session_id=aacc7414-9194-4c7b-9090-815169e17a4f&banner_location=header,9.95,176,,https://www.checkatrade.com/trades/1stopbuildingservices,checkatrade,1,
Essex Builder Construction Ltd,Mr Darren,Builder,Hockley,https://9tuma.app.link/kLTh3RAdIQb?cat_web_device_id=b81110a8-6804-4770-bfc9-a49944d9ab66&cat_web_session_id=aacc7414-9194-4c7b-9090-815169e17a4f&banner_location=header,8.75,23,,https://www.checkatrade.com/trades/essexbuilderconstructionltd,checkatrade,1,
Besi Builder,Besim Dunisha,Builder,,https://9tuma.app.link/kLTh3RAdIQb?cat_web_device_id=b81110a8-6804-4770-bfc9-a49944d9ab66&cat_web_session_id=aacc7414-9194-4c7b-9090-815169e17a4f&banner_location=header,,,,https://www.checkatrade.com/trades/besibuilder,checkatrade,1,
RSP A1 Construction Ltd,Mr Lovejeet,Builder,,https://9tuma.app.link/kLTh3RAdIQb?cat_web_device_id=b81110a8-6804-4770-bfc9-a49944d9ab66&cat_web_session_id=aacc7414-9194-4c7b-9090-815169e17a4f&banner_location=header,9.87,22,,https://www.checkatrade.com/trades/rspa1constructionltd,checkatrade,1,
K&M Construction,Mr Paul,Builder,Gravesend and,https://9tuma.app.link/kLTh3RAdIQb?cat_web_device_id=b81110a8-6804-4770-bfc9-a49944d9ab66&cat_web_session_id=aacc7414-9194-4c7b-9090-815169e17a4f&banner_location=header,10,3,,https://www.checkatrade.com/trades/kmconstruction5898569,checkatrade,1,
Castle & Crest,Sepehr Ghanbari,Builder,all aspects,https://9tuma.app.link/kLTh3RAdIQb?cat_web_device_id=b81110a8-6804-4770-bfc9-a49944d9ab66&cat_web_session_id=aacc7414-9194-4c7b-9090-815169e17a4f&banner_location=header,9.91,23,,https://www.checkatrade.com/trades/castlecrest,checkatrade,1,
TMB Brickwork Specialists Ltd,Mr Thomas,Builder,Stoke and,https://9tuma.app.link/kLTh3RAdIQb?cat_web_device_id=b81110a8-6804-4770-bfc9-a49944d9ab66&cat_web_session_id=aacc7414-9194-4c7b-9090-815169e17a4f&banner_location=header,10,17,,https://www.checkatrade.com/trades/tmbbrickworkspecialists,checkatrade,1,
Patrik Ferenc,Mr Patrik,Builder,Derby and,https://9tuma.app.link/kLTh3RAdIQb?cat_web_device_id=b81110a8-6804-4770-bfc9-a49944d9ab66&cat_web_session_id=aacc7414-9194-4c7b-9090-815169e17a4f&banner_location=header,9.87,66,,https://www.checkatrade.com/trades/patrikferenc,checkatrade,1,
JT Developments (Midlands) Limited,Mr David,Builder,,https://9tuma.app.link/kLTh3RAdIQb?cat_web_device_id=b81110a8-6804-4770-bfc9-a49944d9ab66&cat_web_session_id=aacc7414-9194-4c7b-9090-815169e17a4f&banner_location=header,10,7,,https://www.checkatrade.com/trades/jtdevelopments,checkatrade,1,
Cubix Property Developments,Mr James,Builder,,https://9tuma.app.link/kLTh3RAdIQb?cat_web_device_id=b81110a8-6804-4770-bfc9-a49944d9ab66&cat_web_session_id=aacc7414-9194-4c7b-9090-815169e17a4f&banner_location=header,10,71,,https://www.checkatrade.com/trades/cubixpropertydevelopments,checkatrade,1,
RJ Development Group Ltd,Mr John,Builder,,https://9tuma.app.link/kLTh3RAdIQb?cat_web_device_id=b81110a8-6804-4770-bfc9-a49944d9ab66&cat_web_session_id=aacc7414-9194-4c7b-9090-815169e17a4f&banner_location=header,10,4,,https://www.checkatrade.com/trades/rjdevelopmentgroupltd,checkatrade,1,
RDW BUILDING & Maintenance Services,Mr Richard,Builder,,https://9tuma.app.link/kLTh3RAdIQb?cat_web_device_id=b81110a8-6804-4770-bfc9-a49944d9ab66&cat_web_session_id=aacc7414-9194-4c7b-9090-815169e17a4f&banner_location=header,8.57,18,,https://www.checkatrade.com/trades/rdwbuildingandmaintenanceserv,checkatrade,1,
M J Builders,Mr Malcolm,Builder,,https://9tuma.app.link/kLTh3RAdIQb?cat_web_device_id=b81110a8-6804-4770-bfc9-a49944d9ab66&cat_web_session_id=aacc7414-9194-4c7b-9090-815169e17a4f&banner_location=header,10,23,,https://www.checkatrade.com/trades/mjbuilders1099558,checkatrade,1,
B.J.Orme Brickwork & Construction,Mr. Benjamin Orme,Builder,,https://9tuma.app.link/kLTh3RAdIQb?cat_web_device_id=b81110a8-6804-4770-bfc9-a49944d9ab66&cat_web_session_id=aacc7414-9194-4c7b-9090-815169e17a4f&banner_location=header,9.95,60,,https://www.checkatrade.com/trades/bjormebrickworkandconstruction,checkatrade,1,
Wrekin Building Services Limited,Miss Kathryn,Builder,,https://9tuma.app.link/kLTh3RAdIQb?cat_web_device_id=b81110a8-6804-4770-bfc9-a49944d9ab66&cat_web_session_id=aacc7414-9194-4c7b-9090-815169e17a4f&banner_location=header,8.87,7,,https://www.checkatrade.com/trades/wrekinbuildingserviceslimited,checkatrade,1,
Morris and Sons Telford LTD,Mr Kieran,Builder,the following,https://9tuma.app.link/kLTh3RAdIQb?cat_web_device_id=b81110a8-6804-4770-bfc9-a49944d9ab66&cat_web_session_id=aacc7414-9194-4c7b-9090-815169e17a4f&banner_location=header,10,317,,https://www.checkatrade.com/trades/morrisandsonstelford,checkatrade,1,
Oakwood Builders Telford,Mr Joseph,Builder,,https://9tuma.app.link/kLTh3RAdIQb?cat_web_device_id=b81110a8-6804-4770-bfc9-a49944d9ab66&cat_web_session_id=aacc7414-9194-4c7b-9090-815169e17a4f&banner_location=header,9.75,12,,https://www.checkatrade.com/trades/oakwoodbuilderstelford,checkatrade,1,
EG Davies & Son,Mr Neil,Builder,,https://9tuma.app.link/kLTh3RAdIQb?cat_web_device_id=b81110a8-6804-4770-bfc9-a49944d9ab66&cat_web_session_id=aacc7414-9194-4c7b-9090-815169e17a4f&banner_location=header,10,34,,https://www.checkatrade.com/trades/egdaviesandson,checkatrade,1,
Signature Home Development,Mr John,Builder,,https://9tuma.app.link/kLTh3RAdIQb?cat_web_device_id=b81110a8-6804-4770-bfc9-a49944d9ab66&cat_web_session_id=aacc7414-9194-4c7b-9090-815169e17a4f&banner_location=header,10,31,,https://www.checkatrade.com/trades/signaturehomedevelopment,checkatrade,1,
R JAMES ROOFING & BUILDING LTD,Mr Richard,Builder,Llanymynech and,https://9tuma.app.link/kLTh3RAdIQb?cat_web_device_id=b81110a8-6804-4770-bfc9-a49944d9ab66&cat_web_session_id=aacc7414-9194-4c7b-9090-815169e17a4f&banner_location=header,10,3,,https://www.checkatrade.com/trades/rjamesroofingandbuildingltd,checkatrade,1,
HG Building Services,Mr Henry,Builder,Telford and,https://9tuma.app.link/kLTh3RAdIQb?cat_web_device_id=b81110a8-6804-4770-bfc9-a49944d9ab66&cat_web_session_id=aacc7414-9194-4c7b-9090-815169e17a4f&banner_location=header,9.86,7,,https://www.checkatrade.com/trades/hgbuildingservices,checkatrade,1,
Complete Joinery & Maintenance Ltd,Matthew Hassell,Builder,STOKE ON,https://9tuma.app.link/kLTh3RAdIQb?cat_web_device_id=b81110a8-6804-4770-bfc9-a49944d9ab66&cat_web_session_id=aacc7414-9194-4c7b-9090-815169e17a4f&banner_location=header,10,1,,https://www.checkatrade.com/trades/completejoineryandmaintenance1131410,checkatrade,1,
NJ Roofing Limited,Mr Nathan,Builder,Ceredigion,https://9tuma.app.link/kLTh3RAdIQb?cat_web_device_id=b81110a8-6804-4770-bfc9-a49944d9ab66&cat_web_session_id=aacc7414-9194-4c7b-9090-815169e17a4f&banner_location=header,9.85,20,,https://www.checkatrade.com/trades/njroofinglimited,checkatrade,1,
Dyfi Renovations Ltd,Mr Huw,Builder,Tywyn and,https://9tuma.app.link/kLTh3RAdIQb?cat_web_device_id=b81110a8-6804-4770-bfc9-a49944d9ab66&cat_web_session_id=aacc7414-9194-4c7b-9090-815169e17a4f&banner_location=header,9.85,20,,https://www.checkatrade.com/trades/dyfirenovationsltd,checkatrade,1,
David Williams General Builder,Mr David,Builder,,https://9tuma.app.link/kLTh3RAdIQb?cat_web_device_id=b81110a8-6804-4770-bfc9-a49944d9ab66&cat_web_session_id=aacc7414-9194-4c7b-9090-815169e17a4f&banner_location=header,10,14,,https://www.checkatrade.com/trades/dwilliams,checkatrade,1,
JAYS RENOVATIONS LTD,Mr James,Builder,,https://9tuma.app.link/kLTh3RAdIQb?cat_web_device_id=b81110a8-6804-4770-bfc9-a49944d9ab66&cat_web_session_id=aacc7414-9194-4c7b-9090-815169e17a4f&banner_location=header,9.94,6,,https://www.checkatrade.com/trades/jaysrenovationsltd | https://www.myjobquote.co.uk/t/am-renovations | https://www.myjobquote.co.uk/t/am-renovations | https://www.myjobquote.co.uk/t/ses-renovations-ltd | https://www.myjobquote.co.uk/t/ses-renovations-ltd | https://www.myjobquote.co.uk/t/fps-renovations-ltd | https://www.myjobquote.co.uk/t/fps-renovations-ltd,"checkatrade, myjobquote",2,
Streamline Construction SW Ltd,Mr Mark,Builder,,https://9tuma.app.link/kLTh3RAdIQb?cat_web_device_id=b81110a8-6804-4770-bfc9-a49944d9ab66&cat_web_session_id=aacc7414-9194-4c7b-9090-815169e17a4f&banner_location=header,9.8,27,,https://www.checkatrade.com/trades/streamlineconstructionswltd,checkatrade,1,
MD CONSTRUCTION (SOUTH WEST) LTD,Mr. Matthew Dallow,Builder,Weston and,https://9tuma.app.link/kLTh3RAdIQb?cat_web_device_id=b81110a8-6804-4770-bfc9-a49944d9ab66&cat_web_session_id=aacc7414-9194-4c7b-9090-815169e17a4f&banner_location=header,10,12,,https://www.checkatrade.com/trades/mdconstruction938328,checkatrade,1,
H M Building And Landscaping,Mr Hamish,Builder,,https://9tuma.app.link/kLTh3RAdIQb?cat_web_device_id=b81110a8-6804-4770-bfc9-a49944d9ab66&cat_web_session_id=aacc7414-9194-4c7b-9090-815169e17a4f&banner_location=header,9.83,20,,https://www.checkatrade.com/trades/hmbuildingandlandscaping,checkatrade,1,
DJF Building,Mr. David Fiddler,Builder,all aspects,https://9tuma.app.link/kLTh3RAdIQb?cat_web_device_id=b81110a8-6804-4770-bfc9-a49944d9ab66&cat_web_session_id=aacc7414-9194-4c7b-9090-815169e17a4f&banner_location=header,10,42,,https://www.checkatrade.com/trades/djfbuilding,checkatrade,1,
Bryant Electrical and Building Services Maintenance,Mr Ian,Builder,Tipton and,https://9tuma.app.link/kLTh3RAdIQb?cat_web_device_id=b81110a8-6804-4770-bfc9-a49944d9ab66&cat_web_session_id=aacc7414-9194-4c7b-9090-815169e17a4f&banner_location=header,9.79,61,,https://www.checkatrade.com/trades/bryantelectricalandmaintenance,checkatrade,1,
Wooden It Be Nice? Ltd,Mr Todd,Builder,,https://9tuma.app.link/kLTh3RAdIQb?cat_web_device_id=b81110a8-6804-4770-bfc9-a49944d9ab66&cat_web_session_id=aacc7414-9194-4c7b-9090-815169e17a4f&banner_location=header,9.67,21,,https://www.checkatrade.com/trades/woodenitbenice1066559,checkatrade,1,
G2 Brothers Construction,Mr Thomas,Builder,Warlingham,https://9tuma.app.link/kLTh3RAdIQb?cat_web_device_id=b81110a8-6804-4770-bfc9-a49944d9ab66&cat_web_session_id=aacc7414-9194-4c7b-9090-815169e17a4f&banner_location=header,9.67,28,,https://www.checkatrade.com/trades/g2brothersconstruction | https://www.myjobquote.co.uk/t/blumbergs | https://www.myjobquote.co.uk/t/blumbergs,"checkatrade, myjobquote",2,
TW Build,Mr Thomas,Builder,,https://9tuma.app.link/kLTh3RAdIQb?cat_web_device_id=b81110a8-6804-4770-bfc9-a49944d9ab66&cat_web_session_id=aacc7414-9194-4c7b-9090-815169e17a4f&banner_location=header,9.94,51,,https://www.checkatrade.com/trades/twbuild | https://www.myjobquote.co.uk/t/wbuild | https://www.myjobquote.co.uk/t/wbuild,"checkatrade, myjobquote",2,
Manor Building,Mr Jean,Builder,,https://9tuma.app.link/kLTh3RAdIQb?cat_web_device_id=b81110a8-6804-4770-bfc9-a49944d9ab66&cat_web_session_id=aacc7414-9194-4c7b-9090-815169e17a4f&banner_location=header,10,39,,https://www.checkatrade.com/trades/manorbuilding,checkatrade,1,
DD Brickwork & Construction,Mr. Danny Bennett,Builder,East Sussex,https://9tuma.app.link/kLTh3RAdIQb?cat_web_device_id=b81110a8-6804-4770-bfc9-a49944d9ab66&cat_web_session_id=aacc7414-9194-4c7b-9090-815169e17a4f&banner_location=header,9.78,229,,https://www.checkatrade.com/trades/ddbrickworkandconstruction,checkatrade,1,
Advance Building Contractor,Mr Tony,Builder,,https://9tuma.app.link/kLTh3RAdIQb?cat_web_device_id=b81110a8-6804-4770-bfc9-a49944d9ab66&cat_web_session_id=aacc7414-9194-4c7b-9090-815169e17a4f&banner_location=header,10,70,,https://www.checkatrade.com/trades/advancedbuildingcontractor,checkatrade,1,
CS Design and Build,Mr Samuel,Builder,,https://9tuma.app.link/kLTh3RAdIQb?cat_web_device_id=b81110a8-6804-4770-bfc9-a49944d9ab66&cat_web_session_id=aacc7414-9194-4c7b-9090-815169e17a4f&banner_location=header,9.67,11,,https://www.checkatrade.com/trades/csdesignandbuild,checkatrade,1,
Birchcourt Homes,Mr Daniel,Builder,,https://9tuma.app.link/kLTh3RAdIQb?cat_web_device_id=b81110a8-6804-4770-bfc9-a49944d9ab66&cat_web_session_id=aacc7414-9194-4c7b-9090-815169e17a4f&banner_location=header,9.67,183,,https://www.checkatrade.com/trades/birchcourthomes,checkatrade,1,
Prop.co,Mr Peter,Builder,the following,https://9tuma.app.link/kLTh3RAdIQb?cat_web_device_id=b81110a8-6804-4770-bfc9-a49944d9ab66&cat_web_session_id=aacc7414-9194-4c7b-9090-815169e17a4f&banner_location=header,9.91,442,,https://www.checkatrade.com/trades/propco | https://www.myjobquote.co.uk/t/rky-developments-ltd | https://www.myjobquote.co.uk/t/rky-developments-ltd,"checkatrade, myjobquote",2,
Edibuildingservice,Mr. Eduart Shurbi,Builder,,https://9tuma.app.link/kLTh3RAdIQb?cat_web_device_id=b81110a8-6804-4770-bfc9-a49944d9ab66&cat_web_session_id=aacc7414-9194-4c7b-9090-815169e17a4f&banner_location=header,9.9,95,,https://www.checkatrade.com/trades/edibuildingservice,checkatrade,1,
DPR Construction,Mr. Scott Putman,Builder,Hastings and,https://9tuma.app.link/kLTh3RAdIQb?cat_web_device_id=b81110a8-6804-4770-bfc9-a49944d9ab66&cat_web_session_id=aacc7414-9194-4c7b-9090-815169e17a4f&banner_location=header,9.96,31,,https://www.checkatrade.com/trades/dprconstruction,checkatrade,1,
MDG Brickwork & Building Limited,Mr Mathew,Builder,,https://9tuma.app.link/kLTh3RAdIQb?cat_web_device_id=b81110a8-6804-4770-bfc9-a49944d9ab66&cat_web_session_id=aacc7414-9194-4c7b-9090-815169e17a4f&banner_location=header,10,15,,https://www.checkatrade.com/trades/mdgbrickworkbuilding,checkatrade,1,
R B Building Services,Mr Robert,Builder,,https://9tuma.app.link/kLTh3RAdIQb?cat_web_device_id=b81110a8-6804-4770-bfc9-a49944d9ab66&cat_web_session_id=aacc7414-9194-4c7b-9090-815169e17a4f&banner_location=header,9.5,24,,https://www.checkatrade.com/trades/rbbuildingservices1071480,checkatrade,1,
PGF Construction Limited,Mr Nicholas,Builder,,https://9tuma.app.link/kLTh3RAdIQb?cat_web_device_id=b81110a8-6804-4770-bfc9-a49944d9ab66&cat_web_session_id=aacc7414-9194-4c7b-9090-815169e17a4f&banner_location=header,10,37,,https://www.checkatrade.com/trades/pgfconstruction,checkatrade,1,
Taylor and Bolan Building Services Ltd,Mr. Stuart Taylor,Builder,,https://9tuma.app.link/kLTh3RAdIQb?cat_web_device_id=b81110a8-6804-4770-bfc9-a49944d9ab66&cat_web_session_id=aacc7414-9194-4c7b-9090-815169e17a4f&banner_location=header,9.93,17,,https://www.checkatrade.com/trades/taylorandbolanbuildingservicesltd,checkatrade,1,
Bespoke Craftsmen Ltd,Mr Cameron,Builder,,https://9tuma.app.link/kLTh3RAdIQb?cat_web_device_id=b81110a8-6804-4770-bfc9-a49944d9ab66&cat_web_session_id=aacc7414-9194-4c7b-9090-815169e17a4f&banner_location=header,9.5,24,,https://www.checkatrade.com/trades/bespokecraftsmen,checkatrade,1,
TSC Construction Ltd,Mr. Thomas Snell,Builder,Cornwall,https://9tuma.app.link/kLTh3RAdIQb?cat_web_device_id=b81110a8-6804-4770-bfc9-a49944d9ab66&cat_web_session_id=aacc7414-9194-4c7b-9090-815169e17a4f&banner_location=header,9.89,27,,https://www.checkatrade.com/trades/tscconstruction1050822,checkatrade,1,
Fisk Construction,Mr David,Builder,Cornwall and,https://9tuma.app.link/kLTh3RAdIQb?cat_web_device_id=b81110a8-6804-4770-bfc9-a49944d9ab66&cat_web_session_id=aacc7414-9194-4c7b-9090-815169e17a4f&banner_location=header,9.86,14,,https://www.checkatrade.com/trades/fiskconstruction,checkatrade,1,
C I S (UK) Ltd,Mr. Andrew Sangster,Builder,,https://9tuma.app.link/kLTh3RAdIQb?cat_web_device_id=b81110a8-6804-4770-bfc9-a49944d9ab66&cat_web_session_id=aacc7414-9194-4c7b-9090-815169e17a4f&banner_location=header,9.83,34,,https://www.checkatrade.com/trades/cis890740,checkatrade,1,
Trevaskis Design Solutions Limited,Mr Robert,Builder,,https://9tuma.app.link/kLTh3RAdIQb?cat_web_device_id=b81110a8-6804-4770-bfc9-a49944d9ab66&cat_web_session_id=aacc7414-9194-4c7b-9090-815169e17a4f&banner_location=header,9.5,46,,https://www.checkatrade.com/trades/trevaskisdesignsolutions,checkatrade,1,
Beaulen Construction,Mr Joseph,Builder,kitchens,https://9tuma.app.link/kLTh3RAdIQb?cat_web_device_id=b81110a8-6804-4770-bfc9-a49944d9ab66&cat_web_session_id=aacc7414-9194-4c7b-9090-815169e17a4f&banner_location=header,9.44,28,,https://www.checkatrade.com/trades/beaulenconstruction,checkatrade,1,
SHORE FIX CONSTRUCTION LTD,Mrs Tracy,Builder,,https://9tuma.app.link/kLTh3RAdIQb?cat_web_device_id=b81110a8-6804-4770-bfc9-a49944d9ab66&cat_web_session_id=aacc7414-9194-4c7b-9090-815169e17a4f&banner_location=header,9,9,,https://www.checkatrade.com/trades/shorefixconstructionltd,checkatrade,1,
Sjw builder,Mr Samuel,Builder,Camborne and,https://9tuma.app.link/kLTh3RAdIQb?cat_web_device_id=b81110a8-6804-4770-bfc9-a49944d9ab66&cat_web_session_id=aacc7414-9194-4c7b-9090-815169e17a4f&banner_location=header,9.94,6,,https://www.checkatrade.com/trades/sjwbuilder,checkatrade,1,
Maze Carpentry LTD,Mr Jake,Builder,Falmouth and,https://9tuma.app.link/kLTh3RAdIQb?cat_web_device_id=b81110a8-6804-4770-bfc9-a49944d9ab66&cat_web_session_id=aacc7414-9194-4c7b-9090-815169e17a4f&banner_location=header,9.86,14,,https://www.checkatrade.com/trades/mazecarpentryltd1139834 | https://www.myjobquote.co.uk/t/omari-carpentry | https://www.myjobquote.co.uk/t/omari-carpentry,"checkatrade, myjobquote",2,
Webber And Son Builders Ltd,Mr Paul,Builder,Tr postcodes,https://9tuma.app.link/kLTh3RAdIQb?cat_web_device_id=b81110a8-6804-4770-bfc9-a49944d9ab66&cat_web_session_id=aacc7414-9194-4c7b-9090-815169e17a4f&banner_location=header,10,1,,https://www.checkatrade.com/trades/webberandsonbuildersltd,checkatrade,1,
HWEL LTD,Mr Daniel,Builder,,https://9tuma.app.link/kLTh3RAdIQb?cat_web_device_id=b81110a8-6804-4770-bfc9-a49944d9ab66&cat_web_session_id=aacc7414-9194-4c7b-9090-815169e17a4f&banner_location=header,9.81,181,,https://www.checkatrade.com/trades/dbplumbingandheatingsmethwick,checkatrade,1,
Kensington Home Improvements,Mr Paul,Builder,,https://9tuma.app.link/kLTh3RAdIQb?cat_web_device_id=b81110a8-6804-4770-bfc9-a49944d9ab66&cat_web_session_id=aacc7414-9194-4c7b-9090-815169e17a4f&banner_location=header,10,104,,https://www.checkatrade.com/trades/kensingtonhomeimprovements,checkatrade,1,
Hampton Court Homes Limited,Mr Richard,Builder,East Molesey,https://9tuma.app.link/kLTh3RAdIQb?cat_web_device_id=b81110a8-6804-4770-bfc9-a49944d9ab66&cat_web_session_id=aacc7414-9194-4c7b-9090-815169e17a4f&banner_location=header,9.8,408,,https://www.checkatrade.com/trades/hamptoncourthomeslimited,checkatrade,1,
Forge and Build,Mr Ahmed,Builder,London and,https://9tuma.app.link/kLTh3RAdIQb?cat_web_device_id=b81110a8-6804-4770-bfc9-a49944d9ab66&cat_web_session_id=aacc7414-9194-4c7b-9090-815169e17a4f&banner_location=header,10,1,,https://www.checkatrade.com/trades/forgeandbuild,checkatrade,1,
Luca Buildings Services Limited,Miss Lorena,Builder,,https://9tuma.app.link/kLTh3RAdIQb?cat_web_device_id=b81110a8-6804-4770-bfc9-a49944d9ab66&cat_web_session_id=aacc7414-9194-4c7b-9090-815169e17a4f&banner_location=header,10,35,,https://www.checkatrade.com/trades/lucabuildingservices,checkatrade,1,
Velia Brothers Constructions,Mr Florens,Builder,the Wallington,https://9tuma.app.link/kLTh3RAdIQb?cat_web_device_id=b81110a8-6804-4770-bfc9-a49944d9ab66&cat_web_session_id=aacc7414-9194-4c7b-9090-815169e17a4f&banner_location=header,10,82,,https://www.checkatrade.com/trades/veliabrothersconstructions,checkatrade,1,
Alba Building Service,Mr Shaqir,Builder,,https://9tuma.app.link/kLTh3RAdIQb?cat_web_device_id=b81110a8-6804-4770-bfc9-a49944d9ab66&cat_web_session_id=aacc7414-9194-4c7b-9090-815169e17a4f&banner_location=header,9.77,74,,https://www.checkatrade.com/trades/albabuildingservice,checkatrade,1,
Light House Design,,Builder,,https://9tuma.app.link/kLTh3RAdIQb?cat_web_device_id=b81110a8-6804-4770-bfc9-a49944d9ab66&cat_web_session_id=aacc7414-9194-4c7b-9090-815169e17a4f&banner_location=header,9.98,91,,https://www.checkatrade.com/trades/lighthousedesignlimited934115,checkatrade,1,
MB Home Improvements,Mr Michael,Builder,,https://9tuma.app.link/kLTh3RAdIQb?cat_web_device_id=b81110a8-6804-4770-bfc9-a49944d9ab66&cat_web_session_id=aacc7414-9194-4c7b-9090-815169e17a4f&banner_location=header,10,42,,https://www.checkatrade.com/trades/mbhomeimprovements000,checkatrade,1,
Stanley Solutions Builders Ltd,Mr Stanislaw,Builder,Warrington,https://9tuma.app.link/kLTh3RAdIQb?cat_web_device_id=b81110a8-6804-4770-bfc9-a49944d9ab66&cat_web_session_id=aacc7414-9194-4c7b-9090-815169e17a4f&banner_location=header,9.85,74,,https://www.checkatrade.com/trades/stanleysolutions,checkatrade,1,
Apollo Plastering and Building Services,Mr. Stephen Baker,Builder,,https://9tuma.app.link/kLTh3RAdIQb?cat_web_device_id=b81110a8-6804-4770-bfc9-a49944d9ab66&cat_web_session_id=aacc7414-9194-4c7b-9090-815169e17a4f&banner_location=header,9.85,73,,https://www.checkatrade.com/trades/apolloplastering,checkatrade,1,
R G Building Services (leeds) Ltd,Mrs Katie,Builder,Leeds,https://9tuma.app.link/kLTh3RAdIQb?cat_web_device_id=b81110a8-6804-4770-bfc9-a49944d9ab66&cat_web_session_id=aacc7414-9194-4c7b-9090-815169e17a4f&banner_location=header,9.93,29,,https://www.checkatrade.com/trades/rgbuildingservices1071921,checkatrade,1,
HARFORD CONSTRUCTION,Mr Cameron,Builder,,https://9tuma.app.link/kLTh3RAdIQb?cat_web_device_id=b81110a8-6804-4770-bfc9-a49944d9ab66&cat_web_session_id=aacc7414-9194-4c7b-9090-815169e17a4f&banner_location=header,10,6,,https://www.checkatrade.com/trades/harfordconstruction,checkatrade,1,
D&J Building & Electrical Services LTD T/A,Mr James,Builder,the Worcestershire,https://9tuma.app.link/kLTh3RAdIQb?cat_web_device_id=b81110a8-6804-4770-bfc9-a49944d9ab66&cat_web_session_id=aacc7414-9194-4c7b-9090-815169e17a4f&banner_location=header,10,9,,https://www.checkatrade.com/trades/djbuildingelectricalservicesltdta,checkatrade,1,
AJG Construction Midlands Ltd,Mr. Caroline Gibbons,Builder,,https://9tuma.app.link/kLTh3RAdIQb?cat_web_device_id=b81110a8-6804-4770-bfc9-a49944d9ab66&cat_web_session_id=aacc7414-9194-4c7b-9090-815169e17a4f&banner_location=header,9.93,33,,https://www.checkatrade.com/trades/ajgpropertiesuk,checkatrade,1,
A.B.P Garage Conversions and Alterations,Mr Alan,Builder,,https://9tuma.app.link/kLTh3RAdIQb?cat_web_device_id=b81110a8-6804-4770-bfc9-a49944d9ab66&cat_web_session_id=aacc7414-9194-4c7b-9090-815169e17a4f&banner_location=header,9.93,152,,https://www.checkatrade.com/trades/abpgarageconversionsandalterations,checkatrade,1,
Love To Build & Sons,Mr Andrew,Builder,,https://9tuma.app.link/kLTh3RAdIQb?cat_web_device_id=b81110a8-6804-4770-bfc9-a49944d9ab66&cat_web_session_id=aacc7414-9194-4c7b-9090-815169e17a4f&banner_location=header,10,46,,https://www.checkatrade.com/trades/lovetobuildandsons,checkatrade,1,
CKG Homes Limited,Mr Satwinder,Builder,,https://9tuma.app.link/kLTh3RAdIQb?cat_web_device_id=b81110a8-6804-4770-bfc9-a49944d9ab66&cat_web_session_id=aacc7414-9194-4c7b-9090-815169e17a4f&banner_location=header,9.88,26,,https://www.checkatrade.com/trades/ckghomes,checkatrade,1,
Olympia trade Ltd,Mr Nicholas,Builder,,https://9tuma.app.link/kLTh3RAdIQb?cat_web_device_id=b81110a8-6804-4770-bfc9-a49944d9ab66&cat_web_session_id=aacc7414-9194-4c7b-9090-815169e17a4f&banner_location=header,10,79,,https://www.checkatrade.com/trades/olympiatrade,checkatrade,1,
CB Construction,Mr Simon,Builder,,https://9tuma.app.link/kLTh3RAdIQb?cat_web_device_id=b81110a8-6804-4770-bfc9-a49944d9ab66&cat_web_session_id=aacc7414-9194-4c7b-9090-815169e17a4f&banner_location=header,10,29,,https://www.checkatrade.com/trades/cbconstruction834165,checkatrade,1,
GWILLIAM BUILDERS & SONS LTD,Mr Alan,Builder,,https://9tuma.app.link/kLTh3RAdIQb?cat_web_device_id=b81110a8-6804-4770-bfc9-a49944d9ab66&cat_web_session_id=aacc7414-9194-4c7b-9090-815169e17a4f&banner_location=header,9.67,50,,https://www.checkatrade.com/trades/gwilliambuildersandsonsltd,checkatrade,1,
KBF Osborn Services,Mr Paul,Builder,Birmingham and,https://9tuma.app.link/kLTh3RAdIQb?cat_web_device_id=b81110a8-6804-4770-bfc9-a49944d9ab66&cat_web_session_id=aacc7414-9194-4c7b-9090-815169e17a4f&banner_location=header,8.57,8,,https://www.checkatrade.com/trades/kbfosbornservices,checkatrade,1,
K.T.D Building Services,Mr Kenneth,Builder,,https://9tuma.app.link/kLTh3RAdIQb?cat_web_device_id=b81110a8-6804-4770-bfc9-a49944d9ab66&cat_web_session_id=aacc7414-9194-4c7b-9090-815169e17a4f&banner_location=header,10,32,,https://www.checkatrade.com/trades/ktdbuildingservices,checkatrade,1,
Carl Clinton Construction,Mr Carl,Builder,,https://9tuma.app.link/kLTh3RAdIQb?cat_web_device_id=b81110a8-6804-4770-bfc9-a49944d9ab66&cat_web_session_id=aacc7414-9194-4c7b-9090-815169e17a4f&banner_location=header,9.87,19,,https://www.checkatrade.com/trades/carlclintonconstruction,checkatrade,1,
Parkside Building Services Ltd,Mr Joseph,Builder,,https://9tuma.app.link/kLTh3RAdIQb?cat_web_device_id=b81110a8-6804-4770-bfc9-a49944d9ab66&cat_web_session_id=aacc7414-9194-4c7b-9090-815169e17a4f&banner_location=header,10,32,,https://www.checkatrade.com/trades/parksidebuildingservicesltd,checkatrade,1,
Best Homes Builder Ltd,Mr Malkit,Builder,WEST BROMWICH,https://9tuma.app.link/kLTh3RAdIQb?cat_web_device_id=b81110a8-6804-4770-bfc9-a49944d9ab66&cat_web_session_id=aacc7414-9194-4c7b-9090-815169e17a4f&banner_location=header,8.57,8,,https://www.checkatrade.com/trades/besthomesbuilderltd,checkatrade,1,
L O’Reilly Carpentry & Joinery LTD,Mr Lewis,Builder,,https://9tuma.app.link/kLTh3RAdIQb?cat_web_device_id=b81110a8-6804-4770-bfc9-a49944d9ab66&cat_web_session_id=aacc7414-9194-4c7b-9090-815169e17a4f&banner_location=header,9.78,21,,https://www.checkatrade.com/trades/loreillycarpentryandjoineryltd,checkatrade,1,
HattonHomesSelby Ltd,Mr Andrew,Builder,Selby North,https://9tuma.app.link/kLTh3RAdIQb?cat_web_device_id=b81110a8-6804-4770-bfc9-a49944d9ab66&cat_web_session_id=aacc7414-9194-4c7b-9090-815169e17a4f&banner_location=header,10,9,,https://www.checkatrade.com/trades/hattonhomesselbyltd,checkatrade,1,
S Thompson Ltd,Mr Steve,Builder,Haxby we,https://9tuma.app.link/kLTh3RAdIQb?cat_web_device_id=b81110a8-6804-4770-bfc9-a49944d9ab66&cat_web_session_id=aacc7414-9194-4c7b-9090-815169e17a4f&banner_location=header,9.83,140,,https://www.checkatrade.com/trades/sthompson | https://www.myjobquote.co.uk/t/pthompson | https://www.myjobquote.co.uk/t/pthompson,"checkatrade, myjobquote",2,
All Round Developments Ltd,Mr Ben,Builder,York,https://9tuma.app.link/kLTh3RAdIQb?cat_web_device_id=b81110a8-6804-4770-bfc9-a49944d9ab66&cat_web_session_id=aacc7414-9194-4c7b-9090-815169e17a4f&banner_location=header,10,6,,https://www.checkatrade.com/trades/allrounddevelopmentsltd,checkatrade,1,
SA Services,Mr Simon,Builder,West Haslerton,https://9tuma.app.link/kLTh3RAdIQb?cat_web_device_id=b81110a8-6804-4770-bfc9-a49944d9ab66&cat_web_session_id=aacc7414-9194-4c7b-9090-815169e17a4f&banner_location=header,10,131,,https://www.checkatrade.com/trades/saservices | https://www.myjobquote.co.uk/t/issa-services | https://www.myjobquote.co.uk/t/issa-services,"checkatrade, myjobquote",2,
Eminence Developments Scarborough Limited,Mr. Lucas Hardisty,Builder,,https://9tuma.app.link/kLTh3RAdIQb?cat_web_device_id=b81110a8-6804-4770-bfc9-a49944d9ab66&cat_web_session_id=aacc7414-9194-4c7b-9090-815169e17a4f&banner_location=header,9.94,44,,https://www.checkatrade.com/trades/eminencedevelopmentsscarboroughlimited,checkatrade,1,
MJY BRICKWORKS LTD,Mr Matthew,Builder,,https://9tuma.app.link/kLTh3RAdIQb?cat_web_device_id=b81110a8-6804-4770-bfc9-a49944d9ab66&cat_web_session_id=aacc7414-9194-4c7b-9090-815169e17a4f&banner_location=header,10,15,,https://www.checkatrade.com/trades/mjybrickworksltd,checkatrade,1,
IML BUILDING Ltd,Mr Iain,Builder,,https://9tuma.app.link/kLTh3RAdIQb?cat_web_device_id=b81110a8-6804-4770-bfc9-a49944d9ab66&cat_web_session_id=aacc7414-9194-4c7b-9090-815169e17a4f&banner_location=header,9.78,1,,https://www.checkatrade.com/trades/imlbuildingltd,checkatrade,1,
Sharpsaw Joinery And Builders Ltd,Mr Arkadiusz,Builder,,https://9tuma.app.link/kLTh3RAdIQb?cat_web_device_id=b81110a8-6804-4770-bfc9-a49944d9ab66&cat_web_session_id=aacc7414-9194-4c7b-9090-815169e17a4f&banner_location=header,9.71,3,,https://www.checkatrade.com/trades/sharpsawjoineryandbuildersltd,checkatrade,1,
Lhc Builders Ltd,Mr Lukas,Builder,DUNDEE and,https://9tuma.app.link/kLTh3RAdIQb?cat_web_device_id=b81110a8-6804-4770-bfc9-a49944d9ab66&cat_web_session_id=aacc7414-9194-4c7b-9090-815169e17a4f&banner_location=header,9.92,4,,https://www.checkatrade.com/trades/lhcbuilders | https://www.myjobquote.co.uk/t/local-builders-1 | https://www.myjobquote.co.uk/t/33-construction-services-ltd,"checkatrade, myjobquote",2,
Monarch Empire Developments ltd,Mr Charles,Builder,to stop,https://9tuma.app.link/kLTh3RAdIQb?cat_web_device_id=b81110a8-6804-4770-bfc9-a49944d9ab66&cat_web_session_id=aacc7414-9194-4c7b-9090-815169e17a4f&banner_location=header,8.7,11,,https://www.checkatrade.com/trades/monarchempiredevelopmentsltd,checkatrade,1,
BD BUILDING & HOME RENOVATION LTD,Mr Brandon,Builder,,https://9tuma.app.link/kLTh3RAdIQb?cat_web_device_id=b81110a8-6804-4770-bfc9-a49944d9ab66&cat_web_session_id=aacc7414-9194-4c7b-9090-815169e17a4f&banner_location=header,9.89,47,,https://www.checkatrade.com/trades/bdbuildinghomerenovationltd,checkatrade,1,
W Stewart Contracts,Mr William,Builder,Fife,https://9tuma.app.link/kLTh3RAdIQb?cat_web_device_id=b81110a8-6804-4770-bfc9-a49944d9ab66&cat_web_session_id=aacc7414-9194-4c7b-9090-815169e17a4f&banner_location=header,9.81,90,,https://www.checkatrade.com/trades/wstewartcontracts,checkatrade,1,
KAD-BUILD,Mr Keith,Builder,Dalkeith,https://9tuma.app.link/kLTh3RAdIQb?cat_web_device_id=b81110a8-6804-4770-bfc9-a49944d9ab66&cat_web_session_id=aacc7414-9194-4c7b-9090-815169e17a4f&banner_location=header,9.83,4,,https://www.checkatrade.com/trades/kadbuild,checkatrade,1,
AMC Design & Build,Mr Andrew,Builder,Glasgow and,https://9tuma.app.link/kLTh3RAdIQb?cat_web_device_id=b81110a8-6804-4770-bfc9-a49944d9ab66&cat_web_session_id=aacc7414-9194-4c7b-9090-815169e17a4f&banner_location=header,10,2,,https://www.checkatrade.com/trades/amcdesignbuild,checkatrade,1,
Premier Roofing & Building,Mr Edward,Builder,,https://9tuma.app.link/kLTh3RAdIQb?cat_web_device_id=b81110a8-6804-4770-bfc9-a49944d9ab66&cat_web_session_id=aacc7414-9194-4c7b-9090-815169e17a4f&banner_location=header,9.29,60,,https://www.checkatrade.com/trades/premierroofingandbuilding296075,checkatrade,1,
Alpha Business Contractors Ltd,Mr. Peter Vanicek,Builder,,https://9tuma.app.link/kLTh3RAdIQb?cat_web_device_id=b81110a8-6804-4770-bfc9-a49944d9ab66&cat_web_session_id=aacc7414-9194-4c7b-9090-815169e17a4f&banner_location=header,8,30,,https://www.checkatrade.com/trades/alphabusinesscontractorsltd971655,checkatrade,1,
Old Town Building Services,Mr John,Builder,,https://9tuma.app.link/kLTh3RAdIQb?cat_web_device_id=b81110a8-6804-4770-bfc9-a49944d9ab66&cat_web_session_id=aacc7414-9194-4c7b-9090-815169e17a4f&banner_location=header,8,30,,https://www.checkatrade.com/trades/oldtownbuildingservices,checkatrade,1,
George Campbell,Mr George,Builder,,https://9tuma.app.link/kLTh3RAdIQb?cat_web_device_id=b81110a8-6804-4770-bfc9-a49944d9ab66&cat_web_session_id=aacc7414-9194-4c7b-9090-815169e17a4f&banner_location=header,9.91,39,,https://www.checkatrade.com/trades/georgecampbell1091687,checkatrade,1,
Probuild Contracts,Mr. Lee Spence,Builder,all of,https://9tuma.app.link/kLTh3RAdIQb?cat_web_device_id=b81110a8-6804-4770-bfc9-a49944d9ab66&cat_web_session_id=aacc7414-9194-4c7b-9090-815169e17a4f&banner_location=header,8.61,72,,https://www.checkatrade.com/trades/probuildcontracts,checkatrade,1,
Travelling Workshop,Mr Dmytro,Builder,,https://9tuma.app.link/kLTh3RAdIQb?cat_web_device_id=b81110a8-6804-4770-bfc9-a49944d9ab66&cat_web_session_id=aacc7414-9194-4c7b-9090-815169e17a4f&banner_location=header,9.77,81,,https://www.checkatrade.com/trades/travellingworkshop,checkatrade,1,
DSH Contracts Ltd,Mr David,Builder,,https://9tuma.app.link/kLTh3RAdIQb?cat_web_device_id=b81110a8-6804-4770-bfc9-a49944d9ab66&cat_web_session_id=aacc7414-9194-4c7b-9090-815169e17a4f&banner_location=header,10,5,,https://www.checkatrade.com/trades/dshcontracts,checkatrade,1,
Trader Brothers LTD,Mr Olaf,Builder,,https://9tuma.app.link/kLTh3RAdIQb?cat_web_device_id=b81110a8-6804-4770-bfc9-a49944d9ab66&cat_web_session_id=aacc7414-9194-4c7b-9090-815169e17a4f&banner_location=header,10,68,,https://www.checkatrade.com/trades/traderbrothersltd,checkatrade,1,
Corstorphine Roofing & Building Ltd,Mr Charles,Builder,all your,https://9tuma.app.link/kLTh3RAdIQb?cat_web_device_id=b81110a8-6804-4770-bfc9-a49944d9ab66&cat_web_session_id=aacc7414-9194-4c7b-9090-815169e17a4f&banner_location=header,9.72,61,,https://www.checkatrade.com/trades/corstorphineroofingandbuilding,checkatrade,1,
Clyde Windows & Construction Ltd,Mr Richard,Builder,,https://9tuma.app.link/kLTh3RAdIQb?cat_web_device_id=b81110a8-6804-4770-bfc9-a49944d9ab66&cat_web_session_id=aacc7414-9194-4c7b-9090-815169e17a4f&banner_location=header,10,22,,https://www.checkatrade.com/trades/clydewindowsandconstruction1114553,checkatrade,1,
John Reilly Joinery,Mr John,Builder,Musselburgh and,https://9tuma.app.link/kLTh3RAdIQb?cat_web_device_id=b81110a8-6804-4770-bfc9-a49944d9ab66&cat_web_session_id=aacc7414-9194-4c7b-9090-815169e17a4f&banner_location=header,8,6,,https://www.checkatrade.com/trades/johnreillyjoineryandbuildingservices,checkatrade,1,
RS1 Construction,Mr Robert,Builder,,https://9tuma.app.link/kLTh3RAdIQb?cat_web_device_id=b81110a8-6804-4770-bfc9-a49944d9ab66&cat_web_session_id=aacc7414-9194-4c7b-9090-815169e17a4f&banner_location=header,10,51,,https://www.checkatrade.com/trades/rs1construction,checkatrade,1,
John Reid Roofing & Rough Casting,Mr Issac,Builder,all aspects,https://9tuma.app.link/kLTh3RAdIQb?cat_web_device_id=b81110a8-6804-4770-bfc9-a49944d9ab66&cat_web_session_id=aacc7414-9194-4c7b-9090-815169e17a4f&banner_location=header,9.82,179,,https://www.checkatrade.com/trades/johnreidroofingandroughcasting,checkatrade,1,
S Milligan Joiners & Builders LTD,Mr Stanley,Builder,clients throughout,https://9tuma.app.link/kLTh3RAdIQb?cat_web_device_id=b81110a8-6804-4770-bfc9-a49944d9ab66&cat_web_session_id=aacc7414-9194-4c7b-9090-815169e17a4f&banner_location=header,10,32,,https://www.checkatrade.com/trades/smilliganjoinersbuildersltd,checkatrade,1,
Renova Home Renovations,Mr Janis,Builder,,https://9tuma.app.link/kLTh3RAdIQb?cat_web_device_id=b81110a8-6804-4770-bfc9-a49944d9ab66&cat_web_session_id=aacc7414-9194-4c7b-9090-815169e17a4f&banner_location=header,10,59,,https://www.checkatrade.com/trades/renovahomerenovations,checkatrade,1,
L A Builders,Mr Alex,Builder,Larbert,https://9tuma.app.link/kLTh3RAdIQb?cat_web_device_id=b81110a8-6804-4770-bfc9-a49944d9ab66&cat_web_session_id=aacc7414-9194-4c7b-9090-815169e17a4f&banner_location=header,10,35,,https://www.checkatrade.com/trades/labuilders,checkatrade,1,
J J Brickwork Contractor,Mr Jake,Builder,,https://9tuma.app.link/kLTh3RAdIQb?cat_web_device_id=b81110a8-6804-4770-bfc9-a49944d9ab66&cat_web_session_id=aacc7414-9194-4c7b-9090-815169e17a4f&banner_location=header,10,4,,https://www.checkatrade.com/trades/jjbrickworkcontractor,checkatrade,1,
Eddington Joinery & Building Services,Mr Stephen,Builder,,https://9tuma.app.link/kLTh3RAdIQb?cat_web_device_id=b81110a8-6804-4770-bfc9-a49944d9ab66&cat_web_session_id=aacc7414-9194-4c7b-9090-815169e17a4f&banner_location=header,10,11,,https://www.checkatrade.com/trades/eddingtonjoineryandbuildingservices,checkatrade,1,
AndMar Builders Ltd,Mr Andrzej,Builder,,https://9tuma.app.link/kLTh3RAdIQb?cat_web_device_id=b81110a8-6804-4770-bfc9-a49944d9ab66&cat_web_session_id=aacc7414-9194-4c7b-9090-815169e17a4f&banner_location=header,9.83,21,,https://www.checkatrade.com/trades/andmarbuilders,checkatrade,1,
DL Joinery&Property Maintenance,Mr Leon,Builder,,https://9tuma.app.link/kLTh3RAdIQb?cat_web_device_id=b81110a8-6804-4770-bfc9-a49944d9ab66&cat_web_session_id=aacc7414-9194-4c7b-9090-815169e17a4f&banner_location=header,10,7,,https://www.checkatrade.com/trades/dljoineryandpropertymaintenance1114060,checkatrade,1,
dB Construction Projects Ltd,Mr William,Builder,homeowners across,https://9tuma.app.link/kLTh3RAdIQb?cat_web_device_id=b81110a8-6804-4770-bfc9-a49944d9ab66&cat_web_session_id=aacc7414-9194-4c7b-9090-815169e17a4f&banner_location=header,10,1,,https://www.checkatrade.com/trades/dbconstructionprojectsltd,checkatrade,1,
Home Decor Zone Ltd,Mr Tomasz,Builder,how we,https://9tuma.app.link/kLTh3RAdIQb?cat_web_device_id=b81110a8-6804-4770-bfc9-a49944d9ab66&cat_web_session_id=aacc7414-9194-4c7b-9090-815169e17a4f&banner_location=header,9.62,27,,https://www.checkatrade.com/trades/homedecorzoneltd,checkatrade,1,
Refurb It,Mr Jakub,Builder,,https://9tuma.app.link/kLTh3RAdIQb?cat_web_device_id=b81110a8-6804-4770-bfc9-a49944d9ab66&cat_web_session_id=aacc7414-9194-4c7b-9090-815169e17a4f&banner_location=header,10,7,,https://www.checkatrade.com/trades/refurbit,checkatrade,1,
Atlas Plus Refurbishment LTD,Mr Stanislaw,Builder,our range,https://9tuma.app.link/kLTh3RAdIQb?cat_web_device_id=b81110a8-6804-4770-bfc9-a49944d9ab66&cat_web_session_id=aacc7414-9194-4c7b-9090-815169e17a4f&banner_location=header,10,7,,https://www.checkatrade.com/trades/atlasplusrefurbishmentltd5908989,checkatrade,1,
PJTC  Ltd,Mr Pavel,Builder,,https://9tuma.app.link/kLTh3RAdIQb?cat_web_device_id=b81110a8-6804-4770-bfc9-a49944d9ab66&cat_web_session_id=aacc7414-9194-4c7b-9090-815169e17a4f&banner_location=header,9.44,85,,https://www.checkatrade.com/trades/pjtc,checkatrade,1,
Thomas Stewart Builders Ltd,Mr Pauline,Builder,all of,https://9tuma.app.link/kLTh3RAdIQb?cat_web_device_id=b81110a8-6804-4770-bfc9-a49944d9ab66&cat_web_session_id=aacc7414-9194-4c7b-9090-815169e17a4f&banner_location=header,9.94,90,,https://www.checkatrade.com/trades/thomasstewartbuildersltd,checkatrade,1,
Cloud City Building Ltd,Mr. Kai Manak,Builder,,https://9tuma.app.link/kLTh3RAdIQb?cat_web_device_id=b81110a8-6804-4770-bfc9-a49944d9ab66&cat_web_session_id=aacc7414-9194-4c7b-9090-815169e17a4f&banner_location=header,10,23,,https://www.checkatrade.com/trades/cloudcitybuildingltd,checkatrade,1,
Carton Developments Ltd,Mr Anton,Builder,,https://9tuma.app.link/kLTh3RAdIQb?cat_web_device_id=b81110a8-6804-4770-bfc9-a49944d9ab66&cat_web_session_id=aacc7414-9194-4c7b-9090-815169e17a4f&banner_location=header,10,2,,https://www.checkatrade.com/trades/cartondevelopmentsltd,checkatrade,1,
CATTEST Martin co,,Builder,,https://9tuma.app.link/kLTh3RAdIQb?cat_web_device_id=b81110a8-6804-4770-bfc9-a49944d9ab66&cat_web_session_id=aacc7414-9194-4c7b-9090-815169e17a4f&banner_location=header,10,6,,https://www.checkatrade.com/trades/cattestmartinco,checkatrade,1,
CATTEST - Logue Lofts,Mr Jamie,Builder,,https://9tuma.app.link/kLTh3RAdIQb?cat_web_device_id=b81110a8-6804-4770-bfc9-a49944d9ab66&cat_web_session_id=aacc7414-9194-4c7b-9090-815169e17a4f&banner_location=header,10,318,,https://www.checkatrade.com/trades/cattestloguelofts,checkatrade,1,
ABT Property improvements,Mr Antonios,Builder,,https://9tuma.app.link/kLTh3RAdIQb?cat_web_device_id=b81110a8-6804-4770-bfc9-a49944d9ab66&cat_web_session_id=aacc7414-9194-4c7b-9090-815169e17a4f&banner_location=header,10,50,,https://www.checkatrade.com/trades/abtpropertyimprovements,checkatrade,1,
SM Home Improvements Limited,Mr Sean,Builder,the Cardiff,https://9tuma.app.link/kLTh3RAdIQb?cat_web_device_id=b81110a8-6804-4770-bfc9-a49944d9ab66&cat_web_session_id=aacc7414-9194-4c7b-9090-815169e17a4f&banner_location=header,9.67,39,,https://www.checkatrade.com/trades/smhomeimprovementslimited,checkatrade,1,
Ash Installations & Construction LTD,Mr Tim,Builder,,https://9tuma.app.link/kLTh3RAdIQb?cat_web_device_id=b81110a8-6804-4770-bfc9-a49944d9ab66&cat_web_session_id=aacc7414-9194-4c7b-9090-815169e17a4f&banner_location=header,9.67,35,,https://www.checkatrade.com/trades/ashinstallationsconstructionltd,checkatrade,1,
TCK Renovations Ltd,Mr Jason,Builder,all aspects,https://9tuma.app.link/kLTh3RAdIQb?cat_web_device_id=b81110a8-6804-4770-bfc9-a49944d9ab66&cat_web_session_id=aacc7414-9194-4c7b-9090-815169e17a4f&banner_location=header,10,52,,https://www.checkatrade.com/trades/keramics,checkatrade,1,
Global UPVC & Construction,Mr Karl,Builder,Porthcawl and,https://9tuma.app.link/kLTh3RAdIQb?cat_web_device_id=b81110a8-6804-4770-bfc9-a49944d9ab66&cat_web_session_id=aacc7414-9194-4c7b-9090-815169e17a4f&banner_location=header,9.83,4,,https://www.checkatrade.com/trades/globalupvcconstruction,checkatrade,1,
Lds Building Group Ltd,Mr Leon,Builder,most aspects,https://9tuma.app.link/kLTh3RAdIQb?cat_web_device_id=b81110a8-6804-4770-bfc9-a49944d9ab66&cat_web_session_id=aacc7414-9194-4c7b-9090-815169e17a4f&banner_location=header,10,19,,https://www.checkatrade.com/trades/ldsbuildingandelectricalinstallations1008908,checkatrade,1,
NBG Construction Ltd,Mr Neil,Builder,,https://9tuma.app.link/kLTh3RAdIQb?cat_web_device_id=b81110a8-6804-4770-bfc9-a49944d9ab66&cat_web_session_id=aacc7414-9194-4c7b-9090-815169e17a4f&banner_location=header,10,73,,https://www.checkatrade.com/trades/nbgconstructionltd,checkatrade,1,
R.a.l.d Construction Ltd,Mr Damien,Builder,,https://9tuma.app.link/kLTh3RAdIQb?cat_web_device_id=b81110a8-6804-4770-bfc9-a49944d9ab66&cat_web_session_id=aacc7414-9194-4c7b-9090-815169e17a4f&banner_location=header,10,9,,https://www.checkatrade.com/trades/raldconstruction,checkatrade,1,
J M Curtis & Sons Building Company LTD,Mr James,Builder,Bridgend and,https://9tuma.app.link/kLTh3RAdIQb?cat_web_device_id=b81110a8-6804-4770-bfc9-a49944d9ab66&cat_web_session_id=aacc7414-9194-4c7b-9090-815169e17a4f&banner_location=header,10,50,,https://www.checkatrade.com/trades/jmcurtissonsbuildingcompanyltd,checkatrade,1,
JWR Property Developments,Mr Jason,Builder,all aspects,https://9tuma.app.link/kLTh3RAdIQb?cat_web_device_id=b81110a8-6804-4770-bfc9-a49944d9ab66&cat_web_session_id=aacc7414-9194-4c7b-9090-815169e17a4f&banner_location=header,10,79,,https://www.checkatrade.com/trades/jwrpropertydevelopments,checkatrade,1,
Inavision Construction,Mr Shane,Builder,,https://9tuma.app.link/kLTh3RAdIQb?cat_web_device_id=b81110a8-6804-4770-bfc9-a49944d9ab66&cat_web_session_id=aacc7414-9194-4c7b-9090-815169e17a4f&banner_location=header,9.87,26,,https://www.checkatrade.com/trades/inavisionconstruction,checkatrade,1,
R & D Plasterers Ltd,Mr David,Builder,all aspects,https://9tuma.app.link/kLTh3RAdIQb?cat_web_device_id=b81110a8-6804-4770-bfc9-a49944d9ab66&cat_web_session_id=aacc7414-9194-4c7b-9090-815169e17a4f&banner_location=header,10,6,,https://www.checkatrade.com/trades/randdplasterers,checkatrade,1,
Yardley Property Development Limited,Mr Tom,Builder,,https://9tuma.app.link/kLTh3RAdIQb?cat_web_device_id=b81110a8-6804-4770-bfc9-a49944d9ab66&cat_web_session_id=aacc7414-9194-4c7b-9090-815169e17a4f&banner_location=header,10,10,,https://www.checkatrade.com/trades/yardleypropertydevelopmentlimited,checkatrade,1,
Allan Ball Building Contractors,Mr Chris,Builder,,https://9tuma.app.link/kLTh3RAdIQb?cat_web_device_id=b81110a8-6804-4770-bfc9-a49944d9ab66&cat_web_session_id=aacc7414-9194-4c7b-9090-815169e17a4f&banner_location=header,10,103,,https://www.checkatrade.com/trades/allanballbuildingcontractors,checkatrade,1,
Alec Roberts Building Limited,Mr Alec,Builder,,https://9tuma.app.link/kLTh3RAdIQb?cat_web_device_id=b81110a8-6804-4770-bfc9-a49944d9ab66&cat_web_session_id=aacc7414-9194-4c7b-9090-815169e17a4f&banner_location=header,9.33,7,,https://www.checkatrade.com/trades/alecrobertsbuildinglimited,checkatrade,1,
G V Joinery & Building Contractor Ltd,Mr Gareth,Builder,Penygroes and,https://9tuma.app.link/kLTh3RAdIQb?cat_web_device_id=b81110a8-6804-4770-bfc9-a49944d9ab66&cat_web_session_id=aacc7414-9194-4c7b-9090-815169e17a4f&banner_location=header,10,6,,https://www.checkatrade.com/trades/gvjoineryandbuildingcontractor,checkatrade,1,
Kieran Ashton,Mr Kieran,Builder,Bangor and,https://9tuma.app.link/kLTh3RAdIQb?cat_web_device_id=b81110a8-6804-4770-bfc9-a49944d9ab66&cat_web_session_id=aacc7414-9194-4c7b-9090-815169e17a4f&banner_location=header,10,2,,https://www.checkatrade.com/trades/kieranashton,checkatrade,1,
BUDGET BUILDERS 2 LTD,Mr Paul,Builder,Swansea and,https://9tuma.app.link/kLTh3RAdIQb?cat_web_device_id=b81110a8-6804-4770-bfc9-a49944d9ab66&cat_web_session_id=aacc7414-9194-4c7b-9090-815169e17a4f&banner_location=header,9.33,1,,https://www.checkatrade.com/trades/budgetbuilders2ltd,checkatrade,1,
T J LLoyd Building and Roofing Services,,Builder,,https://9tuma.app.link/kLTh3RAdIQb?cat_web_device_id=b81110a8-6804-4770-bfc9-a49944d9ab66&cat_web_session_id=aacc7414-9194-4c7b-9090-815169e17a4f&banner_location=header,9.67,83,,https://www.checkatrade.com/trades/tjlloydbuildingandroofingservices,checkatrade,1,
Hillside Building And Renovation Ltd,Mr Nikki,Builder,Swansea and,https://9tuma.app.link/kLTh3RAdIQb?cat_web_device_id=b81110a8-6804-4770-bfc9-a49944d9ab66&cat_web_session_id=aacc7414-9194-4c7b-9090-815169e17a4f&banner_location=header,9.67,4,,https://www.checkatrade.com/trades/hillsidebuildingandrenovationltd | https://www.myjobquote.co.uk/t/hillside-building-and-renovation | https://www.myjobquote.co.uk/t/hillside-building-and-renovation,"checkatrade, myjobquote",2,
ARC Building and Home Improvements LTD,Mr Ashley,Builder,Swansea and,https://9tuma.app.link/kLTh3RAdIQb?cat_web_device_id=b81110a8-6804-4770-bfc9-a49944d9ab66&cat_web_session_id=aacc7414-9194-4c7b-9090-815169e17a4f&banner_location=header,10,10,,https://www.checkatrade.com/trades/arcbuildingandhomeimprovementsltd,checkatrade,1,
Evans Builders,Mr Howard,Builder,,https://9tuma.app.link/kLTh3RAdIQb?cat_web_device_id=b81110a8-6804-4770-bfc9-a49944d9ab66&cat_web_session_id=aacc7414-9194-4c7b-9090-815169e17a4f&banner_location=header,10,76,,https://www.checkatrade.com/trades/evansbuilders,checkatrade,1,
Myhouse Mot Limited,Ms Patricia,Builder,,https://9tuma.app.link/kLTh3RAdIQb?cat_web_device_id=b81110a8-6804-4770-bfc9-a49944d9ab66&cat_web_session_id=aacc7414-9194-4c7b-9090-815169e17a4f&banner_location=header,9.9,116,,https://www.checkatrade.com/trades/myhousemot,checkatrade,1,
Shaw and Son Builders,Mr Richard,Builder,,https://9tuma.app.link/kLTh3RAdIQb?cat_web_device_id=b81110a8-6804-4770-bfc9-a49944d9ab66&cat_web_session_id=aacc7414-9194-4c7b-9090-815169e17a4f&banner_location=header,10,66,,https://www.checkatrade.com/trades/shawandsonbuilders,checkatrade,1,
4 Dimension Kitchens & Bathrooms,Mr. Robert Ikwue,Builder,,https://9tuma.app.link/kLTh3RAdIQb?cat_web_device_id=498799c0-c61e-46e4-be55-15037bf653d8&cat_web_session_id=42090766-81c8-4534-a208-694dc1eb0c69&banner_location=header,9.54,36,,https://www.checkatrade.com/trades/4dimensionkitchensandbathrooms1046753,checkatrade,1,
Cosybuild Ltd,Mr Luan,Builder,,https://9tuma.app.link/kLTh3RAdIQb?cat_web_device_id=498799c0-c61e-46e4-be55-15037bf653d8&cat_web_session_id=42090766-81c8-4534-a208-694dc1eb0c69&banner_location=header,9.92,18,,https://www.checkatrade.com/trades/luanajazihomeimprovements,checkatrade,1,
Kev Construct Ltd,Mrs Corina,Builder,,https://9tuma.app.link/kLTh3RAdIQb?cat_web_device_id=498799c0-c61e-46e4-be55-15037bf653d8&cat_web_session_id=42090766-81c8-4534-a208-694dc1eb0c69&banner_location=header,9.78,53,,https://www.checkatrade.com/trades/kevconstruct,checkatrade,1,
JX Builders,Mr Julian,Builder,Borehamwood with,https://9tuma.app.link/kLTh3RAdIQb?cat_web_device_id=498799c0-c61e-46e4-be55-15037bf653d8&cat_web_session_id=42090766-81c8-4534-a208-694dc1eb0c69&banner_location=header,9.98,37,,https://www.checkatrade.com/trades/jxbuilders,checkatrade,1,
Fredi Builders,Mr Fredi,Builder,,https://9tuma.app.link/kLTh3RAdIQb?cat_web_device_id=498799c0-c61e-46e4-be55-15037bf653d8&cat_web_session_id=42090766-81c8-4534-a208-694dc1eb0c69&banner_location=header,9.67,105,,https://www.checkatrade.com/trades/fredibuilders,checkatrade,1,
Ivo & Tina-Ivanov Renovation And Construction,Mr Ivaylo,Builder,Manchester,https://9tuma.app.link/kLTh3RAdIQb?cat_web_device_id=498799c0-c61e-46e4-be55-15037bf653d8&cat_web_session_id=42090766-81c8-4534-a208-694dc1eb0c69&banner_location=header,9.96,16,,https://www.checkatrade.com/trades/ivotinaivanovrenovationandconstruction,checkatrade,1,
Pukka Builders,Mr Shkodran,Builder,homeowners in,https://9tuma.app.link/kLTh3RAdIQb?cat_web_device_id=498799c0-c61e-46e4-be55-15037bf653d8&cat_web_session_id=42090766-81c8-4534-a208-694dc1eb0c69&banner_location=header,10,46,,https://www.checkatrade.com/trades/pukkabuilders,checkatrade,1,
Reily Construction Ltd,Miss. Valmira Hallaci,Builder,,https://9tuma.app.link/kLTh3RAdIQb?cat_web_device_id=498799c0-c61e-46e4-be55-15037bf653d8&cat_web_session_id=42090766-81c8-4534-a208-694dc1eb0c69&banner_location=header,,,,https://www.checkatrade.com/trades/reilyconstruction,checkatrade,1,
D & R Carpentry Ltd,Mr Raymond,Builder,,https://9tuma.app.link/kLTh3RAdIQb?cat_web_device_id=498799c0-c61e-46e4-be55-15037bf653d8&cat_web_session_id=42090766-81c8-4534-a208-694dc1eb0c69&banner_location=header,10,62,,https://www.checkatrade.com/trades/dandrcarpentry | https://www.myjobquote.co.uk/t/dial-carpentry-ltd | https://www.myjobquote.co.uk/t/dial-carpentry-ltd,"checkatrade, myjobquote",2,
Newman & Sons,Mr Scott,Builder,,https://9tuma.app.link/kLTh3RAdIQb?cat_web_device_id=498799c0-c61e-46e4-be55-15037bf653d8&cat_web_session_id=42090766-81c8-4534-a208-694dc1eb0c69&banner_location=header,9.83,8,,https://www.checkatrade.com/trades/newmansons,checkatrade,1,
MR Construction,Mr Male,Builder,Luton and,https://9tuma.app.link/kLTh3RAdIQb?cat_web_device_id=498799c0-c61e-46e4-be55-15037bf653d8&cat_web_session_id=42090766-81c8-4534-a208-694dc1eb0c69&banner_location=header,9.63,10,,https://www.checkatrade.com/trades/mrconstruction5930852,checkatrade,1,
Latifi Builders Ltd,Mr Fluturim,Builder,,https://9tuma.app.link/kLTh3RAdIQb?cat_web_device_id=498799c0-c61e-46e4-be55-15037bf653d8&cat_web_session_id=42090766-81c8-4534-a208-694dc1eb0c69&banner_location=header,9.88,199,,https://www.checkatrade.com/trades/latifiservices,checkatrade,1,
Msc Impression Ltd,Mr Marius,Builder,,https://9tuma.app.link/kLTh3RAdIQb?cat_web_device_id=498799c0-c61e-46e4-be55-15037bf653d8&cat_web_session_id=42090766-81c8-4534-a208-694dc1eb0c69&banner_location=header,10,19,,https://www.checkatrade.com/trades/mscimpressionltd,checkatrade,1,
E V Builders Ltd,Mr Elvis,Builder,Sutton London,https://9tuma.app.link/kLTh3RAdIQb?cat_web_device_id=498799c0-c61e-46e4-be55-15037bf653d8&cat_web_session_id=42090766-81c8-4534-a208-694dc1eb0c69&banner_location=header,10,129,,https://www.checkatrade.com/trades/evbuildersltd,checkatrade,1,
AltroBuilders,Mr Safet,Builder,,https://9tuma.app.link/kLTh3RAdIQb?cat_web_device_id=498799c0-c61e-46e4-be55-15037bf653d8&cat_web_session_id=42090766-81c8-4534-a208-694dc1eb0c69&banner_location=header,9.38,26,,https://www.checkatrade.com/trades/altrobuilders,checkatrade,1,
HEBOVIJA RENOVATION LTD,Mr Emrah,Builder,of meticulous,https://9tuma.app.link/kLTh3RAdIQb?cat_web_device_id=498799c0-c61e-46e4-be55-15037bf653d8&cat_web_session_id=42090766-81c8-4534-a208-694dc1eb0c69&banner_location=header,9.87,12,,https://www.checkatrade.com/trades/hebovijarenovationltd,checkatrade,1,
KODY CONSTRUCTION LIMITED,Mr Benjamin,Builder,,https://9tuma.app.link/kLTh3RAdIQb?cat_web_device_id=498799c0-c61e-46e4-be55-15037bf653d8&cat_web_session_id=42090766-81c8-4534-a208-694dc1eb0c69&banner_location=header,10,66,,https://www.checkatrade.com/trades/kodyconstructionlimited,checkatrade,1,
Hathor Construction Limited,Mr Mitchell,Builder,,https://9tuma.app.link/kLTh3RAdIQb?cat_web_device_id=498799c0-c61e-46e4-be55-15037bf653d8&cat_web_session_id=42090766-81c8-4534-a208-694dc1eb0c69&banner_location=header,9.72,15,,https://www.checkatrade.com/trades/hathorconstructionlimited,checkatrade,1,
New Builds Partnership,Mr Kerry,Builder,Mitcham and,https://9tuma.app.link/kLTh3RAdIQb?cat_web_device_id=498799c0-c61e-46e4-be55-15037bf653d8&cat_web_session_id=42090766-81c8-4534-a208-694dc1eb0c69&banner_location=header,10,4,,https://www.checkatrade.com/trades/newbuildspartnership,checkatrade,1,
Build With Ion,Mr Ion,Builder,Norbury covering,https://9tuma.app.link/kLTh3RAdIQb?cat_web_device_id=498799c0-c61e-46e4-be55-15037bf653d8&cat_web_session_id=42090766-81c8-4534-a208-694dc1eb0c69&banner_location=header,10,38,,https://www.checkatrade.com/trades/buildwithion,checkatrade,1,
HTH Construction Ltd,Mr Jay,Builder,,https://9tuma.app.link/kLTh3RAdIQb?cat_web_device_id=498799c0-c61e-46e4-be55-15037bf653d8&cat_web_session_id=42090766-81c8-4534-a208-694dc1eb0c69&banner_location=header,10,1,,https://www.checkatrade.com/trades/hthconstructionltd,checkatrade,1,
CATTEST - Sherrington's Mews Limited,Mr Member,Builder,,https://9tuma.app.link/kLTh3RAdIQb?cat_web_device_id=498799c0-c61e-46e4-be55-15037bf653d8&cat_web_session_id=42090766-81c8-4534-a208-694dc1eb0c69&banner_location=header,10,4,,https://www.checkatrade.com/trades/boshandbacheco,checkatrade,1,
A Charlton Construction Ltd,Mr Alex,Builder,,https://9tuma.app.link/kLTh3RAdIQb?cat_web_device_id=498799c0-c61e-46e4-be55-15037bf653d8&cat_web_session_id=42090766-81c8-4534-a208-694dc1eb0c69&banner_location=header,9.94,29,,https://www.checkatrade.com/trades/acharltonconstruction1066193,checkatrade,1,
SD Construction Contractors,Mr Sam,Builder,,https://9tuma.app.link/kLTh3RAdIQb?cat_web_device_id=498799c0-c61e-46e4-be55-15037bf653d8&cat_web_session_id=42090766-81c8-4534-a208-694dc1eb0c69&banner_location=header,10,11,,https://www.checkatrade.com/trades/sdconstructioncontractors,checkatrade,1,
G.D.B Landscaping and Building,Mr Gary,Builder,Dover Covering,https://9tuma.app.link/kLTh3RAdIQb?cat_web_device_id=498799c0-c61e-46e4-be55-15037bf653d8&cat_web_session_id=42090766-81c8-4534-a208-694dc1eb0c69&banner_location=header,10,151,,https://www.checkatrade.com/trades/gdbgardeningandlandscaping | https://www.myjobquote.co.uk/t/jcs-landscaping-building-ltd | https://www.myjobquote.co.uk/t/jcs-landscaping-building-ltd | https://www.myjobquote.co.uk/t/chf-landscaping-and-building | https://www.myjobquote.co.uk/t/chf-landscaping-and-building,"checkatrade, myjobquote",2,
Westwood Property Maintenance,Sole Trader,Builder,,https://9tuma.app.link/kLTh3RAdIQb?cat_web_device_id=498799c0-c61e-46e4-be55-15037bf653d8&cat_web_session_id=42090766-81c8-4534-a208-694dc1eb0c69&banner_location=header,10,147,,https://www.checkatrade.com/trades/westwoodpropertymaintenance,checkatrade,1,
JDMRUK Ltd,Daniel Muscat,Builder,Kent,https://9tuma.app.link/kLTh3RAdIQb?cat_web_device_id=498799c0-c61e-46e4-be55-15037bf653d8&cat_web_session_id=42090766-81c8-4534-a208-694dc1eb0c69&banner_location=header,10,21,,https://www.checkatrade.com/trades/jdmrukltd,checkatrade,1,
W K Brickwork & Construction,Mr. William Knight,Builder,,https://9tuma.app.link/kLTh3RAdIQb?cat_web_device_id=498799c0-c61e-46e4-be55-15037bf653d8&cat_web_session_id=42090766-81c8-4534-a208-694dc1eb0c69&banner_location=header,9.87,28,,https://www.checkatrade.com/trades/wkbrickworkandconstruction859808,checkatrade,1,
Gill-Howes Building&Landscaping,Mr Joshua,Builder,,https://9tuma.app.link/kLTh3RAdIQb?cat_web_device_id=498799c0-c61e-46e4-be55-15037bf653d8&cat_web_session_id=42090766-81c8-4534-a208-694dc1eb0c69&banner_location=header,10,7,,https://www.checkatrade.com/trades/gillhowesbuildinglandscaping,checkatrade,1,
JWN & Sons Ltd,Mr James,Builder,,https://9tuma.app.link/kLTh3RAdIQb?cat_web_device_id=498799c0-c61e-46e4-be55-15037bf653d8&cat_web_session_id=42090766-81c8-4534-a208-694dc1eb0c69&banner_location=header,10,19,,https://www.checkatrade.com/trades/jwnandsons | https://www.myjobquote.co.uk/t/mf-and-sons | https://www.myjobquote.co.uk/t/mf-and-sons | https://www.myjobquote.co.uk/t/jd-sons-1 | https://www.myjobquote.co.uk/t/jd-sons-1,"checkatrade, myjobquote",2,
Davies Refurbishment LLP,Mr Steve,Builder,,https://9tuma.app.link/kLTh3RAdIQb?cat_web_device_id=498799c0-c61e-46e4-be55-15037bf653d8&cat_web_session_id=42090766-81c8-4534-a208-694dc1eb0c69&banner_location=header,10,54,,https://www.checkatrade.com/trades/daviesrefurbishmentllp,checkatrade,1,
DESIGN BUILD MANAGE LTD,Mr Joe,Builder,,https://9tuma.app.link/kLTh3RAdIQb?cat_web_device_id=498799c0-c61e-46e4-be55-15037bf653d8&cat_web_session_id=42090766-81c8-4534-a208-694dc1eb0c69&banner_location=header,10,4,,https://www.checkatrade.com/trades/designbuildmanageltd,checkatrade,1,
Shields Builds,Mr Justin,Builder,,https://9tuma.app.link/kLTh3RAdIQb?cat_web_device_id=498799c0-c61e-46e4-be55-15037bf653d8&cat_web_session_id=42090766-81c8-4534-a208-694dc1eb0c69&banner_location=header,10,35,,https://www.checkatrade.com/trades/shieldsbuilds,checkatrade,1,
Finn and Sons Joinery and Building Solutions,Mr Jamie,Builder,,https://9tuma.app.link/kLTh3RAdIQb?cat_web_device_id=498799c0-c61e-46e4-be55-15037bf653d8&cat_web_session_id=42090766-81c8-4534-a208-694dc1eb0c69&banner_location=header,10,25,,https://www.checkatrade.com/trades/finnandsonsjoineryandbuildingsolutions1059046,checkatrade,1,
H&M Construction CC Ltd,Mr Hesham,Builder,you,https://9tuma.app.link/kLTh3RAdIQb?cat_web_device_id=498799c0-c61e-46e4-be55-15037bf653d8&cat_web_session_id=42090766-81c8-4534-a208-694dc1eb0c69&banner_location=header,9.88,26,,https://www.checkatrade.com/trades/hmconstructionccltd,checkatrade,1,
Mata Building Ltd,Mr Rustem,Builder,,https://9tuma.app.link/kLTh3RAdIQb?cat_web_device_id=498799c0-c61e-46e4-be55-15037bf653d8&cat_web_session_id=42090766-81c8-4534-a208-694dc1eb0c69&banner_location=header,9.73,5,,https://www.checkatrade.com/trades/matabuildingltd5918978,checkatrade,1,
Maben Construction Ltd,Mr Altin,Builder,,https://9tuma.app.link/kLTh3RAdIQb?cat_web_device_id=498799c0-c61e-46e4-be55-15037bf653d8&cat_web_session_id=42090766-81c8-4534-a208-694dc1eb0c69&banner_location=header,9.97,68,,https://www.checkatrade.com/trades/mabenconstruction,checkatrade,1,
Golden Lion Construction Ltd,Mr Igor,Builder,,https://9tuma.app.link/kLTh3RAdIQb?cat_web_device_id=498799c0-c61e-46e4-be55-15037bf653d8&cat_web_session_id=42090766-81c8-4534-a208-694dc1eb0c69&banner_location=header,10,72,,https://www.checkatrade.com/trades/goldenlionconstruction,checkatrade,1,
Cooney Builders,Mr Tom,Builder,,https://9tuma.app.link/kLTh3RAdIQb?cat_web_device_id=498799c0-c61e-46e4-be55-15037bf653d8&cat_web_session_id=42090766-81c8-4534-a208-694dc1eb0c69&banner_location=header,10,19,,https://www.checkatrade.com/trades/cooneybuilders,checkatrade,1,
Balan Construction,Mr Eusebiu,Builder,,https://9tuma.app.link/kLTh3RAdIQb?cat_web_device_id=498799c0-c61e-46e4-be55-15037bf653d8&cat_web_session_id=42090766-81c8-4534-a208-694dc1eb0c69&banner_location=header,10,9,,https://www.checkatrade.com/trades/balanconstruction,checkatrade,1,
YKD Construction,Mr William,Builder,York,https://9tuma.app.link/kLTh3RAdIQb?cat_web_device_id=498799c0-c61e-46e4-be55-15037bf653d8&cat_web_session_id=42090766-81c8-4534-a208-694dc1eb0c69&banner_location=header,10,28,,https://www.checkatrade.com/trades/ykdconstructionltd,checkatrade,1,
SD Interiors (LS) Limited,Mr Simon,Builder,,https://9tuma.app.link/kLTh3RAdIQb?cat_web_device_id=498799c0-c61e-46e4-be55-15037bf653d8&cat_web_session_id=42090766-81c8-4534-a208-694dc1eb0c69&banner_location=header,10,3,,https://www.checkatrade.com/trades/sdinteriorslslimited,checkatrade,1,
Miles Construct Ltd,Mr Lee,Builder,,https://9tuma.app.link/kLTh3RAdIQb?cat_web_device_id=498799c0-c61e-46e4-be55-15037bf653d8&cat_web_session_id=42090766-81c8-4534-a208-694dc1eb0c69&banner_location=header,,,,https://www.checkatrade.com/trades/milesconstruct,checkatrade,1,
Tim General Building,Mr Timotei,Builder,,https://9tuma.app.link/kLTh3RAdIQb?cat_web_device_id=498799c0-c61e-46e4-be55-15037bf653d8&cat_web_session_id=42090766-81c8-4534-a208-694dc1eb0c69&banner_location=header,7.67,1,,https://www.checkatrade.com/trades/timgeneralbuilding,checkatrade,1,
Life Style Professionals Ltd,Mr Andrei,Builder,East London,https://9tuma.app.link/kLTh3RAdIQb?cat_web_device_id=498799c0-c61e-46e4-be55-15037bf653d8&cat_web_session_id=42090766-81c8-4534-a208-694dc1eb0c69&banner_location=header,10,143,,https://www.checkatrade.com/trades/lifestyleprofessionalsltd,checkatrade,1,
Bower Design & Build Limited,Mr Robert,Builder,,https://9tuma.app.link/kLTh3RAdIQb?cat_web_device_id=498799c0-c61e-46e4-be55-15037bf653d8&cat_web_session_id=42090766-81c8-4534-a208-694dc1eb0c69&banner_location=header,9.93,265,,https://www.checkatrade.com/trades/bowerdesignandbuild,checkatrade,1,
R6Services ltd,Ms Rajbir,Builder,,https://9tuma.app.link/kLTh3RAdIQb?cat_web_device_id=498799c0-c61e-46e4-be55-15037bf653d8&cat_web_session_id=42090766-81c8-4534-a208-694dc1eb0c69&banner_location=header,10,114,,https://www.checkatrade.com/trades/r6servicesltd,checkatrade,1,
Afridi Double Glazing Windows And Construction,Mr Muhammad,Builder,Dagenham and,https://9tuma.app.link/kLTh3RAdIQb?cat_web_device_id=498799c0-c61e-46e4-be55-15037bf653d8&cat_web_session_id=42090766-81c8-4534-a208-694dc1eb0c69&banner_location=header,10,114,,https://www.checkatrade.com/trades/afrididoubleglazingwindowsandconstruction,checkatrade,1,
EVConstructing Limited,Mr Vugar,Builder,,https://9tuma.app.link/kLTh3RAdIQb?cat_web_device_id=498799c0-c61e-46e4-be55-15037bf653d8&cat_web_session_id=42090766-81c8-4534-a208-694dc1eb0c69&banner_location=header,9.52,199,,https://www.checkatrade.com/trades/evconstructing,checkatrade,1,
Salmon Building,Mr Toby,Builder,,https://9tuma.app.link/kLTh3RAdIQb?cat_web_device_id=498799c0-c61e-46e4-be55-15037bf653d8&cat_web_session_id=42090766-81c8-4534-a208-694dc1eb0c69&banner_location=header,9.92,72,,https://www.checkatrade.com/trades/salmonbuilding,checkatrade,1,
Nu Vue Home Improvements,Mr. Gary Newman,Builder,,https://9tuma.app.link/kLTh3RAdIQb?cat_web_device_id=498799c0-c61e-46e4-be55-15037bf653d8&cat_web_session_id=42090766-81c8-4534-a208-694dc1eb0c69&banner_location=header,9.92,32,,https://www.checkatrade.com/trades/nuvuehomeimprovements936129,checkatrade,1,
Tudor building & roofing services Ltd,Ms Ellen,Builder,,https://9tuma.app.link/kLTh3RAdIQb?cat_web_device_id=498799c0-c61e-46e4-be55-15037bf653d8&cat_web_session_id=42090766-81c8-4534-a208-694dc1eb0c69&banner_location=header,10,4,,https://www.checkatrade.com/trades/tudorbuildingandroofingservices,checkatrade,1,
A.R.T Innovation Services Ltd,Mr Artur,Builder,,https://9tuma.app.link/kLTh3RAdIQb?cat_web_device_id=498799c0-c61e-46e4-be55-15037bf653d8&cat_web_session_id=42090766-81c8-4534-a208-694dc1eb0c69&banner_location=header,9.96,44,,https://www.checkatrade.com/trades/artinnovationservices,checkatrade,1,
Lms builders ltd,Mr Skerdi,Builder,Luton and,https://9tuma.app.link/kLTh3RAdIQb?cat_web_device_id=498799c0-c61e-46e4-be55-15037bf653d8&cat_web_session_id=42090766-81c8-4534-a208-694dc1eb0c69&banner_location=header,10,6,,https://www.checkatrade.com/trades/lmsbuildersltd,checkatrade,1,
GAP Renovation Services ltd,Ms Xhemile,Builder,Buckingham and,https://9tuma.app.link/kLTh3RAdIQb?cat_web_device_id=498799c0-c61e-46e4-be55-15037bf653d8&cat_web_session_id=42090766-81c8-4534-a208-694dc1eb0c69&banner_location=header,9.6,10,,https://www.checkatrade.com/trades/gaprenovationservicesltd,checkatrade,1,
Tamasi LTD,Ms Nikolett,Builder,,https://9tuma.app.link/kLTh3RAdIQb?cat_web_device_id=498799c0-c61e-46e4-be55-15037bf653d8&cat_web_session_id=42090766-81c8-4534-a208-694dc1eb0c69&banner_location=header,9.93,10,,https://www.checkatrade.com/trades/tamasiltd | https://www.myjobquote.co.uk/t/arash-5 | https://www.myjobquote.co.uk/t/arash-5 | https://www.myjobquote.co.uk/t/porter-homes-property-builder-ltd | https://www.myjobquote.co.uk/t/porter-homes-property-builder-ltd,"checkatrade, myjobquote",2,
Jg Building Projects Limited,Mr Joe,Builder,,https://9tuma.app.link/kLTh3RAdIQb?cat_web_device_id=498799c0-c61e-46e4-be55-15037bf653d8&cat_web_session_id=42090766-81c8-4534-a208-694dc1eb0c69&banner_location=header,9.33,21,,https://www.checkatrade.com/trades/jgbuildingprojectslimited,checkatrade,1,
FG Building Ltd,Mr Francisc,Builder,,https://9tuma.app.link/kLTh3RAdIQb?cat_web_device_id=498799c0-c61e-46e4-be55-15037bf653d8&cat_web_session_id=42090766-81c8-4534-a208-694dc1eb0c69&banner_location=header,9.96,8,,https://www.checkatrade.com/trades/fgbuildingltd,checkatrade,1,
Ldn Luxury Build Ltd,Mr Leonard,Builder,,https://9tuma.app.link/kLTh3RAdIQb?cat_web_device_id=498799c0-c61e-46e4-be55-15037bf653d8&cat_web_session_id=42090766-81c8-4534-a208-694dc1eb0c69&banner_location=header,10,28,,https://www.checkatrade.com/trades/ldnluxurybuildltd,checkatrade,1,
EMPIRE CONSTRUCTION AND GROUNDWORKS LIMITED,Mr Connor,Builder,Tonbridge,,5,1,,https://www.myjobquote.co.uk/t/empire-construction-groundworks-ltd | https://www.myjobquote.co.uk/t/empire-construction-groundworks-ltd,"checkatrade, myjobquote",2,
,,,,,,,,,checkatrade,1,
,,,,,,,,,checkatrade,1,
,,,,,,,,,checkatrade,1,
,,,,,,,,,checkatrade,1,
"We,https://9tuma.app.link/kLTh3RAdIQb?cat_web_device_id=498799c0-c61e-46e4-be55-15037bf653d8&cat_web_session_id=42090766-81c8-4534-a208-694dc1eb0c69&banner_location=header,10,10,10,10,61,1,389616050,Yes,Yes,Yes,https://www.checkatrade.com/trades/empireconstructiongroundworks,empireconstructiongroundworks",,,,,,,,,checkatrade,1,
Graham Murphy Builder,Mr Graham,Builder,,https://9tuma.app.link/kLTh3RAdIQb?cat_web_device_id=498799c0-c61e-46e4-be55-15037bf653d8&cat_web_session_id=42090766-81c8-4534-a208-694dc1eb0c69&banner_location=header,10,1,,https://www.checkatrade.com/trades/grahammurphybuilder,checkatrade,1,
ALL CONSTRUCTION KENT LTD,Mr Jordan,Builder,Leybourne,https://9tuma.app.link/kLTh3RAdIQb?cat_web_device_id=498799c0-c61e-46e4-be55-15037bf653d8&cat_web_session_id=42090766-81c8-4534-a208-694dc1eb0c69&banner_location=header,9.83,101,,https://www.checkatrade.com/trades/westmallingbuildersandmaintenanceltd,checkatrade,1,
Dixons Contracts Ltd,Mr Bernard,Builder,Dartford and,https://9tuma.app.link/kLTh3RAdIQb?cat_web_device_id=498799c0-c61e-46e4-be55-15037bf653d8&cat_web_session_id=42090766-81c8-4534-a208-694dc1eb0c69&banner_location=header,9.75,8,,https://www.checkatrade.com/trades/dixonscontracts,checkatrade,1,
JDA Carpentry & Building Ltd,Mr Jason,Builder,Kent,https://9tuma.app.link/kLTh3RAdIQb?cat_web_device_id=498799c0-c61e-46e4-be55-15037bf653d8&cat_web_session_id=42090766-81c8-4534-a208-694dc1eb0c69&banner_location=header,10,4,,https://www.checkatrade.com/trades/jdacarpentrybuildingltd,checkatrade,1,
MKB Developments Ltd,Mr Matthew,Builder,,https://9tuma.app.link/kLTh3RAdIQb?cat_web_device_id=498799c0-c61e-46e4-be55-15037bf653d8&cat_web_session_id=42090766-81c8-4534-a208-694dc1eb0c69&banner_location=header,10,57,,https://www.checkatrade.com/trades/mkbdevelopments,checkatrade,1,
LMB Construction (SW) Limited,Mr Blaine,Builder,all aspects,https://9tuma.app.link/kLTh3RAdIQb?cat_web_device_id=498799c0-c61e-46e4-be55-15037bf653d8&cat_web_session_id=42090766-81c8-4534-a208-694dc1eb0c69&banner_location=header,9.85,12,,https://www.checkatrade.com/trades/lmbconstructionswlimited,checkatrade,1,
Bradley & Co. Multi-Trades,Mr Cameron,Builder,Bristol and,https://9tuma.app.link/kLTh3RAdIQb?cat_web_device_id=498799c0-c61e-46e4-be55-15037bf653d8&cat_web_session_id=42090766-81c8-4534-a208-694dc1eb0c69&banner_location=header,9.27,10,,https://www.checkatrade.com/trades/bradleycomultitrades,checkatrade,1,
LM Conversions,Mr Luke,Builder,,https://9tuma.app.link/kLTh3RAdIQb?cat_web_device_id=498799c0-c61e-46e4-be55-15037bf653d8&cat_web_session_id=42090766-81c8-4534-a208-694dc1eb0c69&banner_location=header,9.88,62,,https://www.checkatrade.com/trades/lmconversions,checkatrade,1,
Gla Construction Ltd,Mr Georgi,Builder,,https://9tuma.app.link/kLTh3RAdIQb?cat_web_device_id=498799c0-c61e-46e4-be55-15037bf653d8&cat_web_session_id=42090766-81c8-4534-a208-694dc1eb0c69&banner_location=header,10,14,,https://www.checkatrade.com/trades/glaconstruction,checkatrade,1,
All Seasons Building and Damp Proofing Ltd,Mr Gary,Builder,,https://9tuma.app.link/kLTh3RAdIQb?cat_web_device_id=498799c0-c61e-46e4-be55-15037bf653d8&cat_web_session_id=42090766-81c8-4534-a208-694dc1eb0c69&banner_location=header,10,79,,https://www.checkatrade.com/trades/allseasonsbuildinganddampproofing,checkatrade,1,
Louis Carlsen Build & Renovation Limited,Mr Louis,Builder,,https://9tuma.app.link/kLTh3RAdIQb?cat_web_device_id=498799c0-c61e-46e4-be55-15037bf653d8&cat_web_session_id=42090766-81c8-4534-a208-694dc1eb0c69&banner_location=header,10,46,,https://www.checkatrade.com/trades/louiscarlsenbuildandrenovation,checkatrade,1,
B.E.C Building Services Ltd,Mr. Clive Prince,Builder,,https://9tuma.app.link/kLTh3RAdIQb?cat_web_device_id=498799c0-c61e-46e4-be55-15037bf653d8&cat_web_session_id=42090766-81c8-4534-a208-694dc1eb0c69&banner_location=header,9.78,64,,https://www.checkatrade.com/trades/becbuildingservicesltd,checkatrade,1,
Dawkins Prestige Ltd,Mr Lance,Builder,,https://9tuma.app.link/kLTh3RAdIQb?cat_web_device_id=498799c0-c61e-46e4-be55-15037bf653d8&cat_web_session_id=42090766-81c8-4534-a208-694dc1eb0c69&banner_location=header,9.98,19,,https://www.checkatrade.com/trades/dawkinsprestigeltd,checkatrade,1,
Kaizen Projects,Mr Dan,Builder,,https://9tuma.app.link/kLTh3RAdIQb?cat_web_device_id=498799c0-c61e-46e4-be55-15037bf653d8&cat_web_session_id=42090766-81c8-4534-a208-694dc1eb0c69&banner_location=header,8.93,8,,https://www.checkatrade.com/trades/kaizenprojects,checkatrade,1,
FRC Roofing and Property Maintenance,Mr Frank,Builder,,https://9tuma.app.link/kLTh3RAdIQb?cat_web_device_id=498799c0-c61e-46e4-be55-15037bf653d8&cat_web_session_id=42090766-81c8-4534-a208-694dc1eb0c69&banner_location=header,9.75,253,,https://www.checkatrade.com/trades/frcroofingandpropertymaintenance300348,checkatrade,1,
Pristine Builders,Mr Spencer,Builder,Posted,https://9tuma.app.link/kLTh3RAdIQb?cat_web_device_id=498799c0-c61e-46e4-be55-15037bf653d8&cat_web_session_id=42090766-81c8-4534-a208-694dc1eb0c69&banner_location=header,10,25,,https://www.checkatrade.com/trades/pristinebuilders,checkatrade,1,
Chris Dowling Building Services,Mr Chris,Builder,all elements,https://9tuma.app.link/kLTh3RAdIQb?cat_web_device_id=498799c0-c61e-46e4-be55-15037bf653d8&cat_web_session_id=42090766-81c8-4534-a208-694dc1eb0c69&banner_location=header,10,14,,https://www.checkatrade.com/trades/chrisdowling,checkatrade,1,
South East Renovations Ltd,Mr. Elliot Bray,Builder,Croydon and,https://9tuma.app.link/kLTh3RAdIQb?cat_web_device_id=498799c0-c61e-46e4-be55-15037bf653d8&cat_web_session_id=42090766-81c8-4534-a208-694dc1eb0c69&banner_location=header,9.87,122,,https://www.checkatrade.com/trades/southeastrenovations,checkatrade,1,
Prestige Construction Management Limited,Mr Gabriel,Builder,Sutton,https://9tuma.app.link/kLTh3RAdIQb?cat_web_device_id=498799c0-c61e-46e4-be55-15037bf653d8&cat_web_session_id=42090766-81c8-4534-a208-694dc1eb0c69&banner_location=header,9.94,53,,https://www.checkatrade.com/trades/prestigeconstructionmanagemen,checkatrade,1,
EPM Construction Ltd,Mr. Slawomir Kisielewski,Builder,,https://9tuma.app.link/kLTh3RAdIQb?cat_web_device_id=498799c0-c61e-46e4-be55-15037bf653d8&cat_web_session_id=42090766-81c8-4534-a208-694dc1eb0c69&banner_location=header,9.67,122,,https://www.checkatrade.com/trades/epmconstructionltd,checkatrade,1,
AVH Construction,Mr Andrei,Builder,,https://9tuma.app.link/kLTh3RAdIQb?cat_web_device_id=498799c0-c61e-46e4-be55-15037bf653d8&cat_web_session_id=42090766-81c8-4534-a208-694dc1eb0c69&banner_location=header,10,108,,https://www.checkatrade.com/trades/avhconstruction,checkatrade,1,
WR Service Ltd,Mr Radek,Builder,,https://9tuma.app.link/kLTh3RAdIQb?cat_web_device_id=498799c0-c61e-46e4-be55-15037bf653d8&cat_web_session_id=42090766-81c8-4534-a208-694dc1eb0c69&banner_location=header,9.91,148,,https://www.checkatrade.com/trades/wrserviceltd,checkatrade,1,
Calla Home Improvements,Mr Bill,Builder,Surrey and,https://9tuma.app.link/kLTh3RAdIQb?cat_web_device_id=498799c0-c61e-46e4-be55-15037bf653d8&cat_web_session_id=42090766-81c8-4534-a208-694dc1eb0c69&banner_location=header,10,18,,https://www.checkatrade.com/trades/callahomeimprovements,checkatrade,1,
Andrew Simmons Brickwork ( Swindon ),Mr. Andrew Simmons,Builder,,https://9tuma.app.link/kLTh3RAdIQb?cat_web_device_id=498799c0-c61e-46e4-be55-15037bf653d8&cat_web_session_id=42090766-81c8-4534-a208-694dc1eb0c69&banner_location=header,9.86,67,,https://www.checkatrade.com/trades/andrewsimmonsbrickwork,checkatrade,1,
Darby home improvements,Mr Adam,Builder,,https://9tuma.app.link/kLTh3RAdIQb?cat_web_device_id=498799c0-c61e-46e4-be55-15037bf653d8&cat_web_session_id=42090766-81c8-4534-a208-694dc1eb0c69&banner_location=header,9.83,2,,https://www.checkatrade.com/trades/darbyhomeimprovements5937805,checkatrade,1,
Bailey Construction Services,Mr Martin,Builder,Southampton but,https://9tuma.app.link/kLTh3RAdIQb?cat_web_device_id=498799c0-c61e-46e4-be55-15037bf653d8&cat_web_session_id=42090766-81c8-4534-a208-694dc1eb0c69&banner_location=header,9.95,310,,https://www.checkatrade.com/trades/baileyconstructionservices,checkatrade,1,
"Bob Shearer Property Maintenance, Building & Roofing",Mr Robert,Builder,,https://9tuma.app.link/kLTh3RAdIQb?cat_web_device_id=498799c0-c61e-46e4-be55-15037bf653d8&cat_web_session_id=42090766-81c8-4534-a208-694dc1eb0c69&banner_location=header,9.58,123,,https://www.checkatrade.com/trades/bobshearerpropertymaintenance348933,checkatrade,1,
South Coast Property Installations Ltd,Mr Keith,Builder,,https://9tuma.app.link/kLTh3RAdIQb?cat_web_device_id=498799c0-c61e-46e4-be55-15037bf653d8&cat_web_session_id=42090766-81c8-4534-a208-694dc1eb0c69&banner_location=header,10,207,,https://www.checkatrade.com/trades/southcoastpropertyinstallationsltd,checkatrade,1,
DJH Property Services,Mr Daniel,Builder,,https://9tuma.app.link/kLTh3RAdIQb?cat_web_device_id=498799c0-c61e-46e4-be55-15037bf653d8&cat_web_session_id=42090766-81c8-4534-a208-694dc1eb0c69&banner_location=header,10,137,,https://www.checkatrade.com/trades/djhpropertyservices,checkatrade,1,
L.S Carpentry & Renovations,Mr Lewis,Builder,everything from,https://9tuma.app.link/kLTh3RAdIQb?cat_web_device_id=498799c0-c61e-46e4-be55-15037bf653d8&cat_web_session_id=42090766-81c8-4534-a208-694dc1eb0c69&banner_location=header,10,29,,https://www.checkatrade.com/trades/lscarpentryrenovations,checkatrade,1,
Field & Field Quality Building Services Ltd,Mr Barry,Builder,,https://9tuma.app.link/kLTh3RAdIQb?cat_web_device_id=498799c0-c61e-46e4-be55-15037bf653d8&cat_web_session_id=42090766-81c8-4534-a208-694dc1eb0c69&banner_location=header,10,223,,https://www.checkatrade.com/trades/fieldandfieldqualitybuildingservicesltd,checkatrade,1,
Moore Crest Builders,Mr Derek,Builder,Hampshire,https://9tuma.app.link/kLTh3RAdIQb?cat_web_device_id=498799c0-c61e-46e4-be55-15037bf653d8&cat_web_session_id=42090766-81c8-4534-a208-694dc1eb0c69&banner_location=header,9.24,85,,https://www.checkatrade.com/trades/moorecrestbuilders113860,checkatrade,1,
Balance & Company (Essex) Limited,Ltd Company,Builder,,https://9tuma.app.link/kLTh3RAdIQb?cat_web_device_id=498799c0-c61e-46e4-be55-15037bf653d8&cat_web_session_id=42090766-81c8-4534-a208-694dc1eb0c69&banner_location=header,9.86,238,,https://www.checkatrade.com/trades/balanceandcompany,checkatrade,1,
WESTBUILD HOME IMPROVEMENTS LTD,Mr Craig,Builder,,https://9tuma.app.link/kLTh3RAdIQb?cat_web_device_id=498799c0-c61e-46e4-be55-15037bf653d8&cat_web_session_id=42090766-81c8-4534-a208-694dc1eb0c69&banner_location=header,9.67,7,,https://www.checkatrade.com/trades/westbuildhomeimprovements,checkatrade,1,
IMOTREA CONSTRUCTION LTD,Mr Ion,Builder,,https://9tuma.app.link/kLTh3RAdIQb?cat_web_device_id=498799c0-c61e-46e4-be55-15037bf653d8&cat_web_session_id=42090766-81c8-4534-a208-694dc1eb0c69&banner_location=header,10,6,,https://www.checkatrade.com/trades/imotreaconstructionltd5901718,checkatrade,1,
All Type Building ltd,Mr David,Builder,are loft,https://9tuma.app.link/kLTh3RAdIQb?cat_web_device_id=498799c0-c61e-46e4-be55-15037bf653d8&cat_web_session_id=42090766-81c8-4534-a208-694dc1eb0c69&banner_location=header,10,114,,https://www.checkatrade.com/trades/alltypebuildingltd,checkatrade,1,
Easy Builders,Mr Luan,Builder,,https://9tuma.app.link/kLTh3RAdIQb?cat_web_device_id=498799c0-c61e-46e4-be55-15037bf653d8&cat_web_session_id=42090766-81c8-4534-a208-694dc1eb0c69&banner_location=header,9.75,19,,https://www.checkatrade.com/trades/easybuilders,checkatrade,1,
Best London Lofts Ltd,Mr Adrian,Builder,,https://9tuma.app.link/kLTh3RAdIQb?cat_web_device_id=498799c0-c61e-46e4-be55-15037bf653d8&cat_web_session_id=42090766-81c8-4534-a208-694dc1eb0c69&banner_location=header,9.56,61,,https://www.checkatrade.com/trades/bestlondonlofts,checkatrade,1,
TSS Building Services,Mr Anthony,Builder,Telford and,https://9tuma.app.link/kLTh3RAdIQb?cat_web_device_id=498799c0-c61e-46e4-be55-15037bf653d8&cat_web_session_id=42090766-81c8-4534-a208-694dc1eb0c69&banner_location=header,9.87,66,,https://www.checkatrade.com/trades/tssbuildingservices,checkatrade,1,
Bartlett Construction and Landscaping,Mr Jason,Builder,,https://9tuma.app.link/kLTh3RAdIQb?cat_web_device_id=498799c0-c61e-46e4-be55-15037bf653d8&cat_web_session_id=42090766-81c8-4534-a208-694dc1eb0c69&banner_location=header,10,1,,https://www.checkatrade.com/trades/bartlettconstructionandlandscaping,checkatrade,1,
Bells property solutions,Mr Danny,Builder,,https://9tuma.app.link/kLTh3RAdIQb?cat_web_device_id=498799c0-c61e-46e4-be55-15037bf653d8&cat_web_session_id=42090766-81c8-4534-a208-694dc1eb0c69&banner_location=header,10,21,,https://www.checkatrade.com/trades/bellspropertysolutions,checkatrade,1,
Kingdom Builders,Mr. Darren Keegan,Builder,,https://9tuma.app.link/kLTh3RAdIQb?cat_web_device_id=498799c0-c61e-46e4-be55-15037bf653d8&cat_web_session_id=42090766-81c8-4534-a208-694dc1eb0c69&banner_location=header,10,17,,https://www.checkatrade.com/trades/kingdombuilders,checkatrade,1,
Sellers Brickwork & Extensions,Mr Martin,Builder,Stockton on,https://9tuma.app.link/kLTh3RAdIQb?cat_web_device_id=498799c0-c61e-46e4-be55-15037bf653d8&cat_web_session_id=42090766-81c8-4534-a208-694dc1eb0c69&banner_location=header,9.53,2,,https://www.checkatrade.com/trades/sellersbrickworkandextensions,checkatrade,1,
Mayfair Build Ltd,Mr Dean,Builder,Mayfair to,https://9tuma.app.link/kLTh3RAdIQb?cat_web_device_id=498799c0-c61e-46e4-be55-15037bf653d8&cat_web_session_id=42090766-81c8-4534-a208-694dc1eb0c69&banner_location=header,9.96,57,,https://www.checkatrade.com/trades/mayfairbuild,checkatrade,1,
A - Line Property,Mr. Percy Smith,Builder,,https://9tuma.app.link/kLTh3RAdIQb?cat_web_device_id=498799c0-c61e-46e4-be55-15037bf653d8&cat_web_session_id=42090766-81c8-4534-a208-694dc1eb0c69&banner_location=header,9.62,26,,https://www.checkatrade.com/trades/alineproperty860924,checkatrade,1,
Richmondworks Building And Decorating Excellence Ltd,Mr. Mariusz Strach,Builder,South,https://9tuma.app.link/kLTh3RAdIQb?cat_web_device_id=498799c0-c61e-46e4-be55-15037bf653d8&cat_web_session_id=42090766-81c8-4534-a208-694dc1eb0c69&banner_location=header,9.88,96,,https://www.checkatrade.com/trades/richmondworksbuildinganddecoratingexcellence,checkatrade,1,
Roy's Friendly Builders,Mr Payley,Builder,Heathrow,https://9tuma.app.link/kLTh3RAdIQb?cat_web_device_id=498799c0-c61e-46e4-be55-15037bf653d8&cat_web_session_id=42090766-81c8-4534-a208-694dc1eb0c69&banner_location=header,9.73,200,,https://www.checkatrade.com/trades/roysfriendlybuilders,checkatrade,1,
AHS Construction Design Ltd,Mr Angjelin,Builder,,https://9tuma.app.link/kLTh3RAdIQb?cat_web_device_id=498799c0-c61e-46e4-be55-15037bf653d8&cat_web_session_id=42090766-81c8-4534-a208-694dc1eb0c69&banner_location=header,10,97,,https://www.checkatrade.com/trades/ahsconstructiondesign,checkatrade,1,
TR Builders,Mr Tomasz,Builder,,https://9tuma.app.link/kLTh3RAdIQb?cat_web_device_id=498799c0-c61e-46e4-be55-15037bf653d8&cat_web_session_id=42090766-81c8-4534-a208-694dc1eb0c69&banner_location=header,10,88,,https://www.checkatrade.com/trades/tombuilder,checkatrade,1,
Imeri Construction Ltd,Mr Merjon,Builder,,https://9tuma.app.link/kLTh3RAdIQb?cat_web_device_id=498799c0-c61e-46e4-be55-15037bf653d8&cat_web_session_id=42090766-81c8-4534-a208-694dc1eb0c69&banner_location=header,9.93,22,,https://www.checkatrade.com/trades/imericonstructionltd,checkatrade,1,
All Purpose Improvements Ltd,Mr Ian,Builder,,https://9tuma.app.link/kLTh3RAdIQb?cat_web_device_id=498799c0-c61e-46e4-be55-15037bf653d8&cat_web_session_id=42090766-81c8-4534-a208-694dc1eb0c69&banner_location=header,9.94,51,,https://www.checkatrade.com/trades/allpurposeimprovementsltd,checkatrade,1,
Kaca Construction Ltd,Mr Elson,Builder,London,https://9tuma.app.link/kLTh3RAdIQb?cat_web_device_id=498799c0-c61e-46e4-be55-15037bf653d8&cat_web_session_id=42090766-81c8-4534-a208-694dc1eb0c69&banner_location=header,10,32,,https://www.checkatrade.com/trades/kacaconstruction,checkatrade,1,
Kabs Builder Ltd,Mr Syed,Builder,,https://9tuma.app.link/kLTh3RAdIQb?cat_web_device_id=498799c0-c61e-46e4-be55-15037bf653d8&cat_web_session_id=42090766-81c8-4534-a208-694dc1eb0c69&banner_location=header,10,46,,https://www.checkatrade.com/trades/kabsbuilderltd,checkatrade,1,
LK Construction ltd,Mr Jaswinder,Builder,,https://9tuma.app.link/kLTh3RAdIQb?cat_web_device_id=498799c0-c61e-46e4-be55-15037bf653d8&cat_web_session_id=42090766-81c8-4534-a208-694dc1eb0c69&banner_location=header,9.33,1,,https://www.checkatrade.com/trades/lkconstructionltd,checkatrade,1,
Boulton Building Services,Mr Jamie,Builder,Birmingham and,https://9tuma.app.link/kLTh3RAdIQb?cat_web_device_id=498799c0-c61e-46e4-be55-15037bf653d8&cat_web_session_id=42090766-81c8-4534-a208-694dc1eb0c69&banner_location=header,10,32,,https://www.checkatrade.com/trades/boultonbuildingservices,checkatrade,1,
Hatoz Construction Ltd,Mr. Hamid Saadatvala,Builder,,https://9tuma.app.link/kLTh3RAdIQb?cat_web_device_id=498799c0-c61e-46e4-be55-15037bf653d8&cat_web_session_id=42090766-81c8-4534-a208-694dc1eb0c69&banner_location=header,9.86,53,,https://www.checkatrade.com/trades/hatozconstruction1051917,checkatrade,1,
CAS Construction Midlands Ltd,Mr Christopher,Builder,Staffordshire with,https://9tuma.app.link/kLTh3RAdIQb?cat_web_device_id=498799c0-c61e-46e4-be55-15037bf653d8&cat_web_session_id=42090766-81c8-4534-a208-694dc1eb0c69&banner_location=header,10,21,,https://www.checkatrade.com/trades/casconstructionmidlands,checkatrade,1,
JN Developments,Mr Jordan,Builder,Pocklington York,https://9tuma.app.link/kLTh3RAdIQb?cat_web_device_id=498799c0-c61e-46e4-be55-15037bf653d8&cat_web_session_id=42090766-81c8-4534-a208-694dc1eb0c69&banner_location=header,9.94,20,,https://www.checkatrade.com/trades/jndevelopments,checkatrade,1,
R M Sweeting Properties Ltd,Mr Richard,Builder,Strensall York,https://9tuma.app.link/kLTh3RAdIQb?cat_web_device_id=498799c0-c61e-46e4-be55-15037bf653d8&cat_web_session_id=42090766-81c8-4534-a208-694dc1eb0c69&banner_location=header,7.67,3,,https://www.checkatrade.com/trades/rmsweetingpropertiesltd,checkatrade,1,
ACONY BELL PROPERTIES LIMITED,Ms Irene,Builder,,https://9tuma.app.link/kLTh3RAdIQb?cat_web_device_id=498799c0-c61e-46e4-be55-15037bf653d8&cat_web_session_id=42090766-81c8-4534-a208-694dc1eb0c69&banner_location=header,9.89,47,,https://www.checkatrade.com/trades/aconybellpropertieslimited,checkatrade,1,
Park Property Constructions Ltd,Mr Mohammad,Builder,,https://9tuma.app.link/kLTh3RAdIQb?cat_web_device_id=498799c0-c61e-46e4-be55-15037bf653d8&cat_web_session_id=42090766-81c8-4534-a208-694dc1eb0c69&banner_location=header,10,5,,https://www.checkatrade.com/trades/parkpropertyconstructionsltd,checkatrade,1,
DOM REFURB Limited,Mr Dominik,Builder,Glasgow and,https://9tuma.app.link/kLTh3RAdIQb?cat_web_device_id=498799c0-c61e-46e4-be55-15037bf653d8&cat_web_session_id=42090766-81c8-4534-a208-694dc1eb0c69&banner_location=header,10,7,,https://www.checkatrade.com/trades/domrefurblimited,checkatrade,1,
Platinum Joinery Ltd,Mr Ryan,Builder,,https://9tuma.app.link/kLTh3RAdIQb?cat_web_device_id=498799c0-c61e-46e4-be55-15037bf653d8&cat_web_session_id=42090766-81c8-4534-a208-694dc1eb0c69&banner_location=header,8.61,72,,https://www.checkatrade.com/trades/platinumjoineryltd,checkatrade,1,
KALKAN BUILDER SWANSEA LIMITED,Mr Alan,Builder,Swansea and,https://9tuma.app.link/kLTh3RAdIQb?cat_web_device_id=498799c0-c61e-46e4-be55-15037bf653d8&cat_web_session_id=42090766-81c8-4534-a208-694dc1eb0c69&banner_location=header,10,1,,https://www.checkatrade.com/trades/kalkanbuilderswansealimited,checkatrade,1,
RJD home improvements,Mr Robert,Builder,,https://9tuma.app.link/kLTh3RAdIQb?cat_web_device_id=498799c0-c61e-46e4-be55-15037bf653d8&cat_web_session_id=42090766-81c8-4534-a208-694dc1eb0c69&banner_location=header,,,,https://www.checkatrade.com/trades/rjdhomeimprovements5937622,checkatrade,1,
JV Building Service,Mr Juljan,Builder,,https://9tuma.app.link/kLTh3RAdIQb?cat_web_device_id=498799c0-c61e-46e4-be55-15037bf653d8&cat_web_session_id=42090766-81c8-4534-a208-694dc1eb0c69&banner_location=header,,,,https://www.checkatrade.com/trades/jvbuildingservice,checkatrade,1,
Lt Construction,Mr Luke,Builder,East Challow,https://9tuma.app.link/kLTh3RAdIQb?cat_web_device_id=498799c0-c61e-46e4-be55-15037bf653d8&cat_web_session_id=42090766-81c8-4534-a208-694dc1eb0c69&banner_location=header,,,,https://www.checkatrade.com/trades/ltconstruction5929997,checkatrade,1,
Silver Prism Construction Ltd,,Builder,,,5,4,,https://www.myjobquote.co.uk/t/silver-prism-construction-ltd | https://www.myjobquote.co.uk/t/silver-prism-construction-ltd,myjobquote,1,
Dfinal Touch Engineering Ltd,,Builder,,,5,1,,https://www.myjobquote.co.uk/t/dfinal-touch-engineering-ltd | https://www.myjobquote.co.uk/t/dfinal-touch-engineering-ltd,myjobquote,1,
Building construction and innovation ltd,,Builder,,,5,1,07418368597,https://www.myjobquote.co.uk/t/building-construction-and-innovation-ltd | https://www.myjobquote.co.uk/t/building-construction-and-innovation-ltd,myjobquote,1,
Brentwood bathrooms ltd,,Builder,,,5,2,,https://www.myjobquote.co.uk/t/brentwood-bathrooms-ltd | https://www.myjobquote.co.uk/t/brentwood-bathrooms-ltd,myjobquote,1,
Komfort builders,,Builder,,,4,1,,https://www.myjobquote.co.uk/t/komfort-builders | https://www.myjobquote.co.uk/t/komfort-builders,myjobquote,1,
Oresti paving &  construction LTD,,Builder,,,5,5,,https://www.myjobquote.co.uk/t/oresti-paving-construction-ltd | https://www.myjobquote.co.uk/t/oresti-paving-construction-ltd,myjobquote,1,
Allan & Sons Renovations Limited,,Builder,,,5,2,,https://www.myjobquote.co.uk/t/allan-sons-renovations-limited | https://www.myjobquote.co.uk/t/allan-sons-renovations-limited,myjobquote,1,
DFLCONSTRUCTIONSERVICES,,Builder,,,5,1,,https://www.myjobquote.co.uk/t/dflconstructionservices | https://www.myjobquote.co.uk/t/dflconstructionservices,myjobquote,1,
AJD prooperty investment LTD,,Builder,,,5,3,,https://www.myjobquote.co.uk/t/ajd-prooperty-investment-ltd | https://www.myjobquote.co.uk/t/ajd-prooperty-investment-ltd,myjobquote,1,
Todor Tosev,,Builder,,,5,1,,https://www.myjobquote.co.uk/t/todor-tosev | https://www.myjobquote.co.uk/t/todor-tosev,myjobquote,1,
Idlcontractors,,Builder,,,5,2,,https://www.myjobquote.co.uk/t/idlcontractors | https://www.myjobquote.co.uk/t/idlcontractors,myjobquote,1,
Phoenix property solutions,,Builder,,,5,1,,https://www.myjobquote.co.uk/t/phoenix-property-solutions | https://www.myjobquote.co.uk/t/phoenix-property-solutions,myjobquote,1,
Nick legge,,Builder,,,4.3,29,,https://www.myjobquote.co.uk/t/nick-legge | https://www.myjobquote.co.uk/t/nick-legge,myjobquote,1,
Kolin builders Ltd,,Builder,,,4,3,,https://www.myjobquote.co.uk/t/kolin-builders-ltd | https://www.myjobquote.co.uk/t/kolin-builders-ltd,myjobquote,1,
Girard Joseph,,Builder,,,5,2,,https://www.myjobquote.co.uk/t/girard-joseph | https://www.myjobquote.co.uk/t/girard-joseph,myjobquote,1,
Cameron,,Builder,,,5,1,,https://www.myjobquote.co.uk/t/cameron-108 | https://www.myjobquote.co.uk/t/cameron-108,myjobquote,1,
No Terms and Conditions,,Builder,,,5,1,,https://www.myjobquote.co.uk/t/no-terms-and-conditions | https://www.myjobquote.co.uk/t/no-terms-and-conditions,myjobquote,1,
Tobias jessup,,Builder,,,5,1,,https://www.myjobquote.co.uk/t/tobias-jessup | https://www.myjobquote.co.uk/t/tobias-jessup,myjobquote,1,
SRK construction London ltd,,Builder,,,5,1,,https://www.myjobquote.co.uk/t/srk-construction-london-ltd | https://www.myjobquote.co.uk/t/srk-construction-london-ltd,myjobquote,1,
Koala Landscapes and Construction Ltd,,Builder,,,5,1,,https://www.myjobquote.co.uk/t/koala-landscapes-and-construction-ltd | https://www.myjobquote.co.uk/t/koala-landscapes-and-construction-ltd,myjobquote,1,
Building Blueprints,,Builder,,,5,2,,https://www.myjobquote.co.uk/t/building-blueprints | https://www.myjobquote.co.uk/t/building-blueprints,myjobquote,1,
ASVIV LTD,,Builder,,,5,1,,https://www.myjobquote.co.uk/t/asviv-ltd | https://www.myjobquote.co.uk/t/asviv-ltd,myjobquote,1,
H G Witcher Carpentry,,Builder,,,5,1,,https://www.myjobquote.co.uk/t/h-g-witcher-carpentry | https://www.myjobquote.co.uk/t/h-g-witcher-carpentry,myjobquote,1,
Richmond Bespoke Builders,,Builder,,,5,1,,https://www.myjobquote.co.uk/t/richmond-bespoke-builders | https://www.myjobquote.co.uk/t/richmond-bespoke-builders,myjobquote,1,
Mena contractor ltd,,Builder,,,5,2,,https://www.myjobquote.co.uk/t/mena-contractor-ltd | https://www.myjobquote.co.uk/t/mena-contractor-ltd,myjobquote,1,
Eduard,,Builder,,,5,1,07418318147,https://www.myjobquote.co.uk/t/eduard-10 | https://www.myjobquote.co.uk/t/eduard-10,myjobquote,1,
TSMD Properties Ltd,,Builder,,,5,1,,https://www.myjobquote.co.uk/t/tsmd-properties-ltd | https://www.myjobquote.co.uk/t/tsmd-properties-ltd,myjobquote,1,
AdrianSobolak,,Builder,,,5,1,,https://www.myjobquote.co.uk/t/adriansobolak | https://www.myjobquote.co.uk/t/adriansobolak,myjobquote,1,
Temple Fortune Construction,,Builder,,,4.7,7,,https://www.myjobquote.co.uk/t/temple-fortune-construction | https://www.myjobquote.co.uk/t/temple-fortune-construction,myjobquote,1,
Alberto,,Builder,,,4,1,,https://www.myjobquote.co.uk/t/alberto-9 | https://www.myjobquote.co.uk/t/alberto-9,myjobquote,1,
Vasilica Adamuta LTD,,Builder,,,5,1,,https://www.myjobquote.co.uk/t/vasilica-adamuta-ltd-1 | https://www.myjobquote.co.uk/t/vasilica-adamuta-ltd-1,myjobquote,1,
NILS ON CALL,,Builder,,,5,14,,https://www.myjobquote.co.uk/t/nils-on-call | https://www.myjobquote.co.uk/t/nils-on-call,myjobquote,1,
Task plan development ltd,,Builder,,,5,2,,https://www.myjobquote.co.uk/t/task-plan-development-ltd | https://www.myjobquote.co.uk/t/task-plan-development-ltd,myjobquote,1,
Azad Randhawa,,Builder,,,5,5,,https://www.myjobquote.co.uk/t/azad-randhawa | https://www.myjobquote.co.uk/t/azad-randhawa,myjobquote,1,
GWS Multi Trade Builders,,Builder,,,5,4,,https://www.myjobquote.co.uk/t/gws-multi-trade-builders | https://www.myjobquote.co.uk/t/gws-multi-trade-builders,myjobquote,1,
Limelight Build LTD,,Builder,,,5,11,,https://www.myjobquote.co.uk/t/limelight-build-ltd | https://www.myjobquote.co.uk/t/limelight-build-ltd,myjobquote,1,
Pro Dryliner Ltd,,Builder,,,4.9,17,07418369558,https://www.myjobquote.co.uk/t/pro-dryliner-ltd | https://www.myjobquote.co.uk/t/pro-dryliner-ltd,myjobquote,1,
As you like it building services Ltd,,Builder,,,5,3,,https://www.myjobquote.co.uk/t/as-you-like-it-building-services-ltd | https://www.myjobquote.co.uk/t/as-you-like-it-building-services-ltd,myjobquote,1,
Insight Property Maintenance,,Builder,,,5,15,,https://www.myjobquote.co.uk/t/insight-property-maintenance | https://www.myjobquote.co.uk/t/insight-property-maintenance,myjobquote,1,
MSG Design Ltd,,Builder,,,5,26,07418374742,https://www.myjobquote.co.uk/t/msg-design-ltd | https://www.myjobquote.co.uk/t/msg-design-ltd,myjobquote,1,
Buckingham & Sons Ltd,,Builder,,,4.8,5,,https://www.myjobquote.co.uk/t/buckingham-sons-ltd | https://www.myjobquote.co.uk/t/buckingham-sons-ltd,myjobquote,1,
Bespoke Construction,,Builder,,,5,2,,https://www.myjobquote.co.uk/t/bespoke-construction-6,myjobquote,1,
Priority roofing&building design,,Builder,,,5,2,,https://www.myjobquote.co.uk/t/priority-roofingbuilding-design | https://www.myjobquote.co.uk/t/priority-roofingbuilding-design,myjobquote,1,
Refurb and Maintenance,,Builder,,,5,17,,https://www.myjobquote.co.uk/t/refurb-and-maintenance | https://www.myjobquote.co.uk/t/refurb-and-maintenance,myjobquote,1,
Clarks property services,,Builder,,,5,3,,https://www.myjobquote.co.uk/t/clarks-property-services | https://www.myjobquote.co.uk/t/clarks-property-services,myjobquote,1,
london north south builders,,Builder,,,5,1,,https://www.myjobquote.co.uk/t/london-north-south-builders | https://www.myjobquote.co.uk/t/london-north-south-builders,myjobquote,1,
Llllllll,,Builder,,,1,1,,https://www.myjobquote.co.uk/t/llllllll | https://www.myjobquote.co.uk/t/llllllll,myjobquote,1,
CJK DELUXE CLEANERS,,Builder,,,1,1,,https://www.myjobquote.co.uk/t/cjk-deluxe-cleaners | https://www.myjobquote.co.uk/t/cjk-deluxe-cleaners,myjobquote,1,
ESSEX BUILDING & LANDSCAPIG,,Builder,,,2,1,,https://www.myjobquote.co.uk/t/essex-building-landscapig | https://www.myjobquote.co.uk/t/essex-building-landscapig,myjobquote,1,
Cedar and co construction ltd,,Builder,,,1,1,,https://www.myjobquote.co.uk/t/cedar-and-co-construction-ltd | https://www.myjobquote.co.uk/t/cedar-and-co-construction-ltd,myjobquote,1,
Ionut Moraru,,Builder,,,1,1,,https://www.myjobquote.co.uk/t/ionut-moraru | https://www.myjobquote.co.uk/t/ionut-moraru,myjobquote,1,
Winfresh Construction Limited,,Builder,,,1,1,,https://www.myjobquote.co.uk/t/winfresh-construction-limited | https://www.myjobquote.co.uk/t/winfresh-construction-limited,myjobquote,1,
TH Decorators & maintenance,,Builder,,,3,1,,https://www.myjobquote.co.uk/t/th-decorators-maintenance | https://www.myjobquote.co.uk/t/th-decorators-maintenance,myjobquote,1,
Danyko Property Development,,Builder,,,4.68,0,,https://www.myjobquote.co.uk/t/danyko-property-development,myjobquote,1,
Jorge vera,,Builder,,,4.68,0,,https://www.myjobquote.co.uk/t/jacobs-renovations-ltd,myjobquote,1,
Sh Eagle Construction,,Builder,,,4.68,0,,https://www.myjobquote.co.uk/t/sh-eagle-construction,myjobquote,1,
Sh Eagle Construction,,Builder,,,4.68,0,,https://www.myjobquote.co.uk/t/balc-construction-ltd,myjobquote,1,
Alberto,,Builder,,,4.68,0,,https://www.myjobquote.co.uk/t/alberto-2,myjobquote,1,
MaintenanceAS,,Builder,,,4.68,0,,https://www.myjobquote.co.uk/t/maintenanceas,myjobquote,1,
Evolvingassets,,Builder,,,4.68,0,,https://www.myjobquote.co.uk/t/evolvingassets | https://www.myjobquote.co.uk/t/evolvingassets,myjobquote,1,
Builder_box,,Builder,,,4.68,0,,https://www.myjobquote.co.uk/t/builder-box,myjobquote,1,
Builder_box,,Builder,,,4.68,0,,https://www.myjobquote.co.uk/t/ting-jie,myjobquote,1,
Kontrksh,,Builder,,,4.68,0,,https://www.myjobquote.co.uk/t/kontrksh,myjobquote,1,
Kontrksh,,Builder,,,4.68,0,,https://www.myjobquote.co.uk/t/dr-construction-ltd,myjobquote,1,
Sky dream constructions,,Builder,,,4.68,0,,https://www.myjobquote.co.uk/t/sky-dream-constructions,myjobquote,1,
Nextlvl construction company ltd,,Builder,,,4.68,0,,https://www.myjobquote.co.uk/t/nextlvl-construction-company-ltd,myjobquote,1,
RT Renovations London,,Builder,,,4.68,0,,https://www.myjobquote.co.uk/t/rt-renovations-london,myjobquote,1,
Smartech Constructions Ltd,,Builder,,,4.68,0,,https://www.myjobquote.co.uk/t/smartech-constructions-ltd,myjobquote,1,
A And L Ever Ready Cleaning And Building Maintenance Services LTD,,Builder,,,4.68,0,,https://www.myjobquote.co.uk/t/a-and-l-ever-ready-cleaning-and-building-maintenance-services-ltd-1,myjobquote,1,
Houserenovation,,Builder,,,4.68,0,,https://www.myjobquote.co.uk/t/houserenovation,myjobquote,1,
Supermarioconstraction1984,,Builder,,,5,9,,https://www.myjobquote.co.uk/t/supermarioconstraction1984 | https://www.myjobquote.co.uk/t/supermarioconstraction1984,myjobquote,1,
4 Seasons roofing and maintenance,,Builder,,,5,2,,https://www.myjobquote.co.uk/t/4-seasons-roofing-and-maintenance | https://www.myjobquote.co.uk/t/4-seasons-roofing-and-maintenance,myjobquote,1,
"Brickworth Landscaping, Masonry & Construction",,Builder,,,5,12,,https://www.myjobquote.co.uk/t/brickworth-landscaping-masonry-construction | https://www.myjobquote.co.uk/t/brickworth-landscaping-masonry-construction,myjobquote,1,
Surrey London Builds LTD,,Builder,,,5,1,,https://www.myjobquote.co.uk/t/surrey-london-builds-ltd-1 | https://www.myjobquote.co.uk/t/surrey-london-builds-ltd-1,myjobquote,1,
Handyman services,,Builder,,,5,7,,https://www.myjobquote.co.uk/t/handyman-services-134 | https://www.myjobquote.co.uk/t/handyman-services-134,myjobquote,1,
Pristine Property Group,,Builder,,,5,1,,https://www.myjobquote.co.uk/t/pristine-property-group | https://www.myjobquote.co.uk/t/pristine-property-group,myjobquote,1,
SSK builders London,,Builder,,,4.68,0,,https://www.myjobquote.co.uk/t/ssk-builders-london | https://www.myjobquote.co.uk/t/ssk-builders-london,myjobquote,1,
Golden Hands Carpentry,,Builder,,,4.68,0,,https://www.myjobquote.co.uk/t/golden-hands-carpentry | https://www.myjobquote.co.uk/t/golden-hands-carpentry,myjobquote,1,
"Donnelly Design, Property Refurbishments & Renovation",,Builder,,,5,2,07418362046,https://www.myjobquote.co.uk/t/donnelly-design-property-refurbishments-renovation | https://www.myjobquote.co.uk/t/donnelly-design-property-refurbishments-renovation,myjobquote,1,
Able Renovations Kent,,Builder,,,5,5,,https://www.myjobquote.co.uk/t/able-renovations-kent | https://www.myjobquote.co.uk/t/able-renovations-kent,myjobquote,1,
Greenham Brickwork,,Builder,,,5,2,,https://www.myjobquote.co.uk/t/greenham-brickwork | https://www.myjobquote.co.uk/t/greenham-brickwork,myjobquote,1,
G&i  tree specialist,,Builder,,,5,14,07441449091,https://www.myjobquote.co.uk/t/gi-tree-specialist | https://www.myjobquote.co.uk/t/gi-tree-specialist,myjobquote,1,
CRYSTOFOR TRADING LIMITED,,Builder,,,5,2,07418365405,https://www.myjobquote.co.uk/t/crystofor-trading-limited | https://www.myjobquote.co.uk/t/crystofor-trading-limited,myjobquote,1,
Graeme&#039;s Kitchen & General Building services,,Builder,,,5,1,,https://www.myjobquote.co.uk/t/graemes-kitchen-general-building-services | https://www.myjobquote.co.uk/t/graemes-kitchen-general-building-services,myjobquote,1,
Tony Scott builders,,Builder,,,5,14,,https://www.myjobquote.co.uk/t/tony-scott-builders | https://www.myjobquote.co.uk/t/tony-scott-builders,myjobquote,1,
Besard,,Builder,,,4,20,,https://www.myjobquote.co.uk/t/besard | https://www.myjobquote.co.uk/t/besard,myjobquote,1,
Leon&#039;s Building Services LTD.,,Builder,,,5,1,,https://www.myjobquote.co.uk/t/leons-building-services-ltd | https://www.myjobquote.co.uk/t/leons-building-services-ltd,myjobquote,1,
All type of work,,Builder,,,5,1,,https://www.myjobquote.co.uk/t/all-type-of-work | https://www.myjobquote.co.uk/t/all-type-of-work,myjobquote,1,
Porter Builders,,Builder,,,5,1,,https://www.myjobquote.co.uk/t/porter-builders | https://www.myjobquote.co.uk/t/porter-builders,myjobquote,1,
Equa Solutions,,Builder,,,4.5,4,,https://www.myjobquote.co.uk/t/equa-solutions | https://www.myjobquote.co.uk/t/equa-solutions,myjobquote,1,
C&V Building Works Ltd,,Builder,,,5,1,,https://www.myjobquote.co.uk/t/cv-building-works-ltd-1 | https://www.myjobquote.co.uk/t/cv-building-works-ltd-1,myjobquote,1,
A1 Build London,,Builder,,,5,1,,https://www.myjobquote.co.uk/t/a1-build-london | https://www.myjobquote.co.uk/t/a1-build-london,myjobquote,1,
builder CAI,,Builder,,,4.68,0,,https://www.myjobquote.co.uk/t/builder-cai | https://www.myjobquote.co.uk/t/builder-cai,myjobquote,1,
builder CAI,,Builder,,,4.68,0,,https://www.myjobquote.co.uk/t/arnav-construction-ltd | https://www.myjobquote.co.uk/t/arnav-construction-ltd,myjobquote,1,
Sadaat,,Builder,,,4.68,0,,https://www.myjobquote.co.uk/t/raja-builders-ltd | https://www.myjobquote.co.uk/t/raja-builders-ltd,myjobquote,1,
Habibi,,Builder,,,4.68,0,,https://www.myjobquote.co.uk/t/fahad | https://www.myjobquote.co.uk/t/fahad,myjobquote,1,
Fahad,,Builder,,,4.68,0,,https://www.myjobquote.co.uk/t/case-di-lusso-ltd | https://www.myjobquote.co.uk/t/case-di-lusso-ltd,myjobquote,1,
b85ltd,,Builder,,,4.68,0,,https://www.myjobquote.co.uk/t/b85ltd | https://www.myjobquote.co.uk/t/b85ltd,myjobquote,1,
b85ltd,,Builder,,,4.68,0,,https://www.myjobquote.co.uk/t/bilder-1 | https://www.myjobquote.co.uk/t/bilder-1,myjobquote,1,
Jakhar General Builders,,Builder,,,4.68,0,,https://www.myjobquote.co.uk/t/jakhar-general-builders | https://www.myjobquote.co.uk/t/jakhar-general-builders,myjobquote,1,
ECUABRAL,,Builder,,,4.68,0,,https://www.myjobquote.co.uk/t/ecuabral-1 | https://www.myjobquote.co.uk/t/ecuabral-1,myjobquote,1,
Equip builders ltd,,Builder,,,4.68,0,,https://www.myjobquote.co.uk/t/equip-builders-ltd,myjobquote,1,
Angel building services Ltd,,Builder,,,4.68,0,,https://www.myjobquote.co.uk/t/angel-building-services-ltd | https://www.myjobquote.co.uk/t/angel-building-services-ltd,myjobquote,1,
Pro Jm Builders,,Builder,,,4.68,0,,https://www.myjobquote.co.uk/t/pro-jm-builders | https://www.myjobquote.co.uk/t/pro-jm-builders,myjobquote,1,
Alex&#039;s carpenter,,Builder,,,4.68,0,,https://www.myjobquote.co.uk/t/alexs-carpenter | https://www.myjobquote.co.uk/t/alexs-carpenter,myjobquote,1,
Alex&#039;s carpenter,,Builder,,,4.68,0,,https://www.myjobquote.co.uk/t/amplo-mm-ltd | https://www.myjobquote.co.uk/t/amplo-mm-ltd,myjobquote,1,
Good Labourer,,Builder,,,4.68,0,,https://www.myjobquote.co.uk/t/good-labourer | https://www.myjobquote.co.uk/t/good-labourer,myjobquote,1,
hundal services,,Builder,,,4.68,0,,https://www.myjobquote.co.uk/t/hundal-services | https://www.myjobquote.co.uk/t/hundal-services,myjobquote,1,
Mr structual ltd,,Builder,,,4.68,0,,https://www.myjobquote.co.uk/t/mr-structual-ltd | https://www.myjobquote.co.uk/t/mr-structual-ltd,myjobquote,1,
Marku Guaranteed Builder Uk Ltd,,Builder,,,4.68,0,,https://www.myjobquote.co.uk/t/4cs-building-solution | https://www.myjobquote.co.uk/t/4cs-building-solution,myjobquote,1,
Mastercraft building,,Builder,,,4.68,0,,https://www.myjobquote.co.uk/t/mastercraft-building | https://www.myjobquote.co.uk/t/mastercraft-building,myjobquote,1,
Jamkan Building Services LTD,,Builder,,,4.68,0,,https://www.myjobquote.co.uk/t/jamkan-building-services-ltd | https://www.myjobquote.co.uk/t/jamkan-building-services-ltd,myjobquote,1,
Jamkan Building Services LTD,,Builder,,,4.68,0,,https://www.myjobquote.co.uk/t/hq-home-improvements | https://www.myjobquote.co.uk/t/hq-home-improvements,myjobquote,1,
APSKM GROUP LTD,,Builder,,,4.68,0,,https://www.myjobquote.co.uk/t/apskm-group-ltd | https://www.myjobquote.co.uk/t/apskm-group-ltd,myjobquote,1,
Soares Builders TD,,Builder,,,4.68,0,,https://www.myjobquote.co.uk/t/soares-builders-td | https://www.myjobquote.co.uk/t/soares-builders-td,myjobquote,1,
Soares Builders TD,,Builder,,,4.68,0,,https://www.myjobquote.co.uk/t/mjr-builders-ltd | https://www.myjobquote.co.uk/t/mjr-builders-ltd,myjobquote,1,
evergreenstructures ltd,,Builder,,,4.68,0,,https://www.myjobquote.co.uk/t/evergreenstructures-ltd | https://www.myjobquote.co.uk/t/evergreenstructures-ltd,myjobquote,1,
Hyusein,,Builder,,,4.68,0,,https://www.myjobquote.co.uk/t/hyusein | https://www.myjobquote.co.uk/t/hyusein,myjobquote,1,
Hyusein,,Builder,,,4.68,0,,https://www.myjobquote.co.uk/t/theconsciousbuilder | https://www.myjobquote.co.uk/t/theconsciousbuilder,myjobquote,1,
MMBILD,,Builder,,,4.68,0,,https://www.myjobquote.co.uk/t/jason-18 | https://www.myjobquote.co.uk/t/jason-18,myjobquote,1,
SP Refurbishment and Construction Ltd,,Builder,,,4.68,0,,https://www.myjobquote.co.uk/t/sp-refurbishment-and-construction-ltd | https://www.myjobquote.co.uk/t/sp-refurbishment-and-construction-ltd,myjobquote,1,
A to z Dream  construction,,Builder,,,4.68,0,,https://www.myjobquote.co.uk/t/a-to-z-dream-construction | https://www.myjobquote.co.uk/t/a-to-z-dream-construction,myjobquote,1,
A to z Dream  construction,,Builder,,,4.68,0,,https://www.myjobquote.co.uk/t/polish-builders-team | https://www.myjobquote.co.uk/t/polish-builders-team,myjobquote,1,
Ihor7,,Builder,,,4.68,0,,https://www.myjobquote.co.uk/t/bcui-builders-ltd | https://www.myjobquote.co.uk/t/bcui-builders-ltd,myjobquote,1,
O A Falusi Ltd,,Builder,,,4.68,0,,https://www.myjobquote.co.uk/t/o-a-falusi-ltd | https://www.myjobquote.co.uk/t/o-a-falusi-ltd,myjobquote,1,
London Green Building Services,,Builder,,,4.68,0,,https://www.myjobquote.co.uk/t/london-green-building-services | https://www.myjobquote.co.uk/t/london-green-building-services,myjobquote,1,
Asap Handy Service,,Builder,,,4.68,0,,https://www.myjobquote.co.uk/t/asap-handy-service | https://www.myjobquote.co.uk/t/asap-handy-service,myjobquote,1,
J f plastering &  Home Improvements,,Builder,,,5,1,07451260904,https://www.myjobquote.co.uk/t/j-f-plastering-home-improvements | https://www.myjobquote.co.uk/t/j-f-plastering-home-improvements,myjobquote,1,
ValleyRefurbishmentsltd,,Builder,,,5,1,,https://www.myjobquote.co.uk/t/valleyrefurbishmentsltd | https://www.myjobquote.co.uk/t/valleyrefurbishmentsltd,myjobquote,1,
The Handicraftsman,,Builder,,,5,6,07451260970,https://www.myjobquote.co.uk/t/the-handicraftsman | https://www.myjobquote.co.uk/t/the-handicraftsman,myjobquote,1,
Prestige Building & Roofing,,Builder,,,5,4,,https://www.myjobquote.co.uk/t/prestige-building-roofing-2 | https://www.myjobquote.co.uk/t/prestige-building-roofing-2,myjobquote,1,
HappyBuilders,,Builder,,,5,1,,https://www.myjobquote.co.uk/t/happybuilders | https://www.myjobquote.co.uk/t/happybuilders,myjobquote,1,
Optimus Recruits,,Builder,,,4.68,0,,https://www.myjobquote.co.uk/t/optimus-recruits | https://www.myjobquote.co.uk/t/optimus-recruits,myjobquote,1,
Easy quote limited,,Builder,,,4.68,0,,https://www.myjobquote.co.uk/t/easy-quote-limited | https://www.myjobquote.co.uk/t/easy-quote-limited,myjobquote,1,
Nicholas James,,Builder,,,4.68,0,,https://www.myjobquote.co.uk/t/nicholas-james | https://www.myjobquote.co.uk/t/nicholas-james,myjobquote,1,
George Potanga,,Builder,,,4.68,0,,https://www.myjobquote.co.uk/t/george-potanga | https://www.myjobquote.co.uk/t/george-potanga,myjobquote,1,
Home Deco Property Management Limited,,Builder,,,4.68,0,,https://www.myjobquote.co.uk/t/home-deco-property-management-limited | https://www.myjobquote.co.uk/t/home-deco-property-management-limited,myjobquote,1,
Top construction c&dltd,,Builder,,,4.68,0,,https://www.myjobquote.co.uk/t/top-construction-cdltd | https://www.myjobquote.co.uk/t/top-construction-cdltd,myjobquote,1,
Armand,,Builder,,,4.68,0,,https://www.myjobquote.co.uk/t/armand-1 | https://www.myjobquote.co.uk/t/armand-1,myjobquote,1,
inner imperial lofts,,Builder,,,4.68,0,,https://www.myjobquote.co.uk/t/inner-imperial-lofts | https://www.myjobquote.co.uk/t/inner-imperial-lofts,myjobquote,1,
Pinder Building Contractors Ltd,,Builder,,,4.68,0,,https://www.myjobquote.co.uk/t/pinder-building-contractors-ltd | https://www.myjobquote.co.uk/t/pinder-building-contractors-ltd,myjobquote,1,
Revive & Restore,,Builder,,,4.68,0,,https://www.myjobquote.co.uk/t/revive-restore | https://www.myjobquote.co.uk/t/revive-restore,myjobquote,1,
ADY22 Ltd,,Builder,,,4.68,0,,https://www.myjobquote.co.uk/t/ady22-ltd | https://www.myjobquote.co.uk/t/ady22-ltd,myjobquote,1,
samul property ltd,,Builder,,,4.68,0,,https://www.myjobquote.co.uk/t/samul-property-ltd | https://www.myjobquote.co.uk/t/samul-property-ltd,myjobquote,1,
samul property ltd,,Builder,,,4.68,0,,https://www.myjobquote.co.uk/t/sg-builders-2 | https://www.myjobquote.co.uk/t/sg-builders-2,myjobquote,1,
Stavre Construction,,Builder,,,4.68,0,,https://www.myjobquote.co.uk/t/lmg-building-services-london-ltd | https://www.myjobquote.co.uk/t/lmg-building-services-london-ltd,myjobquote,1,
General Handyman Construction LTD,,Builder,,,4.68,0,,https://www.myjobquote.co.uk/t/general-handyman-construction-ltd | https://www.myjobquote.co.uk/t/general-handyman-construction-ltd,myjobquote,1,
Eagle Hills Global,,Builder,,,4.68,0,,https://www.myjobquote.co.uk/t/eagle-hills-global | https://www.myjobquote.co.uk/t/eagle-hills-global,myjobquote,1,
Cichocki builder,,Builder,,,4.68,0,,https://www.myjobquote.co.uk/t/cichocki-builder | https://www.myjobquote.co.uk/t/cichocki-builder,myjobquote,1,
self employed,,Builder,,,4.68,0,,https://www.myjobquote.co.uk/t/self-employed-375 | https://www.myjobquote.co.uk/t/self-employed-375,myjobquote,1,
Quadral Group,,Builder,,,5,1,,https://www.myjobquote.co.uk/t/quadral-group | https://www.myjobquote.co.uk/t/quadral-group,myjobquote,1,
Builders Register Limited,,Builder,,,5,7,,https://www.myjobquote.co.uk/t/builders-register-limited | https://www.myjobquote.co.uk/t/builders-register-limited,myjobquote,1,
Timberline roofing & building,,Builder,,,5,2,,https://www.myjobquote.co.uk/t/timberline-roofing-building | https://www.myjobquote.co.uk/t/timberline-roofing-building,myjobquote,1,
Sundridge Homes & Gardens Ltd,,Builder,,,4.68,0,,https://www.myjobquote.co.uk/t/sundridge-homes-gardens-ltd | https://www.myjobquote.co.uk/t/sundridge-homes-gardens-ltd,myjobquote,1,
JD SMART BUILDING SERVICES,,Builder,,,4.68,0,,https://www.myjobquote.co.uk/t/jd-smart-building-services | https://www.myjobquote.co.uk/t/jd-smart-building-services,myjobquote,1,
Rutland Building,,Builder,,,4.68,0,,https://www.myjobquote.co.uk/t/rutland-building | https://www.myjobquote.co.uk/t/rutland-building,myjobquote,1,
Rutland Building,,Builder,,,4.68,0,,https://www.myjobquote.co.uk/t/ab-brickwork-6 | https://www.myjobquote.co.uk/t/ab-brickwork-6,myjobquote,1,
Superior Estate and Builders Ltd,,Builder,,,4.68,0,,https://www.myjobquote.co.uk/t/superior-estate-and-builders-ltd | https://www.myjobquote.co.uk/t/superior-estate-and-builders-ltd,myjobquote,1,
Superior Estate and Builders Ltd,,Builder,,,4.68,0,,https://www.myjobquote.co.uk/t/easy-build-developments-ltd | https://www.myjobquote.co.uk/t/easy-build-developments-ltd,myjobquote,1,
Easy Build & Developments Ltd,,Builder,,,4.68,0,,https://www.myjobquote.co.uk/t/eraldo | https://www.myjobquote.co.uk/t/eraldo,myjobquote,1,
Eraldo,,Builder,,,4.68,0,,https://www.myjobquote.co.uk/t/the-conversion-company | https://www.myjobquote.co.uk/t/the-conversion-company,myjobquote,1,
Q Space renovations,,Builder,,,5,1,,https://www.myjobquote.co.uk/t/jm-bespoke | https://www.myjobquote.co.uk/t/jm-bespoke,myjobquote,1,
Ashton & Cole Building & Electrical Services,,Builder,,,5,7,,https://www.myjobquote.co.uk/t/ashton-cole-building-electrical-services | https://www.myjobquote.co.uk/t/ashton-cole-building-electrical-services,myjobquote,1,
LC Landscapes & Groundworks,,Builder,,,5,2,07441472647,https://www.myjobquote.co.uk/t/lc-landscapes-groundworks-1 | https://www.myjobquote.co.uk/t/lc-landscapes-groundworks-1,myjobquote,1,
Roof2Roof,,Builder,,,5,21,,https://www.myjobquote.co.uk/t/roof2roof-2 | https://www.myjobquote.co.uk/t/roof2roof-2,myjobquote,1,
We fix houses ltd,,Builder,,,5,19,,https://www.myjobquote.co.uk/t/we-fix-houses-ltd | https://www.myjobquote.co.uk/t/we-fix-houses-ltd,myjobquote,1,
Mitchell Construction,,Builder,,,5,1,,https://www.myjobquote.co.uk/t/mitchell-construction-2 | https://www.myjobquote.co.uk/t/mitchell-construction-2,myjobquote,1,
Sigma construction services uk ltd,,Builder,,,5,2,,https://www.myjobquote.co.uk/t/sigma-construction-services-uk-ltd | https://www.myjobquote.co.uk/t/sigma-construction-services-uk-ltd,myjobquote,1,
Jrlandsons ltd,,Builder,,,5,3,,https://www.myjobquote.co.uk/t/jrlandsons-ltd | https://www.myjobquote.co.uk/t/jrlandsons-ltd,myjobquote,1,
Koli&#039;s Construction Limited,,Builder,,,5,12,,https://www.myjobquote.co.uk/t/kolis-construction-limited | https://www.myjobquote.co.uk/t/kolis-construction-limited,myjobquote,1,
Mac London Building,,Builder,,,5,1,,https://www.myjobquote.co.uk/t/mac-london-building | https://www.myjobquote.co.uk/t/mac-london-building,myjobquote,1,
Totheoutside Garden,,Builder,,,5,37,,https://www.myjobquote.co.uk/t/totheoutside-garden | https://www.myjobquote.co.uk/t/totheoutside-garden,myjobquote,1,
Solis Resorces &Co Ltd,,Builder,,,5,1,,https://www.myjobquote.co.uk/t/solis-resorces-co-ltd | https://www.myjobquote.co.uk/t/solis-resorces-co-ltd,myjobquote,1,
JK Roofing & Groundworks,,Builder,,,5,12,,https://www.myjobquote.co.uk/t/jk-roofing-groundworks | https://www.myjobquote.co.uk/t/jk-roofing-groundworks,myjobquote,1,
Nrs roofing services,,Builder,,,4,1,07418317352,https://www.myjobquote.co.uk/t/nrs-roofing-services | https://www.myjobquote.co.uk/t/nrs-roofing-services,myjobquote,1,
J S K construction and landscaping,,Builder,,,5,1,,https://www.myjobquote.co.uk/t/j-s-k-construction-and-landscaping | https://www.myjobquote.co.uk/t/j-s-k-construction-and-landscaping,myjobquote,1,
A&N Surrey Construction Ltd,,Builder,,,5,1,07418318851,https://www.myjobquote.co.uk/t/an-surrey-construction-ltd | https://www.myjobquote.co.uk/t/an-surrey-construction-ltd,myjobquote,1,
Jack chapman,,Builder,,,5,2,,https://www.myjobquote.co.uk/t/jack-chapman-1 | https://www.myjobquote.co.uk/t/jack-chapman-1,myjobquote,1,
ALT Joinery & Building,,Builder,,,4.9,16,07451260557,https://www.myjobquote.co.uk/t/alt-joinery-building | https://www.myjobquote.co.uk/t/alt-joinery-building,myjobquote,1,
24 abc limited,,Builder,,,4,3,07418370724,https://www.myjobquote.co.uk/t/24-abc-limited | https://www.myjobquote.co.uk/t/24-abc-limited,myjobquote,1,
Macpaint,,Builder,,,5,1,,https://www.myjobquote.co.uk/t/macpaint-1 | https://www.myjobquote.co.uk/t/macpaint-1,myjobquote,1,
GJ Wright Civils,,Builder,,,5,5,,https://www.myjobquote.co.uk/t/gj-wright-civils | https://www.myjobquote.co.uk/t/gj-wright-civils,myjobquote,1,
Azı azi,,Builder,,,4.68,0,,https://www.myjobquote.co.uk/t/azi-azi | https://www.myjobquote.co.uk/t/azi-azi,myjobquote,1,
Azı azi,,Builder,,,4.68,0,,https://www.myjobquote.co.uk/t/cbr-maintenance-group | https://www.myjobquote.co.uk/t/cbr-maintenance-group,myjobquote,1,
Maximize Building & Renovations LTD,,Builder,,,4.68,0,,https://www.myjobquote.co.uk/t/maximize-building-renovations-ltd | https://www.myjobquote.co.uk/t/maximize-building-renovations-ltd,myjobquote,1,
I not have,,Builder,,,4.68,0,,https://www.myjobquote.co.uk/t/i-not-have-1 | https://www.myjobquote.co.uk/t/i-not-have-1,myjobquote,1,
I not have,,Builder,,,4.68,0,,https://www.myjobquote.co.uk/t/ardent-masonry-building-and-landscapes | https://www.myjobquote.co.uk/t/ardent-masonry-building-and-landscapes,myjobquote,1,
Renato Home Renovation,,Builder,,,4.68,0,,https://www.myjobquote.co.uk/t/renato-home-renovation | https://www.myjobquote.co.uk/t/renato-home-renovation,myjobquote,1,
Aaditya,,Builder,,,4.68,0,,https://www.myjobquote.co.uk/t/aaditya | https://www.myjobquote.co.uk/t/aaditya,myjobquote,1,
Cbarton,,Builder,,,4.68,0,,https://www.myjobquote.co.uk/t/cbarton | https://www.myjobquote.co.uk/t/cbarton,myjobquote,1,
Cbarton,,Builder,,,5,3,,https://www.myjobquote.co.uk/t/paul-lindsay | https://www.myjobquote.co.uk/t/paul-lindsay,myjobquote,1,
Central Scotland Roofing,,Builder,,,5,3,07418349769,https://www.myjobquote.co.uk/t/central-scotland-roofing | https://www.myjobquote.co.uk/t/central-scotland-roofing,myjobquote,1,
R&M builders and landscapers,,Builder,,,5,12,,https://www.myjobquote.co.uk/t/rm-builders-and-landscapers | https://www.myjobquote.co.uk/t/rm-builders-and-landscapers,myjobquote,1,
M&R Joinery,,Builder,,,5,11,,https://www.myjobquote.co.uk/t/mr-joinery-3 | https://www.myjobquote.co.uk/t/mr-joinery-3,myjobquote,1,
Thelvtcompany,,Builder,,,5,1,,https://www.myjobquote.co.uk/t/thelvtcompany | https://www.myjobquote.co.uk/t/thelvtcompany,myjobquote,1,
Blackwood Brickwork,,Builder,,,4.68,0,,https://www.myjobquote.co.uk/t/blackwood-brickwork | https://www.myjobquote.co.uk/t/blackwood-brickwork,myjobquote,1,
Eb63all.trades.ltd,,Builder,,,4.68,0,,https://www.myjobquote.co.uk/t/eb63alltradesltd | https://www.myjobquote.co.uk/t/eb63alltradesltd,myjobquote,1,
Eb63all.trades.ltd,,Builder,,,4.68,0,,https://www.myjobquote.co.uk/t/keymasonrybuilding-landscaping | https://www.myjobquote.co.uk/t/keymasonrybuilding-landscaping,myjobquote,1,
Karol Gembiak,,Builder,,,4.68,0,,https://www.myjobquote.co.uk/t/di-beveridge-construction | https://www.myjobquote.co.uk/t/di-beveridge-construction,myjobquote,1,
Stuart,,Builder,,,4.68,0,,https://www.myjobquote.co.uk/t/stuart-26 | https://www.myjobquote.co.uk/t/stuart-26,myjobquote,1,
Stuart,,Builder,,,4.68,0,,https://www.myjobquote.co.uk/t/brandon-brookes | https://www.myjobquote.co.uk/t/brandon-brookes,myjobquote,1,
brandon brookes,,Builder,,,4.68,0,,https://www.myjobquote.co.uk/t/jacob-moody | https://www.myjobquote.co.uk/t/jacob-moody,myjobquote,1,
Baran Bulut,,Builder,,,4.68,0,,https://www.myjobquote.co.uk/t/baran-bulut | https://www.myjobquote.co.uk/t/baran-bulut,myjobquote,1,
RMG Electrical/capital interiors,,Builder,,,5,11,,https://www.myjobquote.co.uk/t/rmg-electricalcapital-interiors | https://www.myjobquote.co.uk/t/rmg-electricalcapital-interiors,myjobquote,1,
Clean Air Energy Ltd,,Builder,,,5,1,,https://www.myjobquote.co.uk/t/clean-air-energy-ltd | https://www.myjobquote.co.uk/t/clean-air-energy-ltd,myjobquote,1,
Kaded,,Builder,,,5,2,,https://www.myjobquote.co.uk/t/kaded | https://www.myjobquote.co.uk/t/kaded,myjobquote,1,
Wilson’s building and landscaping services,,Builder,,,4,1,,https://www.myjobquote.co.uk/t/wilsons-building-and-landscaping-services | https://www.myjobquote.co.uk/t/wilsons-building-and-landscaping-services,myjobquote,1,
Aaron Hamer,,Builder,,,5,2,,https://www.myjobquote.co.uk/t/aaron-hamer | https://www.myjobquote.co.uk/t/aaron-hamer,myjobquote,1,
K-1 roofing and building contractors,,Builder,,,5,23,,https://www.myjobquote.co.uk/t/k-1-roofing-and-building-contractors | https://www.myjobquote.co.uk/t/k-1-roofing-and-building-contractors,myjobquote,1,
Mcmanus,,Builder,,,5,3,,https://www.myjobquote.co.uk/t/mcmanus | https://www.myjobquote.co.uk/t/mcmanus,myjobquote,1,
Paul Innes,,Builder,,,5,6,,https://www.myjobquote.co.uk/t/paul-innes | https://www.myjobquote.co.uk/t/paul-innes,myjobquote,1,
Kingsknowe Joinery/All Trades,,Builder,,,4.5,6,,https://www.myjobquote.co.uk/t/kingsknowe-joineryall-trades | https://www.myjobquote.co.uk/t/kingsknowe-joineryall-trades,myjobquote,1,
Challenge Construction,,Builder,,,5,1,,https://www.myjobquote.co.uk/t/challenge-construction | https://www.myjobquote.co.uk/t/challenge-construction,myjobquote,1,
Peninsula premier construction,,Builder,,,5,3,,https://www.myjobquote.co.uk/t/peninsula-premier-construction | https://www.myjobquote.co.uk/t/peninsula-premier-construction,myjobquote,1,
Hoyt Electrical,,Builder,,,5,1,,https://www.myjobquote.co.uk/t/hoyt-electrical | https://www.myjobquote.co.uk/t/hoyt-electrical,myjobquote,1,
Ridgepoint roofing,,Builder,,,4.68,0,,https://www.myjobquote.co.uk/t/ridgepoint-roofing-2 | https://www.myjobquote.co.uk/t/ridgepoint-roofing-2,myjobquote,1,
Robert Brydon&#039;s Building Services,,Builder,,,4.68,0,,https://www.myjobquote.co.uk/t/robert-brydons-building-services | https://www.myjobquote.co.uk/t/robert-brydons-building-services,myjobquote,1,
Twana,,Builder,,,4.68,0,,https://www.myjobquote.co.uk/t/twana | https://www.myjobquote.co.uk/t/twana,myjobquote,1,
Twana,,Builder,,,4.68,0,,https://www.myjobquote.co.uk/t/donaldson-roofing-services | https://www.myjobquote.co.uk/t/donaldson-roofing-services,myjobquote,1,
Verra Decoration,,Builder,,,4.68,0,,https://www.myjobquote.co.uk/t/verra-decoration | https://www.myjobquote.co.uk/t/verra-decoration,myjobquote,1,
Milldown ltd,,Builder,,,4.68,0,,https://www.myjobquote.co.uk/t/milldown-ltd | https://www.myjobquote.co.uk/t/milldown-ltd,myjobquote,1,
OWL AV CONSTRUCTION LIMITED,,Builder,,,4.68,0,,https://www.myjobquote.co.uk/t/owl-av-construction-limited | https://www.myjobquote.co.uk/t/owl-av-construction-limited,myjobquote,1,
Capital Crest Construction Ltd,,Builder,,,4.68,0,,https://www.myjobquote.co.uk/t/capital-crest-construction-ltd | https://www.myjobquote.co.uk/t/capital-crest-construction-ltd,myjobquote,1,
MBK Joiners,,Builder,,,4.68,0,,https://www.myjobquote.co.uk/t/mbk-joiners | https://www.myjobquote.co.uk/t/mbk-joiners,myjobquote,1,
Edin all trades Ltd,,Builder,,,4.68,0,,https://www.myjobquote.co.uk/t/edin-all-trades-ltd | https://www.myjobquote.co.uk/t/edin-all-trades-ltd,myjobquote,1,
Prime home and garden,,Builder,,,4.68,0,,https://www.myjobquote.co.uk/t/prime-home-and-garden | https://www.myjobquote.co.uk/t/prime-home-and-garden,myjobquote,1,
PSG twenty six,,Builder,,,4.68,0,,https://www.myjobquote.co.uk/t/psg-twenty-six | https://www.myjobquote.co.uk/t/psg-twenty-six,myjobquote,1,
visions of you,,Builder,,,4.68,0,,https://www.myjobquote.co.uk/t/visions-of-you | https://www.myjobquote.co.uk/t/visions-of-you,myjobquote,1,
Thistle roofing,,Builder,,,4.68,0,,https://www.myjobquote.co.uk/t/thistle-roofing-1 | https://www.myjobquote.co.uk/t/thistle-roofing-1,myjobquote,1,
Home Trades Services,,Builder,,,4.68,0,,https://www.myjobquote.co.uk/t/home-trades-services | https://www.myjobquote.co.uk/t/home-trades-services,myjobquote,1,
A R Parkin building contractors,,Builder,,,4.68,0,,https://www.myjobquote.co.uk/t/a-r-parkin-building-contractors | https://www.myjobquote.co.uk/t/a-r-parkin-building-contractors,myjobquote,1,
Thistlerock Deisgns LTD,,Builder,,,4.68,0,,https://www.myjobquote.co.uk/t/thistlerock-deisgns-ltd | https://www.myjobquote.co.uk/t/thistlerock-deisgns-ltd,myjobquote,1,
Williamnisbetbuilder,,Builder,,,4.68,0,,https://www.myjobquote.co.uk/t/williamnisbetbuilder | https://www.myjobquote.co.uk/t/williamnisbetbuilder,myjobquote,1,
Mezowo Building Services,,Builder,,,4.68,0,,https://www.myjobquote.co.uk/t/mezowo-building-services | https://www.myjobquote.co.uk/t/mezowo-building-services,myjobquote,1,
Fireplace installation services,,Builder,,,4.68,0,,https://www.myjobquote.co.uk/t/fireplace-installation-services-1 | https://www.myjobquote.co.uk/t/fireplace-installation-services-1,myjobquote,1,
Fireplace installation services,,Builder,,,4.68,0,,https://www.myjobquote.co.uk/t/kad-build | https://www.myjobquote.co.uk/t/kad-build,myjobquote,1,
Progression Projects Edinburgh,,Builder,,,4.68,0,,https://www.myjobquote.co.uk/t/progression-projects-edinburgh | https://www.myjobquote.co.uk/t/progression-projects-edinburgh,myjobquote,1,
Construction Services Scotland Ltd,,Builder,,,4.68,0,,https://www.myjobquote.co.uk/t/construction-services-scotland-ltd | https://www.myjobquote.co.uk/t/construction-services-scotland-ltd,myjobquote,1,
Carpentry and build solutions,,Builder,,,4.68,0,,https://www.myjobquote.co.uk/t/carpentry-and-build-solutions | https://www.myjobquote.co.uk/t/carpentry-and-build-solutions,myjobquote,1,
Mykola,,Builder,,,4.68,0,,https://www.myjobquote.co.uk/t/mykola-12 | https://www.myjobquote.co.uk/t/mykola-12,myjobquote,1,
Mykola,,Builder,,,4.68,0,,https://www.myjobquote.co.uk/t/edinburgh-city-builders | https://www.myjobquote.co.uk/t/edinburgh-city-builders,myjobquote,1,
MVR RIVERMOUNT CONSTRUCTION LTD,,Builder,,,4.68,0,,https://www.myjobquote.co.uk/t/mvr-rivermount-construction-ltd | https://www.myjobquote.co.uk/t/mvr-rivermount-construction-ltd,myjobquote,1,
Pavstonemasonbuilder,,Builder,,,4.68,0,,https://www.myjobquote.co.uk/t/pavstonemasonbuilder | https://www.myjobquote.co.uk/t/pavstonemasonbuilder,myjobquote,1,
Pavstonemasonbuilder,,Builder,,,4.68,0,,https://www.myjobquote.co.uk/t/jr-windows | https://www.myjobquote.co.uk/t/jr-windows,myjobquote,1,
JR Windows,,Builder,,,2,1,,https://www.myjobquote.co.uk/t/ns-building-and-lanscaping | https://www.myjobquote.co.uk/t/ns-building-and-lanscaping,myjobquote,1,
Pinnacle Construction,,Builder,,,4.68,0,,https://www.myjobquote.co.uk/t/pinnacle-construction-1 | https://www.myjobquote.co.uk/t/pinnacle-construction-1,myjobquote,1,
Buildit Haddington LTD,,Builder,,,4.68,0,,https://www.myjobquote.co.uk/t/buildit-haddington-ltd | https://www.myjobquote.co.uk/t/buildit-haddington-ltd,myjobquote,1,
C Foster Plant Hire,,Builder,,,4.68,0,,https://www.myjobquote.co.uk/t/c-foster-plant-hire | https://www.myjobquote.co.uk/t/c-foster-plant-hire,myjobquote,1,
The Converters Group,,Builder,,,4.68,0,,https://www.myjobquote.co.uk/t/the-converters-group | https://www.myjobquote.co.uk/t/the-converters-group,myjobquote,1,
City trades Scotland ltd,,Builder,,,4.68,0,,https://www.myjobquote.co.uk/t/city-trades-scotland-ltd | https://www.myjobquote.co.uk/t/city-trades-scotland-ltd,myjobquote,1,
Painter,,Builder,,,4.68,0,,https://www.myjobquote.co.uk/t/painter-422 | https://www.myjobquote.co.uk/t/painter-422,myjobquote,1,
Painter,,Builder,,,4.68,0,,https://www.myjobquote.co.uk/t/carnan-electrical-services | https://www.myjobquote.co.uk/t/carnan-electrical-services,myjobquote,1,
Besi roofing company ltd,,Builder,,,4.68,0,,https://www.myjobquote.co.uk/t/besi-roofing-company-ltd | https://www.myjobquote.co.uk/t/besi-roofing-company-ltd,myjobquote,1,
Besi roofing company ltd,,Builder,,,4.68,0,,https://www.myjobquote.co.uk/t/keymasonry-1 | https://www.myjobquote.co.uk/t/keymasonry-1,myjobquote,1,
Keymasonry,,Builder,,,4.68,0,,https://www.myjobquote.co.uk/t/pkipp-maintenance | https://www.myjobquote.co.uk/t/pkipp-maintenance,myjobquote,1,
Pkipp maintenance,,Builder,,,4.68,0,,https://www.myjobquote.co.uk/t/lukas-paint-you-life | https://www.myjobquote.co.uk/t/lukas-paint-you-life,myjobquote,1,
Lukas Paint you life,,Builder,,,4.68,0,,https://www.myjobquote.co.uk/t/andre-builder | https://www.myjobquote.co.uk/t/andre-builder,myjobquote,1,
ANDRE BUILDER,,Builder,,,4.68,0,,https://www.myjobquote.co.uk/t/jb-contracts-scotland-ltd | https://www.myjobquote.co.uk/t/jb-contracts-scotland-ltd,myjobquote,1,
Woodandstone,,Builder,,,5,3,,https://www.myjobquote.co.uk/t/woodandstone | https://www.myjobquote.co.uk/t/woodandstone,myjobquote,1,
Luxe Installations,,Builder,,,5,1,,https://www.myjobquote.co.uk/t/luxe-installations | https://www.myjobquote.co.uk/t/luxe-installations,myjobquote,1,
RXB Building and Landscapes ltd,,Builder,,,5,1,,https://www.myjobquote.co.uk/t/rxb-building-and-landscapes-ltd | https://www.myjobquote.co.uk/t/rxb-building-and-landscapes-ltd,myjobquote,1,
Bricks&mortar,,Builder,,,5,1,,https://www.myjobquote.co.uk/t/bricksmortar-1 | https://www.myjobquote.co.uk/t/bricksmortar-1,myjobquote,1,
Woodgate joinery & building Ltd,,Builder,,,4,2,,https://www.myjobquote.co.uk/t/woodgate-joinery-building-ltd | https://www.myjobquote.co.uk/t/woodgate-joinery-building-ltd,myjobquote,1,
colak and gow,,Builder,,,4.68,0,,https://www.myjobquote.co.uk/t/blasting-tail | https://www.myjobquote.co.uk/t/blasting-tail,myjobquote,1,
Blasting tail,,Builder,,,4.68,0,,https://www.myjobquote.co.uk/t/done-right-projects | https://www.myjobquote.co.uk/t/done-right-projects,myjobquote,1,
Gzhandyman,,Builder,,,4.68,0,,https://www.myjobquote.co.uk/t/gzhandyman | https://www.myjobquote.co.uk/t/gzhandyman,myjobquote,1,
Gzhandyman,,Builder,,,4.68,0,,https://www.myjobquote.co.uk/t/notch-above-joinery | https://www.myjobquote.co.uk/t/notch-above-joinery,myjobquote,1,
Alexander mcgill,,Builder,,,4.68,0,,https://www.myjobquote.co.uk/t/alexander-mcgill | https://www.myjobquote.co.uk/t/alexander-mcgill,myjobquote,1,
Rikki paving,,Builder,,,4.68,0,,https://www.myjobquote.co.uk/t/rikki-paving | https://www.myjobquote.co.uk/t/rikki-paving,myjobquote,1,
Clyde construction and joinery Ltd,,Builder,,,4.68,0,,https://www.myjobquote.co.uk/t/clyde-construction-and-joinery-ltd | https://www.myjobquote.co.uk/t/clyde-construction-and-joinery-ltd,myjobquote,1,
Aleksejs,,Builder,,,4.68,0,,https://www.myjobquote.co.uk/t/aleksejs | https://www.myjobquote.co.uk/t/aleksejs,myjobquote,1,
nonononono,,Builder,,,4.68,0,,https://www.myjobquote.co.uk/t/nonononono | https://www.myjobquote.co.uk/t/nonononono,myjobquote,1,
nonononono,,Builder,,,4.68,0,,https://www.myjobquote.co.uk/t/rhinobuildingservices | https://www.myjobquote.co.uk/t/rhinobuildingservices,myjobquote,1,
RhinoBuildingServices,,Builder,,,4.68,0,,https://www.myjobquote.co.uk/t/laraib-tech-constructions | https://www.myjobquote.co.uk/t/laraib-tech-constructions,myjobquote,1,
Laraib Tech constructions,,Builder,,,4.68,0,,https://www.myjobquote.co.uk/t/wa-meher-ltd | https://www.myjobquote.co.uk/t/wa-meher-ltd,myjobquote,1,
Wa MEHER LTD,,Builder,,,4.68,0,,https://www.myjobquote.co.uk/t/scott-macinnes | https://www.myjobquote.co.uk/t/scott-macinnes,myjobquote,1,
A plus Design and construction,,Builder,,,4.68,0,,https://www.myjobquote.co.uk/t/a-plus-design-and-construction | https://www.myjobquote.co.uk/t/a-plus-design-and-construction,myjobquote,1,
A plus Design and construction,,Builder,,,4.68,0,,https://www.myjobquote.co.uk/t/building-solutions-10 | https://www.myjobquote.co.uk/t/building-solutions-10,myjobquote,1,
Weatherface Ltd,,Builder,,,4.68,0,,https://www.myjobquote.co.uk/t/weatherface-ltd | https://www.myjobquote.co.uk/t/weatherface-ltd,myjobquote,1,
Briggs Building,,Builder,,,4.68,0,,https://www.myjobquote.co.uk/t/briggs-building | https://www.myjobquote.co.uk/t/briggs-building,myjobquote,1,
Andrews Builders,,Builder,,,4.68,0,,https://www.myjobquote.co.uk/t/andrews-builders | https://www.myjobquote.co.uk/t/andrews-builders,myjobquote,1,
Sky company,,Builder,,,4.68,0,,https://www.myjobquote.co.uk/t/rm-groundworks | https://www.myjobquote.co.uk/t/rm-groundworks,myjobquote,1,
Jackk,,Builder,,,4.68,0,,https://www.myjobquote.co.uk/t/jackk-4 | https://www.myjobquote.co.uk/t/jackk-4,myjobquote,1,
Jackk,,Builder,,,4.68,0,,https://www.myjobquote.co.uk/t/dorry-builder-ltd | https://www.myjobquote.co.uk/t/dorry-builder-ltd,myjobquote,1,
Rnsplastering,,Builder,,,4.68,0,,https://www.myjobquote.co.uk/t/rnsplastering | https://www.myjobquote.co.uk/t/rnsplastering,myjobquote,1,
HandyHelp,,Builder,,,4.68,0,,https://www.myjobquote.co.uk/t/handyhelp | https://www.myjobquote.co.uk/t/handyhelp,myjobquote,1,
HandyHelp,,Builder,,,4.68,0,,https://www.myjobquote.co.uk/t/dynamite-building | https://www.myjobquote.co.uk/t/dynamite-building,myjobquote,1,
Wewtherseal Scotland,,Builder,,,4.68,0,,https://www.myjobquote.co.uk/t/wewtherseal-scotland | https://www.myjobquote.co.uk/t/wewtherseal-scotland,myjobquote,1,
Tommy,,Builder,,,4.68,0,,https://www.myjobquote.co.uk/t/tommy-38 | https://www.myjobquote.co.uk/t/tommy-38,myjobquote,1,
Tommy,,Builder,,,4.68,0,,https://www.myjobquote.co.uk/t/highwood-developments-ltd | https://www.myjobquote.co.uk/t/highwood-developments-ltd,myjobquote,1,
Sdriveways and landscape,,Builder,,,5,1,,https://www.myjobquote.co.uk/t/sdriveways-and-landscape | https://www.myjobquote.co.uk/t/sdriveways-and-landscape,myjobquote,1,
SJ Specialist Interior Solutions Limited,,Builder,,,5,1,,https://www.myjobquote.co.uk/t/sj-specialist-interior-solutions-limited-1 | https://www.myjobquote.co.uk/t/sj-specialist-interior-solutions-limited-1,myjobquote,1,
UPVC Windows Scotland,,Builder,,,4.68,0,,https://www.myjobquote.co.uk/t/upvc-windows-scotland | https://www.myjobquote.co.uk/t/upvc-windows-scotland,myjobquote,1,
UPVC Windows Scotland,,Builder,,,4.68,0,,https://www.myjobquote.co.uk/t/alafendi | https://www.myjobquote.co.uk/t/alafendi,myjobquote,1,
Madjid Lmt,,Builder,,,4.68,0,,https://www.myjobquote.co.uk/t/madjid-lmt | https://www.myjobquote.co.uk/t/madjid-lmt,myjobquote,1,
Madjid Lmt,,Builder,,,4.68,0,,https://www.myjobquote.co.uk/t/matt-smith | https://www.myjobquote.co.uk/t/matt-smith,myjobquote,1,
Matt smith,,Builder,,,4.68,0,,https://www.myjobquote.co.uk/t/cristidima | https://www.myjobquote.co.uk/t/cristidima,myjobquote,1,
Buildscape Projects,,Builder,,,4.68,0,,https://www.myjobquote.co.uk/t/buildscape-projects | https://www.myjobquote.co.uk/t/buildscape-projects,myjobquote,1,
naqeebullah,,Builder,,,4.68,0,,https://www.myjobquote.co.uk/t/naqeebullah | https://www.myjobquote.co.uk/t/naqeebullah,myjobquote,1,
naqeebullah,,Builder,,,4.68,0,,https://www.myjobquote.co.uk/t/saity | https://www.myjobquote.co.uk/t/saity,myjobquote,1,
SaitY,,Builder,,,4.68,0,,https://www.myjobquote.co.uk/t/thomson-trades | https://www.myjobquote.co.uk/t/thomson-trades,myjobquote,1,
Thomson trades,,Builder,,,4.68,0,,https://www.myjobquote.co.uk/t/nu-am-compniei | https://www.myjobquote.co.uk/t/nu-am-compniei,myjobquote,1,
Monsaf,,Builder,,,4.68,0,,https://www.myjobquote.co.uk/t/monsaf | https://www.myjobquote.co.uk/t/monsaf,myjobquote,1,
Monsaf,,Builder,,,4.68,0,,https://www.myjobquote.co.uk/t/as-brothers-construction | https://www.myjobquote.co.uk/t/as-brothers-construction,myjobquote,1,
Blumbergs,,Builder,,,4.68,0,,https://www.myjobquote.co.uk/t/finegan | https://www.myjobquote.co.uk/t/finegan,myjobquote,1,
Finegan,,Builder,,,4.68,0,,https://www.myjobquote.co.uk/t/manny | https://www.myjobquote.co.uk/t/manny,myjobquote,1,
Manny,,Builder,,,4.68,0,,https://www.myjobquote.co.uk/t/royal-bam-group | https://www.myjobquote.co.uk/t/royal-bam-group,myjobquote,1,
Royal Bam group,,Builder,,,4.68,0,,https://www.myjobquote.co.uk/t/macd-builder | https://www.myjobquote.co.uk/t/macd-builder,myjobquote,1,
Garrow ltd,,Builder,,,4.68,0,,https://www.myjobquote.co.uk/t/garrow-ltd | https://www.myjobquote.co.uk/t/garrow-ltd,myjobquote,1,
Garrow ltd,,Builder,,,4.68,0,,https://www.myjobquote.co.uk/t/colin-rodgers | https://www.myjobquote.co.uk/t/colin-rodgers,myjobquote,1,
Colin Rodgers,,Builder,,,4.68,0,,https://www.myjobquote.co.uk/t/huzaifa | https://www.myjobquote.co.uk/t/huzaifa,myjobquote,1,
Liam Henry,,Builder,,,4.68,0,,https://www.myjobquote.co.uk/t/liam-henry | https://www.myjobquote.co.uk/t/liam-henry,myjobquote,1,
C Carson joinery,,Builder,,,5,1,,https://www.myjobquote.co.uk/t/c-carson-joinery | https://www.myjobquote.co.uk/t/c-carson-joinery,myjobquote,1,
Talented Tradesmen,,Builder,,,5,7,,https://www.myjobquote.co.uk/t/talented-tradesmen | https://www.myjobquote.co.uk/t/talented-tradesmen,myjobquote,1,
External Maintenance Solutions,,Builder,,,5,9,,https://www.myjobquote.co.uk/t/external-maintenance-solutions | https://www.myjobquote.co.uk/t/external-maintenance-solutions,myjobquote,1,
S.I.B Fabrications,,Builder,,,4.8,6,,https://www.myjobquote.co.uk/t/sib-fabrications | https://www.myjobquote.co.uk/t/sib-fabrications,myjobquote,1,
L.S Surfacing and Groundworks,,Builder,,,5,6,07418372498,https://www.myjobquote.co.uk/t/ls-surfacing-and-groundworks | https://www.myjobquote.co.uk/t/ls-surfacing-and-groundworks,myjobquote,1,
Brick’s n Bob’s,,Builder,,,5,1,,https://www.myjobquote.co.uk/t/bricks-n-bobs | https://www.myjobquote.co.uk/t/bricks-n-bobs,myjobquote,1,
WD Joinery and Building Services,,Builder,,,5,1,,https://www.myjobquote.co.uk/t/wd-joinery-and-building-services | https://www.myjobquote.co.uk/t/wd-joinery-and-building-services,myjobquote,1,
Barry,,Builder,,,5,5,,https://www.myjobquote.co.uk/t/barry-34 | https://www.myjobquote.co.uk/t/barry-34,myjobquote,1,
Thistle Property Services,,Builder,,,5,19,,https://www.myjobquote.co.uk/t/thistle-property-services | https://www.myjobquote.co.uk/t/thistle-property-services,myjobquote,1,
Mateusz,,Builder,,,5,3,,https://www.myjobquote.co.uk/t/mateusz-22 | https://www.myjobquote.co.uk/t/mateusz-22,myjobquote,1,
Mrcc renavations and refreshments,,Builder,,,5,6,,https://www.myjobquote.co.uk/t/mrcc-renavations-and-refreshments | https://www.myjobquote.co.uk/t/mrcc-renavations-and-refreshments,myjobquote,1,
Myson maintainance / construction,,Builder,,,5,1,,https://www.myjobquote.co.uk/t/myson-maintainance-construction | https://www.myjobquote.co.uk/t/myson-maintainance-construction,myjobquote,1,
Glasgow Building & Construction Group Ltd,,Builder,,,5,1,,https://www.myjobquote.co.uk/t/glasgow-building-construction-group-ltd | https://www.myjobquote.co.uk/t/glasgow-building-construction-group-ltd,myjobquote,1,
JJR joinery,,Builder,,,5,2,,https://www.myjobquote.co.uk/t/jjr-joinery | https://www.myjobquote.co.uk/t/jjr-joinery,myjobquote,1,
Gordons Home Improvements,,Builder,,,4.4,17,,https://www.myjobquote.co.uk/t/gordons-home-improvements | https://www.myjobquote.co.uk/t/gordons-home-improvements,myjobquote,1,
JCM bricklaying & construction,,Builder,,,5,1,,https://www.myjobquote.co.uk/t/jcm-bricklaying-construction | https://www.myjobquote.co.uk/t/jcm-bricklaying-construction,myjobquote,1,
Jamie Choi Joinery and Building,,Builder,,,4,3,,https://www.myjobquote.co.uk/t/jamie-choi-joinery-and-building | https://www.myjobquote.co.uk/t/jamie-choi-joinery-and-building,myjobquote,1,
Custom Edge Projects,,Builder,,,4.5,4,,https://www.myjobquote.co.uk/t/custom-edge-projects | https://www.myjobquote.co.uk/t/custom-edge-projects,myjobquote,1,
Prestige properties,,Builder,,,4.2,10,,https://www.myjobquote.co.uk/t/prestige-properties | https://www.myjobquote.co.uk/t/prestige-properties,myjobquote,1,
P.meechan Brickwork & stonework,,Builder,,,4.2,1,,https://www.myjobquote.co.uk/t/pmeechan-brickwork-stonework | https://www.myjobquote.co.uk/t/pmeechan-brickwork-stonework,myjobquote,1,
MacDonald worx,,Builder,,,5,2,,https://www.myjobquote.co.uk/t/macdonald-worx | https://www.myjobquote.co.uk/t/macdonald-worx,myjobquote,1,
A W JOINERS LIMITED,,Builder,,,4.68,0,,https://www.myjobquote.co.uk/t/a-w-joiners-limited | https://www.myjobquote.co.uk/t/a-w-joiners-limited,myjobquote,1,
Zechariah,,Builder,,,4.68,0,,https://www.myjobquote.co.uk/t/zechariah | https://www.myjobquote.co.uk/t/zechariah,myjobquote,1,
R.M.J MONTEITH,,Builder,,,4.68,0,,https://www.myjobquote.co.uk/t/rmj-monteith | https://www.myjobquote.co.uk/t/rmj-monteith,myjobquote,1,
Mackenzie building solutions ltd,,Builder,,,5,20,,https://www.myjobquote.co.uk/t/mackenzie-building-solutions-ltd | https://www.myjobquote.co.uk/t/mackenzie-building-solutions-ltd,myjobquote,1,
Storm guard  roofing & building,,Builder,,,5,15,07441440580,https://www.myjobquote.co.uk/t/storm-guard-roofing-building | https://www.myjobquote.co.uk/t/storm-guard-roofing-building,myjobquote,1,
Fraser & Gary Joinery & Construction LTD,,Builder,,,5,15,,https://www.myjobquote.co.uk/t/fraser-gary-joinery-construction-ltd | https://www.myjobquote.co.uk/t/fraser-gary-joinery-construction-ltd,myjobquote,1,
MacDonald contracts,,Builder,,,3.7,3,,https://www.myjobquote.co.uk/t/macdonald-contracts | https://www.myjobquote.co.uk/t/macdonald-contracts,myjobquote,1,
Mr joiner,,Builder,,,5,15,,https://www.myjobquote.co.uk/t/mr-joiner | https://www.myjobquote.co.uk/t/mr-joiner,myjobquote,1,
Bradley,,Builder,,,5,4,,https://www.myjobquote.co.uk/t/bradley-102 | https://www.myjobquote.co.uk/t/bradley-102,myjobquote,1,
CL Joinery,,Builder,,,4.68,0,,https://www.myjobquote.co.uk/t/cl-joinery-2 | https://www.myjobquote.co.uk/t/cl-joinery-2,myjobquote,1,
Livingstone builders,,Builder,,,4.68,0,,https://www.myjobquote.co.uk/t/livingstone-builders | https://www.myjobquote.co.uk/t/livingstone-builders,myjobquote,1,
Steven Wilson Joinery,,Builder,,,4.68,0,,https://www.myjobquote.co.uk/t/steven-wilson-joinery | https://www.myjobquote.co.uk/t/steven-wilson-joinery,myjobquote,1,
R.M Joinery Building Services LTD,,Builder,,,4.68,0,,https://www.myjobquote.co.uk/t/rm-joinery-building-services-ltd | https://www.myjobquote.co.uk/t/rm-joinery-building-services-ltd,myjobquote,1,
Craig,,Builder,,,4.68,0,,https://www.myjobquote.co.uk/t/craig-100 | https://www.myjobquote.co.uk/t/craig-100,myjobquote,1,
Craig,,Builder,,,4.68,0,,https://www.myjobquote.co.uk/t/harpreet-singh-9 | https://www.myjobquote.co.uk/t/harpreet-singh-9,myjobquote,1,
Harpreet singh,,Builder,,,4.68,0,,https://www.myjobquote.co.uk/t/laister-construction | https://www.myjobquote.co.uk/t/laister-construction,myjobquote,1,
Wardlaw construction,,Builder,,,4.68,0,,https://www.myjobquote.co.uk/t/wardlaw-construction | https://www.myjobquote.co.uk/t/wardlaw-construction,myjobquote,1,
Wardlaw construction,,Builder,,,4.68,0,,https://www.myjobquote.co.uk/t/central-property-care-1 | https://www.myjobquote.co.uk/t/central-property-care-1,myjobquote,1,
Adamsol synergy ltd,,Builder,,,4.68,0,,https://www.myjobquote.co.uk/t/adamsol-synergy-ltd | https://www.myjobquote.co.uk/t/adamsol-synergy-ltd,myjobquote,1,
Adamsol synergy ltd,,Builder,,,4.68,0,,https://www.myjobquote.co.uk/t/dredcon-ltd | https://www.myjobquote.co.uk/t/dredcon-ltd,myjobquote,1,
Dredcon Ltd,,Builder,,,4.68,0,,https://www.myjobquote.co.uk/t/rcj-build | https://www.myjobquote.co.uk/t/rcj-build,myjobquote,1,
"Robert Painting , Decorating and Joinery",,Builder,,,4.68,0,,https://www.myjobquote.co.uk/t/robert-painting-decorating-and-joinery | https://www.myjobquote.co.uk/t/robert-painting-decorating-and-joinery,myjobquote,1,
Freedon joinery and building contractor,,Builder,,,4.68,0,,https://www.myjobquote.co.uk/t/freedon-joinery-and-building-contractor | https://www.myjobquote.co.uk/t/freedon-joinery-and-building-contractor,myjobquote,1,
DarioMarian LTD,,Builder,,,4.68,0,,https://www.myjobquote.co.uk/t/dariomarian-ltd | https://www.myjobquote.co.uk/t/dariomarian-ltd,myjobquote,1,
KManston Carpentry,,Builder,,,4.68,0,,https://www.myjobquote.co.uk/t/kmanston-carpentry | https://www.myjobquote.co.uk/t/kmanston-carpentry,myjobquote,1,
Tnk fencing,,Builder,,,4.68,0,,https://www.myjobquote.co.uk/t/tnk-fencing | https://www.myjobquote.co.uk/t/tnk-fencing,myjobquote,1,
CPR Restorations,,Builder,,,4.68,0,,https://www.myjobquote.co.uk/t/cpr-restorations | https://www.myjobquote.co.uk/t/cpr-restorations,myjobquote,1,
CPR Restorations,,Builder,,,4.68,0,,https://www.myjobquote.co.uk/t/singhconstructionglasgow-at-gmailcom | https://www.myjobquote.co.uk/t/singhconstructionglasgow-at-gmailcom,myjobquote,1,
Assured Building Contractors Scotland Ltd,,Builder,,,4.68,0,,https://www.myjobquote.co.uk/t/assured-building-contractors-scotland-ltd | https://www.myjobquote.co.uk/t/assured-building-contractors-scotland-ltd,myjobquote,1,
RhinoBuildingServices,,Builder,,,4.68,0,,https://www.myjobquote.co.uk/t/project3-homes-ltd | https://www.myjobquote.co.uk/t/project3-homes-ltd,myjobquote,1,
Scott Cramb Construction Ltd,,Builder,,,4.68,0,,https://www.myjobquote.co.uk/t/scott-cramb-construction-ltd | https://www.myjobquote.co.uk/t/scott-cramb-construction-ltd,myjobquote,1,
R&m roofing and roughcasting contractors,,Builder,,,4.68,0,,https://www.myjobquote.co.uk/t/rm-roofing-and-roughcasting-contractors | https://www.myjobquote.co.uk/t/rm-roofing-and-roughcasting-contractors,myjobquote,1,
buildbuzz creation,,Builder,,,4.68,0,,https://www.myjobquote.co.uk/t/buildbuzz-creation | https://www.myjobquote.co.uk/t/buildbuzz-creation,myjobquote,1,
JS Projects Scotland Ltd,,Builder,,,4.68,0,,https://www.myjobquote.co.uk/t/js-projects-scotland-ltd | https://www.myjobquote.co.uk/t/js-projects-scotland-ltd,myjobquote,1,
Henryk Zakrzewski,,Builder,,,5,3,,https://www.myjobquote.co.uk/t/henryk-zakrzewski | https://www.myjobquote.co.uk/t/henryk-zakrzewski,myjobquote,1,
nmh plastering services,,Builder,,,5,1,,https://www.myjobquote.co.uk/t/nmh-plastering-services | https://www.myjobquote.co.uk/t/nmh-plastering-services,myjobquote,1,
JM JOINERS,,Builder,,,4.68,0,,https://www.myjobquote.co.uk/t/jm-joiners-1 | https://www.myjobquote.co.uk/t/jm-joiners-1,myjobquote,1,
ethan taylor builders,,Builder,,,4.68,0,,https://www.myjobquote.co.uk/t/ethan-taylor-builders | https://www.myjobquote.co.uk/t/ethan-taylor-builders,myjobquote,1,
ethan taylor builders,,Builder,,,4.68,0,,https://www.myjobquote.co.uk/t/kd-joiners | https://www.myjobquote.co.uk/t/kd-joiners,myjobquote,1,
Heryy,,Builder,,,4.68,0,,https://www.myjobquote.co.uk/t/heryy | https://www.myjobquote.co.uk/t/heryy,myjobquote,1,
Heryy,,Builder,,,4.68,0,,https://www.myjobquote.co.uk/t/signet-group-scotland-limited | https://www.myjobquote.co.uk/t/signet-group-scotland-limited,myjobquote,1,
Krisztian Elekes,,Builder,,,4.68,0,,https://www.myjobquote.co.uk/t/krisztian-elekes | https://www.myjobquote.co.uk/t/krisztian-elekes,myjobquote,1,
Caiden,,Builder,,,4.68,0,,https://www.myjobquote.co.uk/t/joseph-98 | https://www.myjobquote.co.uk/t/joseph-98,myjobquote,1,
joseph,,Builder,,,4.68,0,,https://www.myjobquote.co.uk/t/timber-sheild | https://www.myjobquote.co.uk/t/timber-sheild,myjobquote,1,
Clark and watters,,Builder,,,4.68,0,,https://www.myjobquote.co.uk/t/clark-and-watters | https://www.myjobquote.co.uk/t/clark-and-watters,myjobquote,1,
Craig,,Builder,,,4.68,0,,https://www.myjobquote.co.uk/t/craig-17 | https://www.myjobquote.co.uk/t/craig-17,myjobquote,1,
Craig,,Builder,,,4.68,0,,https://www.myjobquote.co.uk/t/the-caledonia-group | https://www.myjobquote.co.uk/t/the-caledonia-group,myjobquote,1,
The Caledonia Group,,Builder,,,4.68,0,,https://www.myjobquote.co.uk/t/deep1234 | https://www.myjobquote.co.uk/t/deep1234,myjobquote,1,
Deep1234,,Builder,,,4.68,0,,https://www.myjobquote.co.uk/t/pawel-56 | https://www.myjobquote.co.uk/t/pawel-56,myjobquote,1,
J.w.miller property maintenance,,Builder,,,4.68,0,,https://www.myjobquote.co.uk/t/jwmiller-property-maintenance | https://www.myjobquote.co.uk/t/jwmiller-property-maintenance,myjobquote,1,
Carron Valley Contractors,,Builder,,,4.68,0,,https://www.myjobquote.co.uk/t/carron-valley-contractors | https://www.myjobquote.co.uk/t/carron-valley-contractors,myjobquote,1,
Saltire property maintenance,,Builder,,,4.68,0,,https://www.myjobquote.co.uk/t/saltire-property-maintenance | https://www.myjobquote.co.uk/t/saltire-property-maintenance,myjobquote,1,
Harpreet singh,,Builder,,,4.68,0,,https://www.myjobquote.co.uk/t/janusz-knopp | https://www.myjobquote.co.uk/t/janusz-knopp,myjobquote,1,
Janusz Knopp,,Builder,,,4.68,0,,https://www.myjobquote.co.uk/t/reliable-roofing-6 | https://www.myjobquote.co.uk/t/reliable-roofing-6,myjobquote,1,
Jsr plant and labour ltd,,Builder,,,4.68,0,,https://www.myjobquote.co.uk/t/jsr-plant-and-labour-ltd | https://www.myjobquote.co.uk/t/jsr-plant-and-labour-ltd,myjobquote,1,
Jsr plant and labour ltd,,Builder,,,4.68,0,,https://www.myjobquote.co.uk/t/sandstone-restorations-and-roofing-services-ltd | https://www.myjobquote.co.uk/t/sandstone-restorations-and-roofing-services-ltd,myjobquote,1,
Caiden,,Builder,,,4.68,0,,https://www.myjobquote.co.uk/t/kd-property-group | https://www.myjobquote.co.uk/t/kd-property-group,myjobquote,1,
Renovation roofing and building,,Builder,,,5,1,,https://www.myjobquote.co.uk/t/renovation-roofing-and-building | https://www.myjobquote.co.uk/t/renovation-roofing-and-building,myjobquote,1,
Weather guard roofing services,,Builder,,,5,1,,https://www.myjobquote.co.uk/t/weather-guard-roofing-services-1 | https://www.myjobquote.co.uk/t/weather-guard-roofing-services-1,myjobquote,1,
Elite plumbing and joinery ltd,,Builder,,,5,3,,https://www.myjobquote.co.uk/t/elite-plumbing-and-joinery-ltd | https://www.myjobquote.co.uk/t/elite-plumbing-and-joinery-ltd,myjobquote,1,
T.POTTER & SONS BUILDERS LTD.,,Builder,,,5,3,,https://www.myjobquote.co.uk/t/tpotter-sons-builders-ltd | https://www.myjobquote.co.uk/t/tpotter-sons-builders-ltd,myjobquote,1,
WPG All Jobs,,Builder,,,4.7,3,,https://www.myjobquote.co.uk/t/wpg-all-jobs | https://www.myjobquote.co.uk/t/wpg-all-jobs,myjobquote,1,
Eleganza Kitchens and Bathrooms Limited,,Builder,,,4.68,0,,https://www.myjobquote.co.uk/t/eleganza-kitchens-and-bathrooms-limited | https://www.myjobquote.co.uk/t/eleganza-kitchens-and-bathrooms-limited,myjobquote,1,
CUBE REtreat,,Builder,,,4.68,0,,https://www.myjobquote.co.uk/t/cube-retreat | https://www.myjobquote.co.uk/t/cube-retreat,myjobquote,1,
Holdfast construction ltd,,Builder,,,4.68,0,,https://www.myjobquote.co.uk/t/holdfast-construction-ltd | https://www.myjobquote.co.uk/t/holdfast-construction-ltd,myjobquote,1,
DarioMarian LTD,,Builder,,,4.68,0,,https://www.myjobquote.co.uk/t/pro-glaze-group-scotland-limited | https://www.myjobquote.co.uk/t/pro-glaze-group-scotland-limited,myjobquote,1,
CPR Restorations,,Builder,,,4.68,0,,https://www.myjobquote.co.uk/t/aj-build-manage-ltd | https://www.myjobquote.co.uk/t/aj-build-manage-ltd,myjobquote,1,
RhinoBuildingServices,,Builder,,,4.68,0,,https://www.myjobquote.co.uk/t/lp-groundworks-civils | https://www.myjobquote.co.uk/t/lp-groundworks-civils,myjobquote,1,
3 Dragon Landscaping & Property Maintenance,,Builder,,,5,2,,https://www.myjobquote.co.uk/t/3-dragon-landscaping-property-maintenance | https://www.myjobquote.co.uk/t/3-dragon-landscaping-property-maintenance,myjobquote,1,
Pro Spec Interiors Ltd,,Builder,,,4.68,0,,https://www.myjobquote.co.uk/t/pro-spec-interiors-ltd | https://www.myjobquote.co.uk/t/pro-spec-interiors-ltd,myjobquote,1,
Pro Spec Interiors Ltd,,Builder,,,4.68,0,,https://www.myjobquote.co.uk/t/ac-building-landscaping-ltd | https://www.myjobquote.co.uk/t/ac-building-landscaping-ltd,myjobquote,1,
Littlemans building and maintenance,,Builder,,,4.68,0,,https://www.myjobquote.co.uk/t/littlemans-building-and-maintenance | https://www.myjobquote.co.uk/t/littlemans-building-and-maintenance,myjobquote,1,
Littlemans building and maintenance,,Builder,,,4.7,3,,https://www.myjobquote.co.uk/t/ashtcal-roofing | https://www.myjobquote.co.uk/t/ashtcal-roofing,myjobquote,1,
J&M Roofing and Landscaping,,Builder,,,4,1,,https://www.myjobquote.co.uk/t/jm-roofing-and-landscaping | https://www.myjobquote.co.uk/t/jm-roofing-and-landscaping,myjobquote,1,
Apex damp proofing,,Builder,,,5,2,,https://www.myjobquote.co.uk/t/apex-damp-proofing | https://www.myjobquote.co.uk/t/apex-damp-proofing,myjobquote,1,
Precision plastering,,Builder,,,5,16,,https://www.myjobquote.co.uk/t/precision-plastering-4 | https://www.myjobquote.co.uk/t/precision-plastering-4,myjobquote,1,
Honesty Builders,,Builder,,,5,11,,https://www.myjobquote.co.uk/t/honesty-builders | https://www.myjobquote.co.uk/t/honesty-builders,myjobquote,1,
JFR building & bespoke refurbishment ltd,,Builder,,,5,10,,https://www.myjobquote.co.uk/t/jfr-building-bespoke-refurbishment-ltd | https://www.myjobquote.co.uk/t/jfr-building-bespoke-refurbishment-ltd,myjobquote,1,
Ty Powell,,Builder,,,5,4,,https://www.myjobquote.co.uk/t/ty-powell | https://www.myjobquote.co.uk/t/ty-powell,myjobquote,1,
Lanes landscapes,,Builder,,,5,5,,https://www.myjobquote.co.uk/t/lanes-landscapes | https://www.myjobquote.co.uk/t/lanes-landscapes,myjobquote,1,
Antonios,,Builder,,,4.68,0,,https://www.myjobquote.co.uk/t/antonios | https://www.myjobquote.co.uk/t/antonios,myjobquote,1,
Antonios,,Builder,,,4.68,0,,https://www.myjobquote.co.uk/t/callum-copp-2 | https://www.myjobquote.co.uk/t/callum-copp-2,myjobquote,1,
J.t.walsh contracting,,Builder,,,1,1,,https://www.myjobquote.co.uk/t/jtwalsh-contracting | https://www.myjobquote.co.uk/t/jtwalsh-contracting,myjobquote,1,
Building4you,,Builder,,,4.68,0,,https://www.myjobquote.co.uk/t/building4you-1 | https://www.myjobquote.co.uk/t/building4you-1,myjobquote,1,
JD Signature builds,,Builder,,,5,2,07418344783,https://www.myjobquote.co.uk/t/jd-signature-builds | https://www.myjobquote.co.uk/t/jd-signature-builds,myjobquote,1,
Burrows Development,,Builder,,,5,1,,https://www.myjobquote.co.uk/t/burrows-development | https://www.myjobquote.co.uk/t/burrows-development,myjobquote,1,
Celtic Roofing,,Builder,,,5,3,,https://www.myjobquote.co.uk/t/celtic-roofing | https://www.myjobquote.co.uk/t/celtic-roofing,myjobquote,1,
Anderson Building & Maintenance,,Builder,,,5,10,,https://www.myjobquote.co.uk/t/anderson-building-maintenance | https://www.myjobquote.co.uk/t/anderson-building-maintenance,myjobquote,1,
Karina Lane Construction Limited.,,Builder,,,5,1,,https://www.myjobquote.co.uk/t/karina-lane-construction-limited | https://www.myjobquote.co.uk/t/karina-lane-construction-limited,myjobquote,1,
X-Treme Concept Ltd,,Builder,,,4.8,6,,https://www.myjobquote.co.uk/t/x-treme-concept-ltd | https://www.myjobquote.co.uk/t/x-treme-concept-ltd,myjobquote,1,
Joyce&#039;s & son roofing & Building,,Builder,,,5,1,,https://www.myjobquote.co.uk/t/joyces-son-roofing-building | https://www.myjobquote.co.uk/t/joyces-son-roofing-building,myjobquote,1,
CJ’s Property Maintenance & Handyman.,,Builder,,,5,2,,https://www.myjobquote.co.uk/t/cjs-property-maintenance-handyman | https://www.myjobquote.co.uk/t/cjs-property-maintenance-handyman,myjobquote,1,
D&J Roofing and building and NJC painting & decorating,,Builder,,,5,1,,https://www.myjobquote.co.uk/t/dj-roofing-and-building-and-njc-painting-decorating | https://www.myjobquote.co.uk/t/dj-roofing-and-building-and-njc-painting-decorating,myjobquote,1,
Danvo limited,,Builder,,,4.68,0,,https://www.myjobquote.co.uk/t/danvo-limited | https://www.myjobquote.co.uk/t/danvo-limited,myjobquote,1,
Shaqado,,Builder,,,4.68,0,,https://www.myjobquote.co.uk/t/tally-ho | https://www.myjobquote.co.uk/t/tally-ho,myjobquote,1,
Tally ho,,Builder,,,4.68,0,,https://www.myjobquote.co.uk/t/advanced-roofing-15 | https://www.myjobquote.co.uk/t/advanced-roofing-15,myjobquote,1,
Miracle Paint&Construction,,Builder,,,4.68,0,,https://www.myjobquote.co.uk/t/miracle-paintconstruction | https://www.myjobquote.co.uk/t/miracle-paintconstruction,myjobquote,1,
Warwick Plaster,,Builder,,,4.68,0,,https://www.myjobquote.co.uk/t/warwick-plaster | https://www.myjobquote.co.uk/t/warwick-plaster,myjobquote,1,
T Evans Landscapes and Building,,Builder,,,4.68,0,,https://www.myjobquote.co.uk/t/t-evans-landscapes-and-building | https://www.myjobquote.co.uk/t/t-evans-landscapes-and-building,myjobquote,1,
Bamfordsbuilding&landscaping,,Builder,,,4.68,0,,https://www.myjobquote.co.uk/t/bamfordsbuildinglandscaping | https://www.myjobquote.co.uk/t/bamfordsbuildinglandscaping,myjobquote,1,
C mcnally,,Builder,,,4.68,0,,https://www.myjobquote.co.uk/t/c-mcnally | https://www.myjobquote.co.uk/t/c-mcnally,myjobquote,1,
C mcnally,,Builder,,,4.68,0,,https://www.myjobquote.co.uk/t/norbert-5 | https://www.myjobquote.co.uk/t/norbert-5,myjobquote,1,
Norbert,,Builder,,,4.68,0,,https://www.myjobquote.co.uk/t/frost-plastering-and-building | https://www.myjobquote.co.uk/t/frost-plastering-and-building,myjobquote,1,
Dex-Renovations Group LTD,,Builder,,,4.68,0,,https://www.myjobquote.co.uk/t/dex-renovations-group-ltd | https://www.myjobquote.co.uk/t/dex-renovations-group-ltd,myjobquote,1,
Harlko Solutions,,Builder,,,4.68,0,,https://www.myjobquote.co.uk/t/harlko-solutions | https://www.myjobquote.co.uk/t/harlko-solutions,myjobquote,1,
AT Carpentry & Timber Frame,,Builder,,,4.68,0,,https://www.myjobquote.co.uk/t/graham-a-jones | https://www.myjobquote.co.uk/t/graham-a-jones,myjobquote,1,
HANDYMAN-24H LTD,,Builder,,,4.68,0,,https://www.myjobquote.co.uk/t/handyman-24h-ltd | https://www.myjobquote.co.uk/t/handyman-24h-ltd,myjobquote,1,
Lewis Rowden,,Builder,,,4.68,0,,https://www.myjobquote.co.uk/t/lewis-rowden | https://www.myjobquote.co.uk/t/lewis-rowden,myjobquote,1,
No Limits Contractors Ltd,,Builder,,,4.8,4,,https://www.myjobquote.co.uk/t/no-limits-contractors-ltd | https://www.myjobquote.co.uk/t/no-limits-contractors-ltd,myjobquote,1,
Your building expert,,Builder,,,4,1,,https://www.myjobquote.co.uk/t/your-building-expert | https://www.myjobquote.co.uk/t/your-building-expert,myjobquote,1,
Tywi Valley paving,,Builder,,,4.68,0,,https://www.myjobquote.co.uk/t/tywi-valley-paving | https://www.myjobquote.co.uk/t/tywi-valley-paving,myjobquote,1,
Tywi Valley paving,,Builder,,,4.68,0,,https://www.myjobquote.co.uk/t/darius-34 | https://www.myjobquote.co.uk/t/darius-34,myjobquote,1,
Ceilings2Floors,,Builder,,,4.68,0,,https://www.myjobquote.co.uk/t/ceilings2floors | https://www.myjobquote.co.uk/t/ceilings2floors,myjobquote,1,
Bielkonconstruction,,Builder,,,4.68,0,,https://www.myjobquote.co.uk/t/bielkonconstruction | https://www.myjobquote.co.uk/t/bielkonconstruction,myjobquote,1,
Signature homes,,Builder,,,4.68,0,,https://www.myjobquote.co.uk/t/signature-homes | https://www.myjobquote.co.uk/t/signature-homes,myjobquote,1,
Lds building and electrical,,Builder,,,4.68,0,,https://www.myjobquote.co.uk/t/lds-building-and-electrical | https://www.myjobquote.co.uk/t/lds-building-and-electrical,myjobquote,1,
south wales building and landscaping,,Builder,,,4.68,0,,https://www.myjobquote.co.uk/t/south-wales-building-and-landscaping | https://www.myjobquote.co.uk/t/south-wales-building-and-landscaping,myjobquote,1,
Alex Marias,,Builder,,,4.68,0,,https://www.myjobquote.co.uk/t/alex-marias | https://www.myjobquote.co.uk/t/alex-marias,myjobquote,1,
Alex Marias,,Builder,,,4.68,0,,https://www.myjobquote.co.uk/t/pcd | https://www.myjobquote.co.uk/t/pcd,myjobquote,1,
Lja property constrution,,Builder,,,4.68,0,,https://www.myjobquote.co.uk/t/lja-property-constrution | https://www.myjobquote.co.uk/t/lja-property-constrution,myjobquote,1,
Lja property constrution,,Builder,,,5,7,,https://www.myjobquote.co.uk/t/ag-renovations | https://www.myjobquote.co.uk/t/ag-renovations,myjobquote,1,
Harbour Electrics,,Builder,,,5,35,,https://www.myjobquote.co.uk/t/harbour-electrics | https://www.myjobquote.co.uk/t/harbour-electrics,myjobquote,1,
Capewell’s home improvements & son’s,,Builder,,,5,4,,https://www.myjobquote.co.uk/t/capewells-home-improvements-sons | https://www.myjobquote.co.uk/t/capewells-home-improvements-sons,myjobquote,1,
Pugh’s Scaffolding & Roofing Solutions Ltd,,Builder,,,5,11,,https://www.myjobquote.co.uk/t/pughs-scaffolding-roofing-solutions-ltd | https://www.myjobquote.co.uk/t/pughs-scaffolding-roofing-solutions-ltd,myjobquote,1,
All In One Construction,,Builder,,,5,7,,https://www.myjobquote.co.uk/t/all-in-one-construction-1 | https://www.myjobquote.co.uk/t/all-in-one-construction-1,myjobquote,1,
J/n plumbing &building,,Builder,,,5,7,,https://www.myjobquote.co.uk/t/jn-plumbing-building | https://www.myjobquote.co.uk/t/jn-plumbing-building,myjobquote,1,
Nigel Davies Roofing,,Builder,,,5,14,,https://www.myjobquote.co.uk/t/nigel-davies-roofing | https://www.myjobquote.co.uk/t/nigel-davies-roofing,myjobquote,1,
Forge stone work ltd,,Builder,,,5,2,,https://www.myjobquote.co.uk/t/forge-stone-work-ltd | https://www.myjobquote.co.uk/t/forge-stone-work-ltd,myjobquote,1,
Garage Conversions Wales,,Builder,,,5,1,,https://www.myjobquote.co.uk/t/garage-conversions-wales | https://www.myjobquote.co.uk/t/garage-conversions-wales,myjobquote,1,
Scott urwin,,Builder,,,5,7,,https://www.myjobquote.co.uk/t/scott-urwin | https://www.myjobquote.co.uk/t/scott-urwin,myjobquote,1,
Renovation king and landscaping,,Builder,,,4.7,7,,https://www.myjobquote.co.uk/t/renovation-king-and-landscaping | https://www.myjobquote.co.uk/t/renovation-king-and-landscaping,myjobquote,1,
Jonathan voisey,,Builder,,,4.8,4,,https://www.myjobquote.co.uk/t/jonathan-voisey | https://www.myjobquote.co.uk/t/jonathan-voisey,myjobquote,1,
Prestige roofing and damp specialist,,Builder,,,5,1,,https://www.myjobquote.co.uk/t/prestige-roofing-and-damp-specialist | https://www.myjobquote.co.uk/t/prestige-roofing-and-damp-specialist,myjobquote,1,
Scott Daniel Carpentry,,Builder,,,4,1,,https://www.myjobquote.co.uk/t/scott-daniel-carpentry | https://www.myjobquote.co.uk/t/scott-daniel-carpentry,myjobquote,1,
Westy Brickwork,,Builder,,,4.68,0,,https://www.myjobquote.co.uk/t/westy-brickwork | https://www.myjobquote.co.uk/t/westy-brickwork,myjobquote,1,
Ganleys Landscapes,,Builder,,,4.68,0,,https://www.myjobquote.co.uk/t/ganleys-landscapes | https://www.myjobquote.co.uk/t/ganleys-landscapes,myjobquote,1,
Ganleys Landscapes,,Builder,,,4.68,0,,https://www.myjobquote.co.uk/t/szconstruction | https://www.myjobquote.co.uk/t/szconstruction,myjobquote,1,
Gower Craftworks Carpentry & Home Maintenance,,Builder,,,4.68,0,,https://www.myjobquote.co.uk/t/gower-craftworks-carpentry-home-maintenance | https://www.myjobquote.co.uk/t/gower-craftworks-carpentry-home-maintenance,myjobquote,1,
Ctexcavationsltd,,Builder,,,4.68,0,,https://www.myjobquote.co.uk/t/ctexcavationsltd | https://www.myjobquote.co.uk/t/ctexcavationsltd,myjobquote,1,
Ball brothers builders,,Builder,,,4.68,0,,https://www.myjobquote.co.uk/t/ball-brothers-builders | https://www.myjobquote.co.uk/t/ball-brothers-builders,myjobquote,1,
Victoria Building Group,,Builder,,,5,23,,https://www.myjobquote.co.uk/t/victoria-building-group | https://www.myjobquote.co.uk/t/victoria-building-group,myjobquote,1,
S.l.n.t. handyman services,,Builder,,,5,1,,https://www.myjobquote.co.uk/t/slnt-handyman-services | https://www.myjobquote.co.uk/t/slnt-handyman-services,myjobquote,1,
Plastamast,,Builder,,,5,142,,https://www.myjobquote.co.uk/t/plastamast | https://www.myjobquote.co.uk/t/plastamast,myjobquote,1,
Bristol General Builders,,Builder,,,5,2,07418372060,https://www.myjobquote.co.uk/t/bristol-general-builders | https://www.myjobquote.co.uk/t/bristol-general-builders,myjobquote,1,
M j ceretti builders,,Builder,,,5,1,,https://www.myjobquote.co.uk/t/m-j-ceretti-builders | https://www.myjobquote.co.uk/t/m-j-ceretti-builders,myjobquote,1,
Legendary Design,,Builder,,,5,9,,https://www.myjobquote.co.uk/t/legendary-design | https://www.myjobquote.co.uk/t/legendary-design,myjobquote,1,
Absolute Interior Solutions,,Builder,,,5,3,,https://www.myjobquote.co.uk/t/absolute-interior-solutions | https://www.myjobquote.co.uk/t/absolute-interior-solutions,myjobquote,1,
Abacus Builders of Bath,,Builder,,,5,2,,https://www.myjobquote.co.uk/t/abacus-builders-of-bath | https://www.myjobquote.co.uk/t/abacus-builders-of-bath,myjobquote,1,
J M Building services sw ltd,,Builder,,,5,5,,https://www.myjobquote.co.uk/t/j-m-building-services-sw-ltd | https://www.myjobquote.co.uk/t/j-m-building-services-sw-ltd,myjobquote,1,
Rayan Haris Builders,,Builder,,,5,2,,https://www.myjobquote.co.uk/t/rayan-haris-builders | https://www.myjobquote.co.uk/t/rayan-haris-builders,myjobquote,1,
Tanvir,,Builder,,,4.68,0,,https://www.myjobquote.co.uk/t/tanvir-2 | https://www.myjobquote.co.uk/t/tanvir-2,myjobquote,1,
Premier Outdoor Spaces,,Builder,,,5,1,,https://www.myjobquote.co.uk/t/premier-outdoor-spaces | https://www.myjobquote.co.uk/t/premier-outdoor-spaces,myjobquote,1,
Oliphant Build and Design,,Builder,,,5,1,,https://www.myjobquote.co.uk/t/oliphant-build-and-design | https://www.myjobquote.co.uk/t/oliphant-build-and-design,myjobquote,1,
JP and Sons Ground and Developments,,Builder,,,4.4,5,,https://www.myjobquote.co.uk/t/jp-and-sons-ground-and-developments | https://www.myjobquote.co.uk/t/jp-and-sons-ground-and-developments,myjobquote,1,
Amj tiling,,Builder,,,5,1,,https://www.myjobquote.co.uk/t/amj-tiling | https://www.myjobquote.co.uk/t/amj-tiling,myjobquote,1,
STN Brickwork Solutions,,Builder,,,4.68,0,,https://www.myjobquote.co.uk/t/stn-brickwork-solutions | https://www.myjobquote.co.uk/t/stn-brickwork-solutions,myjobquote,1,
IG Stores Ltd,,Builder,,,4.68,0,,https://www.myjobquote.co.uk/t/ig-stores-ltd | https://www.myjobquote.co.uk/t/ig-stores-ltd,myjobquote,1,
IG Stores Ltd,,Builder,,,4.68,0,,https://www.myjobquote.co.uk/t/star-home-improvements-ltd | https://www.myjobquote.co.uk/t/star-home-improvements-ltd,myjobquote,1,
billa,,Builder,,,4.68,0,,https://www.myjobquote.co.uk/t/billa-2 | https://www.myjobquote.co.uk/t/billa-2,myjobquote,1,
billa,,Builder,,,4.68,0,,https://www.myjobquote.co.uk/t/ellsworth-maintenance | https://www.myjobquote.co.uk/t/ellsworth-maintenance,myjobquote,1,
IP Industrial Services Ltd,,Builder,,,4.68,0,,https://www.myjobquote.co.uk/t/ip-industrial-services-ltd | https://www.myjobquote.co.uk/t/ip-industrial-services-ltd,myjobquote,1,
IP Industrial Services Ltd,,Builder,,,4.68,0,,https://www.myjobquote.co.uk/t/sd-handyman-ltd | https://www.myjobquote.co.uk/t/sd-handyman-ltd,myjobquote,1,
Martin Builder,,Builder,,,4.68,0,,https://www.myjobquote.co.uk/t/martin-builder | https://www.myjobquote.co.uk/t/martin-builder,myjobquote,1,
R d landscaping,,Builder,,,4.68,0,,https://www.myjobquote.co.uk/t/r-d-landscaping | https://www.myjobquote.co.uk/t/r-d-landscaping,myjobquote,1,
R d landscaping,,Builder,,,4.68,0,,https://www.myjobquote.co.uk/t/operate-excavate-ltd-1 | https://www.myjobquote.co.uk/t/operate-excavate-ltd-1,myjobquote,1,
Adam Edmonds,,Builder,,,4.68,0,,https://www.myjobquote.co.uk/t/adam-edmonds | https://www.myjobquote.co.uk/t/adam-edmonds,myjobquote,1,
Wright Renovations,,Builder,,,4.68,0,,https://www.myjobquote.co.uk/t/wright-renovations-2 | https://www.myjobquote.co.uk/t/wright-renovations-2,myjobquote,1,
Rennco ltd,,Builder,,,4.68,0,,https://www.myjobquote.co.uk/t/rennco-ltd | https://www.myjobquote.co.uk/t/rennco-ltd,myjobquote,1,
Astons Home Improvements,,Builder,,,4.68,0,,https://www.myjobquote.co.uk/t/astons-home-improvements-1 | https://www.myjobquote.co.uk/t/astons-home-improvements-1,myjobquote,1,
Ellis Building & Sons,,Builder,,,4.68,0,,https://www.myjobquote.co.uk/t/ellis-building-sons | https://www.myjobquote.co.uk/t/ellis-building-sons,myjobquote,1,
AH carpentry @ plastering,,Builder,,,4.68,0,,https://www.myjobquote.co.uk/t/ah-carpentry-at-plastering | https://www.myjobquote.co.uk/t/ah-carpentry-at-plastering,myjobquote,1,
JPR Carpentry and Building Services Ltd,,Builder,,,4.68,0,,https://www.myjobquote.co.uk/t/jpr-carpentry-and-building-services-ltd | https://www.myjobquote.co.uk/t/jpr-carpentry-and-building-services-ltd,myjobquote,1,
Llewellyn Developments Ltd,,Builder,,,4.68,0,,https://www.myjobquote.co.uk/t/llewellyn-developments-ltd | https://www.myjobquote.co.uk/t/llewellyn-developments-ltd,myjobquote,1,
MCS Construction & Developments,,Builder,,,4.68,0,,https://www.myjobquote.co.uk/t/mcs-construction-developments | https://www.myjobquote.co.uk/t/mcs-construction-developments,myjobquote,1,
Watman developments ltd,,Builder,,,4.68,0,,https://www.myjobquote.co.uk/t/watman-developments-ltd | https://www.myjobquote.co.uk/t/watman-developments-ltd,myjobquote,1,
Watman developments ltd,,Builder,,,4.68,0,,https://www.myjobquote.co.uk/t/tcb-construction-cardiff | https://www.myjobquote.co.uk/t/tcb-construction-cardiff,myjobquote,1,
Andy Davies,,Builder,,,4.68,0,,https://www.myjobquote.co.uk/t/andy-davies | https://www.myjobquote.co.uk/t/andy-davies,myjobquote,1,
churchfield construction,,Builder,,,4.68,0,,https://www.myjobquote.co.uk/t/churchfield-construction | https://www.myjobquote.co.uk/t/churchfield-construction,myjobquote,1,
G P Jones Builders (Wales),,Builder,,,4.68,0,,https://www.myjobquote.co.uk/t/g-p-jones-builders-wales | https://www.myjobquote.co.uk/t/g-p-jones-builders-wales,myjobquote,1,
S J Clarke Building,,Builder,,,5,2,,https://www.myjobquote.co.uk/t/s-j-clarke-building | https://www.myjobquote.co.uk/t/s-j-clarke-building,myjobquote,1,
RITESTONE CONSTUCTION Ltd,,Builder,,,5,4,,https://www.myjobquote.co.uk/t/ritestone-constuction-ltd | https://www.myjobquote.co.uk/t/ritestone-constuction-ltd,myjobquote,1,
JB plumbing,,Builder,,,4.68,0,,https://www.myjobquote.co.uk/t/jb-plumbing-9 | https://www.myjobquote.co.uk/t/jb-plumbing-9,myjobquote,1,
JB plumbing,,Builder,,,4.68,0,,https://www.myjobquote.co.uk/t/tomos-hewitt-construction | https://www.myjobquote.co.uk/t/tomos-hewitt-construction,myjobquote,1,
Tomos Hewitt Construction,,Builder,,,4.68,0,,https://www.myjobquote.co.uk/t/johnconibeer | https://www.myjobquote.co.uk/t/johnconibeer,myjobquote,1,
JohnConibeer,,Builder,,,4.68,0,,https://www.myjobquote.co.uk/t/robert-217 | https://www.myjobquote.co.uk/t/robert-217,myjobquote,1,
Gethin baber,,Builder,,,4.68,0,,https://www.myjobquote.co.uk/t/gethin-baber | https://www.myjobquote.co.uk/t/gethin-baber,myjobquote,1,
Gethin baber,,Builder,,,4.68,0,,https://www.myjobquote.co.uk/t/s-and-roofing-building-and-fencing | https://www.myjobquote.co.uk/t/s-and-roofing-building-and-fencing,myjobquote,1,
Chris Edwards,,Builder,,,4.68,0,,https://www.myjobquote.co.uk/t/cityskim | https://www.myjobquote.co.uk/t/cityskim,myjobquote,1,
Cityskim,,Builder,,,4.68,0,,https://www.myjobquote.co.uk/t/c-horlor-builder | https://www.myjobquote.co.uk/t/c-horlor-builder,myjobquote,1,
C horlor  builder,,Builder,,,4.68,0,,https://www.myjobquote.co.uk/t/build-buddies | https://www.myjobquote.co.uk/t/build-buddies,myjobquote,1,
X1 GROUP W,,Builder,,,4.68,0,,https://www.myjobquote.co.uk/t/home-vision-1 | https://www.myjobquote.co.uk/t/home-vision-1,myjobquote,1,
Impressions builders Cardiff,,Builder,,,4.68,0,,https://www.myjobquote.co.uk/t/impressions-builders-cardiff | https://www.myjobquote.co.uk/t/impressions-builders-cardiff,myjobquote,1,
RENNconstructuction,,Builder,,,5,1,,https://www.myjobquote.co.uk/t/rennconstructuction | https://www.myjobquote.co.uk/t/rennconstructuction,myjobquote,1,
Webuild Cymru,,Builder,,,5,1,,https://www.myjobquote.co.uk/t/webuild-cymru-1 | https://www.myjobquote.co.uk/t/webuild-cymru-1,myjobquote,1,
Richwoodwindowdesigns,,Builder,,,5,6,07418369559,https://www.myjobquote.co.uk/t/richwoodwindowdesigns | https://www.myjobquote.co.uk/t/richwoodwindowdesigns,myjobquote,1,
GN Electric & Renovation,,Builder,,,5,3,,https://www.myjobquote.co.uk/t/gn-electric-renovation | https://www.myjobquote.co.uk/t/gn-electric-renovation,myjobquote,1,
"Spgbrickwork,building and landscaping",,Builder,,,5,1,,https://www.myjobquote.co.uk/t/spgbrickworkbuilding-and-landscaping | https://www.myjobquote.co.uk/t/spgbrickworkbuilding-and-landscaping,myjobquote,1,
Elevate construction,,Builder,,,5,2,,https://www.myjobquote.co.uk/t/elevate-construction | https://www.myjobquote.co.uk/t/elevate-construction,myjobquote,1,
D.R Jones,,Builder,,,5,1,,https://www.myjobquote.co.uk/t/dr-jones | https://www.myjobquote.co.uk/t/dr-jones,myjobquote,1,
JP Ground and Developments,,Builder,,,5,1,,https://www.myjobquote.co.uk/t/jp-ground-and-developments | https://www.myjobquote.co.uk/t/jp-ground-and-developments,myjobquote,1,
Design & Renew Ltd,,Builder,,,5,1,,https://www.myjobquote.co.uk/t/design-renew-ltd | https://www.myjobquote.co.uk/t/design-renew-ltd,myjobquote,1,
Mastercraft Builders Ltd,,Builder,,,4,13,,https://www.myjobquote.co.uk/t/mastercraft-builders-ltd | https://www.myjobquote.co.uk/t/mastercraft-builders-ltd,myjobquote,1,
Newport Building And Home Improvements,,Builder,,,5,12,,https://www.myjobquote.co.uk/t/newport-building-and-home-improvements | https://www.myjobquote.co.uk/t/newport-building-and-home-improvements,myjobquote,1,
AJ joinery,,Builder,,,5,2,,https://www.myjobquote.co.uk/t/aj-joinery-6 | https://www.myjobquote.co.uk/t/aj-joinery-6,myjobquote,1,
Beestons Property Services,,Builder,,,5,4,,https://www.myjobquote.co.uk/t/beestons-property-services | https://www.myjobquote.co.uk/t/beestons-property-services,myjobquote,1,
JSET Roofing and Construction,,Builder,,,5,26,,https://www.myjobquote.co.uk/t/jset-roofing-and-construction | https://www.myjobquote.co.uk/t/jset-roofing-and-construction,myjobquote,1,
Forsi LTD,,Builder,,,4.68,0,,https://www.myjobquote.co.uk/t/forsi-ltd | https://www.myjobquote.co.uk/t/forsi-ltd,myjobquote,1,
Ridgeplus roofing solutions,,Builder,,,4.7,39,,https://www.myjobquote.co.uk/t/ridgeplus-roofing-solutions | https://www.myjobquote.co.uk/t/ridgeplus-roofing-solutions,myjobquote,1,
Paul builder & groundwork,,Builder,,,4,2,,https://www.myjobquote.co.uk/t/paul-builder-groundwork | https://www.myjobquote.co.uk/t/paul-builder-groundwork,myjobquote,1,
Jayden&#039;s Property Services,,Builder,,,5,3,,https://www.myjobquote.co.uk/t/jaydens-property-services | https://www.myjobquote.co.uk/t/jaydens-property-services,myjobquote,1,
A grainger.building &landscaping,,Builder,,,5,1,,https://www.myjobquote.co.uk/t/a-graingerbuilding-landscaping | https://www.myjobquote.co.uk/t/a-graingerbuilding-landscaping,myjobquote,1,
Wrekin & Salopia Home Improvements,,Builder,,,5,2,,https://www.myjobquote.co.uk/t/wrekin-salopia-home-improvements | https://www.myjobquote.co.uk/t/wrekin-salopia-home-improvements,myjobquote,1,
AGRATECH,,Builder,,,5,5,,https://www.myjobquote.co.uk/t/agratech | https://www.myjobquote.co.uk/t/agratech,myjobquote,1,
Antler Property Solutions,,Builder,,,5,3,,https://www.myjobquote.co.uk/t/antler-property-solutions | https://www.myjobquote.co.uk/t/antler-property-solutions,myjobquote,1,
Decorative-driveways,,Builder,,,5,14,07441440164,https://www.myjobquote.co.uk/t/decorative-driveways | https://www.myjobquote.co.uk/t/decorative-driveways,myjobquote,1,
SDS  RENOVATIONS. 33,,Builder,,,5,6,,https://www.myjobquote.co.uk/t/sds-renovations-33 | https://www.myjobquote.co.uk/t/sds-renovations-33,myjobquote,1,
just drainage&groundwork,,Builder,,,5,1,,https://www.myjobquote.co.uk/t/just-drainagegroundwork | https://www.myjobquote.co.uk/t/just-drainagegroundwork,myjobquote,1,
cheshire living spaces limited,,Builder,,,5,3,07441448639,https://www.myjobquote.co.uk/t/cheshire-living-spaces-limited | https://www.myjobquote.co.uk/t/cheshire-living-spaces-limited,myjobquote,1,
GL Builders&roofing,,Builder,,,5,5,,https://www.myjobquote.co.uk/t/gl-buildersroofing | https://www.myjobquote.co.uk/t/gl-buildersroofing,myjobquote,1,
AW Plastering Solutions,,Builder,,,4.9,74,,https://www.myjobquote.co.uk/t/aw-plastering-solutions | https://www.myjobquote.co.uk/t/aw-plastering-solutions,myjobquote,1,
Build and Brick,,Builder,,,5,13,,https://www.myjobquote.co.uk/t/build-and-brick | https://www.myjobquote.co.uk/t/build-and-brick,myjobquote,1,
RE Joinery and Roofing,,Builder,,,5,33,,https://www.myjobquote.co.uk/t/re-joinery-and-roofing | https://www.myjobquote.co.uk/t/re-joinery-and-roofing,myjobquote,1,
Property Fix,,Builder,,,5,26,,https://www.myjobquote.co.uk/t/property-fix | https://www.myjobquote.co.uk/t/property-fix,myjobquote,1,
J&B Building & Roofing contractors,,Builder,,,5,1,,https://www.myjobquote.co.uk/t/jb-building-roofing-contractors | https://www.myjobquote.co.uk/t/jb-building-roofing-contractors,myjobquote,1,
SimplexMD,,Builder,,,5,2,,https://www.myjobquote.co.uk/t/simplexmd | https://www.myjobquote.co.uk/t/simplexmd,myjobquote,1,
M&s construction Wrexham,,Builder,,,5,9,,https://www.myjobquote.co.uk/t/ms-construction-wrexham | https://www.myjobquote.co.uk/t/ms-construction-wrexham,myjobquote,1,
A & L Roofing and groundworks,,Builder,,,5,1,,https://www.myjobquote.co.uk/t/a-l-roofing-and-groundworks | https://www.myjobquote.co.uk/t/a-l-roofing-and-groundworks,myjobquote,1,
Pw contracting,,Builder,,,4.68,0,,https://www.myjobquote.co.uk/t/pw-contracting | https://www.myjobquote.co.uk/t/pw-contracting,myjobquote,1,
Pw contracting,,Builder,,,4.68,0,,https://www.myjobquote.co.uk/t/karl-jones-2 | https://www.myjobquote.co.uk/t/karl-jones-2,myjobquote,1,
Karl Jones,,Builder,,,4.68,0,,https://www.myjobquote.co.uk/t/cj-roofing-9 | https://www.myjobquote.co.uk/t/cj-roofing-9,myjobquote,1,
Db plastering.com,,Builder,,,4.68,0,,https://www.myjobquote.co.uk/t/db-plasteringcom | https://www.myjobquote.co.uk/t/db-plasteringcom,myjobquote,1,
Db plastering.com,,Builder,,,4.68,0,,https://www.myjobquote.co.uk/t/hsm-builders-ltd | https://www.myjobquote.co.uk/t/hsm-builders-ltd,myjobquote,1,
J.W.Pearce. Building & Plastering,,Builder,,,4.68,0,,https://www.myjobquote.co.uk/t/jwpearce-building-plastering | https://www.myjobquote.co.uk/t/jwpearce-building-plastering,myjobquote,1,
Bear Surfacing Limited,,Builder,,,4.68,0,,https://www.myjobquote.co.uk/t/bear-surfacing-limited | https://www.myjobquote.co.uk/t/bear-surfacing-limited,myjobquote,1,
A&D Probuild,,Builder,,,4.68,0,,https://www.myjobquote.co.uk/t/ad-probuild | https://www.myjobquote.co.uk/t/ad-probuild,myjobquote,1,
Visionary roofing and Groundworks,,Builder,,,4.68,0,,https://www.myjobquote.co.uk/t/visionary-roofing-and-groundworks | https://www.myjobquote.co.uk/t/visionary-roofing-and-groundworks,myjobquote,1,
Willow,,Builder,,,4.68,0,,https://www.myjobquote.co.uk/t/willow-1 | https://www.myjobquote.co.uk/t/willow-1,myjobquote,1,
S jones building and roofing,,Builder,,,5,2,,https://www.myjobquote.co.uk/t/s-jones-building-and-roofing | https://www.myjobquote.co.uk/t/s-jones-building-and-roofing,myjobquote,1,
Sarlm Mcone,,Builder,,,4.68,0,,https://www.myjobquote.co.uk/t/sarlm-mcone | https://www.myjobquote.co.uk/t/sarlm-mcone,myjobquote,1,
Barry Giff,,Builder,,,5,1,,https://www.myjobquote.co.uk/t/barry-giff | https://www.myjobquote.co.uk/t/barry-giff,myjobquote,1,
R roofing contractors,,Builder,,,5,1,,https://www.myjobquote.co.uk/t/r-roofing-contractors | https://www.myjobquote.co.uk/t/r-roofing-contractors,myjobquote,1,
Clear view Roofing & building solutions,,Builder,,,5,15,,https://www.myjobquote.co.uk/t/clear-view-roofing-building-solutions | https://www.myjobquote.co.uk/t/clear-view-roofing-building-solutions,myjobquote,1,
Masterplan Developments,,Builder,,,5,1,,https://www.myjobquote.co.uk/t/masterplan-developments | https://www.myjobquote.co.uk/t/masterplan-developments,myjobquote,1,
Birchy builders,,Builder,,,5,1,,https://www.myjobquote.co.uk/t/birchy-builders | https://www.myjobquote.co.uk/t/birchy-builders,myjobquote,1,
Honestus Roofing ltd,,Builder,,,5,5,07418374643,https://www.myjobquote.co.uk/t/honestus-roofing-ltd | https://www.myjobquote.co.uk/t/honestus-roofing-ltd,myjobquote,1,
Aspire,,Builder,,,5,25,,https://www.myjobquote.co.uk/t/aspire-1 | https://www.myjobquote.co.uk/t/aspire-1,myjobquote,1,
Victoria builders,,Builder,,,5,1,,https://www.myjobquote.co.uk/t/victoria-builders-1 | https://www.myjobquote.co.uk/t/victoria-builders-1,myjobquote,1,
Jacks Building and Garden services,,Builder,,,5,2,,https://www.myjobquote.co.uk/t/jacks-building-and-garden-services | https://www.myjobquote.co.uk/t/jacks-building-and-garden-services,myjobquote,1,
AKL Electrical Services,,Builder,,,5,7,,https://www.myjobquote.co.uk/t/akl-electrical-services | https://www.myjobquote.co.uk/t/akl-electrical-services,myjobquote,1,
Property bro’s pointing and property maintenance,,Builder,,,5,1,,https://www.myjobquote.co.uk/t/property-bros-pointing-and-property-maintenance | https://www.myjobquote.co.uk/t/property-bros-pointing-and-property-maintenance,myjobquote,1,
Buildstreet Ltd,,Builder,,,5,3,,https://www.myjobquote.co.uk/t/buildstreet-ltd | https://www.myjobquote.co.uk/t/buildstreet-ltd,myjobquote,1,
Evolution Bricklaying & General Building Services,,Builder,,,5,2,,https://www.myjobquote.co.uk/t/evolution-bricklaying-general-building-services | https://www.myjobquote.co.uk/t/evolution-bricklaying-general-building-services,myjobquote,1,
Jordan churchill,,Builder,,,5,2,,https://www.myjobquote.co.uk/t/jordan-churchill | https://www.myjobquote.co.uk/t/jordan-churchill,myjobquote,1,
R M Temple Handyman Services,,Builder,,,5,8,,https://www.myjobquote.co.uk/t/r-m-temple-handyman-services | https://www.myjobquote.co.uk/t/r-m-temple-handyman-services,myjobquote,1,
K Hill Brickwork and General Building Contractor,,Builder,,,4,5,,https://www.myjobquote.co.uk/t/k-hill-brickwork-and-general-building-contractor-1 | https://www.myjobquote.co.uk/t/k-hill-brickwork-and-general-building-contractor-1,myjobquote,1,
S. J. Brickwork/handyman jobs,,Builder,,,5,40,07441447179,https://www.myjobquote.co.uk/t/s-j-brickworkhandyman-jobs | https://www.myjobquote.co.uk/t/s-j-brickworkhandyman-jobs,myjobquote,1,
D Shaw Construction,,Builder,,,5,1,,https://www.myjobquote.co.uk/t/d-shaw-construction | https://www.myjobquote.co.uk/t/d-shaw-construction,myjobquote,1,
Marks Garden Improvements,,Builder,,,5,14,,https://www.myjobquote.co.uk/t/marks-garden-improvements | https://www.myjobquote.co.uk/t/marks-garden-improvements,myjobquote,1,
Hallows Construction,,Builder,,,5,1,,https://www.myjobquote.co.uk/t/hallows-construction | https://www.myjobquote.co.uk/t/hallows-construction,myjobquote,1,
The flooring company,,Builder,,,5,2,,https://www.myjobquote.co.uk/t/the-flooring-company-1 | https://www.myjobquote.co.uk/t/the-flooring-company-1,myjobquote,1,
Cheshire Plastering and Building Services,,Builder,,,4.6,44,,https://www.myjobquote.co.uk/t/cheshire-plastering-and-building-services | https://www.myjobquote.co.uk/t/cheshire-plastering-and-building-services,myjobquote,1,
BuildscapeUk,,Builder,,,4.6,1,,https://www.myjobquote.co.uk/t/buildscapeuk | https://www.myjobquote.co.uk/t/buildscapeuk,myjobquote,1,
LJ groundwork’s & landscaping,,Builder,,,4.5,2,,https://www.myjobquote.co.uk/t/lj-groundworks-landscaping | https://www.myjobquote.co.uk/t/lj-groundworks-landscaping,myjobquote,1,
Reyno,,Builder,,,5,2,,https://www.myjobquote.co.uk/t/reyno | https://www.myjobquote.co.uk/t/reyno,myjobquote,1,
ThornBuild,,Builder,,,5,14,,https://www.myjobquote.co.uk/t/thornbuild | https://www.myjobquote.co.uk/t/thornbuild,myjobquote,1,
Bespoke Build (NW) Ltd,,Builder,,,5,1,,https://www.myjobquote.co.uk/t/bespoke-build-nw-ltd | https://www.myjobquote.co.uk/t/bespoke-build-nw-ltd,myjobquote,1,
Dnl homemaintenance,,Builder,,,5,1,,https://www.myjobquote.co.uk/t/dnl-homemaintenance | https://www.myjobquote.co.uk/t/dnl-homemaintenance,myjobquote,1,
Graham Daltrey,,Builder,,,5,4,,https://www.myjobquote.co.uk/t/graham-daltrey | https://www.myjobquote.co.uk/t/graham-daltrey,myjobquote,1,
Kkh groundworks and civils,,Builder,,,4.68,0,,https://www.myjobquote.co.uk/t/kkh-groundworks-and-civils | https://www.myjobquote.co.uk/t/kkh-groundworks-and-civils,myjobquote,1,
Acorn landscaping contractors ltd,,Builder,,,4.68,0,,https://www.myjobquote.co.uk/t/acorn-landscaping-contractors-ltd | https://www.myjobquote.co.uk/t/acorn-landscaping-contractors-ltd,myjobquote,1,
C b plastering,,Builder,,,4.68,0,,https://www.myjobquote.co.uk/t/c-b-plastering-1 | https://www.myjobquote.co.uk/t/c-b-plastering-1,myjobquote,1,
Hughes environmental,,Builder,,,4.68,0,,https://www.myjobquote.co.uk/t/hughes-environmental | https://www.myjobquote.co.uk/t/hughes-environmental,myjobquote,1,
A W Builders Oswestry,,Builder,,,4.68,0,,https://www.myjobquote.co.uk/t/a-w-builders-oswestry | https://www.myjobquote.co.uk/t/a-w-builders-oswestry,myjobquote,1,
Jr joinery & construction,,Builder,,,4.68,0,,https://www.myjobquote.co.uk/t/jr-joinery-construction | https://www.myjobquote.co.uk/t/jr-joinery-construction,myjobquote,1,
Amber Oswstry limited,,Builder,,,4.68,0,,https://www.myjobquote.co.uk/t/amber-oswstry-limited | https://www.myjobquote.co.uk/t/amber-oswstry-limited,myjobquote,1,
DDN HOLDINGS,,Builder,,,5,2,,https://www.myjobquote.co.uk/t/ddn-holdings,myjobquote,1,
Sorin Ianus,,Builder,,,4.68,0,,https://www.myjobquote.co.uk/t/sorin-ianus,myjobquote,1,
Sorin Ianus,,Builder,,,4.68,0,,https://www.myjobquote.co.uk/t/bespoke-property-services,myjobquote,1,
C silver builders (south east) ltd,,Builder,,,4.68,0,,https://www.myjobquote.co.uk/t/c-silver-builders-south-east-ltd,myjobquote,1,
JustOliver Ltd,,Builder,,,4.68,0,,https://www.myjobquote.co.uk/t/justoliver-ltd,myjobquote,1,
Laurenc,,Builder,,,4.68,0,,https://www.myjobquote.co.uk/t/laurenc,myjobquote,1,
Laurenc,,Builder,,,4.68,0,,https://www.myjobquote.co.uk/t/true-oak-carpentry,myjobquote,1,
MSAVE,,Builder,,,4.68,0,,https://www.myjobquote.co.uk/t/msave,myjobquote,1,
MSAVE,,Builder,,,4.68,0,,https://www.myjobquote.co.uk/t/wisfix,myjobquote,1,
Alexandru georgian state,,Builder,,,4.68,0,,https://www.myjobquote.co.uk/t/alexandru-georgian-state,myjobquote,1,
Alexandru georgian state,,Builder,,,4.68,0,,https://www.myjobquote.co.uk/t/zawadzki-construction,myjobquote,1,
Triada Building LTD,,Builder,,,4.68,0,,https://www.myjobquote.co.uk/t/triada-building-ltd-1,myjobquote,1,
Soliddecoration tld,,Builder,,,4.68,0,,https://www.myjobquote.co.uk/t/soliddecoration-tld,myjobquote,1,
Stanhope Property Services,,Builder,,,4.68,0,,https://www.myjobquote.co.uk/t/stanhope-property-services,myjobquote,1,
33 Constructions Services Ltd,,Builder,,,4.68,0,,https://www.myjobquote.co.uk/t/33-constructions-services-ltd,myjobquote,1,
Antika building construction,,Builder,,,4.68,0,,https://www.myjobquote.co.uk/t/antika-building-construction,myjobquote,1,
Osei Management & Consulting Ltd,,Builder,,,4.68,0,,https://www.myjobquote.co.uk/t/osei-management-consulting-ltd,myjobquote,1,
"Alam,s",,Builder,,,4.68,0,,https://www.myjobquote.co.uk/t/alams,myjobquote,1,