company_name,owner_name,trade_type,location,website_url,overall_rating,review_count,phone,profile_url,platforms,platform_count,high_value
Bright Day Services,,Fascias Soffits Cladding,,,5,33,07441473219,https://www.myjobquote.co.uk/t/bright-day-services | https://www.myjobquote.co.uk/t/bright-day-services,myjobquote,1,
Fox CONTRACTS,,Fascias Soffits Cladding,,,5,6,07418317065,https://www.myjobquote.co.uk/t/fox-contracts | https://www.myjobquote.co.uk/t/fox-contracts,myjobquote,1,
Aspects Roofing & Building,,Fascias Soffits Cladding,,,5,4,,https://www.myjobquote.co.uk/t/aspects-roofing-building | https://www.myjobquote.co.uk/t/aspects-roofing-building,myjobquote,1,
Shield roofing & build,,Fascias Soffits Cladding,,,4,1,,https://www.myjobquote.co.uk/t/shield-roofing-build | https://www.myjobquote.co.uk/t/shield-roofing-build,myjobquote,1,
Nuaj construction,,Fascias Soffits Cladding,,,4,38,07418341696,https://www.myjobquote.co.uk/t/nuaj-construction | https://www.myjobquote.co.uk/t/nuaj-construction,myjobquote,1,
Truetop Roofing Ltd,,Fascias Soffits Cladding,,,5,8,,https://www.myjobquote.co.uk/t/truetop-roofing-ltd | https://www.myjobquote.co.uk/t/truetop-roofing-ltd,myjobquote,1,
BROMLEY ROOFER LTD,,Fascias Soffits Cladding,,,5,2,07418360547,https://www.myjobquote.co.uk/t/bromley-roofer-ltd | https://www.myjobquote.co.uk/t/bromley-roofer-ltd,myjobquote,1,
Thomas ball property services,,Fascias Soffits Cladding,,,5,19,07441440879,https://www.myjobquote.co.uk/t/thomas-ball-property-services-1 | https://www.myjobquote.co.uk/t/thomas-ball-property-services-1,myjobquote,1,
London Town Roofing,,Fascias Soffits Cladding,,,5,8,,https://www.myjobquote.co.uk/t/london-town-roofing | https://www.myjobquote.co.uk/t/london-town-roofing,myjobquote,1,
Executive roofing and building services,,Fascias Soffits Cladding,,,5,7,,https://www.myjobquote.co.uk/t/executive-roofing-and-building-services | https://www.myjobquote.co.uk/t/executive-roofing-and-building-services,myjobquote,1,
to repair and installation,,Fascias Soffits Cladding,,,5,6,07418367597,https://www.myjobquote.co.uk/t/to-repair-and-installation | https://www.myjobquote.co.uk/t/to-repair-and-installation,myjobquote,1,
Hoodrich Roofing,,Fascias Soffits Cladding,,,4,5,,https://www.myjobquote.co.uk/t/hoodrich-roofing | https://www.myjobquote.co.uk/t/hoodrich-roofing,myjobquote,1,
Hybrid Roofing,,Fascias Soffits Cladding,,,5,4,,https://www.myjobquote.co.uk/t/hybrid-roofing | https://www.myjobquote.co.uk/t/hybrid-roofing,myjobquote,1,
SD Roofing & Building Ltd,,Fascias Soffits Cladding,,,5,4,,https://www.myjobquote.co.uk/t/sd-roofing-building-ltd-1 | https://www.myjobquote.co.uk/t/sd-roofing-building-ltd-1,myjobquote,1,
Roof MOT Limited,,Fascias Soffits Cladding,,,4,4,,https://www.myjobquote.co.uk/t/roof-mot-limited | https://www.myjobquote.co.uk/t/roof-mot-limited,myjobquote,1,
Goldstar roofing uk Ltd,,Fascias Soffits Cladding,,,5,3,,https://www.myjobquote.co.uk/t/goldstar-roofing-uk-ltd | https://www.myjobquote.co.uk/t/goldstar-roofing-uk-ltd,myjobquote,1,
Low cost roofing ltd,,Fascias Soffits Cladding,,,5,2,,https://www.myjobquote.co.uk/t/low-cost-roofing-ltd | https://www.myjobquote.co.uk/t/low-cost-roofing-ltd,myjobquote,1,
heritage roof and build,,Fascias Soffits Cladding,,,5,1,,https://www.myjobquote.co.uk/t/heritage-roof-and-build | https://www.myjobquote.co.uk/t/heritage-roof-and-build,myjobquote,1,
CSFROOFING LTD,,Fascias Soffits Cladding,,,5,6,,https://www.myjobquote.co.uk/t/csfroofing-ltd | https://www.myjobquote.co.uk/t/csfroofing-ltd,myjobquote,1,
Shooter’s Hill roofing & building,,Fascias Soffits Cladding,,,5,4,,https://www.myjobquote.co.uk/t/shooters-hill-roofing-building | https://www.myjobquote.co.uk/t/shooters-hill-roofing-building,myjobquote,1,
J&B Roofing,,Fascias Soffits Cladding,,,5,3,,https://www.myjobquote.co.uk/t/jb-roofing-14 | https://www.myjobquote.co.uk/t/jb-roofing-14,myjobquote,1,
The L&C Group Ltd,,Fascias Soffits Cladding,,,5,3,,https://www.myjobquote.co.uk/t/the-lc-group-ltd | https://www.myjobquote.co.uk/t/the-lc-group-ltd,myjobquote,1,
HighRise Roofing&Building,,Fascias Soffits Cladding,,,5,2,,https://www.myjobquote.co.uk/t/highrise-roofingbuilding | https://www.myjobquote.co.uk/t/highrise-roofingbuilding,myjobquote,1,
Lewis & Sons Home Improvements Ltd,,Fascias Soffits Cladding,,,5,2,,https://www.myjobquote.co.uk/t/lewis-sons-home-improvements-ltd | https://www.myjobquote.co.uk/t/lewis-sons-home-improvements-ltd,myjobquote,1,
UK ROOFING CONTRACTORS LIMITED,,Fascias Soffits Cladding,,,4,1,,https://www.myjobquote.co.uk/t/uk-roofing-contractors-limited-1 | https://www.myjobquote.co.uk/t/uk-roofing-contractors-limited-1,myjobquote,1,
W.martin roofing&contractors ltd,,Fascias Soffits Cladding,,,5,1,,https://www.myjobquote.co.uk/t/wmartin-roofingcontractors-ltd | https://www.myjobquote.co.uk/t/wmartin-roofingcontractors-ltd,myjobquote,1,
Complex roofing & general maintenance,,Fascias Soffits Cladding,,,5,1,,https://www.myjobquote.co.uk/t/complex-roofing-general-maintenance | https://www.myjobquote.co.uk/t/complex-roofing-general-maintenance,myjobquote,1,
21st Century Roofing,,Fascias Soffits Cladding,,,5,1,,https://www.myjobquote.co.uk/t/21st-century-roofing | https://www.myjobquote.co.uk/t/21st-century-roofing,myjobquote,1,
Peak perfection,,Fascias Soffits Cladding,,,5,1,,https://www.myjobquote.co.uk/t/peak-perfection-1 | https://www.myjobquote.co.uk/t/peak-perfection-1,myjobquote,1,
CM Construction,,Fascias Soffits Cladding,,,5,1,,https://www.myjobquote.co.uk/t/cm-construction-10 | https://www.myjobquote.co.uk/t/cm-construction-10,myjobquote,1,
Residential Roofing Specialists,,Fascias Soffits Cladding,,,5,12,,https://www.myjobquote.co.uk/t/residential-roofing-specialists | https://www.myjobquote.co.uk/t/residential-roofing-specialists,myjobquote,1,
STORM GUARD ROOFING & BUILDING LTD,,Fascias Soffits Cladding,,,5,9,07418369101,https://www.myjobquote.co.uk/t/storm-guard-roofing-building-ltd | https://www.myjobquote.co.uk/t/storm-guard-roofing-building-ltd,myjobquote,1,
Regent roofing services Limited,,Fascias Soffits Cladding,,,5,35,,https://www.myjobquote.co.uk/t/regent-roofing-services-limited | https://www.myjobquote.co.uk/t/regent-roofing-services-limited,myjobquote,1,
T&M Home improvement Ltd,,Fascias Soffits Cladding,,,5,13,07418318714,https://www.myjobquote.co.uk/t/tm-home-improvement-ltd | https://www.myjobquote.co.uk/t/tm-home-improvement-ltd,myjobquote,1,
Holbrook roofing & building ltd,,Fascias Soffits Cladding,,,4,2,,https://www.myjobquote.co.uk/t/holbrook-roofing-building-ltd | https://www.myjobquote.co.uk/t/holbrook-roofing-building-ltd,myjobquote,1,
Havering Roofing and Building Ltd,,Fascias Soffits Cladding,,,5,44,,https://www.myjobquote.co.uk/t/havering-roofing-and-building-ltd | https://www.myjobquote.co.uk/t/havering-roofing-and-building-ltd,myjobquote,1,
A.N.R roofing,,Fascias Soffits Cladding,,,5,13,07418368334,https://www.myjobquote.co.uk/t/anr-roofing | https://www.myjobquote.co.uk/t/anr-roofing,myjobquote,1,
Berkeley Roofing and Building,,Fascias Soffits Cladding,,,4,8,,https://www.myjobquote.co.uk/t/berkeley-roofing-and-building-1 | https://www.myjobquote.co.uk/t/berkeley-roofing-and-building-1,myjobquote,1,
Roofing solutions,,Fascias Soffits Cladding,,,5,4,,https://www.myjobquote.co.uk/t/roofing-solutions-8 | https://www.myjobquote.co.uk/t/roofing-solutions-8,myjobquote,1,
Roofco home improvements,,Fascias Soffits Cladding,,,4.9,9,,https://www.myjobquote.co.uk/t/roofco-home-improvements | https://www.myjobquote.co.uk/t/roofco-home-improvements,myjobquote,1,
Homebase roofing Ltd,,Fascias Soffits Cladding,,,4.7,23,,https://www.myjobquote.co.uk/t/homebase-roofing-ltd | https://www.myjobquote.co.uk/t/homebase-roofing-ltd,myjobquote,1,
Inner City Roofing,,Fascias Soffits Cladding,,,4.9,10,,https://www.myjobquote.co.uk/t/inner-city-roofing-1 | https://www.myjobquote.co.uk/t/inner-city-roofing-1,myjobquote,1,
London Architectural roofing ltd,,Fascias Soffits Cladding,,,4.9,84,,https://www.myjobquote.co.uk/t/london-architectural-roofing-ltd | https://www.myjobquote.co.uk/t/london-architectural-roofing-ltd,myjobquote,1,
SuperDry Roofing & Building Specialists,,Fascias Soffits Cladding,,,5,12,,https://www.myjobquote.co.uk/t/superdry-roofing-building-specialists | https://www.myjobquote.co.uk/t/superdry-roofing-building-specialists,myjobquote,1,
Access Home Improvements,,Fascias Soffits Cladding,,,5,4,,https://www.myjobquote.co.uk/t/access-home-improvements | https://www.myjobquote.co.uk/t/access-home-improvements,myjobquote,1,
Johnroofing ltd,,Fascias Soffits Cladding,,,5,1,07451261256,https://www.myjobquote.co.uk/t/johnroofing-ltd | https://www.myjobquote.co.uk/t/johnroofing-ltd,myjobquote,1,
Smart clean,,Fascias Soffits Cladding,,,5,8,07451260890,https://www.myjobquote.co.uk/t/smart-clean | https://www.myjobquote.co.uk/t/smart-clean,myjobquote,1,
Nrs roofing services,,Fascias Soffits Cladding,,,4,1,07418317352,https://www.myjobquote.co.uk/t/nrs-roofing-services | https://www.myjobquote.co.uk/t/nrs-roofing-services,myjobquote,1,
Howdens Roofing and Building Ltd,,Fascias Soffits Cladding,,,5,2,07418349032,https://www.myjobquote.co.uk/t/howdens-roofing-and-building-ltd | https://www.myjobquote.co.uk/t/howdens-roofing-and-building-ltd,myjobquote,1,
Active home improvements,,Fascias Soffits Cladding,,,4,1,,https://www.myjobquote.co.uk/t/active-home-improvements | https://www.myjobquote.co.uk/t/active-home-improvements,myjobquote,1,
Ayres Building&Roofing LTD,,Fascias Soffits Cladding,,,5,1,,https://www.myjobquote.co.uk/t/ayres-buildingroofing-ltd | https://www.myjobquote.co.uk/t/ayres-buildingroofing-ltd,myjobquote,1,
Cornerstone Property Solutions UK Ltd,,Fascias Soffits Cladding,,,5,4,,https://www.myjobquote.co.uk/t/cornerstone-property-solutions-uk-ltd | https://www.myjobquote.co.uk/t/cornerstone-property-solutions-uk-ltd,myjobquote,1,
Alpha Construction,,Fascias Soffits Cladding,,,5,2,,https://www.myjobquote.co.uk/t/alpha-construction-6 | https://www.myjobquote.co.uk/t/alpha-construction-6,myjobquote,1,
Ervis Cakoni,,Fascias Soffits Cladding,,,5,5,,https://www.myjobquote.co.uk/t/ervis-cakoni | https://www.myjobquote.co.uk/t/ervis-cakoni,myjobquote,1,
S.O Roofing,,Fascias Soffits Cladding,,,4.9,15,,https://www.myjobquote.co.uk/t/so-roofing | https://www.myjobquote.co.uk/t/so-roofing,myjobquote,1,
TM Exterior Property Maintenance,,Fascias Soffits Cladding,,,4.9,15,,https://www.myjobquote.co.uk/t/tm-exterior-property-maintenance | https://www.myjobquote.co.uk/t/tm-exterior-property-maintenance,myjobquote,1,
Tar Village,,Fascias Soffits Cladding,,,5,3,,https://www.myjobquote.co.uk/t/tar-village | https://www.myjobquote.co.uk/t/tar-village,myjobquote,1,
Xpert Builders,,Fascias Soffits Cladding,,,4.4,8,,https://www.myjobquote.co.uk/t/xpert-builders | https://www.myjobquote.co.uk/t/xpert-builders,myjobquote,1,
Instant roofing and Guttering,,Fascias Soffits Cladding,,,1,1,,https://www.myjobquote.co.uk/t/instant-roofing-and-guttering | https://www.myjobquote.co.uk/t/instant-roofing-and-guttering,myjobquote,1,
RainMaster roofing & building ltd,,Fascias Soffits Cladding,,,3,1,,https://www.myjobquote.co.uk/t/rainmaster-roofing-building-ltd | https://www.myjobquote.co.uk/t/rainmaster-roofing-building-ltd,myjobquote,1,
Apex Sealants Ltd,,Fascias Soffits Cladding,,,3,1,,https://www.myjobquote.co.uk/t/apex-sealants-ltd | https://www.myjobquote.co.uk/t/apex-sealants-ltd,myjobquote,1,
Roof Rite Roofing and Building,,Fascias Soffits Cladding,,,3,1,,https://www.myjobquote.co.uk/t/roof-rite-roofing-and-building | https://www.myjobquote.co.uk/t/roof-rite-roofing-and-building,myjobquote,1,
Oakland Gardening Maintenance,,Fascias Soffits Cladding,,,2,1,,https://www.myjobquote.co.uk/t/oakland-gardening-maintenance-1 | https://www.myjobquote.co.uk/t/oakland-gardening-maintenance-1,myjobquote,1,
Eagle Construction and Renovation Ltd,,Fascias Soffits Cladding,,,3,1,,https://www.myjobquote.co.uk/t/eagle-construction-and-renovation-ltd | https://www.myjobquote.co.uk/t/eagle-construction-and-renovation-ltd,myjobquote,1,
Queens roofing,,Fascias Soffits Cladding,,,4.68,0,,https://www.myjobquote.co.uk/t/queens-roofing-1,myjobquote,1,
Queens roofing,,Fascias Soffits Cladding,,,4.68,0,,https://www.myjobquote.co.uk/t/ah-roofing-contractors-ltd,myjobquote,1,
Owen Flat Roofing,,Fascias Soffits Cladding,,,4.68,0,,https://www.myjobquote.co.uk/t/owen-flat-roofing,myjobquote,1,
Drayton Paving,,Fascias Soffits Cladding,,,4.68,0,,https://www.myjobquote.co.uk/t/drayton-paving,myjobquote,1,
Power4build,,Fascias Soffits Cladding,,,4.68,0,,https://www.myjobquote.co.uk/t/power4build,myjobquote,1,
Sandhuroofing,,Fascias Soffits Cladding,,,4.68,0,,https://www.myjobquote.co.uk/t/sandhuroofing,myjobquote,1,
Sandhuroofing,,Fascias Soffits Cladding,,,4.68,0,,https://www.myjobquote.co.uk/t/adrainmincea,myjobquote,1,
Adrainmincea,,Fascias Soffits Cladding,,,4.68,0,,https://www.myjobquote.co.uk/t/heritage-3,myjobquote,1,
Classic roofing,,Fascias Soffits Cladding,,,4.68,0,,https://www.myjobquote.co.uk/t/classic-roofing-4,myjobquote,1,
Classic roofing,,Fascias Soffits Cladding,,,4.68,0,,https://www.myjobquote.co.uk/t/alupro-roofing-ltd,myjobquote,1,
Alupro roofing ltd,,Fascias Soffits Cladding,,,4.68,0,,https://www.myjobquote.co.uk/t/higher-highest-roofing,myjobquote,1,
Top Tier Roofing Limited,,Fascias Soffits Cladding,,,4.68,0,,https://www.myjobquote.co.uk/t/top-tier-roofing-limited,myjobquote,1,
Signature Roofing & Building,,Fascias Soffits Cladding,,,4.68,0,07441446957,https://www.myjobquote.co.uk/t/signature-roofing-building,myjobquote,1,
Master brick care,,Fascias Soffits Cladding,,,4.68,0,,https://www.myjobquote.co.uk/t/master-brick-care,myjobquote,1,
Jb_roofingltd,,Fascias Soffits Cladding,,,4.68,0,,https://www.myjobquote.co.uk/t/jb-roofingltd,myjobquote,1,
Rahul,,Fascias Soffits Cladding,,,4.68,0,,https://www.myjobquote.co.uk/t/rahul-20,myjobquote,1,
Rahul,,Fascias Soffits Cladding,,,4.68,0,,https://www.myjobquote.co.uk/t/stormline-roofing,myjobquote,1,
SantucciWilliam,,Fascias Soffits Cladding,,,4.68,0,,https://www.myjobquote.co.uk/t/santucciwilliam,myjobquote,1,
SantucciWilliam,,Fascias Soffits Cladding,,,4.68,0,,https://www.myjobquote.co.uk/t/james-mitchener-roofing,myjobquote,1,
OC & Sons Roofing And Guttering LTD,,Fascias Soffits Cladding,,,4.68,0,,https://www.myjobquote.co.uk/t/oc-sons-roofing-and-guttering-ltd,myjobquote,1,
Commandan Roofing & Building ‏ Construction,,Fascias Soffits Cladding,,,4.68,0,,https://www.myjobquote.co.uk/t/commandan-roofing-building-construction,myjobquote,1,
Roofer,,Fascias Soffits Cladding,,,4.68,0,,https://www.myjobquote.co.uk/t/roofer-77,myjobquote,1,
Roofer,,Fascias Soffits Cladding,,,4.68,0,,https://www.myjobquote.co.uk/t/vladd,myjobquote,1,
Vladd,,Fascias Soffits Cladding,,,4.68,0,,https://www.myjobquote.co.uk/t/marshalls-roofing-guttering,myjobquote,1,
Rapid roofing and services,,Fascias Soffits Cladding,,,4.68,0,,https://www.myjobquote.co.uk/t/rapid-roofing-and-services,myjobquote,1,
Rapid roofing and services,,Fascias Soffits Cladding,,,4.68,0,,https://www.myjobquote.co.uk/t/dcroofing,myjobquote,1,
DCROOFING,,Fascias Soffits Cladding,,,4.68,0,,https://www.myjobquote.co.uk/t/propertyplus-uk-ltd,myjobquote,1,
Case Roofing,,Fascias Soffits Cladding,,,4.68,0,,https://www.myjobquote.co.uk/t/case-roofing,myjobquote,1,
Eps -external property Shields,,Fascias Soffits Cladding,,,4.68,0,,https://www.myjobquote.co.uk/t/eps-external-property-shields,myjobquote,1,
Expert Roofing,,Fascias Soffits Cladding,,,4.68,0,,https://www.myjobquote.co.uk/t/expert-roofing-6,myjobquote,1,
Expert Roofing,,Fascias Soffits Cladding,,,4.68,0,,https://www.myjobquote.co.uk/t/hammerhacksaw-ltd,myjobquote,1,
Hammer&Hacksaw LTD,,Fascias Soffits Cladding,,,4.68,0,,https://www.myjobquote.co.uk/t/ddroofersandbuilders,myjobquote,1,
DDroofersandbuilders,,Fascias Soffits Cladding,,,4.68,0,,https://www.myjobquote.co.uk/t/north-london-roofing-specialists,myjobquote,1,
Tops roofing,,Fascias Soffits Cladding,,,4.68,0,,https://www.myjobquote.co.uk/t/tops-roofing,myjobquote,1,
4 Seasons roofing and maintenance,,Fascias Soffits Cladding,,,5,2,,https://www.myjobquote.co.uk/t/4-seasons-roofing-and-maintenance | https://www.myjobquote.co.uk/t/4-seasons-roofing-and-maintenance,myjobquote,1,
Tuti Builders,,Fascias Soffits Cladding,,,5,6,07418340400,https://www.myjobquote.co.uk/t/tuti-builders | https://www.myjobquote.co.uk/t/tuti-builders,myjobquote,1,
Ultimate Roofing services,,Fascias Soffits Cladding,,,5,26,,https://www.myjobquote.co.uk/t/ultimate-roofing-services | https://www.myjobquote.co.uk/t/ultimate-roofing-services,myjobquote,1,
Tj roofing and building,,Fascias Soffits Cladding,,,5,2,,https://www.myjobquote.co.uk/t/tj-roofing-and-building-1 | https://www.myjobquote.co.uk/t/tj-roofing-and-building-1,myjobquote,1,
Roofing and Guttering,,Fascias Soffits Cladding,,,5,2,,https://www.myjobquote.co.uk/t/roofing-and-guttering-1 | https://www.myjobquote.co.uk/t/roofing-and-guttering-1,myjobquote,1,
PJ Roofing and Building,,Fascias Soffits Cladding,,,4.2,5,,https://www.myjobquote.co.uk/t/pj-roofing-and-building | https://www.myjobquote.co.uk/t/pj-roofing-and-building,myjobquote,1,
Manusrl,,Fascias Soffits Cladding,,,4.68,0,,https://www.myjobquote.co.uk/t/manusrl | https://www.myjobquote.co.uk/t/manusrl,myjobquote,1,
Manusrl,,Fascias Soffits Cladding,,,4.68,0,,https://www.myjobquote.co.uk/t/tunn-roofing-and-cladding | https://www.myjobquote.co.uk/t/tunn-roofing-and-cladding,myjobquote,1,
Marvin haynes,,Fascias Soffits Cladding,,,4.68,0,,https://www.myjobquote.co.uk/t/marvin-haynes | https://www.myjobquote.co.uk/t/marvin-haynes,myjobquote,1,
Zebra Services,,Fascias Soffits Cladding,,,4.5,14,,https://www.myjobquote.co.uk/t/zebra-services | https://www.myjobquote.co.uk/t/zebra-services,myjobquote,1,
Dripstop roofing,,Fascias Soffits Cladding,,,5,7,07451260929,https://www.myjobquote.co.uk/t/dripstop-roofing | https://www.myjobquote.co.uk/t/dripstop-roofing,myjobquote,1,
MAE roofing & guttering specialists,,Fascias Soffits Cladding,,,5,5,,https://www.myjobquote.co.uk/t/mae-roofing-guttering-specialists | https://www.myjobquote.co.uk/t/mae-roofing-guttering-specialists,myjobquote,1,
RK Roofs & Building,,Fascias Soffits Cladding,,,5,24,07418360606,https://www.myjobquote.co.uk/t/rk-roofs-building | https://www.myjobquote.co.uk/t/rk-roofs-building,myjobquote,1,
HALLMARK ROOFING AND GUTTERING LTD,,Fascias Soffits Cladding,,,5,2,,https://www.myjobquote.co.uk/t/hallmark-roofing-and-guttering-ltd | https://www.myjobquote.co.uk/t/hallmark-roofing-and-guttering-ltd,myjobquote,1,
Orlando property maintenance,,Fascias Soffits Cladding,,,4,1,,https://www.myjobquote.co.uk/t/orlando-property-maintenance | https://www.myjobquote.co.uk/t/orlando-property-maintenance,myjobquote,1,
J.G Roofing Services,,Fascias Soffits Cladding,,,4,21,,https://www.myjobquote.co.uk/t/jg-roofing-services-1 | https://www.myjobquote.co.uk/t/jg-roofing-services-1,myjobquote,1,
First Class Roofing,,Fascias Soffits Cladding,,,4.7,26,,https://www.myjobquote.co.uk/t/first-class-roofing-3 | https://www.myjobquote.co.uk/t/first-class-roofing-3,myjobquote,1,
TMC Roofing and Guttering LTD,,Fascias Soffits Cladding,,,5,2,,https://www.myjobquote.co.uk/t/tmc-roofing-and-guttering-ltd | https://www.myjobquote.co.uk/t/tmc-roofing-and-guttering-ltd,myjobquote,1,
AJC Roofing,,Fascias Soffits Cladding,,,4.6,7,,https://www.myjobquote.co.uk/t/ajc-roofing-1 | https://www.myjobquote.co.uk/t/ajc-roofing-1,myjobquote,1,
P.B.S Builders,,Fascias Soffits Cladding,,,4.9,17,,https://www.myjobquote.co.uk/t/pbs-builders | https://www.myjobquote.co.uk/t/pbs-builders,myjobquote,1,
Kofib,,Fascias Soffits Cladding,,,5,1,,https://www.myjobquote.co.uk/t/kofib | https://www.myjobquote.co.uk/t/kofib,myjobquote,1,
Crownstyle Roofing Solutions Ltd,,Fascias Soffits Cladding,,,5,1,,https://www.myjobquote.co.uk/t/crownstyle-roofing-solutions-ltd | https://www.myjobquote.co.uk/t/crownstyle-roofing-solutions-ltd,myjobquote,1,
Fast Fix - Roofing and Drainage Specialists,,Fascias Soffits Cladding,,,5,2,,https://www.myjobquote.co.uk/t/fast-fix-roofing-and-drainage-specialists | https://www.myjobquote.co.uk/t/fast-fix-roofing-and-drainage-specialists,myjobquote,1,
H C roofing & guttering,,Fascias Soffits Cladding,,,4.8,34,,https://www.myjobquote.co.uk/t/h-c-roofing-guttering | https://www.myjobquote.co.uk/t/h-c-roofing-guttering,myjobquote,1,
Tj roofing specialist,,Fascias Soffits Cladding,,,4.68,0,,https://www.myjobquote.co.uk/t/tj-roofing-specialist | https://www.myjobquote.co.uk/t/tj-roofing-specialist,myjobquote,1,
Tj roofing specialist,,Fascias Soffits Cladding,,,4.68,0,,https://www.myjobquote.co.uk/t/gcard-roofing | https://www.myjobquote.co.uk/t/gcard-roofing,myjobquote,1,
Roof pro roofing ltd,,Fascias Soffits Cladding,,,4.68,0,,https://www.myjobquote.co.uk/t/roof-pro-roofing-ltd | https://www.myjobquote.co.uk/t/roof-pro-roofing-ltd,myjobquote,1,
Lifetime Roofing & Guttering,,Fascias Soffits Cladding,,,4.68,0,,https://www.myjobquote.co.uk/t/lifetime-roofing-guttering | https://www.myjobquote.co.uk/t/lifetime-roofing-guttering,myjobquote,1,
Ambroofing end building,,Fascias Soffits Cladding,,,4.68,0,,https://www.myjobquote.co.uk/t/ambroofing-end-building | https://www.myjobquote.co.uk/t/ambroofing-end-building,myjobquote,1,
IONUT LTD,,Fascias Soffits Cladding,,,4.68,0,,https://www.myjobquote.co.uk/t/ionut-ltd-4 | https://www.myjobquote.co.uk/t/ionut-ltd-4,myjobquote,1,
Jmlroofingandbuildingcontractors@outlook.com,,Fascias Soffits Cladding,,,4.68,0,,https://www.myjobquote.co.uk/t/jmlroofingandbuildingcontractors-at-outlookcom | https://www.myjobquote.co.uk/t/jmlroofingandbuildingcontractors-at-outlookcom,myjobquote,1,
Jmlroofingandbuildingcontractors@outlook.com,,Fascias Soffits Cladding,,,4.68,0,,https://www.myjobquote.co.uk/t/orest-3 | https://www.myjobquote.co.uk/t/orest-3,myjobquote,1,
Daleions,,Fascias Soffits Cladding,,,4.68,0,,https://www.myjobquote.co.uk/t/daleions | https://www.myjobquote.co.uk/t/daleions,myjobquote,1,
Daleions,,Fascias Soffits Cladding,,,4.68,0,,https://www.myjobquote.co.uk/t/ts-roofing-services | https://www.myjobquote.co.uk/t/ts-roofing-services,myjobquote,1,
Radnikovs,,Fascias Soffits Cladding,,,4.68,0,,https://www.myjobquote.co.uk/t/radnikovs | https://www.myjobquote.co.uk/t/radnikovs,myjobquote,1,
Roofer,,Fascias Soffits Cladding,,,4.68,0,,https://www.myjobquote.co.uk/t/roofer-39 | https://www.myjobquote.co.uk/t/roofer-39,myjobquote,1,
1st fix roofing solutions Ltd,,Fascias Soffits Cladding,,,4.68,0,,https://www.myjobquote.co.uk/t/1st-fix-roofing-solutions-ltd | https://www.myjobquote.co.uk/t/1st-fix-roofing-solutions-ltd,myjobquote,1,
Skyline roofing & guttering,,Fascias Soffits Cladding,,,4.68,0,,https://www.myjobquote.co.uk/t/skyline-roofing-guttering | https://www.myjobquote.co.uk/t/skyline-roofing-guttering,myjobquote,1,
Universal home solutions,,Fascias Soffits Cladding,,,4.68,0,,https://www.myjobquote.co.uk/t/universal-home-solutions | https://www.myjobquote.co.uk/t/universal-home-solutions,myjobquote,1,
Aurel,,Fascias Soffits Cladding,,,4.68,0,,https://www.myjobquote.co.uk/t/aurel-4 | https://www.myjobquote.co.uk/t/aurel-4,myjobquote,1,
Aurel,,Fascias Soffits Cladding,,,4.68,0,,https://www.myjobquote.co.uk/t/crb-group-construction-roofing-building-ltd | https://www.myjobquote.co.uk/t/crb-group-construction-roofing-building-ltd,myjobquote,1,
Nostalgia construction group ltd,,Fascias Soffits Cladding,,,4.68,0,,https://www.myjobquote.co.uk/t/nostalgia-construction-group-ltd | https://www.myjobquote.co.uk/t/nostalgia-construction-group-ltd,myjobquote,1,
Healy Roofing & Leadwork Ltd,,Fascias Soffits Cladding,,,4.68,0,,https://www.myjobquote.co.uk/t/healy-roofing-leadwork-ltd | https://www.myjobquote.co.uk/t/healy-roofing-leadwork-ltd,myjobquote,1,
Hamiltonroofing&gutteringLTD,,Fascias Soffits Cladding,,,4.68,0,,https://www.myjobquote.co.uk/t/hamiltonroofinggutteringltd | https://www.myjobquote.co.uk/t/hamiltonroofinggutteringltd,myjobquote,1,
MattnificentRoofingServices,,Fascias Soffits Cladding,,,5,1,,https://www.myjobquote.co.uk/t/mattnificentroofingservices | https://www.myjobquote.co.uk/t/mattnificentroofingservices,myjobquote,1,
Homewise roofing,,Fascias Soffits Cladding,,,5,1,,https://www.myjobquote.co.uk/t/homewise-roofing | https://www.myjobquote.co.uk/t/homewise-roofing,myjobquote,1,
Homecare Home Improvements Ltd,,Fascias Soffits Cladding,,,5,1,,https://www.myjobquote.co.uk/t/homecare-home-improvements-ltd | https://www.myjobquote.co.uk/t/homecare-home-improvements-ltd,myjobquote,1,
Citywideroofingandguttering,,Fascias Soffits Cladding,,,4.68,0,,https://www.myjobquote.co.uk/t/citywideroofingandguttering-1 | https://www.myjobquote.co.uk/t/citywideroofingandguttering-1,myjobquote,1,
R&J Services,,Fascias Soffits Cladding,,,4.68,0,,https://www.myjobquote.co.uk/t/rj-services-7 | https://www.myjobquote.co.uk/t/rj-services-7,myjobquote,1,
Nostalgic roofing group,,Fascias Soffits Cladding,,,4.68,0,,https://www.myjobquote.co.uk/t/nostalgic-roofing-group | https://www.myjobquote.co.uk/t/nostalgic-roofing-group,myjobquote,1,
Nostalgic roofing group,,Fascias Soffits Cladding,,,4.68,0,,https://www.myjobquote.co.uk/t/dpateyroofing | https://www.myjobquote.co.uk/t/dpateyroofing,myjobquote,1,
K.Marney property maintenance,,Fascias Soffits Cladding,,,4.68,0,,https://www.myjobquote.co.uk/t/kmarney-property-maintenance | https://www.myjobquote.co.uk/t/kmarney-property-maintenance,myjobquote,1,
Community Renovations,,Fascias Soffits Cladding,,,4.68,0,,https://www.myjobquote.co.uk/t/community-renovations | https://www.myjobquote.co.uk/t/community-renovations,myjobquote,1,
Bestway roofing solutions,,Fascias Soffits Cladding,,,4.9,7,,https://www.myjobquote.co.uk/t/bestway-roofing-solutions | https://www.myjobquote.co.uk/t/bestway-roofing-solutions,myjobquote,1,
Allfix roofing and building Ltd,,Fascias Soffits Cladding,,,5,1,,https://www.myjobquote.co.uk/t/allfix-roofing-and-building-ltd | https://www.myjobquote.co.uk/t/allfix-roofing-and-building-ltd,myjobquote,1,
PB Building and Roofing Services,,Fascias Soffits Cladding,,,5,11,,https://www.myjobquote.co.uk/t/pb-building-and-roofing-services | https://www.myjobquote.co.uk/t/pb-building-and-roofing-services,myjobquote,1,
TCG SOUTH ROOFING,,Fascias Soffits Cladding,,,5,1,07418319110,https://www.myjobquote.co.uk/t/tcg-south-roofing | https://www.myjobquote.co.uk/t/tcg-south-roofing,myjobquote,1,
friend and sons builders,,Fascias Soffits Cladding,,,5,11,,https://www.myjobquote.co.uk/t/friend-and-sons-builders | https://www.myjobquote.co.uk/t/friend-and-sons-builders,myjobquote,1,
HM Roofing,,Fascias Soffits Cladding,,,5,2,,https://www.myjobquote.co.uk/t/hm-roofing-3 | https://www.myjobquote.co.uk/t/hm-roofing-3,myjobquote,1,
Will fix it homeimprovements,,Fascias Soffits Cladding,,,5,6,07418349214,https://www.myjobquote.co.uk/t/will-fix-it-homeimprovements | https://www.myjobquote.co.uk/t/will-fix-it-homeimprovements,myjobquote,1,
Pro roofing soloutions,,Fascias Soffits Cladding,,,5,3,,https://www.myjobquote.co.uk/t/pro-roofing-soloutions | https://www.myjobquote.co.uk/t/pro-roofing-soloutions,myjobquote,1,
Highsky roofing ltd,,Fascias Soffits Cladding,,,5,10,,https://www.myjobquote.co.uk/t/highsky-roofing-ltd | https://www.myjobquote.co.uk/t/highsky-roofing-ltd,myjobquote,1,
Vanguard roofcare Ltd,,Fascias Soffits Cladding,,,4,1,,https://www.myjobquote.co.uk/t/vanguard-roofcare-ltd | https://www.myjobquote.co.uk/t/vanguard-roofcare-ltd,myjobquote,1,
RL Roofing,,Fascias Soffits Cladding,,,5,1,,https://www.myjobquote.co.uk/t/rl-roofing-8 | https://www.myjobquote.co.uk/t/rl-roofing-8,myjobquote,1,
First choice roofing and paving,,Fascias Soffits Cladding,,,5,1,,https://www.myjobquote.co.uk/t/first-choice-roofing-and-paving | https://www.myjobquote.co.uk/t/first-choice-roofing-and-paving,myjobquote,1,
JS roofing,,Fascias Soffits Cladding,,,5,1,,https://www.myjobquote.co.uk/t/js-roofing-38 | https://www.myjobquote.co.uk/t/js-roofing-38,myjobquote,1,
Strong Hold Roofing,,Fascias Soffits Cladding,,,5,14,,https://www.myjobquote.co.uk/t/strong-hold-roofing | https://www.myjobquote.co.uk/t/strong-hold-roofing,myjobquote,1,
Revived Roofing,,Fascias Soffits Cladding,,,5,10,,https://www.myjobquote.co.uk/t/revived-roofing-1 | https://www.myjobquote.co.uk/t/revived-roofing-1,myjobquote,1,
D&J Roofing & Building,,Fascias Soffits Cladding,,,5,2,,https://www.myjobquote.co.uk/t/dj-roofing-building | https://www.myjobquote.co.uk/t/dj-roofing-building,myjobquote,1,
Albury roofing & property maintenance,,Fascias Soffits Cladding,,,5,1,,https://www.myjobquote.co.uk/t/albury-roofing-property-maintenance-1 | https://www.myjobquote.co.uk/t/albury-roofing-property-maintenance-1,myjobquote,1,
CGM buildin & roofing,,Fascias Soffits Cladding,,,5,4,,https://www.myjobquote.co.uk/t/cgm-buildin-roofing | https://www.myjobquote.co.uk/t/cgm-buildin-roofing,myjobquote,1,
chris&#039;s roofing and building service / soft touch cleaning,,Fascias Soffits Cladding,,,5,8,,https://www.myjobquote.co.uk/t/chriss-roofing-and-building-service-soft-touch-cleaning | https://www.myjobquote.co.uk/t/chriss-roofing-and-building-service-soft-touch-cleaning,myjobquote,1,
Pwa roofing,,Fascias Soffits Cladding,,,4,1,,https://www.myjobquote.co.uk/t/pwa-roofing | https://www.myjobquote.co.uk/t/pwa-roofing,myjobquote,1,
Sm Building and Roofing Specialist LTD,,Fascias Soffits Cladding,,,5,4,,https://www.myjobquote.co.uk/t/sm-building-and-roofing-specialist-ltd | https://www.myjobquote.co.uk/t/sm-building-and-roofing-specialist-ltd,myjobquote,1,
DC Roofing and Property Maintenance,,Fascias Soffits Cladding,,,5,2,,https://www.myjobquote.co.uk/t/dc-roofing-and-property-maintenance-2 | https://www.myjobquote.co.uk/t/dc-roofing-and-property-maintenance-2,myjobquote,1,
Banksys Roofing,,Fascias Soffits Cladding,,,5,2,,https://www.myjobquote.co.uk/t/banksys-roofing | https://www.myjobquote.co.uk/t/banksys-roofing,myjobquote,1,
Raja & Co Services Ltd,,Fascias Soffits Cladding,,,5,15,07441440067,https://www.myjobquote.co.uk/t/raja-co-services-ltd | https://www.myjobquote.co.uk/t/raja-co-services-ltd,myjobquote,1,
R&G roofing group,,Fascias Soffits Cladding,,,5,10,,https://www.myjobquote.co.uk/t/rg-roofing-group | https://www.myjobquote.co.uk/t/rg-roofing-group,myjobquote,1,
Redstar roofing,,Fascias Soffits Cladding,,,5,5,,https://www.myjobquote.co.uk/t/redstar-roofing | https://www.myjobquote.co.uk/t/redstar-roofing,myjobquote,1,
JP Building Services,,Fascias Soffits Cladding,,,4,1,,https://www.myjobquote.co.uk/t/jp-building-services-9 | https://www.myjobquote.co.uk/t/jp-building-services-9,myjobquote,1,
Highpoint roofing,,Fascias Soffits Cladding,,,5,2,,https://www.myjobquote.co.uk/t/highpoint-roofing | https://www.myjobquote.co.uk/t/highpoint-roofing,myjobquote,1,
Timberline roofing & building,,Fascias Soffits Cladding,,,5,2,,https://www.myjobquote.co.uk/t/timberline-roofing-building | https://www.myjobquote.co.uk/t/timberline-roofing-building,myjobquote,1,
Roof2Roof,,Fascias Soffits Cladding,,,5,21,,https://www.myjobquote.co.uk/t/roof2roof-2 | https://www.myjobquote.co.uk/t/roof2roof-2,myjobquote,1,
VanGuard Roofing solutions LTD,,Fascias Soffits Cladding,,,5,4,,https://www.myjobquote.co.uk/t/vanguard-roofing-solutions-ltd | https://www.myjobquote.co.uk/t/vanguard-roofing-solutions-ltd,myjobquote,1,
AJ roofing and property maintenance,,Fascias Soffits Cladding,,,5,8,,https://www.myjobquote.co.uk/t/aj-roofing-and-property-maintenance | https://www.myjobquote.co.uk/t/aj-roofing-and-property-maintenance,myjobquote,1,
Oakwood roofing,,Fascias Soffits Cladding,,,4.68,0,,https://www.myjobquote.co.uk/t/oakwood-roofing | https://www.myjobquote.co.uk/t/oakwood-roofing,myjobquote,1,
Armstrong and sons roofing and building Ltd,,Fascias Soffits Cladding,,,4.68,0,,https://www.myjobquote.co.uk/t/armstrong-and-sons-roofing-and-building-ltd | https://www.myjobquote.co.uk/t/armstrong-and-sons-roofing-and-building-ltd,myjobquote,1,
Jmc roofing group,,Fascias Soffits Cladding,,,4.68,0,,https://www.myjobquote.co.uk/t/jmc-roofing-group | https://www.myjobquote.co.uk/t/jmc-roofing-group,myjobquote,1,
R&R ROOFING,,Fascias Soffits Cladding,,,4.68,0,,https://www.myjobquote.co.uk/t/rr-roofing-15 | https://www.myjobquote.co.uk/t/rr-roofing-15,myjobquote,1,
Greenway Roofing Specialists Ltd,,Fascias Soffits Cladding,,,4.68,0,,https://www.myjobquote.co.uk/t/greenway-roofing-specialists-ltd | https://www.myjobquote.co.uk/t/greenway-roofing-specialists-ltd,myjobquote,1,
S.R.J. Roofing,,Fascias Soffits Cladding,,,4.68,0,,https://www.myjobquote.co.uk/t/srj-roofing | https://www.myjobquote.co.uk/t/srj-roofing,myjobquote,1,
Tom’s Gutter Cleaning,,Fascias Soffits Cladding,,,4.68,0,,https://www.myjobquote.co.uk/t/toms-gutter-cleaning | https://www.myjobquote.co.uk/t/toms-gutter-cleaning,myjobquote,1,
Mohammed,,Fascias Soffits Cladding,,,4.68,0,,https://www.myjobquote.co.uk/t/mohammed-30 | https://www.myjobquote.co.uk/t/mohammed-30,myjobquote,1,
Mohammed,,Fascias Soffits Cladding,,,4.68,0,,https://www.myjobquote.co.uk/t/pro-tile-roofing | https://www.myjobquote.co.uk/t/pro-tile-roofing,myjobquote,1,
JD Roofing,,Fascias Soffits Cladding,,,4.68,0,,https://www.myjobquote.co.uk/t/jd-roofing-17 | https://www.myjobquote.co.uk/t/jd-roofing-17,myjobquote,1,
JD Roofing,,Fascias Soffits Cladding,,,4.68,0,,https://www.myjobquote.co.uk/t/steve-125 | https://www.myjobquote.co.uk/t/steve-125,myjobquote,1,
Steve,,Fascias Soffits Cladding,,,4.68,0,,https://www.myjobquote.co.uk/t/broadley-speaking | https://www.myjobquote.co.uk/t/broadley-speaking,myjobquote,1,
A-aroofing,,Fascias Soffits Cladding,,,4.68,0,,https://www.myjobquote.co.uk/t/a-aroofing | https://www.myjobquote.co.uk/t/a-aroofing,myjobquote,1,
A-aroofing,,Fascias Soffits Cladding,,,4.68,0,,https://www.myjobquote.co.uk/t/1st-direct-roofing-solutions | https://www.myjobquote.co.uk/t/1st-direct-roofing-solutions,myjobquote,1,
1st direct roofing Solutions,,Fascias Soffits Cladding,,,4.68,0,,https://www.myjobquote.co.uk/t/daws-roofing | https://www.myjobquote.co.uk/t/daws-roofing,myjobquote,1,
A Star Roofing Solutions,,Fascias Soffits Cladding,,,4.68,0,,https://www.myjobquote.co.uk/t/a-star-roofing-solutions | https://www.myjobquote.co.uk/t/a-star-roofing-solutions,myjobquote,1,
A Star Roofing Solutions,,Fascias Soffits Cladding,,,4.68,0,,https://www.myjobquote.co.uk/t/roofwizards-ltd | https://www.myjobquote.co.uk/t/roofwizards-ltd,myjobquote,1,
JCRoofing and lofts ltd,,Fascias Soffits Cladding,,,4.68,0,,https://www.myjobquote.co.uk/t/jcroofing-and-lofts-ltd | https://www.myjobquote.co.uk/t/jcroofing-and-lofts-ltd,myjobquote,1,
Renew roofing,,Fascias Soffits Cladding,,,5,2,,https://www.myjobquote.co.uk/t/renew-roofing-1 | https://www.myjobquote.co.uk/t/renew-roofing-1,myjobquote,1,
Flow right,,Fascias Soffits Cladding,,,5,3,07451261274,https://www.myjobquote.co.uk/t/flow-right-2 | https://www.myjobquote.co.uk/t/flow-right-2,myjobquote,1,
Ajelliott,,Fascias Soffits Cladding,,,5,1,,https://www.myjobquote.co.uk/t/ajelliott | https://www.myjobquote.co.uk/t/ajelliott,myjobquote,1,
Diamond roofing,,Fascias Soffits Cladding,,,5,4,,https://www.myjobquote.co.uk/t/diamond-roofing-17 | https://www.myjobquote.co.uk/t/diamond-roofing-17,myjobquote,1,
platinum roofing,,Fascias Soffits Cladding,,,5,2,,https://www.myjobquote.co.uk/t/platinum-roofing-8 | https://www.myjobquote.co.uk/t/platinum-roofing-8,myjobquote,1,
Mastertrade roofing and building ltd,,Fascias Soffits Cladding,,,5,2,,https://www.myjobquote.co.uk/t/mastertrade-roofing-and-building-ltd | https://www.myjobquote.co.uk/t/mastertrade-roofing-and-building-ltd,myjobquote,1,
Abstract roofing contractors,,Fascias Soffits Cladding,,,5,1,,https://www.myjobquote.co.uk/t/abstract-roofing-contractors | https://www.myjobquote.co.uk/t/abstract-roofing-contractors,myjobquote,1,
Haki Roofing,,Fascias Soffits Cladding,,,5,1,,https://www.myjobquote.co.uk/t/haki-roofing | https://www.myjobquote.co.uk/t/haki-roofing,myjobquote,1,
SB ROOFING,,Fascias Soffits Cladding,,,5,1,,https://www.myjobquote.co.uk/t/sb-roofing-7 | https://www.myjobquote.co.uk/t/sb-roofing-7,myjobquote,1,
j.jamesroofingltd,,Fascias Soffits Cladding,,,5,2,07451282594,https://www.myjobquote.co.uk/t/jjamesroofingltd | https://www.myjobquote.co.uk/t/jjamesroofingltd,myjobquote,1,
Quality Roofing and Guttering Ltd,,Fascias Soffits Cladding,,,5,2,,https://www.myjobquote.co.uk/t/quality-roofing-and-guttering-ltd | https://www.myjobquote.co.uk/t/quality-roofing-and-guttering-ltd,myjobquote,1,
Waypost roofing,,Fascias Soffits Cladding,,,5,1,,https://www.myjobquote.co.uk/t/waypost-roofing | https://www.myjobquote.co.uk/t/waypost-roofing,myjobquote,1,
Thornton Roofing and Building Services,,Fascias Soffits Cladding,,,5,1,,https://www.myjobquote.co.uk/t/thornton-roofing-and-building-services | https://www.myjobquote.co.uk/t/thornton-roofing-and-building-services,myjobquote,1,
JS Roofing Services,,Fascias Soffits Cladding,,,5,5,07418369179,https://www.myjobquote.co.uk/t/js-roofing-services-9 | https://www.myjobquote.co.uk/t/js-roofing-services-9,myjobquote,1,
RM Roofing&Guttering,,Fascias Soffits Cladding,,,5,2,,https://www.myjobquote.co.uk/t/rm-roofingguttering | https://www.myjobquote.co.uk/t/rm-roofingguttering,myjobquote,1,
E&E ROOFING LTD,,Fascias Soffits Cladding,,,5,2,,https://www.myjobquote.co.uk/t/ee-roofing-ltd | https://www.myjobquote.co.uk/t/ee-roofing-ltd,myjobquote,1,
Master Roofing,,Fascias Soffits Cladding,,,5,1,,https://www.myjobquote.co.uk/t/master-roofing-1 | https://www.myjobquote.co.uk/t/master-roofing-1,myjobquote,1,
Easy property solutions (south east Ltd ),,Fascias Soffits Cladding,,,5,15,,https://www.myjobquote.co.uk/t/easy-property-solutions-south-east-ltd | https://www.myjobquote.co.uk/t/easy-property-solutions-south-east-ltd,myjobquote,1,
KGR Pro Roofing,,Fascias Soffits Cladding,,,5,4,,https://www.myjobquote.co.uk/t/kgr-pro-roofing | https://www.myjobquote.co.uk/t/kgr-pro-roofing,myjobquote,1,
ELITE CONTRACTORS,,Fascias Soffits Cladding,,,4,1,,https://www.myjobquote.co.uk/t/elite-contractors-3 | https://www.myjobquote.co.uk/t/elite-contractors-3,myjobquote,1,
Hightec roofing and landscaping services LTD,,Fascias Soffits Cladding,,,5,1,,https://www.myjobquote.co.uk/t/hightec-roofing-and-landscaping-services-ltd | https://www.myjobquote.co.uk/t/hightec-roofing-and-landscaping-services-ltd,myjobquote,1,
Roof surge group Ltd,,Fascias Soffits Cladding,,,5,1,,https://www.myjobquote.co.uk/t/roof-surge-group-ltd | https://www.myjobquote.co.uk/t/roof-surge-group-ltd,myjobquote,1,
Mjharman Painter and Decorators,,Fascias Soffits Cladding,,,5,8,07451277285,https://www.myjobquote.co.uk/t/mjharman-painter-and-decorators | https://www.myjobquote.co.uk/t/mjharman-painter-and-decorators,myjobquote,1,
First choice property maintenance,,Fascias Soffits Cladding,,,4,4,,https://www.myjobquote.co.uk/t/first-choice-property-maintenance-4 | https://www.myjobquote.co.uk/t/first-choice-property-maintenance-4,myjobquote,1,
Mayfair Property Solutions LTD,,Fascias Soffits Cladding,,,5,1,,https://www.myjobquote.co.uk/t/mayfair-property-solutions-ltd | https://www.myjobquote.co.uk/t/mayfair-property-solutions-ltd,myjobquote,1,
S.C roofing,,Fascias Soffits Cladding,,,4,2,,https://www.myjobquote.co.uk/t/sc-roofing-5 | https://www.myjobquote.co.uk/t/sc-roofing-5,myjobquote,1,
North London roofing,,Fascias Soffits Cladding,,,5,3,07418373788,https://www.myjobquote.co.uk/t/north-london-roofing | https://www.myjobquote.co.uk/t/north-london-roofing,myjobquote,1,
AC ROOFING & BUILDING LTD,,Fascias Soffits Cladding,,,5,1,,https://www.myjobquote.co.uk/t/ac-roofing-building-ltd | https://www.myjobquote.co.uk/t/ac-roofing-building-ltd,myjobquote,1,
A1 ROOFING SERVICE AND UPVC,,Fascias Soffits Cladding,,,5,3,,https://www.myjobquote.co.uk/t/a1-roofing-service-and-upvc | https://www.myjobquote.co.uk/t/a1-roofing-service-and-upvc,myjobquote,1,
TE property maintenance,,Fascias Soffits Cladding,,,5,1,,https://www.myjobquote.co.uk/t/te-property-maintenance | https://www.myjobquote.co.uk/t/te-property-maintenance,myjobquote,1,
SkyLine RoofCare,,Fascias Soffits Cladding,,,4,2,,https://www.myjobquote.co.uk/t/skyline-roofcare | https://www.myjobquote.co.uk/t/skyline-roofcare,myjobquote,1,
KRA roofing and property maintenance service,,Fascias Soffits Cladding,,,4,26,,https://www.myjobquote.co.uk/t/kra-roofing-and-property-maintenance-service | https://www.myjobquote.co.uk/t/kra-roofing-and-property-maintenance-service,myjobquote,1,
Supreme O Roofing Ltd,,Fascias Soffits Cladding,,,5,1,07418317156,https://www.myjobquote.co.uk/t/supreme-o-roofing-ltd | https://www.myjobquote.co.uk/t/supreme-o-roofing-ltd,myjobquote,1,
TC home improvements,,Fascias Soffits Cladding,,,5,5,,https://www.myjobquote.co.uk/t/tc-home-improvements-3 | https://www.myjobquote.co.uk/t/tc-home-improvements-3,myjobquote,1,
Safe Shield Building & Roofing Contractors LTD,,Fascias Soffits Cladding,,,5,1,,https://www.myjobquote.co.uk/t/safe-shield-building-roofing-contractors-ltd | https://www.myjobquote.co.uk/t/safe-shield-building-roofing-contractors-ltd,myjobquote,1,
CRYSTOFOR TRADING LIMITED,,Fascias Soffits Cladding,,,5,2,07418365405,https://www.myjobquote.co.uk/t/crystofor-trading-limited | https://www.myjobquote.co.uk/t/crystofor-trading-limited,myjobquote,1,
P&Co Roofing Ltd,,Fascias Soffits Cladding,,,4,1,,https://www.myjobquote.co.uk/t/pco-roofing-ltd | https://www.myjobquote.co.uk/t/pco-roofing-ltd,myjobquote,1,
One Call Property Group,,Fascias Soffits Cladding,,,4.9,10,,https://www.myjobquote.co.uk/t/one-call-property-group | https://www.myjobquote.co.uk/t/one-call-property-group,myjobquote,1,
Elite property maintenance,,Fascias Soffits Cladding,,,5,13,07418369794,https://www.myjobquote.co.uk/t/elite-property-maintenance-15 | https://www.myjobquote.co.uk/t/elite-property-maintenance-15,myjobquote,1,
Kray Building & Roofing specialist,,Fascias Soffits Cladding,,,5,4,,https://www.myjobquote.co.uk/t/kray-building-roofing-specialist | https://www.myjobquote.co.uk/t/kray-building-roofing-specialist,myjobquote,1,
Rafter Roofing,,Fascias Soffits Cladding,,,4.68,0,,https://www.myjobquote.co.uk/t/rafter-roofing | https://www.myjobquote.co.uk/t/rafter-roofing,myjobquote,1,
Rafter Roofing,,Fascias Soffits Cladding,,,4.68,0,,https://www.myjobquote.co.uk/t/clifton-roofing | https://www.myjobquote.co.uk/t/clifton-roofing,myjobquote,1,
Clifton Roofing,,Fascias Soffits Cladding,,,4,1,,https://www.myjobquote.co.uk/t/sd-roofing-sw | https://www.myjobquote.co.uk/t/sd-roofing-sw,myjobquote,1,
LJ roofing and building,,Fascias Soffits Cladding,,,4,3,,https://www.myjobquote.co.uk/t/lj-roofing-and-building-1 | https://www.myjobquote.co.uk/t/lj-roofing-and-building-1,myjobquote,1,
Ashtons finishing touches,,Fascias Soffits Cladding,,,5,31,,https://www.myjobquote.co.uk/t/ashtons-finishing-touches-1 | https://www.myjobquote.co.uk/t/ashtons-finishing-touches-1,myjobquote,1,
Mc roofing & landscapes,,Fascias Soffits Cladding,,,5,8,,https://www.myjobquote.co.uk/t/mc-roofing-landscapes | https://www.myjobquote.co.uk/t/mc-roofing-landscapes,myjobquote,1,
A&t landscaping,,Fascias Soffits Cladding,,,5,2,07418372856,https://www.myjobquote.co.uk/t/at-landscaping-1 | https://www.myjobquote.co.uk/t/at-landscaping-1,myjobquote,1,
AGL HOME IMPROVEMENTS,,Fascias Soffits Cladding,,,5,3,,https://www.myjobquote.co.uk/t/agl-home-improvements | https://www.myjobquote.co.uk/t/agl-home-improvements,myjobquote,1,
Advanced Roofing,,Fascias Soffits Cladding,,,4,1,,https://www.myjobquote.co.uk/t/advanced-roofing-11 | https://www.myjobquote.co.uk/t/advanced-roofing-11,myjobquote,1,
Constructiv. Roofing and Building services.,,Fascias Soffits Cladding,,,5,14,,https://www.myjobquote.co.uk/t/constructiv-roofing-and-building-services | https://www.myjobquote.co.uk/t/constructiv-roofing-and-building-services,myjobquote,1,
Solid rock roofing and building,,Fascias Soffits Cladding,,,5,2,,https://www.myjobquote.co.uk/t/solid-rock-roofing-and-building | https://www.myjobquote.co.uk/t/solid-rock-roofing-and-building,myjobquote,1,
Baldwin carpentry,,Fascias Soffits Cladding,,,5,1,,https://www.myjobquote.co.uk/t/baldwin-carpentry | https://www.myjobquote.co.uk/t/baldwin-carpentry,myjobquote,1,
Sigma roofing,,Fascias Soffits Cladding,,,5,2,,https://www.myjobquote.co.uk/t/sigma-roofing | https://www.myjobquote.co.uk/t/sigma-roofing,myjobquote,1,
PJS Property Solutions,,Fascias Soffits Cladding,,,4,6,,https://www.myjobquote.co.uk/t/pjs-property-solutions | https://www.myjobquote.co.uk/t/pjs-property-solutions,myjobquote,1,
A & A Servicing,,Fascias Soffits Cladding,,,4.68,0,,https://www.myjobquote.co.uk/t/a-a-servicing | https://www.myjobquote.co.uk/t/a-a-servicing,myjobquote,1,
Traditional Roofing&Building,,Fascias Soffits Cladding,,,4.68,0,,https://www.myjobquote.co.uk/t/traditional-roofingbuilding | https://www.myjobquote.co.uk/t/traditional-roofingbuilding,myjobquote,1,
ZMJ Roofing,,Fascias Soffits Cladding,,,4.68,0,,https://www.myjobquote.co.uk/t/zmj-roofing | https://www.myjobquote.co.uk/t/zmj-roofing,myjobquote,1,
JT Roofing,,Fascias Soffits Cladding,,,5,3,,https://www.myjobquote.co.uk/t/jt-roofing-14 | https://www.myjobquote.co.uk/t/jt-roofing-14,myjobquote,1,
Roofing Co,,Fascias Soffits Cladding,,,5,12,07418361028,https://www.myjobquote.co.uk/t/roofing-co-2 | https://www.myjobquote.co.uk/t/roofing-co-2,myjobquote,1,
SouthStar Roofing LTD,,Fascias Soffits Cladding,,,5,3,,https://www.myjobquote.co.uk/t/southstar-roofing-ltd | https://www.myjobquote.co.uk/t/southstar-roofing-ltd,myjobquote,1,
Js roofing,,Fascias Soffits Cladding,,,4,2,,https://www.myjobquote.co.uk/t/js-roofing-27 | https://www.myjobquote.co.uk/t/js-roofing-27,myjobquote,1,
Resistant roofing.,,Fascias Soffits Cladding,,,5,1,,https://www.myjobquote.co.uk/t/resistant-roofing | https://www.myjobquote.co.uk/t/resistant-roofing,myjobquote,1,
Rutherford Roofing,,Fascias Soffits Cladding,,,5,3,,https://www.myjobquote.co.uk/t/rutherford-roofing | https://www.myjobquote.co.uk/t/rutherford-roofing,myjobquote,1,
Acp home improvements,,Fascias Soffits Cladding,,,5,4,07418364774,https://www.myjobquote.co.uk/t/acp-home-improvements | https://www.myjobquote.co.uk/t/acp-home-improvements,myjobquote,1,
DHL Developments Ltd,,Fascias Soffits Cladding,,,4,5,,https://www.myjobquote.co.uk/t/dhl-developments-ltd | https://www.myjobquote.co.uk/t/dhl-developments-ltd,myjobquote,1,
Gentle wash,,Fascias Soffits Cladding,,,5,2,,https://www.myjobquote.co.uk/t/gentle-wash | https://www.myjobquote.co.uk/t/gentle-wash,myjobquote,1,
Apm services,,Fascias Soffits Cladding,,,5,3,,https://www.myjobquote.co.uk/t/apm-services-5 | https://www.myjobquote.co.uk/t/apm-services-5,myjobquote,1,
Pro-tech roofing&Building limited,,Fascias Soffits Cladding,,,5,1,,https://www.myjobquote.co.uk/t/pro-tech-roofingbuilding-limited | https://www.myjobquote.co.uk/t/pro-tech-roofingbuilding-limited,myjobquote,1,
b1 plastering,,Fascias Soffits Cladding,,,5,3,,https://www.myjobquote.co.uk/t/b1-plastering-1 | https://www.myjobquote.co.uk/t/b1-plastering-1,myjobquote,1,
MG Pro care,,Fascias Soffits Cladding,,,5,1,,https://www.myjobquote.co.uk/t/mg-pro-care | https://www.myjobquote.co.uk/t/mg-pro-care,myjobquote,1,
Riley D Roofing ltd,,Fascias Soffits Cladding,,,4,1,,https://www.myjobquote.co.uk/t/riley-d-roofing-ltd | https://www.myjobquote.co.uk/t/riley-d-roofing-ltd,myjobquote,1,
Everbest Roofing & Building,,Fascias Soffits Cladding,,,5,1,,https://www.myjobquote.co.uk/t/everbest-roofing-building | https://www.myjobquote.co.uk/t/everbest-roofing-building,myjobquote,1,
Classic home improvements,,Fascias Soffits Cladding,,,5,3,,https://www.myjobquote.co.uk/t/classic-home-improvements-1 | https://www.myjobquote.co.uk/t/classic-home-improvements-1,myjobquote,1,
Regency Group,,Fascias Soffits Cladding,,,5,3,,https://www.myjobquote.co.uk/t/regency-group | https://www.myjobquote.co.uk/t/regency-group,myjobquote,1,
Capital roofing and landscapes Ltd,,Fascias Soffits Cladding,,,5,2,,https://www.myjobquote.co.uk/t/capital-roofing-and-landscapes-ltd | https://www.myjobquote.co.uk/t/capital-roofing-and-landscapes-ltd,myjobquote,1,
Stone House Brother Ltd,,Fascias Soffits Cladding,,,4,1,,https://www.myjobquote.co.uk/t/stone-house-brother-ltd | https://www.myjobquote.co.uk/t/stone-house-brother-ltd,myjobquote,1,
Ak2 roofing,,Fascias Soffits Cladding,,,5,7,,https://www.myjobquote.co.uk/t/ak2-roofing-1 | https://www.myjobquote.co.uk/t/ak2-roofing-1,myjobquote,1,
Green Roofing (Bristol),,Fascias Soffits Cladding,,,5,1,,https://www.myjobquote.co.uk/t/green-roofing-bristol | https://www.myjobquote.co.uk/t/green-roofing-bristol,myjobquote,1,
Patina Roofing Services,,Fascias Soffits Cladding,,,5,17,,https://www.myjobquote.co.uk/t/patina-roofing-services | https://www.myjobquote.co.uk/t/patina-roofing-services,myjobquote,1,
Alby property maintenance,,Fascias Soffits Cladding,,,4,4,,https://www.myjobquote.co.uk/t/alby-property-maintenance | https://www.myjobquote.co.uk/t/alby-property-maintenance,myjobquote,1,
K clad industrial roofing and cladding,,Fascias Soffits Cladding,,,5,6,,https://www.myjobquote.co.uk/t/k-clad-industrial-roofing-and-cladding | https://www.myjobquote.co.uk/t/k-clad-industrial-roofing-and-cladding,myjobquote,1,
Future Roofing,,Fascias Soffits Cladding,,,5,31,07418372495,https://www.myjobquote.co.uk/t/future-roofing-1 | https://www.myjobquote.co.uk/t/future-roofing-1,myjobquote,1,
R E General Builders,,Fascias Soffits Cladding,,,4.5,16,,https://www.myjobquote.co.uk/t/r-e-general-builders | https://www.myjobquote.co.uk/t/r-e-general-builders,myjobquote,1,
Rapid Roofing and Driveways Ltd Roofing and Driveways specialist,,Fascias Soffits Cladding,,,5,1,,https://www.myjobquote.co.uk/t/rapid-roofing-and-driveways-ltd-roofing-and-driveways-specialist | https://www.myjobquote.co.uk/t/rapid-roofing-and-driveways-ltd-roofing-and-driveways-specialist,myjobquote,1,
GB property services,,Fascias Soffits Cladding,,,5,2,,https://www.myjobquote.co.uk/t/gb-property-services-2 | https://www.myjobquote.co.uk/t/gb-property-services-2,myjobquote,1,
Roofing,,Fascias Soffits Cladding,,,5,8,,https://www.myjobquote.co.uk/t/roofing-71 | https://www.myjobquote.co.uk/t/roofing-71,myjobquote,1,
Riversideroofing,,Fascias Soffits Cladding,,,5,4,,https://www.myjobquote.co.uk/t/riversideroofing | https://www.myjobquote.co.uk/t/riversideroofing,myjobquote,1,
TNT Roofing,,Fascias Soffits Cladding,,,4.9,8,,https://www.myjobquote.co.uk/t/tnt-roofing-2 | https://www.myjobquote.co.uk/t/tnt-roofing-2,myjobquote,1,
Pro Build,,Fascias Soffits Cladding,,,4.6,8,,https://www.myjobquote.co.uk/t/pro-build-6 | https://www.myjobquote.co.uk/t/pro-build-6,myjobquote,1,
Glppp,,Fascias Soffits Cladding,,,4.7,3,,https://www.myjobquote.co.uk/t/glppp | https://www.myjobquote.co.uk/t/glppp,myjobquote,1,
RRBS (Royal roofing and building Services),,Fascias Soffits Cladding,,,4.9,15,07451260541,https://www.myjobquote.co.uk/t/rrbs-royal-roofing-and-building-services | https://www.myjobquote.co.uk/t/rrbs-royal-roofing-and-building-services,myjobquote,1,
TPS Roofing and Maintenance,,Fascias Soffits Cladding,,,4.8,32,07418365448,https://www.myjobquote.co.uk/t/tps-roofing-and-maintenance | https://www.myjobquote.co.uk/t/tps-roofing-and-maintenance,myjobquote,1,
Approved Roofing Southwest Ltd,,Fascias Soffits Cladding,,,5,5,,https://www.myjobquote.co.uk/t/approved-roofing-southwest-ltd | https://www.myjobquote.co.uk/t/approved-roofing-southwest-ltd,myjobquote,1,
Eco roofing,,Fascias Soffits Cladding,,,5,1,,https://www.myjobquote.co.uk/t/eco-roofing-5 | https://www.myjobquote.co.uk/t/eco-roofing-5,myjobquote,1,
Roofgaurd,,Fascias Soffits Cladding,,,4,3,,https://www.myjobquote.co.uk/t/roofgaurd | https://www.myjobquote.co.uk/t/roofgaurd,myjobquote,1,
JS Property maintenance,,Fascias Soffits Cladding,,,5,1,,https://www.myjobquote.co.uk/t/js-property-maintenance-6 | https://www.myjobquote.co.uk/t/js-property-maintenance-6,myjobquote,1,
R.S.M Roofing Bristol,,Fascias Soffits Cladding,,,4,1,,https://www.myjobquote.co.uk/t/rsm-roofing-bristol | https://www.myjobquote.co.uk/t/rsm-roofing-bristol,myjobquote,1,
Workman Roofing / Building Maintenance,,Fascias Soffits Cladding,,,5,4,,https://www.myjobquote.co.uk/t/workman-roofing-building-maintenance | https://www.myjobquote.co.uk/t/workman-roofing-building-maintenance,myjobquote,1,
MRC Roofing,,Fascias Soffits Cladding,,,4,1,,https://www.myjobquote.co.uk/t/mrc-roofing | https://www.myjobquote.co.uk/t/mrc-roofing,myjobquote,1,
Fortify Roofing,,Fascias Soffits Cladding,,,4.68,0,,https://www.myjobquote.co.uk/t/fortify-roofing | https://www.myjobquote.co.uk/t/fortify-roofing,myjobquote,1,
Mondo’s roofing services,,Fascias Soffits Cladding,,,4.68,0,,https://www.myjobquote.co.uk/t/mondos-roofing-services | https://www.myjobquote.co.uk/t/mondos-roofing-services,myjobquote,1,
Roof&build property maintenance,,Fascias Soffits Cladding,,,4.68,0,,https://www.myjobquote.co.uk/t/roofbuild-property-maintenance | https://www.myjobquote.co.uk/t/roofbuild-property-maintenance,myjobquote,1,
Master Roofing & Cleaning Services,,Fascias Soffits Cladding,,,4.68,0,,https://www.myjobquote.co.uk/t/master-roofing-cleaning-services | https://www.myjobquote.co.uk/t/master-roofing-cleaning-services,myjobquote,1,
PJ&SONS roofing,,Fascias Soffits Cladding,,,4.68,0,,https://www.myjobquote.co.uk/t/pjsons-roofing | https://www.myjobquote.co.uk/t/pjsons-roofing,myjobquote,1,
SBR LTD,,Fascias Soffits Cladding,,,4.68,0,,https://www.myjobquote.co.uk/t/sbr-ltd | https://www.myjobquote.co.uk/t/sbr-ltd,myjobquote,1,
SBR LTD,,Fascias Soffits Cladding,,,4.68,0,,https://www.myjobquote.co.uk/t/capital-roofing-2 | https://www.myjobquote.co.uk/t/capital-roofing-2,myjobquote,1,
LGB Roofing,,Fascias Soffits Cladding,,,4.68,0,,https://www.myjobquote.co.uk/t/lgb-roofing | https://www.myjobquote.co.uk/t/lgb-roofing,myjobquote,1,
Trident roofing,,Fascias Soffits Cladding,,,4.68,0,,https://www.myjobquote.co.uk/t/trident-roofing | https://www.myjobquote.co.uk/t/trident-roofing,myjobquote,1,
Casey&#039;s roofing&building ltd,,Fascias Soffits Cladding,,,4.68,0,,https://www.myjobquote.co.uk/t/caseys-roofingbuilding-ltd | https://www.myjobquote.co.uk/t/caseys-roofingbuilding-ltd,myjobquote,1,
KGP ROOFING,,Fascias Soffits Cladding,,,4.68,0,,https://www.myjobquote.co.uk/t/kgp-roofing | https://www.myjobquote.co.uk/t/kgp-roofing,myjobquote,1,
Skyline home improvements,,Fascias Soffits Cladding,,,4.68,0,,https://www.myjobquote.co.uk/t/skyline-home-improvements-2 | https://www.myjobquote.co.uk/t/skyline-home-improvements-2,myjobquote,1,
JC Roofing and Carpentry,,Fascias Soffits Cladding,,,4.68,0,,https://www.myjobquote.co.uk/t/jc-roofing-and-carpentry | https://www.myjobquote.co.uk/t/jc-roofing-and-carpentry,myjobquote,1,
Phoenix Roofing Southwest,,Fascias Soffits Cladding,,,4.68,0,,https://www.myjobquote.co.uk/t/phoenix-roofing-southwest | https://www.myjobquote.co.uk/t/phoenix-roofing-southwest,myjobquote,1,
Phoenix Roofing Southwest,,Fascias Soffits Cladding,,,4.68,0,,https://www.myjobquote.co.uk/t/chapman-roofing-ltd | https://www.myjobquote.co.uk/t/chapman-roofing-ltd,myjobquote,1,
Emergency roofng and guttering,,Fascias Soffits Cladding,,,4.68,0,,https://www.myjobquote.co.uk/t/emergency-roofng-and-guttering | https://www.myjobquote.co.uk/t/emergency-roofng-and-guttering,myjobquote,1,
Complete home maintenance,,Fascias Soffits Cladding,,,4.68,0,,https://www.myjobquote.co.uk/t/complete-home-maintenance | https://www.myjobquote.co.uk/t/complete-home-maintenance,myjobquote,1,
Jcr homemaintenance,,Fascias Soffits Cladding,,,4.68,0,,https://www.myjobquote.co.uk/t/jcr-homemaintenance | https://www.myjobquote.co.uk/t/jcr-homemaintenance,myjobquote,1,
Jjb roofing and construction,,Fascias Soffits Cladding,,,4.68,0,,https://www.myjobquote.co.uk/t/jjb-roofing-and-construction | https://www.myjobquote.co.uk/t/jjb-roofing-and-construction,myjobquote,1,
Lee wilson,,Fascias Soffits Cladding,,,4.68,0,,https://www.myjobquote.co.uk/t/lee-wilson-1 | https://www.myjobquote.co.uk/t/lee-wilson-1,myjobquote,1,
Lee wilson,,Fascias Soffits Cladding,,,4.68,0,,https://www.myjobquote.co.uk/t/smartway-roofing | https://www.myjobquote.co.uk/t/smartway-roofing,myjobquote,1,
AandT property,,Fascias Soffits Cladding,,,4.68,0,,https://www.myjobquote.co.uk/t/aandt-property | https://www.myjobquote.co.uk/t/aandt-property,myjobquote,1,
Handy man,,Fascias Soffits Cladding,,,4.68,0,,https://www.myjobquote.co.uk/t/handy-man-81 | https://www.myjobquote.co.uk/t/handy-man-81,myjobquote,1,
Ridgeways roofing,,Fascias Soffits Cladding,,,4.68,0,,https://www.myjobquote.co.uk/t/ridgeways-roofing | https://www.myjobquote.co.uk/t/ridgeways-roofing,myjobquote,1,
Brunel roofing and property services,,Fascias Soffits Cladding,,,4.68,0,,https://www.myjobquote.co.uk/t/brunel-roofing-and-property-services | https://www.myjobquote.co.uk/t/brunel-roofing-and-property-services,myjobquote,1,
JD Roofing,,Fascias Soffits Cladding,,,4.68,0,,https://www.myjobquote.co.uk/t/jd-roofing-20 | https://www.myjobquote.co.uk/t/jd-roofing-20,myjobquote,1,
JD Roofing,,Fascias Soffits Cladding,,,4.68,0,,https://www.myjobquote.co.uk/t/dynamic-roofing-and-building-ltd | https://www.myjobquote.co.uk/t/dynamic-roofing-and-building-ltd,myjobquote,1,
Monarch roofing Bristol,,Fascias Soffits Cladding,,,4.68,0,,https://www.myjobquote.co.uk/t/monarch-roofing-bristol | https://www.myjobquote.co.uk/t/monarch-roofing-bristol,myjobquote,1,
Cjs Roofing Bristol ltd,,Fascias Soffits Cladding,,,4.68,0,,https://www.myjobquote.co.uk/t/cjs-roofing-bristol-ltd | https://www.myjobquote.co.uk/t/cjs-roofing-bristol-ltd,myjobquote,1,
Avon building and roofing,,Fascias Soffits Cladding,,,4.68,0,,https://www.myjobquote.co.uk/t/avon-building-and-roofing-1 | https://www.myjobquote.co.uk/t/avon-building-and-roofing-1,myjobquote,1,
Walsh And Son Roofing contractors,,Fascias Soffits Cladding,,,4.68,0,,https://www.myjobquote.co.uk/t/walsh-and-son-roofing-contractors | https://www.myjobquote.co.uk/t/walsh-and-son-roofing-contractors,myjobquote,1,
Mick&#039;s roofing maintenance and waste clearance,,Fascias Soffits Cladding,,,4.68,0,,https://www.myjobquote.co.uk/t/micks-roofing-maintenance-and-waste-clearance | https://www.myjobquote.co.uk/t/micks-roofing-maintenance-and-waste-clearance,myjobquote,1,
Stormshield roofing,,Fascias Soffits Cladding,,,4.68,0,,https://www.myjobquote.co.uk/t/stormshield-roofing-2 | https://www.myjobquote.co.uk/t/stormshield-roofing-2,myjobquote,1,
Roof Right UK,,Fascias Soffits Cladding,,,3,1,,https://www.myjobquote.co.uk/t/roof-right-uk-3 | https://www.myjobquote.co.uk/t/roof-right-uk-3,myjobquote,1,
Alpha Roofing Solutions Bristol,,Fascias Soffits Cladding,,,4.68,0,,https://www.myjobquote.co.uk/t/alpha-roofing-solutions-bristol | https://www.myjobquote.co.uk/t/alpha-roofing-solutions-bristol,myjobquote,1,
Just roofs bristol,,Fascias Soffits Cladding,,,4.68,0,,https://www.myjobquote.co.uk/t/just-roofs-bristol | https://www.myjobquote.co.uk/t/just-roofs-bristol,myjobquote,1,
Topfix Roofing specialist,,Fascias Soffits Cladding,,,4.68,0,,https://www.myjobquote.co.uk/t/topfix-roofing-specialist | https://www.myjobquote.co.uk/t/topfix-roofing-specialist,myjobquote,1,
Right Choice Roofing & Building,,Fascias Soffits Cladding,,,5,1,,https://www.myjobquote.co.uk/t/right-choice-roofing-building-1 | https://www.myjobquote.co.uk/t/right-choice-roofing-building-1,myjobquote,1,
Apw roofing and roughcasting ltd,,Fascias Soffits Cladding,,,5,3,,https://www.myjobquote.co.uk/t/apw-roofing-and-roughcasting-ltd | https://www.myjobquote.co.uk/t/apw-roofing-and-roughcasting-ltd,myjobquote,1,
Emergancy roofing services,,Fascias Soffits Cladding,,,5,3,,https://www.myjobquote.co.uk/t/emergancy-roofing-services | https://www.myjobquote.co.uk/t/emergancy-roofing-services,myjobquote,1,
Accurate Roofing & Property Care,,Fascias Soffits Cladding,,,5,2,,https://www.myjobquote.co.uk/t/accurate-roofing-property-care | https://www.myjobquote.co.uk/t/accurate-roofing-property-care,myjobquote,1,
Edinburgh property care,,Fascias Soffits Cladding,,,5,21,,https://www.myjobquote.co.uk/t/edinburgh-property-care | https://www.myjobquote.co.uk/t/edinburgh-property-care,myjobquote,1,
CJU Roofing Specialists,,Fascias Soffits Cladding,,,5,5,,https://www.myjobquote.co.uk/t/cju-roofing-specialists | https://www.myjobquote.co.uk/t/cju-roofing-specialists,myjobquote,1,
Revive roofing painting & property maintenance,,Fascias Soffits Cladding,,,5,1,,https://www.myjobquote.co.uk/t/revive-roofing-painting-property-maintenance | https://www.myjobquote.co.uk/t/revive-roofing-painting-property-maintenance,myjobquote,1,
Mcmillan roofing and building,,Fascias Soffits Cladding,,,4,1,,https://www.myjobquote.co.uk/t/mcmillan-roofing-and-building | https://www.myjobquote.co.uk/t/mcmillan-roofing-and-building,myjobquote,1,
Talented Tradesmen,,Fascias Soffits Cladding,,,4.9,7,,https://www.myjobquote.co.uk/t/talented-tradesmen | https://www.myjobquote.co.uk/t/talented-tradesmen,myjobquote,1,
Jay Colborne,,Fascias Soffits Cladding,,,5,1,,https://www.myjobquote.co.uk/t/jay-colborne | https://www.myjobquote.co.uk/t/jay-colborne,myjobquote,1,
K-1 roofing and building contractors,,Fascias Soffits Cladding,,,5,23,,https://www.myjobquote.co.uk/t/k-1-roofing-and-building-contractors | https://www.myjobquote.co.uk/t/k-1-roofing-and-building-contractors,myjobquote,1,
Integrity Property Maintenance,,Fascias Soffits Cladding,,,5,2,,https://www.myjobquote.co.uk/t/integrity-property-maintenance | https://www.myjobquote.co.uk/t/integrity-property-maintenance,myjobquote,1,
Lasswade Roofing&Building,,Fascias Soffits Cladding,,,5,1,,https://www.myjobquote.co.uk/t/lasswade-roofingbuilding | https://www.myjobquote.co.uk/t/lasswade-roofingbuilding,myjobquote,1,
DNA Roofing Specialists,,Fascias Soffits Cladding,,,5,1,,https://www.myjobquote.co.uk/t/dna-roofing-specialists | https://www.myjobquote.co.uk/t/dna-roofing-specialists,myjobquote,1,
East Lothian roofing & building services,,Fascias Soffits Cladding,,,5,8,,https://www.myjobquote.co.uk/t/east-lothian-roofing-building-services | https://www.myjobquote.co.uk/t/east-lothian-roofing-building-services,myjobquote,1,
Midlothian Roofing and Building,,Fascias Soffits Cladding,,,5,74,07441448924,https://www.myjobquote.co.uk/t/midlothian-roofing-and-building-1 | https://www.myjobquote.co.uk/t/midlothian-roofing-and-building-1,myjobquote,1,
GSH Roofing & Building ltd,,Fascias Soffits Cladding,,,5,4,,https://www.myjobquote.co.uk/t/gsh-roofing-building-ltd | https://www.myjobquote.co.uk/t/gsh-roofing-building-ltd,myjobquote,1,
Edinburgh City Roofing Contractors,,Fascias Soffits Cladding,,,4.68,0,,https://www.myjobquote.co.uk/t/edinburgh-city-roofing-contractors | https://www.myjobquote.co.uk/t/edinburgh-city-roofing-contractors,myjobquote,1,
Reece Lowrie Roofing services,,Fascias Soffits Cladding,,,4.68,0,,https://www.myjobquote.co.uk/t/reece-lowrie-roofing-services | https://www.myjobquote.co.uk/t/reece-lowrie-roofing-services,myjobquote,1,
911 Emergency Roofing Building Ltd,,Fascias Soffits Cladding,,,4.68,0,,https://www.myjobquote.co.uk/t/911-emergency-roofing-building-ltd | https://www.myjobquote.co.uk/t/911-emergency-roofing-building-ltd,myjobquote,1,
Ronald g graham roofing and building,,Fascias Soffits Cladding,,,4.68,0,,https://www.myjobquote.co.uk/t/ronald-g-graham-roofing-and-building | https://www.myjobquote.co.uk/t/ronald-g-graham-roofing-and-building,myjobquote,1,
A and N home improvements,,Fascias Soffits Cladding,,,4.6,7,,https://www.myjobquote.co.uk/t/a-and-n-home-improvements | https://www.myjobquote.co.uk/t/a-and-n-home-improvements,myjobquote,1,
Strathclyde Roofing Services,,Fascias Soffits Cladding,,,5,2,,https://www.myjobquote.co.uk/t/strathclyde-roofing-services | https://www.myjobquote.co.uk/t/strathclyde-roofing-services,myjobquote,1,
McKenzie roofing services,,Fascias Soffits Cladding,,,4,4,,https://www.myjobquote.co.uk/t/mckenzie-roofing-services | https://www.myjobquote.co.uk/t/mckenzie-roofing-services,myjobquote,1,
Ij&a construction.com,,Fascias Soffits Cladding,,,5,3,,https://www.myjobquote.co.uk/t/ija-constructioncom | https://www.myjobquote.co.uk/t/ija-constructioncom,myjobquote,1,
A team roofing,,Fascias Soffits Cladding,,,5,9,,https://www.myjobquote.co.uk/t/a-team-roofing-1 | https://www.myjobquote.co.uk/t/a-team-roofing-1,myjobquote,1,
Heritage roofing and slating,,Fascias Soffits Cladding,,,5,1,07418347705,https://www.myjobquote.co.uk/t/heritage-roofing-and-slating | https://www.myjobquote.co.uk/t/heritage-roofing-and-slating,myjobquote,1,
Amac Property Maintenance,,Fascias Soffits Cladding,,,5,36,,https://www.myjobquote.co.uk/t/amac-property-maintenance | https://www.myjobquote.co.uk/t/amac-property-maintenance,myjobquote,1,
Pristine Roofing & Property Maintenance,,Fascias Soffits Cladding,,,5,16,,https://www.myjobquote.co.uk/t/pristine-roofing-property-maintenance-1 | https://www.myjobquote.co.uk/t/pristine-roofing-property-maintenance-1,myjobquote,1,
GM Property Maintenance,,Fascias Soffits Cladding,,,5,29,07441443264,https://www.myjobquote.co.uk/t/gm-property-maintenance | https://www.myjobquote.co.uk/t/gm-property-maintenance,myjobquote,1,
Dunnell Roofing Contractors,,Fascias Soffits Cladding,,,5,15,,https://www.myjobquote.co.uk/t/dunnell-roofing-contractors | https://www.myjobquote.co.uk/t/dunnell-roofing-contractors,myjobquote,1,
Mark sturgeon,,Fascias Soffits Cladding,,,5,3,,https://www.myjobquote.co.uk/t/mark-sturgeon | https://www.myjobquote.co.uk/t/mark-sturgeon,myjobquote,1,
Eco Roofing and Building Ltd,,Fascias Soffits Cladding,,,5,8,,https://www.myjobquote.co.uk/t/eco-roofing-and-building-ltd-1 | https://www.myjobquote.co.uk/t/eco-roofing-and-building-ltd-1,myjobquote,1,
JMGardeners Builders and roofers Edinburgh,,Fascias Soffits Cladding,,,4.8,17,,https://www.myjobquote.co.uk/t/jmgardeners-builders-and-roofers-edinburgh | https://www.myjobquote.co.uk/t/jmgardeners-builders-and-roofers-edinburgh,myjobquote,1,
"T,Q,Roofing",,Fascias Soffits Cladding,,,4.3,4,,https://www.myjobquote.co.uk/t/tqroofing | https://www.myjobquote.co.uk/t/tqroofing,myjobquote,1,
Master Home Improvements,,Fascias Soffits Cladding,,,4.5,6,,https://www.myjobquote.co.uk/t/master-home-improvements | https://www.myjobquote.co.uk/t/master-home-improvements,myjobquote,1,
Klc home Improvements,,Fascias Soffits Cladding,,,4.5,14,,https://www.myjobquote.co.uk/t/klc-home-improvements | https://www.myjobquote.co.uk/t/klc-home-improvements,myjobquote,1,
Airdrie roofing services,,Fascias Soffits Cladding,,,4.4,45,,https://www.myjobquote.co.uk/t/airdrie-roofing-services | https://www.myjobquote.co.uk/t/airdrie-roofing-services,myjobquote,1,
Edinburgh Roofing & Building,,Fascias Soffits Cladding,,,4.9,1,,https://www.myjobquote.co.uk/t/edinburgh-roofing-building | https://www.myjobquote.co.uk/t/edinburgh-roofing-building,myjobquote,1,
L&C Roofing,,Fascias Soffits Cladding,,,4.6,5,,https://www.myjobquote.co.uk/t/lc-roofing-2 | https://www.myjobquote.co.uk/t/lc-roofing-2,myjobquote,1,
Rhino Roofing,,Fascias Soffits Cladding,,,4.6,4,,https://www.myjobquote.co.uk/t/rhino-roofing | https://www.myjobquote.co.uk/t/rhino-roofing,myjobquote,1,
Rm property maintenance,,Fascias Soffits Cladding,,,4.8,16,,https://www.myjobquote.co.uk/t/rm-property-maintenance | https://www.myjobquote.co.uk/t/rm-property-maintenance,myjobquote,1,
D.W. Painting solutions,,Fascias Soffits Cladding,,,4.68,0,,https://www.myjobquote.co.uk/t/dw-painting-solutions | https://www.myjobquote.co.uk/t/dw-painting-solutions,myjobquote,1,
D.W. Painting solutions,,Fascias Soffits Cladding,,,4.68,0,,https://www.myjobquote.co.uk/t/ridgepoint-roofing-2 | https://www.myjobquote.co.uk/t/ridgepoint-roofing-2,myjobquote,1,
VINS Roofing,,Fascias Soffits Cladding,,,4.68,0,,https://www.myjobquote.co.uk/t/vins-roofing | https://www.myjobquote.co.uk/t/vins-roofing,myjobquote,1,
Donaldson roofing services,,Fascias Soffits Cladding,,,4.68,0,,https://www.myjobquote.co.uk/t/donaldson-roofing-services | https://www.myjobquote.co.uk/t/donaldson-roofing-services,myjobquote,1,
KL Roofing,,Fascias Soffits Cladding,,,4.68,0,,https://www.myjobquote.co.uk/t/kl-roofing-1 | https://www.myjobquote.co.uk/t/kl-roofing-1,myjobquote,1,
Reformhomesolutions@gmail.com,,Fascias Soffits Cladding,,,4.68,0,,https://www.myjobquote.co.uk/t/reformhomesolutions-at-gmailcom | https://www.myjobquote.co.uk/t/reformhomesolutions-at-gmailcom,myjobquote,1,
Wjm Propertycare,,Fascias Soffits Cladding,,,4.68,0,,https://www.myjobquote.co.uk/t/wjm-propertycare | https://www.myjobquote.co.uk/t/wjm-propertycare,myjobquote,1,
Edinburgh’s first response Roofing ltd,,Fascias Soffits Cladding,,,4.68,0,,https://www.myjobquote.co.uk/t/edinburghs-first-response-roofing-ltd | https://www.myjobquote.co.uk/t/edinburghs-first-response-roofing-ltd,myjobquote,1,
Eagle Building Services,,Fascias Soffits Cladding,,,4.68,0,,https://www.myjobquote.co.uk/t/eagle-building-services | https://www.myjobquote.co.uk/t/eagle-building-services,myjobquote,1,
iain r smith roofing,,Fascias Soffits Cladding,,,4.68,0,,https://www.myjobquote.co.uk/t/iain-r-smith-roofing | https://www.myjobquote.co.uk/t/iain-r-smith-roofing,myjobquote,1,
iain r smith roofing,,Fascias Soffits Cladding,,,4.68,0,,https://www.myjobquote.co.uk/t/moore-roofing | https://www.myjobquote.co.uk/t/moore-roofing,myjobquote,1,
Elevate Roofing Group Ltd,,Fascias Soffits Cladding,,,4.68,0,,https://www.myjobquote.co.uk/t/elevate-roofing-group-ltd | https://www.myjobquote.co.uk/t/elevate-roofing-group-ltd,myjobquote,1,
Easton Roofing,,Fascias Soffits Cladding,,,4.68,0,,https://www.myjobquote.co.uk/t/easton-roofing-1 | https://www.myjobquote.co.uk/t/easton-roofing-1,myjobquote,1,
Thistle roofing,,Fascias Soffits Cladding,,,4.68,0,,https://www.myjobquote.co.uk/t/thistle-roofing-1 | https://www.myjobquote.co.uk/t/thistle-roofing-1,myjobquote,1,
James Sherry Roofing and Builders,,Fascias Soffits Cladding,,,4.9,20,,https://www.myjobquote.co.uk/t/james-sherry-roofing-and-builders | https://www.myjobquote.co.uk/t/james-sherry-roofing-and-builders,myjobquote,1,
Coyle Joinery and Roofing,,Fascias Soffits Cladding,,,4.68,0,,https://www.myjobquote.co.uk/t/coyle-joinery-and-roofing | https://www.myjobquote.co.uk/t/coyle-joinery-and-roofing,myjobquote,1,
Steven,,Fascias Soffits Cladding,,,4.68,0,,https://www.myjobquote.co.uk/t/steven-41 | https://www.myjobquote.co.uk/t/steven-41,myjobquote,1,
Steven,,Fascias Soffits Cladding,,,4.68,0,,https://www.myjobquote.co.uk/t/rlm-roofing-and-building-maintenance | https://www.myjobquote.co.uk/t/rlm-roofing-and-building-maintenance,myjobquote,1,
Besi roofing company ltd,,Fascias Soffits Cladding,,,4.68,0,,https://www.myjobquote.co.uk/t/besi-roofing-company-ltd | https://www.myjobquote.co.uk/t/besi-roofing-company-ltd,myjobquote,1,
Kevin,,Fascias Soffits Cladding,,,4.68,0,,https://www.myjobquote.co.uk/t/kevin-102 | https://www.myjobquote.co.uk/t/kevin-102,myjobquote,1,
P.A.D roofing,,Fascias Soffits Cladding,,,4.68,0,,https://www.myjobquote.co.uk/t/pad-roofing | https://www.myjobquote.co.uk/t/pad-roofing,myjobquote,1,
P.A.D roofing,,Fascias Soffits Cladding,,,4.68,0,,https://www.myjobquote.co.uk/t/roof-repair-edinburgh-limited | https://www.myjobquote.co.uk/t/roof-repair-edinburgh-limited,myjobquote,1,
G.I roofing,,Fascias Soffits Cladding,,,4.68,0,,https://www.myjobquote.co.uk/t/gi-roofing-1 | https://www.myjobquote.co.uk/t/gi-roofing-1,myjobquote,1,
Sm construction,,Fascias Soffits Cladding,,,4.68,0,,https://www.myjobquote.co.uk/t/sm-construction-3 | https://www.myjobquote.co.uk/t/sm-construction-3,myjobquote,1,
Sm construction,,Fascias Soffits Cladding,,,4.68,0,,https://www.myjobquote.co.uk/t/tgw-roofing-and-building | https://www.myjobquote.co.uk/t/tgw-roofing-and-building,myjobquote,1,
TGW Roofing and Building,,Fascias Soffits Cladding,,,4.68,0,,https://www.myjobquote.co.uk/t/coastline-roofing-2 | https://www.myjobquote.co.uk/t/coastline-roofing-2,myjobquote,1,
Coastline roofing,,Fascias Soffits Cladding,,,4.68,0,,https://www.myjobquote.co.uk/t/gs-property-care | https://www.myjobquote.co.uk/t/gs-property-care,myjobquote,1,
B.C.W Roofing and Building,,Fascias Soffits Cladding,,,4.68,0,,https://www.myjobquote.co.uk/t/bcw-roofing-and-building | https://www.myjobquote.co.uk/t/bcw-roofing-and-building,myjobquote,1,
B.C.W Roofing and Building,,Fascias Soffits Cladding,,,4.68,0,,https://www.myjobquote.co.uk/t/forbes-roofing-services | https://www.myjobquote.co.uk/t/forbes-roofing-services,myjobquote,1,
Forbes roofing services,,Fascias Soffits Cladding,,,4.68,0,,https://www.myjobquote.co.uk/t/shayne-1 | https://www.myjobquote.co.uk/t/shayne-1,myjobquote,1,
Shayne,,Fascias Soffits Cladding,,,4.68,0,,https://www.myjobquote.co.uk/t/clarks-gutters | https://www.myjobquote.co.uk/t/clarks-gutters,myjobquote,1,
Jopparoofing and building,,Fascias Soffits Cladding,,,4.68,0,,https://www.myjobquote.co.uk/t/jopparoofing-and-building | https://www.myjobquote.co.uk/t/jopparoofing-and-building,myjobquote,1,
Jopparoofing and building,,Fascias Soffits Cladding,,,4.68,0,,https://www.myjobquote.co.uk/t/pc-roofing-4 | https://www.myjobquote.co.uk/t/pc-roofing-4,myjobquote,1,
07921006609,,Fascias Soffits Cladding,,,4.68,0,,https://www.myjobquote.co.uk/t/07921006609 | https://www.myjobquote.co.uk/t/07921006609,myjobquote,1,
07921006609,,Fascias Soffits Cladding,,,5,1,,https://www.myjobquote.co.uk/t/active-property-care | https://www.myjobquote.co.uk/t/active-property-care,myjobquote,1,
Renovation roofing and building,,Fascias Soffits Cladding,,,5,1,,https://www.myjobquote.co.uk/t/renovation-roofing-and-building | https://www.myjobquote.co.uk/t/renovation-roofing-and-building,myjobquote,1,
Jhs roofing and building,,Fascias Soffits Cladding,,,5,2,,https://www.myjobquote.co.uk/t/jhs-roofing-and-building-1 | https://www.myjobquote.co.uk/t/jhs-roofing-and-building-1,myjobquote,1,
AS Property Care,,Fascias Soffits Cladding,,,4.7,35,07441442632,https://www.myjobquote.co.uk/t/as-property-care | https://www.myjobquote.co.uk/t/as-property-care,myjobquote,1,
B G Roofing and painting Services,,Fascias Soffits Cladding,,,5,1,,https://www.myjobquote.co.uk/t/b-g-roofing-and-painting-services | https://www.myjobquote.co.uk/t/b-g-roofing-and-painting-services,myjobquote,1,
AMC Roofing and Building Ltd,,Fascias Soffits Cladding,,,5,3,,https://www.myjobquote.co.uk/t/amc-roofing-and-building-ltd | https://www.myjobquote.co.uk/t/amc-roofing-and-building-ltd,myjobquote,1,
R Galloway roofing services,,Fascias Soffits Cladding,,,5,1,,https://www.myjobquote.co.uk/t/r-galloway-roofing-services-1 | https://www.myjobquote.co.uk/t/r-galloway-roofing-services-1,myjobquote,1,
Rowan,,Fascias Soffits Cladding,,,5,9,,https://www.myjobquote.co.uk/t/rowan-2 | https://www.myjobquote.co.uk/t/rowan-2,myjobquote,1,
Premium Roofing,,Fascias Soffits Cladding,,,4.8,1,,https://www.myjobquote.co.uk/t/premium-roofing-4 | https://www.myjobquote.co.uk/t/premium-roofing-4,myjobquote,1,
Christopher godden roofing&building soloutions ltd,,Fascias Soffits Cladding,,,5,9,,https://www.myjobquote.co.uk/t/christopher-godden-roofingbuilding-soloutions-ltd | https://www.myjobquote.co.uk/t/christopher-godden-roofingbuilding-soloutions-ltd,myjobquote,1,
Able Roofing,,Fascias Soffits Cladding,,,5,1,,https://www.myjobquote.co.uk/t/able-roofing | https://www.myjobquote.co.uk/t/able-roofing,myjobquote,1,
J&w Property solutions,,Fascias Soffits Cladding,,,4.2,5,,https://www.myjobquote.co.uk/t/jw-property-solutions-1 | https://www.myjobquote.co.uk/t/jw-property-solutions-1,myjobquote,1,
Edinburgh Lothian’s Roofing Services,,Fascias Soffits Cladding,,,4.2,5,,https://www.myjobquote.co.uk/t/edinburgh-lothians-roofing-services | https://www.myjobquote.co.uk/t/edinburgh-lothians-roofing-services,myjobquote,1,
Liberton Roofing & Building ltd,,Fascias Soffits Cladding,,,3.8,4,,https://www.myjobquote.co.uk/t/liberton-roofing-building-ltd-1 | https://www.myjobquote.co.uk/t/liberton-roofing-building-ltd-1,myjobquote,1,
Edinburgh and Fife roofing,,Fascias Soffits Cladding,,,5,3,,https://www.myjobquote.co.uk/t/edinburgh-and-fife-roofing | https://www.myjobquote.co.uk/t/edinburgh-and-fife-roofing,myjobquote,1,
R.C. Propeety Care,,Fascias Soffits Cladding,,,4.5,33,,https://www.myjobquote.co.uk/t/rc-propeety-care | https://www.myjobquote.co.uk/t/rc-propeety-care,myjobquote,1,
Allpurposepropertycareltd,,Fascias Soffits Cladding,,,4,1,,https://www.myjobquote.co.uk/t/allpurposepropertycareltd | https://www.myjobquote.co.uk/t/allpurposepropertycareltd,myjobquote,1,
firstresponseroofing,,Fascias Soffits Cladding,,,4,1,,https://www.myjobquote.co.uk/t/firstresponseroofing | https://www.myjobquote.co.uk/t/firstresponseroofing,myjobquote,1,
S.Ross Roofing,,Fascias Soffits Cladding,,,4.6,5,,https://www.myjobquote.co.uk/t/sross-roofing | https://www.myjobquote.co.uk/t/sross-roofing,myjobquote,1,
Cj home improvements,,Fascias Soffits Cladding,,,4.68,0,,https://www.myjobquote.co.uk/t/cj-home-improvements-3 | https://www.myjobquote.co.uk/t/cj-home-improvements-3,myjobquote,1,
Cj home improvements,,Fascias Soffits Cladding,,,4.68,0,,https://www.myjobquote.co.uk/t/deddington-property-care | https://www.myjobquote.co.uk/t/deddington-property-care,myjobquote,1,
SOS Roofing Services,,Fascias Soffits Cladding,,,4.68,0,,https://www.myjobquote.co.uk/t/sos-roofing-services | https://www.myjobquote.co.uk/t/sos-roofing-services,myjobquote,1,
Sofiane,,Fascias Soffits Cladding,,,4.68,0,,https://www.myjobquote.co.uk/t/sofiane | https://www.myjobquote.co.uk/t/sofiane,myjobquote,1,
Sofiane,,Fascias Soffits Cladding,,,4.68,0,,https://www.myjobquote.co.uk/t/naveen-kumar | https://www.myjobquote.co.uk/t/naveen-kumar,myjobquote,1,
(finest trades group) F.T.G,,Fascias Soffits Cladding,,,4.68,0,,https://www.myjobquote.co.uk/t/finest-trades-group-ftg | https://www.myjobquote.co.uk/t/finest-trades-group-ftg,myjobquote,1,
Scots Roofing Ltd,,Fascias Soffits Cladding,,,4.4,30,,https://www.myjobquote.co.uk/t/scots-roofing-ltd | https://www.myjobquote.co.uk/t/scots-roofing-ltd,myjobquote,1,
Mark roofing & building,,Fascias Soffits Cladding,,,5,2,,https://www.myjobquote.co.uk/t/mark-roofing-building-2 | https://www.myjobquote.co.uk/t/mark-roofing-building-2,myjobquote,1,
SK ROOFS AND REPAIRS,,Fascias Soffits Cladding,,,5,3,,https://www.myjobquote.co.uk/t/sk-roofs-and-repairs | https://www.myjobquote.co.uk/t/sk-roofs-and-repairs,myjobquote,1,
Thomson roofing,,Fascias Soffits Cladding,,,5,1,,https://www.myjobquote.co.uk/t/thomson-roofing-2 | https://www.myjobquote.co.uk/t/thomson-roofing-2,myjobquote,1,
GJ Building Solutions,,Fascias Soffits Cladding,,,5,1,,https://www.myjobquote.co.uk/t/gj-building-solutions | https://www.myjobquote.co.uk/t/gj-building-solutions,myjobquote,1,
Diego,,Fascias Soffits Cladding,,,4.68,0,,https://www.myjobquote.co.uk/t/diego-12 | https://www.myjobquote.co.uk/t/diego-12,myjobquote,1,
Derek McEwan T/A Dmr Contracts Ltd,,Fascias Soffits Cladding,,,4.68,0,,https://www.myjobquote.co.uk/t/derek-mcewan-ta-dmr-contracts-ltd | https://www.myjobquote.co.uk/t/derek-mcewan-ta-dmr-contracts-ltd,myjobquote,1,
MC Property Maintenance,,Fascias Soffits Cladding,,,5,9,,https://www.myjobquote.co.uk/t/mc-property-maintenance-3 | https://www.myjobquote.co.uk/t/mc-property-maintenance-3,myjobquote,1,
Cleanaway,,Fascias Soffits Cladding,,,5,42,,https://www.myjobquote.co.uk/t/cleanaway | https://www.myjobquote.co.uk/t/cleanaway,myjobquote,1,
Ajw Roofing,,Fascias Soffits Cladding,,,5,1,,https://www.myjobquote.co.uk/t/ajw-roofing-2 | https://www.myjobquote.co.uk/t/ajw-roofing-2,myjobquote,1,
BCM Roofing,,Fascias Soffits Cladding,,,5,2,,https://www.myjobquote.co.uk/t/bcm-roofing | https://www.myjobquote.co.uk/t/bcm-roofing,myjobquote,1,
DC roofing and electrical services,,Fascias Soffits Cladding,,,5,1,,https://www.myjobquote.co.uk/t/dc-roofing-and-electrical-services | https://www.myjobquote.co.uk/t/dc-roofing-and-electrical-services,myjobquote,1,
O&H Roofing,,Fascias Soffits Cladding,,,5,3,,https://www.myjobquote.co.uk/t/oh-roofing-1 | https://www.myjobquote.co.uk/t/oh-roofing-1,myjobquote,1,
Barrier improvements limited,,Fascias Soffits Cladding,,,5,1,,https://www.myjobquote.co.uk/t/barrier-improvements-limited | https://www.myjobquote.co.uk/t/barrier-improvements-limited,myjobquote,1,
Lifetime Improvement Group Ltd,,Fascias Soffits Cladding,,,4.68,0,,https://www.myjobquote.co.uk/t/lifetime-improvement-group-ltd | https://www.myjobquote.co.uk/t/lifetime-improvement-group-ltd,myjobquote,1,
Catalyst Property Services Ltd,,Fascias Soffits Cladding,,,4.68,0,,https://www.myjobquote.co.uk/t/catalyst-property-services-ltd | https://www.myjobquote.co.uk/t/catalyst-property-services-ltd,myjobquote,1,
Catalyst Property Services Ltd,,Fascias Soffits Cladding,,,4.68,0,,https://www.myjobquote.co.uk/t/royal-roofing-solutions-3 | https://www.myjobquote.co.uk/t/royal-roofing-solutions-3,myjobquote,1,
Watertight roofing,,Fascias Soffits Cladding,,,4.68,0,,https://www.myjobquote.co.uk/t/watertight-roofing-2 | https://www.myjobquote.co.uk/t/watertight-roofing-2,myjobquote,1,
Watertight roofing,,Fascias Soffits Cladding,,,5,1,,https://www.myjobquote.co.uk/t/jr-roofing-18 | https://www.myjobquote.co.uk/t/jr-roofing-18,myjobquote,1,
C.T Property Maintenance,,Fascias Soffits Cladding,,,5,8,,https://www.myjobquote.co.uk/t/ct-property-maintenance-4 | https://www.myjobquote.co.uk/t/ct-property-maintenance-4,myjobquote,1,
Barrhead roofing,,Fascias Soffits Cladding,,,5,7,,https://www.myjobquote.co.uk/t/barrhead-roofing | https://www.myjobquote.co.uk/t/barrhead-roofing,myjobquote,1,
Cameronroofcare,,Fascias Soffits Cladding,,,4.68,0,,https://www.myjobquote.co.uk/t/cameronroofcare | https://www.myjobquote.co.uk/t/cameronroofcare,myjobquote,1,
Cameronroofcare,,Fascias Soffits Cladding,,,5,3,,https://www.myjobquote.co.uk/t/almond-roofing-and-building | https://www.myjobquote.co.uk/t/almond-roofing-and-building,myjobquote,1,
Young Property Care,,Fascias Soffits Cladding,,,5,9,07418319020,https://www.myjobquote.co.uk/t/young-property-care-1 | https://www.myjobquote.co.uk/t/young-property-care-1,myjobquote,1,
Sgw contracts,,Fascias Soffits Cladding,,,5,1,,https://www.myjobquote.co.uk/t/sgw-contracts | https://www.myjobquote.co.uk/t/sgw-contracts,myjobquote,1,
Valley roofing and roughcasting ltd,,Fascias Soffits Cladding,,,5,1,,https://www.myjobquote.co.uk/t/valley-roofing-and-roughcasting-ltd | https://www.myjobquote.co.uk/t/valley-roofing-and-roughcasting-ltd,myjobquote,1,
ASM contracts,,Fascias Soffits Cladding,,,5,9,,https://www.myjobquote.co.uk/t/asm-contracts | https://www.myjobquote.co.uk/t/asm-contracts,myjobquote,1,
Mason and Sons,,Fascias Soffits Cladding,,,5,20,07418348927,https://www.myjobquote.co.uk/t/mason-and-sons | https://www.myjobquote.co.uk/t/mason-and-sons,myjobquote,1,
Apex Roofing & Building,,Fascias Soffits Cladding,,,5,2,,https://www.myjobquote.co.uk/t/apex-roofing-building-4 | https://www.myjobquote.co.uk/t/apex-roofing-building-4,myjobquote,1,
Mwhiteroofingandbuildingltd,,Fascias Soffits Cladding,,,5,1,,https://www.myjobquote.co.uk/t/mwhiteroofingandbuildingltd | https://www.myjobquote.co.uk/t/mwhiteroofingandbuildingltd,myjobquote,1,
Casey,,Fascias Soffits Cladding,,,5,2,,https://www.myjobquote.co.uk/t/casey-14 | https://www.myjobquote.co.uk/t/casey-14,myjobquote,1,
L Price Roofing and Guttering,,Fascias Soffits Cladding,,,5,1,,https://www.myjobquote.co.uk/t/l-price-roofing-and-guttering | https://www.myjobquote.co.uk/t/l-price-roofing-and-guttering,myjobquote,1,
On top roofing ltd,,Fascias Soffits Cladding,,,5,5,,https://www.myjobquote.co.uk/t/on-top-roofing-ltd | https://www.myjobquote.co.uk/t/on-top-roofing-ltd,myjobquote,1,
first response roofing,,Fascias Soffits Cladding,,,5,17,,https://www.myjobquote.co.uk/t/first-response-roofing-3 | https://www.myjobquote.co.uk/t/first-response-roofing-3,myjobquote,1,
Primo Roofing,,Fascias Soffits Cladding,,,4,1,07418371903,https://www.myjobquote.co.uk/t/primo-roofing | https://www.myjobquote.co.uk/t/primo-roofing,myjobquote,1,
RMcD roofing services,,Fascias Soffits Cladding,,,4,1,,https://www.myjobquote.co.uk/t/rmcd-roofing-services | https://www.myjobquote.co.uk/t/rmcd-roofing-services,myjobquote,1,
E Stewart roofing & roughcasting Ltd,,Fascias Soffits Cladding,,,5,4,,https://www.myjobquote.co.uk/t/e-stewart-roofing-roughcasting-ltd | https://www.myjobquote.co.uk/t/e-stewart-roofing-roughcasting-ltd,myjobquote,1,
Ridgeline home improvements,,Fascias Soffits Cladding,,,3.9,15,,https://www.myjobquote.co.uk/t/ridgeline-home-improvements | https://www.myjobquote.co.uk/t/ridgeline-home-improvements,myjobquote,1,
Jamie Choi Joinery and Building,,Fascias Soffits Cladding,,,4,3,,https://www.myjobquote.co.uk/t/jamie-choi-joinery-and-building | https://www.myjobquote.co.uk/t/jamie-choi-joinery-and-building,myjobquote,1,
PSW Roofing and building ltd,,Fascias Soffits Cladding,,,4.8,60,,https://www.myjobquote.co.uk/t/psw-roofing-and-building-ltd | https://www.myjobquote.co.uk/t/psw-roofing-and-building-ltd,myjobquote,1,
J.s roofing,,Fascias Soffits Cladding,,,4.8,18,,https://www.myjobquote.co.uk/t/js-roofing-7 | https://www.myjobquote.co.uk/t/js-roofing-7,myjobquote,1,
National Contracts Company,,Fascias Soffits Cladding,,,4.68,0,,https://www.myjobquote.co.uk/t/national-contracts-company | https://www.myjobquote.co.uk/t/national-contracts-company,myjobquote,1,
PJM property care ltd,,Fascias Soffits Cladding,,,4.68,0,,https://www.myjobquote.co.uk/t/pjm-property-care-ltd | https://www.myjobquote.co.uk/t/pjm-property-care-ltd,myjobquote,1,
ORCON Roofing & Building Maintenance Ltd,,Fascias Soffits Cladding,,,4.68,0,,https://www.myjobquote.co.uk/t/orcon-roofing-building-maintenance-ltd | https://www.myjobquote.co.uk/t/orcon-roofing-building-maintenance-ltd,myjobquote,1,
365 Flat Roofing,,Fascias Soffits Cladding,,,4.68,0,,https://www.myjobquote.co.uk/t/365-flat-roofing | https://www.myjobquote.co.uk/t/365-flat-roofing,myjobquote,1,
AR TRADESERVICES,,Fascias Soffits Cladding,,,4.68,0,,https://www.myjobquote.co.uk/t/ar-tradeservices | https://www.myjobquote.co.uk/t/ar-tradeservices,myjobquote,1,
CCC Roofing & Building Maintenance,,Fascias Soffits Cladding,,,4.68,0,,https://www.myjobquote.co.uk/t/ccc-roofing-building-maintenance | https://www.myjobquote.co.uk/t/ccc-roofing-building-maintenance,myjobquote,1,
Pro Roof Scotland,,Fascias Soffits Cladding,,,4.68,0,,https://www.myjobquote.co.uk/t/pro-roof-scotland | https://www.myjobquote.co.uk/t/pro-roof-scotland,myjobquote,1,
DRS ROOFING,,Fascias Soffits Cladding,,,4.68,0,,https://www.myjobquote.co.uk/t/drs-roofing-2 | https://www.myjobquote.co.uk/t/drs-roofing-2,myjobquote,1,
DRS ROOFING,,Fascias Soffits Cladding,,,4.68,0,,https://www.myjobquote.co.uk/t/love-roofing | https://www.myjobquote.co.uk/t/love-roofing,myjobquote,1,
M2G Roofing & Property Services,,Fascias Soffits Cladding,,,4.68,0,,https://www.myjobquote.co.uk/t/m2g-roofing-property-services | https://www.myjobquote.co.uk/t/m2g-roofing-property-services,myjobquote,1,
Briggs roofing and roughcasting,,Fascias Soffits Cladding,,,4.68,0,,https://www.myjobquote.co.uk/t/briggs-roofing-and-roughcasting | https://www.myjobquote.co.uk/t/briggs-roofing-and-roughcasting,myjobquote,1,
Briggs roofing and roughcasting,,Fascias Soffits Cladding,,,4.68,0,,https://www.myjobquote.co.uk/t/scott-hannah | https://www.myjobquote.co.uk/t/scott-hannah,myjobquote,1,
Quality roofing specialists,,Fascias Soffits Cladding,,,4.68,0,,https://www.myjobquote.co.uk/t/quality-roofing-specialists | https://www.myjobquote.co.uk/t/quality-roofing-specialists,myjobquote,1,
Reilly roofing & builders Ltd,,Fascias Soffits Cladding,,,4.68,0,,https://www.myjobquote.co.uk/t/reilly-roofing-builders-ltd | https://www.myjobquote.co.uk/t/reilly-roofing-builders-ltd,myjobquote,1,
Centiam Home Improvements,,Fascias Soffits Cladding,,,4.68,0,,https://www.myjobquote.co.uk/t/centiam-home-improvements | https://www.myjobquote.co.uk/t/centiam-home-improvements,myjobquote,1,
Kingfisher roofing,,Fascias Soffits Cladding,,,4.68,0,,https://www.myjobquote.co.uk/t/kingfisher-roofing | https://www.myjobquote.co.uk/t/kingfisher-roofing,myjobquote,1,
MF ROOFING AND BUILDING MAINTENANCE LTD,,Fascias Soffits Cladding,,,4.68,0,,https://www.myjobquote.co.uk/t/mf-roofing-and-building-maintenance-ltd | https://www.myjobquote.co.uk/t/mf-roofing-and-building-maintenance-ltd,myjobquote,1,
P.F.S MAINTENENCE,,Fascias Soffits Cladding,,,4.68,0,,https://www.myjobquote.co.uk/t/pfs-maintenence | https://www.myjobquote.co.uk/t/pfs-maintenence,myjobquote,1,
ja roofing & property maintenance,,Fascias Soffits Cladding,,,4.68,0,,https://www.myjobquote.co.uk/t/ja-roofing-property-maintenance | https://www.myjobquote.co.uk/t/ja-roofing-property-maintenance,myjobquote,1,
Ian mathieson,,Fascias Soffits Cladding,,,4.68,0,,https://www.myjobquote.co.uk/t/ian-mathieson | https://www.myjobquote.co.uk/t/ian-mathieson,myjobquote,1,
dsl roofing ltd,,Fascias Soffits Cladding,,,4.68,0,,https://www.myjobquote.co.uk/t/dsl-roofing-ltd | https://www.myjobquote.co.uk/t/dsl-roofing-ltd,myjobquote,1,
Buildscape scotland,,Fascias Soffits Cladding,,,4.68,0,,https://www.myjobquote.co.uk/t/buildscape-scotland | https://www.myjobquote.co.uk/t/buildscape-scotland,myjobquote,1,
Pw roofing and building maintenance,,Fascias Soffits Cladding,,,4.68,0,,https://www.myjobquote.co.uk/t/pw-roofing-and-building-maintenance | https://www.myjobquote.co.uk/t/pw-roofing-and-building-maintenance,myjobquote,1,
Jjp roofing,,Fascias Soffits Cladding,,,4.68,0,,https://www.myjobquote.co.uk/t/jjp-roofing | https://www.myjobquote.co.uk/t/jjp-roofing,myjobquote,1,
Lion heart roofing,,Fascias Soffits Cladding,,,4.68,0,,https://www.myjobquote.co.uk/t/lion-heart-roofing | https://www.myjobquote.co.uk/t/lion-heart-roofing,myjobquote,1,
adam roofing services glasgow ltd,,Fascias Soffits Cladding,,,4.68,0,,https://www.myjobquote.co.uk/t/adam-roofing-services-glasgow-ltd | https://www.myjobquote.co.uk/t/adam-roofing-services-glasgow-ltd,myjobquote,1,
Muirend roofing & building,,Fascias Soffits Cladding,,,4.68,0,,https://www.myjobquote.co.uk/t/muirend-roofing-building | https://www.myjobquote.co.uk/t/muirend-roofing-building,myjobquote,1,
Doherty Roofing,,Fascias Soffits Cladding,,,4.68,0,,https://www.myjobquote.co.uk/t/doherty-roofing | https://www.myjobquote.co.uk/t/doherty-roofing,myjobquote,1,
Trainer Exterior Cleaning,,Fascias Soffits Cladding,,,4.68,0,,https://www.myjobquote.co.uk/t/trainer-exterior-cleaning | https://www.myjobquote.co.uk/t/trainer-exterior-cleaning,myjobquote,1,
P&L Roofing,,Fascias Soffits Cladding,,,4.68,0,,https://www.myjobquote.co.uk/t/pl-roofing | https://www.myjobquote.co.uk/t/pl-roofing,myjobquote,1,
John McDonald,,Fascias Soffits Cladding,,,4.68,0,,https://www.myjobquote.co.uk/t/john-mcdonald | https://www.myjobquote.co.uk/t/john-mcdonald,myjobquote,1,
Md roofing contractors,,Fascias Soffits Cladding,,,4.68,0,,https://www.myjobquote.co.uk/t/md-roofing-contractors-7 | https://www.myjobquote.co.uk/t/md-roofing-contractors-7,myjobquote,1,
C Montgomery Roofing,,Fascias Soffits Cladding,,,4.68,0,,https://www.myjobquote.co.uk/t/c-montgomery-roofing | https://www.myjobquote.co.uk/t/c-montgomery-roofing,myjobquote,1,
Countrywide Roof and Walls,,Fascias Soffits Cladding,,,4.68,0,,https://www.myjobquote.co.uk/t/countrywide-roof-and-walls | https://www.myjobquote.co.uk/t/countrywide-roof-and-walls,myjobquote,1,
L1 property maintenance,,Fascias Soffits Cladding,,,4.68,0,,https://www.myjobquote.co.uk/t/l1-property-maintenance | https://www.myjobquote.co.uk/t/l1-property-maintenance,myjobquote,1,
Kyle rankin,,Fascias Soffits Cladding,,,5,1,,https://www.myjobquote.co.uk/t/kyle-rankin | https://www.myjobquote.co.uk/t/kyle-rankin,myjobquote,1,
Field and property services,,Fascias Soffits Cladding,,,5,2,,https://www.myjobquote.co.uk/t/field-and-property-services | https://www.myjobquote.co.uk/t/field-and-property-services,myjobquote,1,
Andrii,,Fascias Soffits Cladding,,,5,1,,https://www.myjobquote.co.uk/t/andrii-39 | https://www.myjobquote.co.uk/t/andrii-39,myjobquote,1,
SSR Roofing,,Fascias Soffits Cladding,,,5,18,,https://www.myjobquote.co.uk/t/ssr-roofing | https://www.myjobquote.co.uk/t/ssr-roofing,myjobquote,1,
Prestige roofing Ltd,,Fascias Soffits Cladding,,,5,1,,https://www.myjobquote.co.uk/t/prestige-roofing-ltd | https://www.myjobquote.co.uk/t/prestige-roofing-ltd,myjobquote,1,
MacDonald worx,,Fascias Soffits Cladding,,,5,2,,https://www.myjobquote.co.uk/t/macdonald-worx | https://www.myjobquote.co.uk/t/macdonald-worx,myjobquote,1,
A&S roofing and groundswork,,Fascias Soffits Cladding,,,5,5,,https://www.myjobquote.co.uk/t/as-roofing-and-groundswork | https://www.myjobquote.co.uk/t/as-roofing-and-groundswork,myjobquote,1,
A&A roofing,,Fascias Soffits Cladding,,,4.68,0,,https://www.myjobquote.co.uk/t/aa-roofing-6 | https://www.myjobquote.co.uk/t/aa-roofing-6,myjobquote,1,
External Maintenance Solutions,,Fascias Soffits Cladding,,,5,9,,https://www.myjobquote.co.uk/t/external-maintenance-solutions | https://www.myjobquote.co.uk/t/external-maintenance-solutions,myjobquote,1,
Platinum roofing,,Fascias Soffits Cladding,,,5,7,,https://www.myjobquote.co.uk/t/platinum-roofing-6 | https://www.myjobquote.co.uk/t/platinum-roofing-6,myjobquote,1,
JJK Roofing,,Fascias Soffits Cladding,,,5,13,07418362617,https://www.myjobquote.co.uk/t/jjk-roofing | https://www.myjobquote.co.uk/t/jjk-roofing,myjobquote,1,
Montgomery Roofcare,,Fascias Soffits Cladding,,,4.6,12,,https://www.myjobquote.co.uk/t/montgomery-roofcare | https://www.myjobquote.co.uk/t/montgomery-roofcare,myjobquote,1,
Wash wizard maintenance services,,Fascias Soffits Cladding,,,5,1,,https://www.myjobquote.co.uk/t/wash-wizard-maintenance-services | https://www.myjobquote.co.uk/t/wash-wizard-maintenance-services,myjobquote,1,
Assure Roofing Solutions,,Fascias Soffits Cladding,,,5,3,,https://www.myjobquote.co.uk/t/assure-roofing-solutions | https://www.myjobquote.co.uk/t/assure-roofing-solutions,myjobquote,1,
DARA Property Maintenance,,Fascias Soffits Cladding,,,5,24,,https://www.myjobquote.co.uk/t/dara-property-maintenance | https://www.myjobquote.co.uk/t/dara-property-maintenance,myjobquote,1,
Storm guard  roofing & building,,Fascias Soffits Cladding,,,4,15,07441440580,https://www.myjobquote.co.uk/t/storm-guard-roofing-building | https://www.myjobquote.co.uk/t/storm-guard-roofing-building,myjobquote,1,
RW Roofing&Building,,Fascias Soffits Cladding,,,5,1,,https://www.myjobquote.co.uk/t/rw-roofingbuilding-1 | https://www.myjobquote.co.uk/t/rw-roofingbuilding-1,myjobquote,1,
Hitch Roofing,,Fascias Soffits Cladding,,,5,4,,https://www.myjobquote.co.uk/t/hitch-roofing | https://www.myjobquote.co.uk/t/hitch-roofing,myjobquote,1,
National roof services,,Fascias Soffits Cladding,,,5,16,,https://www.myjobquote.co.uk/t/national-roof-services-2 | https://www.myjobquote.co.uk/t/national-roof-services-2,myjobquote,1,
Propertyze property maintenance,,Fascias Soffits Cladding,,,5,1,,https://www.myjobquote.co.uk/t/propertyze-property-maintenance | https://www.myjobquote.co.uk/t/propertyze-property-maintenance,myjobquote,1,
MacDonald contracts,,Fascias Soffits Cladding,,,4.4,3,,https://www.myjobquote.co.uk/t/macdonald-contracts | https://www.myjobquote.co.uk/t/macdonald-contracts,myjobquote,1,
Spectrum Sprayers,,Fascias Soffits Cladding,,,4.8,5,,https://www.myjobquote.co.uk/t/spectrum-sprayers-1 | https://www.myjobquote.co.uk/t/spectrum-sprayers-1,myjobquote,1,
Roofmate roofing,,Fascias Soffits Cladding,,,4.8,2,,https://www.myjobquote.co.uk/t/roofmate-roofing | https://www.myjobquote.co.uk/t/roofmate-roofing,myjobquote,1,
Gw property maintenance,,Fascias Soffits Cladding,,,4.3,3,,https://www.myjobquote.co.uk/t/gw-property-maintenance | https://www.myjobquote.co.uk/t/gw-property-maintenance,myjobquote,1,
Roofcheck,,Fascias Soffits Cladding,,,4.3,1,,https://www.myjobquote.co.uk/t/roofcheck | https://www.myjobquote.co.uk/t/roofcheck,myjobquote,1,
KMB Building Services,,Fascias Soffits Cladding,,,4.68,0,,https://www.myjobquote.co.uk/t/kmb-building-services | https://www.myjobquote.co.uk/t/kmb-building-services,myjobquote,1,
T.johnstone property Maintenance,,Fascias Soffits Cladding,,,4.68,0,,https://www.myjobquote.co.uk/t/tjohnstone-property-maintenance | https://www.myjobquote.co.uk/t/tjohnstone-property-maintenance,myjobquote,1,
JJ roofing,,Fascias Soffits Cladding,,,4.68,0,,https://www.myjobquote.co.uk/t/jj-roofing-15 | https://www.myjobquote.co.uk/t/jj-roofing-15,myjobquote,1,
JJ roofing,,Fascias Soffits Cladding,,,4.68,0,,https://www.myjobquote.co.uk/t/alba-property-care | https://www.myjobquote.co.uk/t/alba-property-care,myjobquote,1,
Central contractors,,Fascias Soffits Cladding,,,4.68,0,,https://www.myjobquote.co.uk/t/central-contractors | https://www.myjobquote.co.uk/t/central-contractors,myjobquote,1,
Roofing bureau,,Fascias Soffits Cladding,,,4.68,0,,https://www.myjobquote.co.uk/t/roofing-bureau | https://www.myjobquote.co.uk/t/roofing-bureau,myjobquote,1,
Roofing bureau,,Fascias Soffits Cladding,,,4.68,0,,https://www.myjobquote.co.uk/t/cz-roofing | https://www.myjobquote.co.uk/t/cz-roofing,myjobquote,1,
Ballantyne roofing and sons,,Fascias Soffits Cladding,,,4.68,0,,https://www.myjobquote.co.uk/t/ballantyne-roofing-and-sons | https://www.myjobquote.co.uk/t/ballantyne-roofing-and-sons,myjobquote,1,
C&M ROOFING SOLUTIONS,,Fascias Soffits Cladding,,,4.68,0,,https://www.myjobquote.co.uk/t/cm-roofing-solutions | https://www.myjobquote.co.uk/t/cm-roofing-solutions,myjobquote,1,
Apex roofing and cleaning,,Fascias Soffits Cladding,,,4.68,0,,https://www.myjobquote.co.uk/t/apex-roofing-and-cleaning | https://www.myjobquote.co.uk/t/apex-roofing-and-cleaning,myjobquote,1,
Apex roofing and cleaning,,Fascias Soffits Cladding,,,4.68,0,,https://www.myjobquote.co.uk/t/monument-roofing-and-coating-for-roof-and-wall | https://www.myjobquote.co.uk/t/monument-roofing-and-coating-for-roof-and-wall,myjobquote,1,
TNT roofing,,Fascias Soffits Cladding,,,4.68,0,,https://www.myjobquote.co.uk/t/tnt-roofing-3 | https://www.myjobquote.co.uk/t/tnt-roofing-3,myjobquote,1,
TNT roofing,,Fascias Soffits Cladding,,,4.68,0,,https://www.myjobquote.co.uk/t/mrl-roofing | https://www.myjobquote.co.uk/t/mrl-roofing,myjobquote,1,
MRL roofing,,Fascias Soffits Cladding,,,4.68,0,,https://www.myjobquote.co.uk/t/s-mullan-roofing | https://www.myjobquote.co.uk/t/s-mullan-roofing,myjobquote,1,
S Mullan Roofing,,Fascias Soffits Cladding,,,4.68,0,,https://www.myjobquote.co.uk/t/local-roffer | https://www.myjobquote.co.uk/t/local-roffer,myjobquote,1,
Central Scotland Roofing,,Fascias Soffits Cladding,,,4.3,3,07418349769,https://www.myjobquote.co.uk/t/central-scotland-roofing | https://www.myjobquote.co.uk/t/central-scotland-roofing,myjobquote,1,
K Leslie Group Ltd,,Fascias Soffits Cladding,,,5,2,,https://www.myjobquote.co.uk/t/k-leslie-group-ltd | https://www.myjobquote.co.uk/t/k-leslie-group-ltd,myjobquote,1,
Strathclyde Roofers and Builders Ltd,,Fascias Soffits Cladding,,,5,1,,https://www.myjobquote.co.uk/t/strathclyde-roofers-and-builders-ltd | https://www.myjobquote.co.uk/t/strathclyde-roofers-and-builders-ltd,myjobquote,1,
McLaughlin’s Roofing & Roughcasting,,Fascias Soffits Cladding,,,5,8,,https://www.myjobquote.co.uk/t/mclaughlins-roofing-roughcasting | https://www.myjobquote.co.uk/t/mclaughlins-roofing-roughcasting,myjobquote,1,
TRL PROPERTY MAINTENANCE,,Fascias Soffits Cladding,,,5,21,,https://www.myjobquote.co.uk/t/trl-property-maintenance | https://www.myjobquote.co.uk/t/trl-property-maintenance,myjobquote,1,
Diamond Roofing,,Fascias Soffits Cladding,,,4,6,,https://www.myjobquote.co.uk/t/diamond-roofing-13 | https://www.myjobquote.co.uk/t/diamond-roofing-13,myjobquote,1,
Fraser & Gary Joinery & Construction LTD,,Fascias Soffits Cladding,,,5,15,,https://www.myjobquote.co.uk/t/fraser-gary-joinery-construction-ltd | https://www.myjobquote.co.uk/t/fraser-gary-joinery-construction-ltd,myjobquote,1,
DM Property Maintenance,,Fascias Soffits Cladding,,,4.8,2,,https://www.myjobquote.co.uk/t/dm-property-maintenance-4 | https://www.myjobquote.co.uk/t/dm-property-maintenance-4,myjobquote,1,
Macdonald roofing,,Fascias Soffits Cladding,,,4.68,0,,https://www.myjobquote.co.uk/t/macdonald-roofing-4 | https://www.myjobquote.co.uk/t/macdonald-roofing-4,myjobquote,1,
DCO Roofing,,Fascias Soffits Cladding,,,4.3,8,,https://www.myjobquote.co.uk/t/dco-roofing | https://www.myjobquote.co.uk/t/dco-roofing,myjobquote,1,
Johnston Roofing & Solar,,Fascias Soffits Cladding,,,5,8,,https://www.myjobquote.co.uk/t/johnston-roofing-solar | https://www.myjobquote.co.uk/t/johnston-roofing-solar,myjobquote,1,
Nugen Exteriors,,Fascias Soffits Cladding,,,5,1,,https://www.myjobquote.co.uk/t/nugen-exteriors | https://www.myjobquote.co.uk/t/nugen-exteriors,myjobquote,1,
McPhee&Sons,,Fascias Soffits Cladding,,,4.6,8,07418367308,https://www.myjobquote.co.uk/t/mcpheesons | https://www.myjobquote.co.uk/t/mcpheesons,myjobquote,1,
Brucefield roofing & building ltd,,Fascias Soffits Cladding,,,4,1,,https://www.myjobquote.co.uk/t/brucefield-roofing-building-ltd | https://www.myjobquote.co.uk/t/brucefield-roofing-building-ltd,myjobquote,1,
Imperial Roofing Building,,Fascias Soffits Cladding,,,5,2,,https://www.myjobquote.co.uk/t/imperial-roofing-building-1 | https://www.myjobquote.co.uk/t/imperial-roofing-building-1,myjobquote,1,
J.w.miller property maintenance,,Fascias Soffits Cladding,,,4.68,0,,https://www.myjobquote.co.uk/t/jwmiller-property-maintenance | https://www.myjobquote.co.uk/t/jwmiller-property-maintenance,myjobquote,1,
Ascot roofing scot ltd,,Fascias Soffits Cladding,,,4.68,0,,https://www.myjobquote.co.uk/t/ascot-roofing-scot-ltd | https://www.myjobquote.co.uk/t/ascot-roofing-scot-ltd,myjobquote,1,
Saltire property maintenance,,Fascias Soffits Cladding,,,4.68,0,,https://www.myjobquote.co.uk/t/saltire-property-maintenance | https://www.myjobquote.co.uk/t/saltire-property-maintenance,myjobquote,1,
Saltire property maintenance,,Fascias Soffits Cladding,,,4.68,0,,https://www.myjobquote.co.uk/t/a-white-roofing | https://www.myjobquote.co.uk/t/a-white-roofing,myjobquote,1,
Roofs by SHS LTD,,Fascias Soffits Cladding,,,4.68,0,,https://www.myjobquote.co.uk/t/roofs-by-shs-ltd | https://www.myjobquote.co.uk/t/roofs-by-shs-ltd,myjobquote,1,
Roofs by SHS LTD,,Fascias Soffits Cladding,,,4.68,0,,https://www.myjobquote.co.uk/t/jm-roofingbuilding | https://www.myjobquote.co.uk/t/jm-roofingbuilding,myjobquote,1,
Ferris Gutters,,Fascias Soffits Cladding,,,4.68,0,,https://www.myjobquote.co.uk/t/ferris-gutters | https://www.myjobquote.co.uk/t/ferris-gutters,myjobquote,1,
Ferris Gutters,,Fascias Soffits Cladding,,,4.68,0,,https://www.myjobquote.co.uk/t/c-paterson-roofing | https://www.myjobquote.co.uk/t/c-paterson-roofing,myjobquote,1,
Bm property maintenance and roofing,,Fascias Soffits Cladding,,,4.68,0,,https://www.myjobquote.co.uk/t/bm-property-maintenance-and-roofing | https://www.myjobquote.co.uk/t/bm-property-maintenance-and-roofing,myjobquote,1,
Bm property maintenance and roofing,,Fascias Soffits Cladding,,,4.68,0,,https://www.myjobquote.co.uk/t/smroofing-2 | https://www.myjobquote.co.uk/t/smroofing-2,myjobquote,1,
David binnie,,Fascias Soffits Cladding,,,4.68,0,,https://www.myjobquote.co.uk/t/david-binnie | https://www.myjobquote.co.uk/t/david-binnie,myjobquote,1,
PT roofing ltd,,Fascias Soffits Cladding,,,4.68,0,,https://www.myjobquote.co.uk/t/pt-roofing-ltd | https://www.myjobquote.co.uk/t/pt-roofing-ltd,myjobquote,1,
Reliable Roofing,,Fascias Soffits Cladding,,,4.68,0,,https://www.myjobquote.co.uk/t/reliable-roofing-6 | https://www.myjobquote.co.uk/t/reliable-roofing-6,myjobquote,1,
Brian,,Fascias Soffits Cladding,,,4.68,0,,https://www.myjobquote.co.uk/t/brian-65 | https://www.myjobquote.co.uk/t/brian-65,myjobquote,1,
Brian,,Fascias Soffits Cladding,,,4.68,0,,https://www.myjobquote.co.uk/t/gkr-foodstores | https://www.myjobquote.co.uk/t/gkr-foodstores,myjobquote,1,
Gkr foodstores,,Fascias Soffits Cladding,,,4.68,0,,https://www.myjobquote.co.uk/t/jb-slatingroofing | https://www.myjobquote.co.uk/t/jb-slatingroofing,myjobquote,1,
JB slating/roofing,,Fascias Soffits Cladding,,,4.68,0,,https://www.myjobquote.co.uk/t/sandstone-restorations-and-roofing-services-ltd | https://www.myjobquote.co.uk/t/sandstone-restorations-and-roofing-services-ltd,myjobquote,1,
Sandstone restorations and roofing services ltd,,Fascias Soffits Cladding,,,4.68,0,,https://www.myjobquote.co.uk/t/liamstra | https://www.myjobquote.co.uk/t/liamstra,myjobquote,1,
Bulldog building services,,Fascias Soffits Cladding,,,5,11,,https://www.myjobquote.co.uk/t/bulldog-building-services | https://www.myjobquote.co.uk/t/bulldog-building-services,myjobquote,1,
Weatherlock property care,,Fascias Soffits Cladding,,,4.7,3,,https://www.myjobquote.co.uk/t/weatherlock-property-care | https://www.myjobquote.co.uk/t/weatherlock-property-care,myjobquote,1,
J&J roofing & guttering LTD,,Fascias Soffits Cladding,,,5,2,,https://www.myjobquote.co.uk/t/jj-roofing-guttering-ltd | https://www.myjobquote.co.uk/t/jj-roofing-guttering-ltd,myjobquote,1,
1st call roofing,,Fascias Soffits Cladding,,,5,10,,https://www.myjobquote.co.uk/t/1st-call-roofing-1 | https://www.myjobquote.co.uk/t/1st-call-roofing-1,myjobquote,1,
Signature roofing international,,Fascias Soffits Cladding,,,4.68,0,,https://www.myjobquote.co.uk/t/signature-roofing-international | https://www.myjobquote.co.uk/t/signature-roofing-international,myjobquote,1,
Ashtcal roofing,,Fascias Soffits Cladding,,,4,3,,https://www.myjobquote.co.uk/t/ashtcal-roofing | https://www.myjobquote.co.uk/t/ashtcal-roofing,myjobquote,1,
Elite cleaning,,Fascias Soffits Cladding,,,5,1,,https://www.myjobquote.co.uk/t/elite-cleaning-8 | https://www.myjobquote.co.uk/t/elite-cleaning-8,myjobquote,1,
Ridgeline Roofing Hereford,,Fascias Soffits Cladding,,,5,1,07418318436,https://www.myjobquote.co.uk/t/ridgeline-roofing-hereford | https://www.myjobquote.co.uk/t/ridgeline-roofing-hereford,myjobquote,1,
C&Mroofing speciaist and ground matanence,,Fascias Soffits Cladding,,,4,9,,https://www.myjobquote.co.uk/t/cmroofing-speciaist-and-ground-matanence | https://www.myjobquote.co.uk/t/cmroofing-speciaist-and-ground-matanence,myjobquote,1,
City Roofing & Upvc,,Fascias Soffits Cladding,,,4.5,4,,https://www.myjobquote.co.uk/t/city-roofing-upvc | https://www.myjobquote.co.uk/t/city-roofing-upvc,myjobquote,1,
Kevin roofing & property maintenance,,Fascias Soffits Cladding,,,5,6,,https://www.myjobquote.co.uk/t/kevin-roofing-property-maintenance | https://www.myjobquote.co.uk/t/kevin-roofing-property-maintenance,myjobquote,1,
Mc services roofing specialist,,Fascias Soffits Cladding,,,5,11,,https://www.myjobquote.co.uk/t/mc-services-roofing-specialist | https://www.myjobquote.co.uk/t/mc-services-roofing-specialist,myjobquote,1,
Webuild Cymru,,Fascias Soffits Cladding,,,5,1,,https://www.myjobquote.co.uk/t/webuild-cymru-1 | https://www.myjobquote.co.uk/t/webuild-cymru-1,myjobquote,1,
B&R Property Maintenance,,Fascias Soffits Cladding,,,5,4,,https://www.myjobquote.co.uk/t/br-property-maintenance-1 | https://www.myjobquote.co.uk/t/br-property-maintenance-1,myjobquote,1,
Altitude roofing Gloucestershire ltd,,Fascias Soffits Cladding,,,5,4,07451260891,https://www.myjobquote.co.uk/t/altitude-roofing-gloucestershire-ltd | https://www.myjobquote.co.uk/t/altitude-roofing-gloucestershire-ltd,myjobquote,1,
Skyline roofing,,Fascias Soffits Cladding,,,5,11,,https://www.myjobquote.co.uk/t/skyline-roofing-7 | https://www.myjobquote.co.uk/t/skyline-roofing-7,myjobquote,1,
Elevate Roofing,,Fascias Soffits Cladding,,,5,4,,https://www.myjobquote.co.uk/t/elevate-roofing | https://www.myjobquote.co.uk/t/elevate-roofing,myjobquote,1,
Elly-Marie Attwell,,Fascias Soffits Cladding,,,5,1,,https://www.myjobquote.co.uk/t/elly-marie-attwell | https://www.myjobquote.co.uk/t/elly-marie-attwell,myjobquote,1,
J&M Roofing and Landscaping,,Fascias Soffits Cladding,,,4,1,,https://www.myjobquote.co.uk/t/jm-roofing-and-landscaping | https://www.myjobquote.co.uk/t/jm-roofing-and-landscaping,myjobquote,1,
M&M roofing,,Fascias Soffits Cladding,,,5,1,,https://www.myjobquote.co.uk/t/mm-roofing-6 | https://www.myjobquote.co.uk/t/mm-roofing-6,myjobquote,1,
Supreme roofers limited,,Fascias Soffits Cladding,,,5,2,,https://www.myjobquote.co.uk/t/supreme-roofers-limited | https://www.myjobquote.co.uk/t/supreme-roofers-limited,myjobquote,1,
JN Building Services & Property Development Limited,,Fascias Soffits Cladding,,,5,1,,https://www.myjobquote.co.uk/t/jn-building-services-property-development-limited | https://www.myjobquote.co.uk/t/jn-building-services-property-development-limited,myjobquote,1,
Trueline Roofing & Plastics,,Fascias Soffits Cladding,,,5,3,,https://www.myjobquote.co.uk/t/trueline-roofing-plastics | https://www.myjobquote.co.uk/t/trueline-roofing-plastics,myjobquote,1,
Local roofing,,Fascias Soffits Cladding,,,5,1,,https://www.myjobquote.co.uk/t/local-roofing-3 | https://www.myjobquote.co.uk/t/local-roofing-3,myjobquote,1,
All seasons roofing & building,,Fascias Soffits Cladding,,,1,2,,https://www.myjobquote.co.uk/t/all-seasons-roofing-building | https://www.myjobquote.co.uk/t/all-seasons-roofing-building,myjobquote,1,
DDR development,,Fascias Soffits Cladding,,,5,1,,https://www.myjobquote.co.uk/t/ddr-development | https://www.myjobquote.co.uk/t/ddr-development,myjobquote,1,
Precision Exterior Cleaning & Maintenance,,Fascias Soffits Cladding,,,4,1,,https://www.myjobquote.co.uk/t/precision-exterior-cleaning-maintenance | https://www.myjobquote.co.uk/t/precision-exterior-cleaning-maintenance,myjobquote,1,
Newport Building And Home Improvements,,Fascias Soffits Cladding,,,5,12,,https://www.myjobquote.co.uk/t/newport-building-and-home-improvements | https://www.myjobquote.co.uk/t/newport-building-and-home-improvements,myjobquote,1,
All weather roofing,,Fascias Soffits Cladding,,,5,10,,https://www.myjobquote.co.uk/t/all-weather-roofing-7 | https://www.myjobquote.co.uk/t/all-weather-roofing-7,myjobquote,1,
Plastamast,,Fascias Soffits Cladding,,,4.7,142,,https://www.myjobquote.co.uk/t/plastamast | https://www.myjobquote.co.uk/t/plastamast,myjobquote,1,
Celtic Roofing,,Fascias Soffits Cladding,,,5,3,,https://www.myjobquote.co.uk/t/celtic-roofing | https://www.myjobquote.co.uk/t/celtic-roofing,myjobquote,1,
Town and country,,Fascias Soffits Cladding,,,4.4,9,,https://www.myjobquote.co.uk/t/town-and-country-3 | https://www.myjobquote.co.uk/t/town-and-country-3,myjobquote,1,
Jc home improvements,,Fascias Soffits Cladding,,,4.9,11,,https://www.myjobquote.co.uk/t/jc-home-improvements-6 | https://www.myjobquote.co.uk/t/jc-home-improvements-6,myjobquote,1,
proficient roofing solutions,,Fascias Soffits Cladding,,,5,1,,https://www.myjobquote.co.uk/t/proficient-roofing-solutions | https://www.myjobquote.co.uk/t/proficient-roofing-solutions,myjobquote,1,
Beachwood tree and landscaping,,Fascias Soffits Cladding,,,4.5,14,,https://www.myjobquote.co.uk/t/beachwood-tree-and-landscaping | https://www.myjobquote.co.uk/t/beachwood-tree-and-landscaping,myjobquote,1,
Jack of all trades,,Fascias Soffits Cladding,,,5,2,07418369256,https://www.myjobquote.co.uk/t/jack-of-all-trades-6 | https://www.myjobquote.co.uk/t/jack-of-all-trades-6,myjobquote,1,
DCW property maintenance services,,Fascias Soffits Cladding,,,4.8,6,,https://www.myjobquote.co.uk/t/dcw-property-maintenance-services-2 | https://www.myjobquote.co.uk/t/dcw-property-maintenance-services-2,myjobquote,1,
I c maintenance,,Fascias Soffits Cladding,,,4.3,16,,https://www.myjobquote.co.uk/t/i-c-maintenance-1 | https://www.myjobquote.co.uk/t/i-c-maintenance-1,myjobquote,1,
Bath and wilts roofing,,Fascias Soffits Cladding,,,5,1,,https://www.myjobquote.co.uk/t/bath-and-wilts-roofing | https://www.myjobquote.co.uk/t/bath-and-wilts-roofing,myjobquote,1,
Roofer,,Fascias Soffits Cladding,,,5,1,,https://www.myjobquote.co.uk/t/roofer-33 | https://www.myjobquote.co.uk/t/roofer-33,myjobquote,1,
ALA Roofing and Building,,Fascias Soffits Cladding,,,4.4,13,,https://www.myjobquote.co.uk/t/ala-roofing-and-building | https://www.myjobquote.co.uk/t/ala-roofing-and-building,myjobquote,1,
Richards&Co,,Fascias Soffits Cladding,,,4.4,4,,https://www.myjobquote.co.uk/t/richardsco | https://www.myjobquote.co.uk/t/richardsco,myjobquote,1,
Landgate paving & development,,Fascias Soffits Cladding,,,4.68,0,,https://www.myjobquote.co.uk/t/landgate-paving-development | https://www.myjobquote.co.uk/t/landgate-paving-development,myjobquote,1,
Forestry tree surgeon & O Sullivan & Sons Roofing,,Fascias Soffits Cladding,,,4.68,0,,https://www.myjobquote.co.uk/t/forestry-tree-surgeon-o-sullivan-sons-roofing | https://www.myjobquote.co.uk/t/forestry-tree-surgeon-o-sullivan-sons-roofing,myjobquote,1,
Perfect clean,,Fascias Soffits Cladding,,,4.68,0,,https://www.myjobquote.co.uk/t/perfect-clean-4 | https://www.myjobquote.co.uk/t/perfect-clean-4,myjobquote,1,
Perfect clean,,Fascias Soffits Cladding,,,4.68,0,,https://www.myjobquote.co.uk/t/liam-lovell | https://www.myjobquote.co.uk/t/liam-lovell,myjobquote,1,
Dps roofing and building,,Fascias Soffits Cladding,,,4.68,0,,https://www.myjobquote.co.uk/t/dps-roofing-and-building | https://www.myjobquote.co.uk/t/dps-roofing-and-building,myjobquote,1,
Ioroofingsolutions,,Fascias Soffits Cladding,,,4.68,0,,https://www.myjobquote.co.uk/t/ioroofingsolutions | https://www.myjobquote.co.uk/t/ioroofingsolutions,myjobquote,1,
Gwent roofing & property maintance,,Fascias Soffits Cladding,,,4.68,0,,https://www.myjobquote.co.uk/t/gwent-roofing-property-maintance | https://www.myjobquote.co.uk/t/gwent-roofing-property-maintance,myjobquote,1,
Rtlewis son,,Fascias Soffits Cladding,,,4.68,0,,https://www.myjobquote.co.uk/t/rtlewis-son | https://www.myjobquote.co.uk/t/rtlewis-son,myjobquote,1,
Rainbow roofing and cleaning service,,Fascias Soffits Cladding,,,4.68,0,,https://www.myjobquote.co.uk/t/rainbow-roofing-and-cleaning-service | https://www.myjobquote.co.uk/t/rainbow-roofing-and-cleaning-service,myjobquote,1,
J&lroofing,,Fascias Soffits Cladding,,,4.68,0,,https://www.myjobquote.co.uk/t/jlroofing-1 | https://www.myjobquote.co.uk/t/jlroofing-1,myjobquote,1,
Manufacturing Performance Solutions Ltd,,Fascias Soffits Cladding,,,4.68,0,,https://www.myjobquote.co.uk/t/manufacturing-performance-solutions-ltd | https://www.myjobquote.co.uk/t/manufacturing-performance-solutions-ltd,myjobquote,1,
R&J roofing,,Fascias Soffits Cladding,,,4.68,0,,https://www.myjobquote.co.uk/t/rj-roofing-10 | https://www.myjobquote.co.uk/t/rj-roofing-10,myjobquote,1,
Wf roofing,,Fascias Soffits Cladding,,,4.68,0,,https://www.myjobquote.co.uk/t/wf-roofing-1 | https://www.myjobquote.co.uk/t/wf-roofing-1,myjobquote,1,
T & R GUTTERING & ROOFING,,Fascias Soffits Cladding,,,4.68,0,,https://www.myjobquote.co.uk/t/t-r-guttering-roofing | https://www.myjobquote.co.uk/t/t-r-guttering-roofing,myjobquote,1,
Redeemed roofing,,Fascias Soffits Cladding,,,4.68,0,,https://www.myjobquote.co.uk/t/redeemed-roofing | https://www.myjobquote.co.uk/t/redeemed-roofing,myjobquote,1,
Thomas Roofing,,Fascias Soffits Cladding,,,4.68,0,,https://www.myjobquote.co.uk/t/thomas-roofing | https://www.myjobquote.co.uk/t/thomas-roofing,myjobquote,1,
My roofer,,Fascias Soffits Cladding,,,4.68,0,,https://www.myjobquote.co.uk/t/my-roofer-2 | https://www.myjobquote.co.uk/t/my-roofer-2,myjobquote,1,
My roofer,,Fascias Soffits Cladding,,,4.68,0,,https://www.myjobquote.co.uk/t/highdry-roofing | https://www.myjobquote.co.uk/t/highdry-roofing,myjobquote,1,
Gibbs roofing & guttering,,Fascias Soffits Cladding,,,4.68,0,,https://www.myjobquote.co.uk/t/gibbs-roofing-guttering | https://www.myjobquote.co.uk/t/gibbs-roofing-guttering,myjobquote,1,
C.H roofing,,Fascias Soffits Cladding,,,4.68,0,,https://www.myjobquote.co.uk/t/ch-roofing-4 | https://www.myjobquote.co.uk/t/ch-roofing-4,myjobquote,1,
C.H roofing,,Fascias Soffits Cladding,,,4.68,0,,https://www.myjobquote.co.uk/t/enviro-flat-roofing | https://www.myjobquote.co.uk/t/enviro-flat-roofing,myjobquote,1,
City roofing,,Fascias Soffits Cladding,,,4.68,0,,https://www.myjobquote.co.uk/t/city-roofing-13 | https://www.myjobquote.co.uk/t/city-roofing-13,myjobquote,1,
J&S roofing & Landscapes,,Fascias Soffits Cladding,,,4.68,0,,https://www.myjobquote.co.uk/t/js-roofing-landscapes | https://www.myjobquote.co.uk/t/js-roofing-landscapes,myjobquote,1,
Superior Maintenance and Development LTD,,Fascias Soffits Cladding,,,4.68,0,,https://www.myjobquote.co.uk/t/superior-maintenance-and-development-ltd | https://www.myjobquote.co.uk/t/superior-maintenance-and-development-ltd,myjobquote,1,
Twobrothersroofing,,Fascias Soffits Cladding,,,4.68,0,,https://www.myjobquote.co.uk/t/twobrothersroofing | https://www.myjobquote.co.uk/t/twobrothersroofing,myjobquote,1,
A.A Roofing & landscaping,,Fascias Soffits Cladding,,,4.68,0,,https://www.myjobquote.co.uk/t/aa-roofing-landscaping | https://www.myjobquote.co.uk/t/aa-roofing-landscaping,myjobquote,1,
Rs tree services,,Fascias Soffits Cladding,,,5,2,,https://www.myjobquote.co.uk/t/rs-tree-services | https://www.myjobquote.co.uk/t/rs-tree-services,myjobquote,1,
Jaspal,,Fascias Soffits Cladding,,,4.68,0,,https://www.myjobquote.co.uk/t/jaspal-6 | https://www.myjobquote.co.uk/t/jaspal-6,myjobquote,1,
Jaspal,,Fascias Soffits Cladding,,,4.68,0,,https://www.myjobquote.co.uk/t/ll-dectech | https://www.myjobquote.co.uk/t/ll-dectech,myjobquote,1,
LL Dectech,,Fascias Soffits Cladding,,,1,1,,https://www.myjobquote.co.uk/t/lewis-price | https://www.myjobquote.co.uk/t/lewis-price,myjobquote,1,
Jj roofing,,Fascias Soffits Cladding,,,4.68,0,,https://www.myjobquote.co.uk/t/jj-roofing-10 | https://www.myjobquote.co.uk/t/jj-roofing-10,myjobquote,1,
Jj roofing,,Fascias Soffits Cladding,,,4.68,0,,https://www.myjobquote.co.uk/t/edmonds-carpentry | https://www.myjobquote.co.uk/t/edmonds-carpentry,myjobquote,1,
Edmonds carpentry,,Fascias Soffits Cladding,,,4.68,0,,https://www.myjobquote.co.uk/t/rigbys-roofing | https://www.myjobquote.co.uk/t/rigbys-roofing,myjobquote,1,
Valley Home Improvement & Roofing,,Fascias Soffits Cladding,,,4.9,8,,https://www.myjobquote.co.uk/t/valley-home-improvement-roofing | https://www.myjobquote.co.uk/t/valley-home-improvement-roofing,myjobquote,1,
Ace Home improvements,,Fascias Soffits Cladding,,,5,1,,https://www.myjobquote.co.uk/t/ace-home-improvements-8 | https://www.myjobquote.co.uk/t/ace-home-improvements-8,myjobquote,1,
BDB Roofing specialist,,Fascias Soffits Cladding,,,5,1,,https://www.myjobquote.co.uk/t/bdb-roofing-specialist | https://www.myjobquote.co.uk/t/bdb-roofing-specialist,myjobquote,1,
Ifix roofing contractors Ltd,,Fascias Soffits Cladding,,,4,1,,https://www.myjobquote.co.uk/t/ifix-roofing-contractors-ltd | https://www.myjobquote.co.uk/t/ifix-roofing-contractors-ltd,myjobquote,1,
S & Son Home Improvements,,Fascias Soffits Cladding,,,5,7,,https://www.myjobquote.co.uk/t/s-son-home-improvements | https://www.myjobquote.co.uk/t/s-son-home-improvements,myjobquote,1,
TM Property Maintenance,,Fascias Soffits Cladding,,,4,2,,https://www.myjobquote.co.uk/t/tm-property-maintenance-13 | https://www.myjobquote.co.uk/t/tm-property-maintenance-13,myjobquote,1,
J&B Building & Roofing contractors,,Fascias Soffits Cladding,,,5,1,,https://www.myjobquote.co.uk/t/jb-building-roofing-contractors | https://www.myjobquote.co.uk/t/jb-building-roofing-contractors,myjobquote,1,
Trust Style Roofing,,Fascias Soffits Cladding,,,5,64,,https://www.myjobquote.co.uk/t/trust-style-roofing | https://www.myjobquote.co.uk/t/trust-style-roofing,myjobquote,1,
Ridgeplus roofing solutions,,Fascias Soffits Cladding,,,5,39,,https://www.myjobquote.co.uk/t/ridgeplus-roofing-solutions | https://www.myjobquote.co.uk/t/ridgeplus-roofing-solutions,myjobquote,1,
V roofing,,Fascias Soffits Cladding,,,5,1,,https://www.myjobquote.co.uk/t/v-roofing | https://www.myjobquote.co.uk/t/v-roofing,myjobquote,1,
Phs Roofing services,,Fascias Soffits Cladding,,,5,15,,https://www.myjobquote.co.uk/t/phs-roofing-services | https://www.myjobquote.co.uk/t/phs-roofing-services,myjobquote,1,
Precise Roofing Ltd,,Fascias Soffits Cladding,,,5,1,07418370132,https://www.myjobquote.co.uk/t/precise-roofing-ltd | https://www.myjobquote.co.uk/t/precise-roofing-ltd,myjobquote,1,
JSET Roofing and Construction,,Fascias Soffits Cladding,,,4,26,,https://www.myjobquote.co.uk/t/jset-roofing-and-construction | https://www.myjobquote.co.uk/t/jset-roofing-and-construction,myjobquote,1,
Pavlovi,,Fascias Soffits Cladding,,,4.68,0,,https://www.myjobquote.co.uk/t/pavlovi | https://www.myjobquote.co.uk/t/pavlovi,myjobquote,1,
Pavlovi,,Fascias Soffits Cladding,,,4.68,0,,https://www.myjobquote.co.uk/t/local-roofer | https://www.myjobquote.co.uk/t/local-roofer,myjobquote,1,
Northern roofing,,Fascias Soffits Cladding,,,4.68,0,,https://www.myjobquote.co.uk/t/northern-roofing-1 | https://www.myjobquote.co.uk/t/northern-roofing-1,myjobquote,1,
Northern roofing,,Fascias Soffits Cladding,,,4.68,0,,https://www.myjobquote.co.uk/t/heritage-roofing-and-building-contractors-3 | https://www.myjobquote.co.uk/t/heritage-roofing-and-building-contractors-3,myjobquote,1,
SJ Roofing,,Fascias Soffits Cladding,,,4.68,0,,https://www.myjobquote.co.uk/t/sj-roofing-6 | https://www.myjobquote.co.uk/t/sj-roofing-6,myjobquote,1,
SJ Roofing,,Fascias Soffits Cladding,,,4.68,0,,https://www.myjobquote.co.uk/t/steves-roof-repairs | https://www.myjobquote.co.uk/t/steves-roof-repairs,myjobquote,1,
J & M Roofing,,Fascias Soffits Cladding,,,5,72,,https://www.myjobquote.co.uk/t/j-m-roofing-2 | https://www.myjobquote.co.uk/t/j-m-roofing-2,myjobquote,1,
Protec Roofing Regen,,Fascias Soffits Cladding,,,4,1,,https://www.myjobquote.co.uk/t/protec-roofing-regen | https://www.myjobquote.co.uk/t/protec-roofing-regen,myjobquote,1,
PD & Sons,,Fascias Soffits Cladding,,,4,3,,https://www.myjobquote.co.uk/t/pd-sons | https://www.myjobquote.co.uk/t/pd-sons,myjobquote,1,
Ridgeline,,Fascias Soffits Cladding,,,4,2,,https://www.myjobquote.co.uk/t/ridgeline-1 | https://www.myjobquote.co.uk/t/ridgeline-1,myjobquote,1,
Tip Top Roofing & Groundwork,,Fascias Soffits Cladding,,,5,2,,https://www.myjobquote.co.uk/t/tip-top-roofing-groundwork | https://www.myjobquote.co.uk/t/tip-top-roofing-groundwork,myjobquote,1,
D&s roofing,,Fascias Soffits Cladding,,,5,3,,https://www.myjobquote.co.uk/t/ds-roofing-10 | https://www.myjobquote.co.uk/t/ds-roofing-10,myjobquote,1,
Tile style roofing,,Fascias Soffits Cladding,,,5,16,,https://www.myjobquote.co.uk/t/tile-style-roofing | https://www.myjobquote.co.uk/t/tile-style-roofing,myjobquote,1,
N&E ROOFING CONTRACTORS,,Fascias Soffits Cladding,,,5,2,,https://www.myjobquote.co.uk/t/ne-roofing-contractors | https://www.myjobquote.co.uk/t/ne-roofing-contractors,myjobquote,1,
Ridgeline roofing,,Fascias Soffits Cladding,,,5,3,,https://www.myjobquote.co.uk/t/ridgeline-roofing-15 | https://www.myjobquote.co.uk/t/ridgeline-roofing-15,myjobquote,1,
DPC driveway & patio control,,Fascias Soffits Cladding,,,5,1,,https://www.myjobquote.co.uk/t/dpc-driveway-patio-control | https://www.myjobquote.co.uk/t/dpc-driveway-patio-control,myjobquote,1,
A & L Roofing and groundworks,,Fascias Soffits Cladding,,,5,1,,https://www.myjobquote.co.uk/t/a-l-roofing-and-groundworks | https://www.myjobquote.co.uk/t/a-l-roofing-and-groundworks,myjobquote,1,
M&s construction Wrexham,,Fascias Soffits Cladding,,,5,9,,https://www.myjobquote.co.uk/t/ms-construction-wrexham | https://www.myjobquote.co.uk/t/ms-construction-wrexham,myjobquote,1,
Have it your way roof solutions,,Fascias Soffits Cladding,,,4.68,0,,https://www.myjobquote.co.uk/t/have-it-your-way-roof-solutions | https://www.myjobquote.co.uk/t/have-it-your-way-roof-solutions,myjobquote,1,
CJ roofing,,Fascias Soffits Cladding,,,4.68,0,,https://www.myjobquote.co.uk/t/cj-roofing-9 | https://www.myjobquote.co.uk/t/cj-roofing-9,myjobquote,1,
CJ roofing,,Fascias Soffits Cladding,,,4.68,0,,https://www.myjobquote.co.uk/t/mbhomeinprovements | https://www.myjobquote.co.uk/t/mbhomeinprovements,myjobquote,1,
MBhomeinprovements,,Fascias Soffits Cladding,,,4.68,0,,https://www.myjobquote.co.uk/t/j-g-roofing | https://www.myjobquote.co.uk/t/j-g-roofing,myjobquote,1,
RSS FLAT ROOFING AND SYSTEMS,,Fascias Soffits Cladding,,,4.68,0,,https://www.myjobquote.co.uk/t/rss-flat-roofing-and-systems | https://www.myjobquote.co.uk/t/rss-flat-roofing-and-systems,myjobquote,1,
LN Roofing,,Fascias Soffits Cladding,,,4.68,0,,https://www.myjobquote.co.uk/t/ln-roofing | https://www.myjobquote.co.uk/t/ln-roofing,myjobquote,1,
Starline roofing & property maintenance,,Fascias Soffits Cladding,,,4.68,0,,https://www.myjobquote.co.uk/t/starline-roofing-property-maintenance | https://www.myjobquote.co.uk/t/starline-roofing-property-maintenance,myjobquote,1,
Acs home improvements,,Fascias Soffits Cladding,,,4.68,0,,https://www.myjobquote.co.uk/t/acs-home-improvements-2 | https://www.myjobquote.co.uk/t/acs-home-improvements-2,myjobquote,1,
A.Pritchards roofing repair services,,Fascias Soffits Cladding,,,4.68,0,,https://www.myjobquote.co.uk/t/apritchards-roofing-repair-services | https://www.myjobquote.co.uk/t/apritchards-roofing-repair-services,myjobquote,1,
STAY DRY ROOFING,,Fascias Soffits Cladding,,,4.68,0,,https://www.myjobquote.co.uk/t/stay-dry-roofing-8 | https://www.myjobquote.co.uk/t/stay-dry-roofing-8,myjobquote,1,
Quality roofing&building,,Fascias Soffits Cladding,,,4.68,0,,https://www.myjobquote.co.uk/t/quality-roofingbuilding | https://www.myjobquote.co.uk/t/quality-roofingbuilding,myjobquote,1,
On top roofing,,Fascias Soffits Cladding,,,4.68,0,,https://www.myjobquote.co.uk/t/on-top-roofing-6 | https://www.myjobquote.co.uk/t/on-top-roofing-6,myjobquote,1,
On top roofing,,Fascias Soffits Cladding,,,4.68,0,,https://www.myjobquote.co.uk/t/visionary-roofing-and-groundworks | https://www.myjobquote.co.uk/t/visionary-roofing-and-groundworks,myjobquote,1,
Roofing masters,,Fascias Soffits Cladding,,,4.68,0,,https://www.myjobquote.co.uk/t/roofing-masters | https://www.myjobquote.co.uk/t/roofing-masters,myjobquote,1,
Roofing masters,,Fascias Soffits Cladding,,,5,2,,https://www.myjobquote.co.uk/t/hughs-home-maintenance-1 | https://www.myjobquote.co.uk/t/hughs-home-maintenance-1,myjobquote,1,
Levi’s joinery,,Fascias Soffits Cladding,,,4.5,2,,https://www.myjobquote.co.uk/t/levis-joinery | https://www.myjobquote.co.uk/t/levis-joinery,myjobquote,1,
S jones building and roofing,,Fascias Soffits Cladding,,,4.5,2,,https://www.myjobquote.co.uk/t/s-jones-building-and-roofing | https://www.myjobquote.co.uk/t/s-jones-building-and-roofing,myjobquote,1,
Jac Davies,,Fascias Soffits Cladding,,,4.68,0,,https://www.myjobquote.co.uk/t/jac-davies | https://www.myjobquote.co.uk/t/jac-davies,myjobquote,1,
Jac Davies,,Fascias Soffits Cladding,,,4.68,0,,https://www.myjobquote.co.uk/t/ace-felt-roofing-ltd | https://www.myjobquote.co.uk/t/ace-felt-roofing-ltd,myjobquote,1,
ACE FELT ROOFING LTD,,Fascias Soffits Cladding,,,4.68,0,,https://www.myjobquote.co.uk/t/smithsroofing | https://www.myjobquote.co.uk/t/smithsroofing,myjobquote,1,
Roberts roofing Ltd,,Fascias Soffits Cladding,,,4.68,0,,https://www.myjobquote.co.uk/t/roberts-roofing-ltd | https://www.myjobquote.co.uk/t/roberts-roofing-ltd,myjobquote,1,
OG Roofing and Building Maintenance,,Fascias Soffits Cladding,,,4.68,0,,https://www.myjobquote.co.uk/t/og-roofing-and-building-maintenance | https://www.myjobquote.co.uk/t/og-roofing-and-building-maintenance,myjobquote,1,
Cameron,,Fascias Soffits Cladding,,,4.68,0,,https://www.myjobquote.co.uk/t/cameron-29 | https://www.myjobquote.co.uk/t/cameron-29,myjobquote,1,
Cameron,,Fascias Soffits Cladding,,,4.68,0,,https://www.myjobquote.co.uk/t/ng-warburton-roofing-contractor | https://www.myjobquote.co.uk/t/ng-warburton-roofing-contractor,myjobquote,1,
Ng warburton roofing contractor,,Fascias Soffits Cladding,,,4.68,0,,https://www.myjobquote.co.uk/t/dh-home-improvements-2 | https://www.myjobquote.co.uk/t/dh-home-improvements-2,myjobquote,1,
J&R landscaping,,Fascias Soffits Cladding,,,4.68,0,,https://www.myjobquote.co.uk/t/jr-landscaping-2 | https://www.myjobquote.co.uk/t/jr-landscaping-2,myjobquote,1,
J&R landscaping,,Fascias Soffits Cladding,,,5,4,,https://www.myjobquote.co.uk/t/td-home-improvements-5 | https://www.myjobquote.co.uk/t/td-home-improvements-5,myjobquote,1,
Yesroofers,,Fascias Soffits Cladding,,,5,1,07451261243,https://www.myjobquote.co.uk/t/yesroofers | https://www.myjobquote.co.uk/t/yesroofers,myjobquote,1,
Just gutters,,Fascias Soffits Cladding,,,5,3,,https://www.myjobquote.co.uk/t/just-gutters | https://www.myjobquote.co.uk/t/just-gutters,myjobquote,1,
AT Roofing,,Fascias Soffits Cladding,,,4.9,16,,https://www.myjobquote.co.uk/t/at-roofing-3 | https://www.myjobquote.co.uk/t/at-roofing-3,myjobquote,1,
JL roofing and maintenance,,Fascias Soffits Cladding,,,5,1,,https://www.myjobquote.co.uk/t/jl-roofing-and-maintenance | https://www.myjobquote.co.uk/t/jl-roofing-and-maintenance,myjobquote,1,
Owens roofing Cheshire,,Fascias Soffits Cladding,,,4,5,,https://www.myjobquote.co.uk/t/owens-roofing-cheshire | https://www.myjobquote.co.uk/t/owens-roofing-cheshire,myjobquote,1,
Advanced Roofing and Maintenance Ltd,,Fascias Soffits Cladding,,,5,21,,https://www.myjobquote.co.uk/t/advanced-roofing-and-maintenance-ltd | https://www.myjobquote.co.uk/t/advanced-roofing-and-maintenance-ltd,myjobquote,1,
All about roofing,,Fascias Soffits Cladding,,,5,1,,https://www.myjobquote.co.uk/t/all-about-roofing-5 | https://www.myjobquote.co.uk/t/all-about-roofing-5,myjobquote,1,
J.A Home Improvements,,Fascias Soffits Cladding,,,5,46,,https://www.myjobquote.co.uk/t/ja-home-improvements | https://www.myjobquote.co.uk/t/ja-home-improvements,myjobquote,1,
Hughes roofing,,Fascias Soffits Cladding,,,5,2,,https://www.myjobquote.co.uk/t/hughes-roofing-3 | https://www.myjobquote.co.uk/t/hughes-roofing-3,myjobquote,1,
JG & Sons Contractors,,Fascias Soffits Cladding,,,5,9,,https://www.myjobquote.co.uk/t/jg-sons-contractors | https://www.myjobquote.co.uk/t/jg-sons-contractors,myjobquote,1,
Tried and true construction,,Fascias Soffits Cladding,,,5,1,,https://www.myjobquote.co.uk/t/tried-and-true-construction | https://www.myjobquote.co.uk/t/tried-and-true-construction,myjobquote,1,
P D Roofing & Building Contractors,,Fascias Soffits Cladding,,,5,4,07418362286,https://www.myjobquote.co.uk/t/p-d-roofing-building-contractors | https://www.myjobquote.co.uk/t/p-d-roofing-building-contractors,myjobquote,1,
R Gutters,,Fascias Soffits Cladding,,,5,2,,https://www.myjobquote.co.uk/t/r-gutters | https://www.myjobquote.co.uk/t/r-gutters,myjobquote,1,
Rebuild roofing & guttering LTD,,Fascias Soffits Cladding,,,5,1,,https://www.myjobquote.co.uk/t/rebuild-roofing-guttering-ltd | https://www.myjobquote.co.uk/t/rebuild-roofing-guttering-ltd,myjobquote,1,
E&M Roofing & Maintenance,,Fascias Soffits Cladding,,,5,18,,https://www.myjobquote.co.uk/t/em-roofing-maintenance | https://www.myjobquote.co.uk/t/em-roofing-maintenance,myjobquote,1,
Traditional Building & Roofing ltd,,Fascias Soffits Cladding,,,5,3,,https://www.myjobquote.co.uk/t/traditional-building-roofing-ltd | https://www.myjobquote.co.uk/t/traditional-building-roofing-ltd,myjobquote,1,
M&m roofing,,Fascias Soffits Cladding,,,5,1,,https://www.myjobquote.co.uk/t/mm-roofing-2 | https://www.myjobquote.co.uk/t/mm-roofing-2,myjobquote,1,
SR StormGuide Roofing,,Fascias Soffits Cladding,,,5,1,,https://www.myjobquote.co.uk/t/sr-stormguide-roofing | https://www.myjobquote.co.uk/t/sr-stormguide-roofing,myjobquote,1,
Apex roofing and property maintenance,,Fascias Soffits Cladding,,,5,2,,https://www.myjobquote.co.uk/t/apex-roofing-and-property-maintenance-1 | https://www.myjobquote.co.uk/t/apex-roofing-and-property-maintenance-1,myjobquote,1,
Crown roofing and building,,Fascias Soffits Cladding,,,5,2,,https://www.myjobquote.co.uk/t/crown-roofing-and-building-1 | https://www.myjobquote.co.uk/t/crown-roofing-and-building-1,myjobquote,1,
Act fast roofing ltd,,Fascias Soffits Cladding,,,5,1,,https://www.myjobquote.co.uk/t/act-fast-roofing-ltd | https://www.myjobquote.co.uk/t/act-fast-roofing-ltd,myjobquote,1,
JJH CONTRACTORS ROOFING & BUILDING LTD,,Fascias Soffits Cladding,,,5,4,,https://www.myjobquote.co.uk/t/jjh-contractors-roofing-building-ltd | https://www.myjobquote.co.uk/t/jjh-contractors-roofing-building-ltd,myjobquote,1,
J&M Roofing & Building,,Fascias Soffits Cladding,,,5,3,,https://www.myjobquote.co.uk/t/jm-roofing-building | https://www.myjobquote.co.uk/t/jm-roofing-building,myjobquote,1,
Titanium Roofing,,Fascias Soffits Cladding,,,5,2,07418349565,https://www.myjobquote.co.uk/t/titanium-roofing | https://www.myjobquote.co.uk/t/titanium-roofing,myjobquote,1,
All Aspect roofing and joinery,,Fascias Soffits Cladding,,,4,1,,https://www.myjobquote.co.uk/t/all-aspect-roofing-and-joinery | https://www.myjobquote.co.uk/t/all-aspect-roofing-and-joinery,myjobquote,1,
All side roofing ltd,,Fascias Soffits Cladding,,,5,2,,https://www.myjobquote.co.uk/t/all-side-roofing-ltd-1 | https://www.myjobquote.co.uk/t/all-side-roofing-ltd-1,myjobquote,1,
Drone Roofing,,Fascias Soffits Cladding,,,5,14,,https://www.myjobquote.co.uk/t/drone-roofing-1 | https://www.myjobquote.co.uk/t/drone-roofing-1,myjobquote,1,
BMW roofing & building,,Fascias Soffits Cladding,,,4,1,,https://www.myjobquote.co.uk/t/bmw-roofing-building | https://www.myjobquote.co.uk/t/bmw-roofing-building,myjobquote,1,
CJL Renovations,,Fascias Soffits Cladding,,,5,20,,https://www.myjobquote.co.uk/t/cjl-renovations | https://www.myjobquote.co.uk/t/cjl-renovations,myjobquote,1,
Expert Roofing For You,,Fascias Soffits Cladding,,,5,3,,https://www.myjobquote.co.uk/t/expert-roofing-for-you | https://www.myjobquote.co.uk/t/expert-roofing-for-you,myjobquote,1,
Skyline roofing and construction,,Fascias Soffits Cladding,,,4,1,,https://www.myjobquote.co.uk/t/skyline-roofing-and-construction-1 | https://www.myjobquote.co.uk/t/skyline-roofing-and-construction-1,myjobquote,1,
All aspects,,Fascias Soffits Cladding,,,5,2,,https://www.myjobquote.co.uk/t/all-aspects-13 | https://www.myjobquote.co.uk/t/all-aspects-13,myjobquote,1,
Royale property care,,Fascias Soffits Cladding,,,5,1,,https://www.myjobquote.co.uk/t/royale-property-care-1 | https://www.myjobquote.co.uk/t/royale-property-care-1,myjobquote,1,
Cal&#039;s Roofing UK - Roofing specialists,,Fascias Soffits Cladding,,,5,2,,https://www.myjobquote.co.uk/t/cals-roofing-uk-roofing-specialists | https://www.myjobquote.co.uk/t/cals-roofing-uk-roofing-specialists,myjobquote,1,
M Blackwell Roofing,,Fascias Soffits Cladding,,,5,5,,https://www.myjobquote.co.uk/t/m-blackwell-roofing | https://www.myjobquote.co.uk/t/m-blackwell-roofing,myjobquote,1,
Northridge Roofing Contractors,,Fascias Soffits Cladding,,,4,1,,https://www.myjobquote.co.uk/t/northridge-roofing-contractors-1 | https://www.myjobquote.co.uk/t/northridge-roofing-contractors-1,myjobquote,1,
SJ Roofing & Property Maintenance,,Fascias Soffits Cladding,,,5,1,,https://www.myjobquote.co.uk/t/sj-roofing-property-maintenance-1 | https://www.myjobquote.co.uk/t/sj-roofing-property-maintenance-1,myjobquote,1,
ASAP ROOFING,,Fascias Soffits Cladding,,,5,2,,https://www.myjobquote.co.uk/t/asap-roofing-3 | https://www.myjobquote.co.uk/t/asap-roofing-3,myjobquote,1,
JD Roofing,,Fascias Soffits Cladding,,,5,4,,https://www.myjobquote.co.uk/t/jd-roofing-24 | https://www.myjobquote.co.uk/t/jd-roofing-24,myjobquote,1,
TOPSTYLE ROOFING SOLUTIONS,,Fascias Soffits Cladding,,,5,1,,https://www.myjobquote.co.uk/t/topstyle-roofing-solutions | https://www.myjobquote.co.uk/t/topstyle-roofing-solutions,myjobquote,1,
BODEN ROOFING AND BUILDING LTD,,Fascias Soffits Cladding,,,5,1,,https://www.myjobquote.co.uk/t/boden-roofing-and-building-ltd | https://www.myjobquote.co.uk/t/boden-roofing-and-building-ltd,myjobquote,1,
JC Roofing Repairs,,Fascias Soffits Cladding,,,5,1,,https://www.myjobquote.co.uk/t/jc-roofing-repairs | https://www.myjobquote.co.uk/t/jc-roofing-repairs,myjobquote,1,
Prime home improvements Ltd,,Fascias Soffits Cladding,,,1,1,,https://www.myjobquote.co.uk/t/prime-home-improvements-ltd,myjobquote,1,
LS&Sons,,Fascias Soffits Cladding,,,1,1,,https://www.myjobquote.co.uk/t/lssons,myjobquote,1,
Erbuild&construct.limited,,Fascias Soffits Cladding,,,4.68,0,,https://www.myjobquote.co.uk/t/erbuildconstructlimited,myjobquote,1,
Roofshield London,,Fascias Soffits Cladding,,,4.68,0,,https://www.myjobquote.co.uk/t/roofshield-london,myjobquote,1,
Blue tick roofing,,Fascias Soffits Cladding,,,4.68,0,,https://www.myjobquote.co.uk/t/blue-tick-roofing,myjobquote,1,
Custom home improvements,,Fascias Soffits Cladding,,,4.68,0,,https://www.myjobquote.co.uk/t/custom-home-improvements,myjobquote,1,
Martini Roofing and building,,Fascias Soffits Cladding,,,4.68,0,,https://www.myjobquote.co.uk/t/martini-roofing-and-building,myjobquote,1,
Regal roofing and building ltd,,Fascias Soffits Cladding,,,4.68,0,,https://www.myjobquote.co.uk/t/regal-roofing-and-building-ltd,myjobquote,1,
Tiger Build ltd,,Fascias Soffits Cladding,,,4.68,0,,https://www.myjobquote.co.uk/t/tiger-build-ltd,myjobquote,1,
Approved roofing solutions,,Fascias Soffits Cladding,,,4.68,0,,https://www.myjobquote.co.uk/t/approved-roofing-solutions,myjobquote,1,
Reliable roofing solutions LTD,,Fascias Soffits Cladding,,,4.68,0,,https://www.myjobquote.co.uk/t/reliable-roofing-solutions-ltd,myjobquote,1,
Private,,Fascias Soffits Cladding,,,4.68,0,,https://www.myjobquote.co.uk/t/private-133,myjobquote,1,
NEXT LEVEL ROOFING & Building.,,Fascias Soffits Cladding,,,4.68,0,,https://www.myjobquote.co.uk/t/next-level-roofing-building,myjobquote,1,
Watershield roofing and building,,Fascias Soffits Cladding,,,4.68,0,,https://www.myjobquote.co.uk/t/watershield-roofing-and-building,myjobquote,1,
Roofer,,Fascias Soffits Cladding,,,4.68,0,,https://www.myjobquote.co.uk/t/roofer-18,myjobquote,1,
DG GUTTERING SOLUTIONS LTD,,Fascias Soffits Cladding,,,4.68,0,,https://www.myjobquote.co.uk/t/dg-guttering-solutions-ltd,myjobquote,1,
Tripleapexroofing,,Fascias Soffits Cladding,,,4.68,0,,https://www.myjobquote.co.uk/t/tripleapexroofing,myjobquote,1,
Johal Roofing,,Fascias Soffits Cladding,,,4.68,0,,https://www.myjobquote.co.uk/t/johal-roofing-2,myjobquote,1,
S.V&Constraction,,Fascias Soffits Cladding,,,4.68,0,,https://www.myjobquote.co.uk/t/svconstraction,myjobquote,1,
MpH roofing solutions,,Fascias Soffits Cladding,,,4.68,0,,https://www.myjobquote.co.uk/t/mph-roofing-solutions,myjobquote,1,
MpH roofing solutions,,Fascias Soffits Cladding,,,4.68,0,,https://www.myjobquote.co.uk/t/l-j-developments-1,myjobquote,1,
Churchills property maintenance ltd,,Fascias Soffits Cladding,,,4.68,0,,https://www.myjobquote.co.uk/t/churchills-property-maintenance-ltd,myjobquote,1,
Limitless Roofing,,Fascias Soffits Cladding,,,4.68,0,,https://www.myjobquote.co.uk/t/limitless-roofing-2,myjobquote,1,
A&M Builders,,Fascias Soffits Cladding,,,4.68,0,,https://www.myjobquote.co.uk/t/am-builders-7,myjobquote,1,
All type roofing,,Fascias Soffits Cladding,,,4.68,0,,https://www.myjobquote.co.uk/t/all-type-roofing-8,myjobquote,1,
All type roofing,,Fascias Soffits Cladding,,,4.68,0,,https://www.myjobquote.co.uk/t/j-r-home-improvements,myjobquote,1,
TradeLine Roofing & Building,,Fascias Soffits Cladding,,,4.68,0,,https://www.myjobquote.co.uk/t/tradeline-roofing-building,myjobquote,1,
Ace construction,,Fascias Soffits Cladding,,,4.68,0,,https://www.myjobquote.co.uk/t/ace-construction-8,myjobquote,1,
Ace construction,,Fascias Soffits Cladding,,,4.68,0,,https://www.myjobquote.co.uk/t/pandey-elite-build-co,myjobquote,1,
Executive,,Fascias Soffits Cladding,,,4.68,0,,https://www.myjobquote.co.uk/t/executive,myjobquote,1,
Saroofing & building ltd,,Fascias Soffits Cladding,,,4.68,0,,https://www.myjobquote.co.uk/t/saroofing-building-ltd,myjobquote,1,
Acre Roofing,,Fascias Soffits Cladding,,,4.68,0,,https://www.myjobquote.co.uk/t/acre-roofing,myjobquote,1,
Acre Roofing,,Fascias Soffits Cladding,,,4.68,0,,https://www.myjobquote.co.uk/t/trooper-roofers,myjobquote,1,
greystone enterprises ltd,,Fascias Soffits Cladding,,,4.68,0,,https://www.myjobquote.co.uk/t/greystone-enterprises-ltd,myjobquote,1,
greystone enterprises ltd,,Fascias Soffits Cladding,,,4.68,0,,https://www.myjobquote.co.uk/t/roof-doctor-london-ltd,myjobquote,1,